tokenizador,ancho,lote,rep,formato,tokens,bytes,tokens_mini,ahorro_pct
o200k_base,3,1,0,mini,19,30,19,0.0
o200k_base,3,1,0,toon_flat,38,79,19,50.0
o200k_base,3,1,0,toon,38,79,19,50.0
o200k_base,3,1,0,csv,18,42,19,-5.555555555555555
o200k_base,3,1,0,json_compact,34,89,19,44.11764705882353
o200k_base,3,1,0,yaml,40,83,19,52.5
o200k_base,3,1,0,xml,53,122,19,64.15094339622641
o200k_base,3,1,0,json_pretty,62,150,19,69.35483870967742
cl100k_base,3,1,0,mini,19,30,19,0.0
cl100k_base,3,1,0,toon_flat,38,79,19,50.0
cl100k_base,3,1,0,toon,38,79,19,50.0
cl100k_base,3,1,0,csv,18,42,19,-5.555555555555555
cl100k_base,3,1,0,json_compact,33,89,19,42.42424242424242
cl100k_base,3,1,0,yaml,40,83,19,52.5
cl100k_base,3,1,0,xml,53,122,19,64.15094339622641
cl100k_base,3,1,0,json_pretty,62,150,19,69.35483870967742
r50k_base,3,1,0,mini,21,30,21,0.0
r50k_base,3,1,0,toon_flat,45,79,21,53.333333333333336
r50k_base,3,1,0,toon,45,79,21,53.333333333333336
r50k_base,3,1,0,csv,24,42,21,12.5
r50k_base,3,1,0,json_compact,40,89,21,47.5
r50k_base,3,1,0,yaml,43,83,21,51.162790697674424
r50k_base,3,1,0,xml,76,122,21,72.36842105263158
r50k_base,3,1,0,json_pretty,95,150,21,77.89473684210526
o200k_base,3,1,1,mini,19,30,19,0.0
o200k_base,3,1,1,toon_flat,38,79,19,50.0
o200k_base,3,1,1,toon,38,79,19,50.0
o200k_base,3,1,1,csv,18,42,19,-5.555555555555555
o200k_base,3,1,1,json_compact,34,89,19,44.11764705882353
o200k_base,3,1,1,yaml,40,83,19,52.5
o200k_base,3,1,1,xml,53,122,19,64.15094339622641
o200k_base,3,1,1,json_pretty,62,150,19,69.35483870967742
cl100k_base,3,1,1,mini,19,30,19,0.0
cl100k_base,3,1,1,toon_flat,38,79,19,50.0
cl100k_base,3,1,1,toon,38,79,19,50.0
cl100k_base,3,1,1,csv,18,42,19,-5.555555555555555
cl100k_base,3,1,1,json_compact,33,89,19,42.42424242424242
cl100k_base,3,1,1,yaml,40,83,19,52.5
cl100k_base,3,1,1,xml,53,122,19,64.15094339622641
cl100k_base,3,1,1,json_pretty,62,150,19,69.35483870967742
r50k_base,3,1,1,mini,20,30,20,0.0
r50k_base,3,1,1,toon_flat,44,79,20,54.54545454545454
r50k_base,3,1,1,toon,44,79,20,54.54545454545454
r50k_base,3,1,1,csv,23,42,20,13.043478260869565
r50k_base,3,1,1,json_compact,39,89,20,48.717948717948715
r50k_base,3,1,1,yaml,42,83,20,52.38095238095239
r50k_base,3,1,1,xml,75,122,20,73.33333333333333
r50k_base,3,1,1,json_pretty,94,150,20,78.72340425531915
o200k_base,3,1,2,mini,19,30,19,0.0
o200k_base,3,1,2,toon_flat,38,79,19,50.0
o200k_base,3,1,2,toon,38,79,19,50.0
o200k_base,3,1,2,csv,18,42,19,-5.555555555555555
o200k_base,3,1,2,json_compact,34,89,19,44.11764705882353
o200k_base,3,1,2,yaml,40,83,19,52.5
o200k_base,3,1,2,xml,53,122,19,64.15094339622641
o200k_base,3,1,2,json_pretty,62,150,19,69.35483870967742
cl100k_base,3,1,2,mini,19,30,19,0.0
cl100k_base,3,1,2,toon_flat,38,79,19,50.0
cl100k_base,3,1,2,toon,38,79,19,50.0
cl100k_base,3,1,2,csv,18,42,19,-5.555555555555555
cl100k_base,3,1,2,json_compact,33,89,19,42.42424242424242
cl100k_base,3,1,2,yaml,40,83,19,52.5
cl100k_base,3,1,2,xml,53,122,19,64.15094339622641
cl100k_base,3,1,2,json_pretty,62,150,19,69.35483870967742
r50k_base,3,1,2,mini,21,30,21,0.0
r50k_base,3,1,2,toon_flat,45,79,21,53.333333333333336
r50k_base,3,1,2,toon,45,79,21,53.333333333333336
r50k_base,3,1,2,csv,24,42,21,12.5
r50k_base,3,1,2,json_compact,40,89,21,47.5
r50k_base,3,1,2,yaml,44,83,21,52.27272727272727
r50k_base,3,1,2,xml,76,122,21,72.36842105263158
r50k_base,3,1,2,json_pretty,96,150,21,78.125
o200k_base,3,1,3,mini,19,30,19,0.0
o200k_base,3,1,3,toon_flat,38,79,19,50.0
o200k_base,3,1,3,toon,38,79,19,50.0
o200k_base,3,1,3,csv,18,42,19,-5.555555555555555
o200k_base,3,1,3,json_compact,34,89,19,44.11764705882353
o200k_base,3,1,3,yaml,40,83,19,52.5
o200k_base,3,1,3,xml,53,122,19,64.15094339622641
o200k_base,3,1,3,json_pretty,62,150,19,69.35483870967742
cl100k_base,3,1,3,mini,19,30,19,0.0
cl100k_base,3,1,3,toon_flat,38,79,19,50.0
cl100k_base,3,1,3,toon,38,79,19,50.0
cl100k_base,3,1,3,csv,18,42,19,-5.555555555555555
cl100k_base,3,1,3,json_compact,33,89,19,42.42424242424242
cl100k_base,3,1,3,yaml,40,83,19,52.5
cl100k_base,3,1,3,xml,53,122,19,64.15094339622641
cl100k_base,3,1,3,json_pretty,62,150,19,69.35483870967742
r50k_base,3,1,3,mini,21,30,21,0.0
r50k_base,3,1,3,toon_flat,45,79,21,53.333333333333336
r50k_base,3,1,3,toon,45,79,21,53.333333333333336
r50k_base,3,1,3,csv,24,42,21,12.5
r50k_base,3,1,3,json_compact,40,89,21,47.5
r50k_base,3,1,3,yaml,43,83,21,51.162790697674424
r50k_base,3,1,3,xml,76,122,21,72.36842105263158
r50k_base,3,1,3,json_pretty,95,150,21,77.89473684210526
o200k_base,3,1,4,mini,19,30,19,0.0
o200k_base,3,1,4,toon_flat,38,79,19,50.0
o200k_base,3,1,4,toon,38,79,19,50.0
o200k_base,3,1,4,csv,18,42,19,-5.555555555555555
o200k_base,3,1,4,json_compact,34,89,19,44.11764705882353
o200k_base,3,1,4,yaml,40,83,19,52.5
o200k_base,3,1,4,xml,53,122,19,64.15094339622641
o200k_base,3,1,4,json_pretty,62,150,19,69.35483870967742
cl100k_base,3,1,4,mini,19,30,19,0.0
cl100k_base,3,1,4,toon_flat,38,79,19,50.0
cl100k_base,3,1,4,toon,38,79,19,50.0
cl100k_base,3,1,4,csv,18,42,19,-5.555555555555555
cl100k_base,3,1,4,json_compact,33,89,19,42.42424242424242
cl100k_base,3,1,4,yaml,40,83,19,52.5
cl100k_base,3,1,4,xml,53,122,19,64.15094339622641
cl100k_base,3,1,4,json_pretty,62,150,19,69.35483870967742
r50k_base,3,1,4,mini,21,30,21,0.0
r50k_base,3,1,4,toon_flat,45,79,21,53.333333333333336
r50k_base,3,1,4,toon,45,79,21,53.333333333333336
r50k_base,3,1,4,csv,24,42,21,12.5
r50k_base,3,1,4,json_compact,40,89,21,47.5
r50k_base,3,1,4,yaml,43,83,21,51.162790697674424
r50k_base,3,1,4,xml,76,122,21,72.36842105263158
r50k_base,3,1,4,json_pretty,95,150,21,77.89473684210526
o200k_base,3,10,0,mini,130,239,130,0.0
o200k_base,3,10,0,toon_flat,158,307,130,17.72151898734177
o200k_base,3,10,0,toon,158,307,130,17.72151898734177
o200k_base,3,10,0,csv,129,250,130,-0.7751937984496124
o200k_base,3,10,0,json_compact,201,561,130,35.32338308457712
o200k_base,3,10,0,yaml,252,546,130,48.41269841269841
o200k_base,3,10,0,xml,398,1015,130,67.33668341708542
o200k_base,3,10,0,json_pretty,346,928,130,62.42774566473989
cl100k_base,3,10,0,mini,130,239,130,0.0
cl100k_base,3,10,0,toon_flat,158,307,130,17.72151898734177
cl100k_base,3,10,0,toon,158,307,130,17.72151898734177
cl100k_base,3,10,0,csv,129,250,130,-0.7751937984496124
cl100k_base,3,10,0,json_compact,200,561,130,35.0
cl100k_base,3,10,0,yaml,252,546,130,48.41269841269841
cl100k_base,3,10,0,xml,398,1015,130,67.33668341708542
cl100k_base,3,10,0,json_pretty,346,928,130,62.42774566473989
r50k_base,3,10,0,mini,150,239,150,0.0
r50k_base,3,10,0,toon_flat,183,307,150,18.0327868852459
r50k_base,3,10,0,toon,183,307,150,18.0327868852459
r50k_base,3,10,0,csv,153,250,150,1.9607843137254901
r50k_base,3,10,0,json_compact,261,561,150,42.5287356321839
r50k_base,3,10,0,yaml,273,546,150,45.05494505494506
r50k_base,3,10,0,xml,610,1015,150,75.40983606557377
r50k_base,3,10,0,json_pretty,595,928,150,74.78991596638656
o200k_base,3,10,1,mini,133,241,133,0.0
o200k_base,3,10,1,toon_flat,161,309,133,17.391304347826086
o200k_base,3,10,1,toon,161,309,133,17.391304347826086
o200k_base,3,10,1,csv,132,252,133,-0.7575757575757576
o200k_base,3,10,1,json_compact,202,561,133,34.15841584158416
o200k_base,3,10,1,yaml,253,546,133,47.43083003952569
o200k_base,3,10,1,xml,401,1017,133,66.83291770573567
o200k_base,3,10,1,json_pretty,347,928,133,61.67146974063401
cl100k_base,3,10,1,mini,133,241,133,0.0
cl100k_base,3,10,1,toon_flat,161,309,133,17.391304347826086
cl100k_base,3,10,1,toon,161,309,133,17.391304347826086
cl100k_base,3,10,1,csv,132,252,133,-0.7575757575757576
cl100k_base,3,10,1,json_compact,201,561,133,33.83084577114428
cl100k_base,3,10,1,yaml,253,546,133,47.43083003952569
cl100k_base,3,10,1,xml,401,1017,133,66.83291770573567
cl100k_base,3,10,1,json_pretty,347,928,133,61.67146974063401
r50k_base,3,10,1,mini,151,241,151,0.0
r50k_base,3,10,1,toon_flat,184,309,151,17.934782608695652
r50k_base,3,10,1,toon,184,309,151,17.934782608695652
r50k_base,3,10,1,csv,154,252,151,1.948051948051948
r50k_base,3,10,1,json_compact,260,561,151,41.92307692307693
r50k_base,3,10,1,yaml,271,546,151,44.28044280442804
r50k_base,3,10,1,xml,611,1017,151,75.28641571194763
r50k_base,3,10,1,json_pretty,593,928,151,74.53625632377741
o200k_base,3,10,2,mini,135,244,135,0.0
o200k_base,3,10,2,toon_flat,163,312,135,17.177914110429448
o200k_base,3,10,2,toon,163,312,135,17.177914110429448
o200k_base,3,10,2,csv,134,255,135,-0.7462686567164178
o200k_base,3,10,2,json_compact,204,564,135,33.82352941176471
o200k_base,3,10,2,yaml,255,549,135,47.05882352941176
o200k_base,3,10,2,xml,403,1020,135,66.50124069478908
o200k_base,3,10,2,json_pretty,349,931,135,61.31805157593123
cl100k_base,3,10,2,mini,135,244,135,0.0
cl100k_base,3,10,2,toon_flat,163,312,135,17.177914110429448
cl100k_base,3,10,2,toon,163,312,135,17.177914110429448
cl100k_base,3,10,2,csv,134,255,135,-0.7462686567164178
cl100k_base,3,10,2,json_compact,203,564,135,33.497536945812804
cl100k_base,3,10,2,yaml,255,549,135,47.05882352941176
cl100k_base,3,10,2,xml,403,1020,135,66.50124069478908
cl100k_base,3,10,2,json_pretty,349,931,135,61.31805157593123
r50k_base,3,10,2,mini,153,244,153,0.0
r50k_base,3,10,2,toon_flat,186,312,153,17.741935483870968
r50k_base,3,10,2,toon,186,312,153,17.741935483870968
r50k_base,3,10,2,csv,156,255,153,1.9230769230769231
r50k_base,3,10,2,json_compact,262,564,153,41.603053435114504
r50k_base,3,10,2,yaml,273,549,153,43.956043956043956
r50k_base,3,10,2,xml,613,1020,153,75.04078303425776
r50k_base,3,10,2,json_pretty,595,931,153,74.28571428571429
o200k_base,3,10,3,mini,131,242,131,0.0
o200k_base,3,10,3,toon_flat,159,310,131,17.61006289308176
o200k_base,3,10,3,toon,159,310,131,17.61006289308176
o200k_base,3,10,3,csv,130,253,131,-0.7692307692307693
o200k_base,3,10,3,json_compact,200,562,131,34.5
o200k_base,3,10,3,yaml,251,547,131,47.808764940239044
o200k_base,3,10,3,xml,399,1018,131,67.16791979949875
o200k_base,3,10,3,json_pretty,345,929,131,62.02898550724638
cl100k_base,3,10,3,mini,131,242,131,0.0
cl100k_base,3,10,3,toon_flat,159,310,131,17.61006289308176
cl100k_base,3,10,3,toon,159,310,131,17.61006289308176
cl100k_base,3,10,3,csv,130,253,131,-0.7692307692307693
cl100k_base,3,10,3,json_compact,199,562,131,34.17085427135678
cl100k_base,3,10,3,yaml,251,547,131,47.808764940239044
cl100k_base,3,10,3,xml,399,1018,131,67.16791979949875
cl100k_base,3,10,3,json_pretty,345,929,131,62.02898550724638
r50k_base,3,10,3,mini,150,242,150,0.0
r50k_base,3,10,3,toon_flat,183,310,150,18.0327868852459
r50k_base,3,10,3,toon,183,310,150,18.0327868852459
r50k_base,3,10,3,csv,153,253,150,1.9607843137254901
r50k_base,3,10,3,json_compact,259,562,150,42.084942084942085
r50k_base,3,10,3,yaml,273,547,150,45.05494505494506
r50k_base,3,10,3,xml,610,1018,150,75.40983606557377
r50k_base,3,10,3,json_pretty,595,929,150,74.78991596638656
o200k_base,3,10,4,mini,130,240,130,0.0
o200k_base,3,10,4,toon_flat,158,308,130,17.72151898734177
o200k_base,3,10,4,toon,158,308,130,17.72151898734177
o200k_base,3,10,4,csv,129,251,130,-0.7751937984496124
o200k_base,3,10,4,json_compact,201,562,130,35.32338308457712
o200k_base,3,10,4,yaml,252,547,130,48.41269841269841
o200k_base,3,10,4,xml,398,1016,130,67.33668341708542
o200k_base,3,10,4,json_pretty,346,929,130,62.42774566473989
cl100k_base,3,10,4,mini,130,240,130,0.0
cl100k_base,3,10,4,toon_flat,158,308,130,17.72151898734177
cl100k_base,3,10,4,toon,158,308,130,17.72151898734177
cl100k_base,3,10,4,csv,129,251,130,-0.7751937984496124
cl100k_base,3,10,4,json_compact,200,562,130,35.0
cl100k_base,3,10,4,yaml,252,547,130,48.41269841269841
cl100k_base,3,10,4,xml,398,1016,130,67.33668341708542
cl100k_base,3,10,4,json_pretty,346,929,130,62.42774566473989
r50k_base,3,10,4,mini,150,240,150,0.0
r50k_base,3,10,4,toon_flat,183,308,150,18.0327868852459
r50k_base,3,10,4,toon,183,308,150,18.0327868852459
r50k_base,3,10,4,csv,153,251,150,1.9607843137254901
r50k_base,3,10,4,json_compact,261,562,150,42.5287356321839
r50k_base,3,10,4,yaml,273,547,150,45.05494505494506
r50k_base,3,10,4,xml,610,1016,150,75.40983606557377
r50k_base,3,10,4,json_pretty,595,929,150,74.78991596638656
o200k_base,3,100,0,mini,1270,2353,1270,0.0
o200k_base,3,100,0,toon_flat,1388,2602,1270,8.501440922190202
o200k_base,3,100,0,toon,1388,2602,1270,8.501440922190202
o200k_base,3,100,0,csv,1269,2363,1270,-0.07880220646178093
o200k_base,3,100,0,json_compact,1879,5283,1270,32.41085683874401
o200k_base,3,100,0,yaml,2380,5178,1270,46.63865546218487
o200k_base,3,100,0,xml,3878,9969,1270,67.25116039195461
o200k_base,3,100,0,json_pretty,3194,8710,1270,60.23794614902943
cl100k_base,3,100,0,mini,1270,2353,1270,0.0
cl100k_base,3,100,0,toon_flat,1388,2602,1270,8.501440922190202
cl100k_base,3,100,0,toon,1388,2602,1270,8.501440922190202
cl100k_base,3,100,0,csv,1269,2363,1270,-0.07880220646178093
cl100k_base,3,100,0,json_compact,1878,5283,1270,32.374866879659216
cl100k_base,3,100,0,yaml,2380,5178,1270,46.63865546218487
cl100k_base,3,100,0,xml,3878,9969,1270,67.25116039195461
cl100k_base,3,100,0,json_pretty,3194,8710,1270,60.23794614902943
r50k_base,3,100,0,mini,1433,2353,1433,0.0
r50k_base,3,100,0,toon_flat,1556,2602,1433,7.904884318766067
r50k_base,3,100,0,toon,1556,2602,1433,7.904884318766067
r50k_base,3,100,0,csv,1436,2363,1433,0.20891364902506965
r50k_base,3,100,0,json_compact,2442,5283,1433,41.31859131859132
r50k_base,3,100,0,yaml,2555,5178,1433,43.91389432485323
r50k_base,3,100,0,xml,5943,9969,1433,75.88759885579674
r50k_base,3,100,0,json_pretty,5577,8710,1433,74.30518199748968
o200k_base,3,100,1,mini,1270,2358,1270,0.0
o200k_base,3,100,1,toon_flat,1388,2607,1270,8.501440922190202
o200k_base,3,100,1,toon,1388,2607,1270,8.501440922190202
o200k_base,3,100,1,csv,1269,2368,1270,-0.07880220646178093
o200k_base,3,100,1,json_compact,1883,5292,1270,32.554434413170476
o200k_base,3,100,1,yaml,2384,5187,1270,46.72818791946309
o200k_base,3,100,1,xml,3878,9974,1270,67.25116039195461
o200k_base,3,100,1,json_pretty,3198,8719,1270,60.28767979987493
cl100k_base,3,100,1,mini,1270,2358,1270,0.0
cl100k_base,3,100,1,toon_flat,1388,2607,1270,8.501440922190202
cl100k_base,3,100,1,toon,1388,2607,1270,8.501440922190202
cl100k_base,3,100,1,csv,1269,2368,1270,-0.07880220646178093
cl100k_base,3,100,1,json_compact,1882,5292,1270,32.51859723698193
cl100k_base,3,100,1,yaml,2384,5187,1270,46.72818791946309
cl100k_base,3,100,1,xml,3878,9974,1270,67.25116039195461
cl100k_base,3,100,1,json_pretty,3198,8719,1270,60.28767979987493
r50k_base,3,100,1,mini,1436,2358,1436,0.0
r50k_base,3,100,1,toon_flat,1559,2607,1436,7.889672867222579
r50k_base,3,100,1,toon,1559,2607,1436,7.889672867222579
r50k_base,3,100,1,csv,1439,2368,1436,0.20847810979847115
r50k_base,3,100,1,json_compact,2449,5292,1436,41.36382196815027
r50k_base,3,100,1,yaml,2557,5187,1436,43.84043801329683
r50k_base,3,100,1,xml,5946,9974,1436,75.849310460814
r50k_base,3,100,1,json_pretty,5579,8719,1436,74.26062018282846
o200k_base,3,100,2,mini,1267,2353,1267,0.0
o200k_base,3,100,2,toon_flat,1385,2602,1267,8.51985559566787
o200k_base,3,100,2,toon,1385,2602,1267,8.51985559566787
o200k_base,3,100,2,csv,1266,2363,1267,-0.07898894154818326
o200k_base,3,100,2,json_compact,1878,5285,1267,32.5346112886049
o200k_base,3,100,2,yaml,2379,5180,1267,46.74232870954182
o200k_base,3,100,2,xml,3875,9969,1267,67.30322580645162
o200k_base,3,100,2,json_pretty,3193,8712,1267,60.319448794237395
cl100k_base,3,100,2,mini,1267,2353,1267,0.0
cl100k_base,3,100,2,toon_flat,1385,2602,1267,8.51985559566787
cl100k_base,3,100,2,toon,1385,2602,1267,8.51985559566787
cl100k_base,3,100,2,csv,1266,2363,1267,-0.07898894154818326
cl100k_base,3,100,2,json_compact,1877,5285,1267,32.49866808737347
cl100k_base,3,100,2,yaml,2379,5180,1267,46.74232870954182
cl100k_base,3,100,2,xml,3875,9969,1267,67.30322580645162
cl100k_base,3,100,2,json_pretty,3193,8712,1267,60.319448794237395
r50k_base,3,100,2,mini,1438,2353,1438,0.0
r50k_base,3,100,2,toon_flat,1561,2602,1438,7.879564381806533
r50k_base,3,100,2,toon,1561,2602,1438,7.879564381806533
r50k_base,3,100,2,csv,1441,2363,1438,0.2081887578070784
r50k_base,3,100,2,json_compact,2449,5285,1438,41.28215598203348
r50k_base,3,100,2,yaml,2565,5180,1438,43.93762183235867
r50k_base,3,100,2,xml,5948,9969,1438,75.8238063214526
r50k_base,3,100,2,json_pretty,5587,8712,1438,74.26167889744049
o200k_base,3,100,3,mini,1275,2365,1275,0.0
o200k_base,3,100,3,toon_flat,1393,2614,1275,8.470926058865757
o200k_base,3,100,3,toon,1393,2614,1275,8.470926058865757
o200k_base,3,100,3,csv,1274,2375,1275,-0.07849293563579278
o200k_base,3,100,3,json_compact,1890,5301,1275,32.53968253968254
o200k_base,3,100,3,yaml,2391,5196,1275,46.675031367628605
o200k_base,3,100,3,xml,3883,9981,1275,67.16456348184393
o200k_base,3,100,3,json_pretty,3205,8728,1275,60.218408736349446
cl100k_base,3,100,3,mini,1275,2365,1275,0.0
cl100k_base,3,100,3,toon_flat,1393,2614,1275,8.470926058865757
cl100k_base,3,100,3,toon,1393,2614,1275,8.470926058865757
cl100k_base,3,100,3,csv,1274,2375,1275,-0.07849293563579278
cl100k_base,3,100,3,json_compact,1889,5301,1275,32.503970354685016
cl100k_base,3,100,3,yaml,2391,5196,1275,46.675031367628605
cl100k_base,3,100,3,xml,3883,9981,1275,67.16456348184393
cl100k_base,3,100,3,json_pretty,3205,8728,1275,60.218408736349446
r50k_base,3,100,3,mini,1447,2365,1447,0.0
r50k_base,3,100,3,toon_flat,1570,2614,1447,7.834394904458598
r50k_base,3,100,3,toon,1570,2614,1447,7.834394904458598
r50k_base,3,100,3,csv,1450,2375,1447,0.20689655172413793
r50k_base,3,100,3,json_compact,2462,5301,1447,41.22664500406174
r50k_base,3,100,3,yaml,2571,5196,1447,43.71839751069623
r50k_base,3,100,3,xml,5957,9981,1447,75.7092496222931
r50k_base,3,100,3,json_pretty,5593,8728,1447,74.12837475415698
o200k_base,3,100,4,mini,1265,2355,1265,0.0
o200k_base,3,100,4,toon_flat,1383,2604,1265,8.532176428054953
o200k_base,3,100,4,toon,1383,2604,1265,8.532176428054953
o200k_base,3,100,4,csv,1264,2365,1265,-0.07911392405063292
o200k_base,3,100,4,json_compact,1876,5287,1265,32.569296375266525
o200k_base,3,100,4,yaml,2377,5182,1265,46.78165755153555
o200k_base,3,100,4,xml,3873,9971,1265,67.33798089336432
o200k_base,3,100,4,json_pretty,3191,8714,1265,60.357254779066125
cl100k_base,3,100,4,mini,1265,2355,1265,0.0
cl100k_base,3,100,4,toon_flat,1383,2604,1265,8.532176428054953
cl100k_base,3,100,4,toon,1383,2604,1265,8.532176428054953
cl100k_base,3,100,4,csv,1264,2365,1265,-0.07911392405063292
cl100k_base,3,100,4,json_compact,1875,5287,1265,32.53333333333333
cl100k_base,3,100,4,yaml,2377,5182,1265,46.78165755153555
cl100k_base,3,100,4,xml,3873,9971,1265,67.33798089336432
cl100k_base,3,100,4,json_pretty,3191,8714,1265,60.357254779066125
r50k_base,3,100,4,mini,1438,2355,1438,0.0
r50k_base,3,100,4,toon_flat,1561,2604,1438,7.879564381806533
r50k_base,3,100,4,toon,1561,2604,1438,7.879564381806533
r50k_base,3,100,4,csv,1441,2365,1438,0.2081887578070784
r50k_base,3,100,4,json_compact,2449,5287,1438,41.28215598203348
r50k_base,3,100,4,yaml,2561,5182,1438,43.85005857087075
r50k_base,3,100,4,xml,5948,9971,1438,75.8238063214526
r50k_base,3,100,4,json_pretty,5583,8714,1438,74.24323840229268
o200k_base,3,1000,0,mini,12694,23565,12694,0.0
o200k_base,3,1000,0,toon_flat,13713,25615,12694,7.4309049806752725
o200k_base,3,1000,0,toon,13713,25615,12694,7.4309049806752725
o200k_base,3,1000,0,csv,12692,23574,12694,-0.01575795776867318
o200k_base,3,1000,0,json_compact,18723,52615,12694,32.20103615873525
o200k_base,3,1000,0,yaml,23724,51610,12694,46.49300286629573
o200k_base,3,1000,0,xml,38702,99581,12694,67.20066146452379
o200k_base,3,1000,0,json_pretty,31738,86642,12694,60.00378095658202
cl100k_base,3,1000,0,mini,12694,23565,12694,0.0
cl100k_base,3,1000,0,toon_flat,13713,25615,12694,7.4309049806752725
cl100k_base,3,1000,0,toon,13713,25615,12694,7.4309049806752725
cl100k_base,3,1000,0,csv,12692,23574,12694,-0.01575795776867318
cl100k_base,3,1000,0,json_compact,18722,52615,12694,32.19741480611046
cl100k_base,3,1000,0,yaml,23724,51610,12694,46.49300286629573
cl100k_base,3,1000,0,xml,38702,99581,12694,67.20066146452379
cl100k_base,3,1000,0,json_pretty,31738,86642,12694,60.00378095658202
r50k_base,3,1000,0,mini,14419,23565,14419,0.0
r50k_base,3,1000,0,toon_flat,15442,25615,14419,6.6247895350343216
r50k_base,3,1000,0,toon,15442,25615,14419,6.6247895350343216
r50k_base,3,1000,0,csv,14422,23574,14419,0.020801553182637638
r50k_base,3,1000,0,json_compact,24448,52615,14419,41.02176047120419
r50k_base,3,1000,0,yaml,25535,51610,14419,43.532406500881144
r50k_base,3,1000,0,xml,59429,99581,14419,75.73743458580827
r50k_base,3,1000,0,json_pretty,55557,86642,14419,74.04647479165541
o200k_base,3,1000,1,mini,12718,23595,12718,0.0
o200k_base,3,1000,1,toon_flat,13737,25645,12718,7.417922399359394
o200k_base,3,1000,1,toon,13737,25645,12718,7.417922399359394
o200k_base,3,1000,1,csv,12716,23604,12718,-0.015728216420257943
o200k_base,3,1000,1,json_compact,18737,52635,12718,32.123605699951966
o200k_base,3,1000,1,yaml,23738,51630,12718,46.423456062010274
o200k_base,3,1000,1,xml,38726,99611,12718,67.15901461550379
o200k_base,3,1000,1,json_pretty,31752,86662,12718,59.945830183925416
cl100k_base,3,1000,1,mini,12718,23595,12718,0.0
cl100k_base,3,1000,1,toon_flat,13737,25645,12718,7.417922399359394
cl100k_base,3,1000,1,toon,13737,25645,12718,7.417922399359394
cl100k_base,3,1000,1,csv,12716,23604,12718,-0.015728216420257943
cl100k_base,3,1000,1,json_compact,18736,52635,12718,32.119982920580696
cl100k_base,3,1000,1,yaml,23738,51630,12718,46.423456062010274
cl100k_base,3,1000,1,xml,38726,99611,12718,67.15901461550379
cl100k_base,3,1000,1,json_pretty,31752,86662,12718,59.945830183925416
r50k_base,3,1000,1,mini,14457,23595,14457,0.0
r50k_base,3,1000,1,toon_flat,15480,25645,14457,6.608527131782946
r50k_base,3,1000,1,toon,15480,25645,14457,6.608527131782946
r50k_base,3,1000,1,csv,14460,23604,14457,0.02074688796680498
r50k_base,3,1000,1,json_compact,24476,52635,14457,40.933976139892145
r50k_base,3,1000,1,yaml,25556,51630,14457,43.430114258882455
r50k_base,3,1000,1,xml,59467,99611,14457,75.68903761750214
r50k_base,3,1000,1,json_pretty,55578,86662,14457,73.98790888481054
o200k_base,3,1000,2,mini,12680,23553,12680,0.0
o200k_base,3,1000,2,toon_flat,13699,25603,12680,7.438499160522666
o200k_base,3,1000,2,toon,13699,25603,12680,7.438499160522666
o200k_base,3,1000,2,csv,12678,23562,12680,-0.015775358889414736
o200k_base,3,1000,2,json_compact,18701,52595,12680,32.196139243890705
o200k_base,3,1000,2,yaml,23702,51590,12680,46.50240486034934
o200k_base,3,1000,2,xml,38688,99569,12680,67.22497932175352
o200k_base,3,1000,2,json_pretty,31716,86622,12680,60.02017908941859
cl100k_base,3,1000,2,mini,12680,23553,12680,0.0
cl100k_base,3,1000,2,toon_flat,13699,25603,12680,7.438499160522666
cl100k_base,3,1000,2,toon,13699,25603,12680,7.438499160522666
cl100k_base,3,1000,2,csv,12678,23562,12680,-0.015775358889414736
cl100k_base,3,1000,2,json_compact,18700,52595,12680,32.19251336898395
cl100k_base,3,1000,2,yaml,23702,51590,12680,46.50240486034934
cl100k_base,3,1000,2,xml,38688,99569,12680,67.22497932175352
cl100k_base,3,1000,2,json_pretty,31716,86622,12680,60.02017908941859
r50k_base,3,1000,2,mini,14422,23553,14422,0.0
r50k_base,3,1000,2,toon_flat,15445,25603,14422,6.623502751699579
r50k_base,3,1000,2,toon,15445,25603,14422,6.623502751699579
r50k_base,3,1000,2,csv,14425,23562,14422,0.02079722703639515
r50k_base,3,1000,2,json_compact,24443,52595,14422,40.99742257497034
r50k_base,3,1000,2,yaml,25554,51590,14422,43.56265163966502
r50k_base,3,1000,2,xml,59432,99569,14422,75.73361152241218
r50k_base,3,1000,2,json_pretty,55576,86622,14422,74.04994961854038
o200k_base,3,1000,3,mini,12708,23574,12708,0.0
o200k_base,3,1000,3,toon_flat,13727,25624,12708,7.42332629125082
o200k_base,3,1000,3,toon,13727,25624,12708,7.42332629125082
o200k_base,3,1000,3,csv,12706,23583,12708,-0.015740594994490792
o200k_base,3,1000,3,json_compact,18723,52610,12708,32.126261817016506
o200k_base,3,1000,3,yaml,23724,51605,12708,46.4339908952959
o200k_base,3,1000,3,xml,38716,99590,12708,67.17636119433827
o200k_base,3,1000,3,json_pretty,31738,86637,12708,59.959669796458506
cl100k_base,3,1000,3,mini,12708,23574,12708,0.0
cl100k_base,3,1000,3,toon_flat,13727,25624,12708,7.42332629125082
cl100k_base,3,1000,3,toon,13727,25624,12708,7.42332629125082
cl100k_base,3,1000,3,csv,12706,23583,12708,-0.015740594994490792
cl100k_base,3,1000,3,json_compact,18722,52610,12708,32.12263647046256
cl100k_base,3,1000,3,yaml,23724,51605,12708,46.4339908952959
cl100k_base,3,1000,3,xml,38716,99590,12708,67.17636119433827
cl100k_base,3,1000,3,json_pretty,31738,86637,12708,59.959669796458506
r50k_base,3,1000,3,mini,14454,23574,14454,0.0
r50k_base,3,1000,3,toon_flat,15477,25624,14454,6.609808102345416
r50k_base,3,1000,3,toon,15477,25624,14454,6.609808102345416
r50k_base,3,1000,3,csv,14457,23583,14454,0.020751193193608634
r50k_base,3,1000,3,json_compact,24469,52610,14454,40.92933916383996
r50k_base,3,1000,3,yaml,25558,51605,14454,43.44627905156898
r50k_base,3,1000,3,xml,59464,99590,14454,75.69285618189157
r50k_base,3,1000,3,json_pretty,55580,86637,14454,73.99424253328536
o200k_base,3,1000,4,mini,12708,23594,12708,0.0
o200k_base,3,1000,4,toon_flat,13727,25644,12708,7.42332629125082
o200k_base,3,1000,4,toon,13727,25644,12708,7.42332629125082
o200k_base,3,1000,4,csv,12706,23603,12708,-0.015740594994490792
o200k_base,3,1000,4,json_compact,18731,52638,12708,32.15525065399605
o200k_base,3,1000,4,yaml,23732,51633,12708,46.45204786785774
o200k_base,3,1000,4,xml,38716,99610,12708,67.17636119433827
o200k_base,3,1000,4,json_pretty,31746,86665,12708,59.96975996975997
cl100k_base,3,1000,4,mini,12708,23594,12708,0.0
cl100k_base,3,1000,4,toon_flat,13727,25644,12708,7.42332629125082
cl100k_base,3,1000,4,toon,13727,25644,12708,7.42332629125082
cl100k_base,3,1000,4,csv,12706,23603,12708,-0.015740594994490792
cl100k_base,3,1000,4,json_compact,18730,52638,12708,32.15162840363054
cl100k_base,3,1000,4,yaml,23732,51633,12708,46.45204786785774
cl100k_base,3,1000,4,xml,38716,99610,12708,67.17636119433827
cl100k_base,3,1000,4,json_pretty,31746,86665,12708,59.96975996975997
r50k_base,3,1000,4,mini,14442,23594,14442,0.0
r50k_base,3,1000,4,toon_flat,15465,25644,14442,6.61493695441319
r50k_base,3,1000,4,toon,15465,25644,14442,6.61493695441319
r50k_base,3,1000,4,csv,14445,23603,14442,0.020768431983385256
r50k_base,3,1000,4,json_compact,24465,52638,14442,40.96873083997548
r50k_base,3,1000,4,yaml,25549,51633,14442,43.4733257661748
r50k_base,3,1000,4,xml,59452,99610,14442,75.70813429321133
r50k_base,3,1000,4,json_pretty,55571,86665,14442,74.0116247683144
o200k_base,5,1,0,mini,24,38,24,0.0
o200k_base,5,1,0,toon_flat,49,102,24,51.02040816326531
o200k_base,5,1,0,toon,49,102,24,51.02040816326531
o200k_base,5,1,0,csv,29,65,24,17.24137931034483
o200k_base,5,1,0,json_compact,45,120,24,46.666666666666664
o200k_base,5,1,0,yaml,51,112,24,52.94117647058824
o200k_base,5,1,0,xml,74,174,24,67.56756756756756
o200k_base,5,1,0,json_pretty,79,197,24,69.62025316455697
cl100k_base,5,1,0,mini,24,38,24,0.0
cl100k_base,5,1,0,toon_flat,49,102,24,51.02040816326531
cl100k_base,5,1,0,toon,49,102,24,51.02040816326531
cl100k_base,5,1,0,csv,29,65,24,17.24137931034483
cl100k_base,5,1,0,json_compact,44,120,24,45.45454545454545
cl100k_base,5,1,0,yaml,52,112,24,53.84615384615385
cl100k_base,5,1,0,xml,74,174,24,67.56756756756756
cl100k_base,5,1,0,json_pretty,79,197,24,69.62025316455697
r50k_base,5,1,0,mini,27,38,27,0.0
r50k_base,5,1,0,toon_flat,58,102,27,53.44827586206896
r50k_base,5,1,0,toon,58,102,27,53.44827586206896
r50k_base,5,1,0,csv,37,65,27,27.027027027027028
r50k_base,5,1,0,json_compact,53,120,27,49.056603773584904
r50k_base,5,1,0,yaml,57,112,27,52.63157894736842
r50k_base,5,1,0,xml,106,174,27,74.52830188679245
r50k_base,5,1,0,json_pretty,125,197,27,78.4
o200k_base,5,1,1,mini,23,38,23,0.0
o200k_base,5,1,1,toon_flat,48,102,23,52.083333333333336
o200k_base,5,1,1,toon,48,102,23,52.083333333333336
o200k_base,5,1,1,csv,28,65,23,17.857142857142858
o200k_base,5,1,1,json_compact,44,120,23,47.72727272727273
o200k_base,5,1,1,yaml,50,112,23,54.0
o200k_base,5,1,1,xml,73,174,23,68.4931506849315
o200k_base,5,1,1,json_pretty,78,197,23,70.51282051282051
cl100k_base,5,1,1,mini,23,38,23,0.0
cl100k_base,5,1,1,toon_flat,48,102,23,52.083333333333336
cl100k_base,5,1,1,toon,48,102,23,52.083333333333336
cl100k_base,5,1,1,csv,28,65,23,17.857142857142858
cl100k_base,5,1,1,json_compact,43,120,23,46.51162790697674
cl100k_base,5,1,1,yaml,51,112,23,54.90196078431373
cl100k_base,5,1,1,xml,73,174,23,68.4931506849315
cl100k_base,5,1,1,json_pretty,78,197,23,70.51282051282051
r50k_base,5,1,1,mini,26,38,26,0.0
r50k_base,5,1,1,toon_flat,57,102,26,54.385964912280706
r50k_base,5,1,1,toon,57,102,26,54.385964912280706
r50k_base,5,1,1,csv,36,65,26,27.77777777777778
r50k_base,5,1,1,json_compact,52,120,26,50.0
r50k_base,5,1,1,yaml,56,112,26,53.57142857142857
r50k_base,5,1,1,xml,105,174,26,75.23809523809524
r50k_base,5,1,1,json_pretty,124,197,26,79.03225806451613
o200k_base,5,1,2,mini,24,37,24,0.0
o200k_base,5,1,2,toon_flat,48,101,24,50.0
o200k_base,5,1,2,toon,48,101,24,50.0
o200k_base,5,1,2,csv,28,64,24,14.285714285714285
o200k_base,5,1,2,json_compact,45,119,24,46.666666666666664
o200k_base,5,1,2,yaml,50,111,24,52.0
o200k_base,5,1,2,xml,73,173,24,67.12328767123287
o200k_base,5,1,2,json_pretty,79,196,24,69.62025316455697
cl100k_base,5,1,2,mini,24,37,24,0.0
cl100k_base,5,1,2,toon_flat,48,101,24,50.0
cl100k_base,5,1,2,toon,48,101,24,50.0
cl100k_base,5,1,2,csv,28,64,24,14.285714285714285
cl100k_base,5,1,2,json_compact,44,119,24,45.45454545454545
cl100k_base,5,1,2,yaml,51,111,24,52.94117647058824
cl100k_base,5,1,2,xml,73,173,24,67.12328767123287
cl100k_base,5,1,2,json_pretty,79,196,24,69.62025316455697
r50k_base,5,1,2,mini,26,37,26,0.0
r50k_base,5,1,2,toon_flat,57,101,26,54.385964912280706
r50k_base,5,1,2,toon,57,101,26,54.385964912280706
r50k_base,5,1,2,csv,36,64,26,27.77777777777778
r50k_base,5,1,2,json_compact,52,119,26,50.0
r50k_base,5,1,2,yaml,57,111,26,54.385964912280706
r50k_base,5,1,2,xml,105,173,26,75.23809523809524
r50k_base,5,1,2,json_pretty,124,196,26,79.03225806451613
o200k_base,5,1,3,mini,24,38,24,0.0
o200k_base,5,1,3,toon_flat,48,102,24,50.0
o200k_base,5,1,3,toon,48,102,24,50.0
o200k_base,5,1,3,csv,28,65,24,14.285714285714285
o200k_base,5,1,3,json_compact,45,120,24,46.666666666666664
o200k_base,5,1,3,yaml,50,112,24,52.0
o200k_base,5,1,3,xml,73,174,24,67.12328767123287
o200k_base,5,1,3,json_pretty,79,197,24,69.62025316455697
cl100k_base,5,1,3,mini,24,38,24,0.0
cl100k_base,5,1,3,toon_flat,48,102,24,50.0
cl100k_base,5,1,3,toon,48,102,24,50.0
cl100k_base,5,1,3,csv,28,65,24,14.285714285714285
cl100k_base,5,1,3,json_compact,44,120,24,45.45454545454545
cl100k_base,5,1,3,yaml,52,112,24,53.84615384615385
cl100k_base,5,1,3,xml,73,174,24,67.12328767123287
cl100k_base,5,1,3,json_pretty,79,197,24,69.62025316455697
r50k_base,5,1,3,mini,27,38,27,0.0
r50k_base,5,1,3,toon_flat,58,102,27,53.44827586206896
r50k_base,5,1,3,toon,58,102,27,53.44827586206896
r50k_base,5,1,3,csv,37,65,27,27.027027027027028
r50k_base,5,1,3,json_compact,53,120,27,49.056603773584904
r50k_base,5,1,3,yaml,56,112,27,51.78571428571429
r50k_base,5,1,3,xml,106,174,27,74.52830188679245
r50k_base,5,1,3,json_pretty,125,197,27,78.4
o200k_base,5,1,4,mini,23,38,23,0.0
o200k_base,5,1,4,toon_flat,48,102,23,52.083333333333336
o200k_base,5,1,4,toon,48,102,23,52.083333333333336
o200k_base,5,1,4,csv,28,65,23,17.857142857142858
o200k_base,5,1,4,json_compact,44,120,23,47.72727272727273
o200k_base,5,1,4,yaml,50,112,23,54.0
o200k_base,5,1,4,xml,73,174,23,68.4931506849315
o200k_base,5,1,4,json_pretty,78,197,23,70.51282051282051
cl100k_base,5,1,4,mini,23,38,23,0.0
cl100k_base,5,1,4,toon_flat,48,102,23,52.083333333333336
cl100k_base,5,1,4,toon,48,102,23,52.083333333333336
cl100k_base,5,1,4,csv,28,65,23,17.857142857142858
cl100k_base,5,1,4,json_compact,43,120,23,46.51162790697674
cl100k_base,5,1,4,yaml,51,112,23,54.90196078431373
cl100k_base,5,1,4,xml,73,174,23,68.4931506849315
cl100k_base,5,1,4,json_pretty,78,197,23,70.51282051282051
r50k_base,5,1,4,mini,24,38,24,0.0
r50k_base,5,1,4,toon_flat,55,102,24,56.36363636363636
r50k_base,5,1,4,toon,55,102,24,56.36363636363636
r50k_base,5,1,4,csv,34,65,24,29.411764705882355
r50k_base,5,1,4,json_compact,50,120,24,52.0
r50k_base,5,1,4,yaml,55,112,24,56.36363636363636
r50k_base,5,1,4,xml,103,174,24,76.69902912621359
r50k_base,5,1,4,json_pretty,122,197,24,80.32786885245902
o200k_base,5,10,0,mini,184,323,184,0.0
o200k_base,5,10,0,toon_flat,210,406,184,12.380952380952381
o200k_base,5,10,0,toon,210,406,184,12.380952380952381
o200k_base,5,10,0,csv,181,349,184,-1.6574585635359116
o200k_base,5,10,0,json_compact,313,873,184,41.21405750798722
o200k_base,5,10,0,yaml,356,838,184,48.31460674157304
o200k_base,5,10,0,xml,604,1539,184,69.5364238410596
o200k_base,5,10,0,json_pretty,518,1400,184,64.47876447876449
cl100k_base,5,10,0,mini,184,323,184,0.0
cl100k_base,5,10,0,toon_flat,210,406,184,12.380952380952381
cl100k_base,5,10,0,toon,210,406,184,12.380952380952381
cl100k_base,5,10,0,csv,181,349,184,-1.6574585635359116
cl100k_base,5,10,0,json_compact,312,873,184,41.02564102564102
cl100k_base,5,10,0,yaml,369,838,184,50.135501355013545
cl100k_base,5,10,0,xml,604,1539,184,69.5364238410596
cl100k_base,5,10,0,json_pretty,518,1400,184,64.47876447876449
r50k_base,5,10,0,mini,203,323,203,0.0
r50k_base,5,10,0,toon_flat,243,406,203,16.46090534979424
r50k_base,5,10,0,toon,243,406,203,16.46090534979424
r50k_base,5,10,0,csv,213,349,203,4.694835680751173
r50k_base,5,10,0,json_compact,382,873,203,46.8586387434555
r50k_base,5,10,0,yaml,414,838,203,50.96618357487923
r50k_base,5,10,0,xml,903,1539,203,77.51937984496125
r50k_base,5,10,0,json_pretty,890,1400,203,77.19101123595506
o200k_base,5,10,1,mini,188,324,188,0.0
o200k_base,5,10,1,toon_flat,213,407,188,11.737089201877934
o200k_base,5,10,1,toon,213,407,188,11.737089201877934
o200k_base,5,10,1,csv,184,350,188,-2.1739130434782608
o200k_base,5,10,1,json_compact,317,874,188,40.694006309148264
o200k_base,5,10,1,yaml,359,839,188,47.63231197771588
o200k_base,5,10,1,xml,607,1540,188,69.02800658978583
o200k_base,5,10,1,json_pretty,522,1401,188,63.984674329501914
cl100k_base,5,10,1,mini,188,324,188,0.0
cl100k_base,5,10,1,toon_flat,213,407,188,11.737089201877934
cl100k_base,5,10,1,toon,213,407,188,11.737089201877934
cl100k_base,5,10,1,csv,184,350,188,-2.1739130434782608
cl100k_base,5,10,1,json_compact,316,874,188,40.50632911392405
cl100k_base,5,10,1,yaml,372,839,188,49.46236559139785
cl100k_base,5,10,1,xml,607,1540,188,69.02800658978583
cl100k_base,5,10,1,json_pretty,522,1401,188,63.984674329501914
r50k_base,5,10,1,mini,209,324,209,0.0
r50k_base,5,10,1,toon_flat,249,407,209,16.06425702811245
r50k_base,5,10,1,toon,249,407,209,16.06425702811245
r50k_base,5,10,1,csv,219,350,209,4.5662100456621
r50k_base,5,10,1,json_compact,388,874,209,46.134020618556704
r50k_base,5,10,1,yaml,415,839,209,49.63855421686747
r50k_base,5,10,1,xml,909,1540,209,77.00770077007701
r50k_base,5,10,1,json_pretty,893,1401,209,76.59574468085107
o200k_base,5,10,2,mini,183,323,183,0.0
o200k_base,5,10,2,toon_flat,212,406,183,13.679245283018867
o200k_base,5,10,2,toon,212,406,183,13.679245283018867
o200k_base,5,10,2,csv,183,349,183,0.0
o200k_base,5,10,2,json_compact,312,873,183,41.34615384615385
o200k_base,5,10,2,yaml,358,838,183,48.882681564245814
o200k_base,5,10,2,xml,606,1539,183,69.80198019801979
o200k_base,5,10,2,json_pretty,517,1400,183,64.60348162475822
cl100k_base,5,10,2,mini,183,323,183,0.0
cl100k_base,5,10,2,toon_flat,212,406,183,13.679245283018867
cl100k_base,5,10,2,toon,212,406,183,13.679245283018867
cl100k_base,5,10,2,csv,183,349,183,0.0
cl100k_base,5,10,2,json_compact,311,873,183,41.157556270096464
cl100k_base,5,10,2,yaml,370,838,183,50.54054054054053
cl100k_base,5,10,2,xml,606,1539,183,69.80198019801979
cl100k_base,5,10,2,json_pretty,517,1400,183,64.60348162475822
r50k_base,5,10,2,mini,204,323,204,0.0
r50k_base,5,10,2,toon_flat,244,406,204,16.39344262295082
r50k_base,5,10,2,toon,244,406,204,16.39344262295082
r50k_base,5,10,2,csv,214,349,204,4.672897196261682
r50k_base,5,10,2,json_compact,383,873,204,46.73629242819843
r50k_base,5,10,2,yaml,409,838,204,50.12224938875306
r50k_base,5,10,2,xml,904,1539,204,77.43362831858407
r50k_base,5,10,2,json_pretty,886,1400,204,76.97516930022573
o200k_base,5,10,3,mini,179,322,179,0.0
o200k_base,5,10,3,toon_flat,207,405,179,13.526570048309178
o200k_base,5,10,3,toon,207,405,179,13.526570048309178
o200k_base,5,10,3,csv,178,348,179,-0.5617977528089888
o200k_base,5,10,3,json_compact,308,872,179,41.883116883116884
o200k_base,5,10,3,yaml,353,837,179,49.29178470254957
o200k_base,5,10,3,xml,601,1538,179,70.21630615640599
o200k_base,5,10,3,json_pretty,513,1399,179,65.10721247563353
cl100k_base,5,10,3,mini,179,322,179,0.0
cl100k_base,5,10,3,toon_flat,207,405,179,13.526570048309178
cl100k_base,5,10,3,toon,207,405,179,13.526570048309178
cl100k_base,5,10,3,csv,178,348,179,-0.5617977528089888
cl100k_base,5,10,3,json_compact,307,872,179,41.69381107491857
cl100k_base,5,10,3,yaml,368,837,179,51.358695652173914
cl100k_base,5,10,3,xml,601,1538,179,70.21630615640599
cl100k_base,5,10,3,json_pretty,513,1399,179,65.10721247563353
r50k_base,5,10,3,mini,199,322,199,0.0
r50k_base,5,10,3,toon_flat,239,405,199,16.736401673640167
r50k_base,5,10,3,toon,239,405,199,16.736401673640167
r50k_base,5,10,3,csv,209,348,199,4.784688995215311
r50k_base,5,10,3,json_compact,378,872,199,47.354497354497354
r50k_base,5,10,3,yaml,402,837,199,50.49751243781094
r50k_base,5,10,3,xml,899,1538,199,77.8642936596218
r50k_base,5,10,3,json_pretty,883,1399,199,77.46319365798414
o200k_base,5,10,4,mini,180,319,180,0.0
o200k_base,5,10,4,toon_flat,210,402,180,14.285714285714285
o200k_base,5,10,4,toon,210,402,180,14.285714285714285
o200k_base,5,10,4,csv,181,345,180,0.5524861878453038
o200k_base,5,10,4,json_compact,309,869,180,41.74757281553398
o200k_base,5,10,4,yaml,356,834,180,49.43820224719101
o200k_base,5,10,4,xml,604,1535,180,70.19867549668875
o200k_base,5,10,4,json_pretty,514,1396,180,64.98054474708171
cl100k_base,5,10,4,mini,180,319,180,0.0
cl100k_base,5,10,4,toon_flat,210,402,180,14.285714285714285
cl100k_base,5,10,4,toon,210,402,180,14.285714285714285
cl100k_base,5,10,4,csv,181,345,180,0.5524861878453038
cl100k_base,5,10,4,json_compact,308,869,180,41.55844155844156
cl100k_base,5,10,4,yaml,368,834,180,51.08695652173913
cl100k_base,5,10,4,xml,604,1535,180,70.19867549668875
cl100k_base,5,10,4,json_pretty,514,1396,180,64.98054474708171
r50k_base,5,10,4,mini,199,319,199,0.0
r50k_base,5,10,4,toon_flat,239,402,199,16.736401673640167
r50k_base,5,10,4,toon,239,402,199,16.736401673640167
r50k_base,5,10,4,csv,209,345,199,4.784688995215311
r50k_base,5,10,4,json_compact,378,869,199,47.354497354497354
r50k_base,5,10,4,yaml,407,834,199,51.105651105651106
r50k_base,5,10,4,xml,899,1535,199,77.8642936596218
r50k_base,5,10,4,json_pretty,883,1396,199,77.46319365798414
o200k_base,5,100,0,mini,1776,3165,1776,0.0
o200k_base,5,100,0,toon_flat,1845,3429,1776,3.7398373983739837
o200k_base,5,100,0,toon,1845,3429,1776,3.7398373983739837
o200k_base,5,100,0,csv,1726,3190,1776,-2.8968713789107765
o200k_base,5,100,0,json_compact,2987,8397,1776,40.54235018413124
o200k_base,5,100,0,yaml,3433,8092,1776,48.26682202155549
o200k_base,5,100,0,xml,5929,15181,1776,70.0455388767077
o200k_base,5,100,0,json_pretty,4902,13424,1776,63.76988984088128
cl100k_base,5,100,0,mini,1776,3165,1776,0.0
cl100k_base,5,100,0,toon_flat,1845,3429,1776,3.7398373983739837
cl100k_base,5,100,0,toon,1845,3429,1776,3.7398373983739837
cl100k_base,5,100,0,csv,1726,3190,1776,-2.8968713789107765
cl100k_base,5,100,0,json_compact,2986,8397,1776,40.5224380442063
cl100k_base,5,100,0,yaml,3561,8092,1776,50.12636899747262
cl100k_base,5,100,0,xml,5929,15181,1776,70.0455388767077
cl100k_base,5,100,0,json_pretty,4902,13424,1776,63.76988984088128
r50k_base,5,100,0,mini,1996,3165,1996,0.0
r50k_base,5,100,0,toon_flat,2126,3429,1996,6.114769520225776
r50k_base,5,100,0,toon,2126,3429,1996,6.114769520225776
r50k_base,5,100,0,csv,2006,3190,1996,0.4985044865403789
r50k_base,5,100,0,json_compact,3707,8397,1996,46.15592123010521
r50k_base,5,100,0,yaml,3942,8092,1996,49.36580416032471
r50k_base,5,100,0,xml,8906,15181,1996,77.58814282506175
r50k_base,5,100,0,json_pretty,8539,13424,1996,76.62489752898466
o200k_base,5,100,1,mini,1782,3162,1782,0.0
o200k_base,5,100,1,toon_flat,1841,3426,1782,3.2047800108636606
o200k_base,5,100,1,toon,1841,3426,1782,3.2047800108636606
o200k_base,5,100,1,csv,1722,3187,1782,-3.484320557491289
o200k_base,5,100,1,json_compact,2993,8394,1782,40.46107584363515
o200k_base,5,100,1,yaml,3429,8089,1782,48.031496062992126
o200k_base,5,100,1,xml,5925,15178,1782,69.92405063291139
o200k_base,5,100,1,json_pretty,4908,13421,1782,63.691931540342296
cl100k_base,5,100,1,mini,1782,3162,1782,0.0
cl100k_base,5,100,1,toon_flat,1841,3426,1782,3.2047800108636606
cl100k_base,5,100,1,toon,1841,3426,1782,3.2047800108636606
cl100k_base,5,100,1,csv,1722,3187,1782,-3.484320557491289
cl100k_base,5,100,1,json_compact,2992,8394,1782,40.44117647058824
cl100k_base,5,100,1,yaml,3561,8089,1782,49.95787700084246
cl100k_base,5,100,1,xml,5925,15178,1782,69.92405063291139
cl100k_base,5,100,1,json_pretty,4908,13421,1782,63.691931540342296
r50k_base,5,100,1,mini,1972,3162,1972,0.0
r50k_base,5,100,1,toon_flat,2102,3426,1972,6.1845861084681255
r50k_base,5,100,1,toon,2102,3426,1972,6.1845861084681255
r50k_base,5,100,1,csv,1982,3187,1972,0.5045408678102926
r50k_base,5,100,1,json_compact,3683,8394,1972,46.45669291338583
r50k_base,5,100,1,yaml,3930,8089,1972,49.82188295165395
r50k_base,5,100,1,xml,8882,15178,1972,77.7977932897996
r50k_base,5,100,1,json_pretty,8518,13421,1972,76.84902559286218
o200k_base,5,100,2,mini,1771,3153,1771,0.0
o200k_base,5,100,2,toon_flat,1846,3417,1771,4.062838569880824
o200k_base,5,100,2,toon,1846,3417,1771,4.062838569880824
o200k_base,5,100,2,csv,1727,3178,1771,-2.547770700636943
o200k_base,5,100,2,json_compact,2988,8391,1771,40.72958500669344
o200k_base,5,100,2,yaml,3440,8086,1771,48.51744186046511
o200k_base,5,100,2,xml,5930,15169,1771,70.13490725126475
o200k_base,5,100,2,json_pretty,4903,13418,1771,63.87925759738935
cl100k_base,5,100,2,mini,1771,3153,1771,0.0
cl100k_base,5,100,2,toon_flat,1846,3417,1771,4.062838569880824
cl100k_base,5,100,2,toon,1846,3417,1771,4.062838569880824
cl100k_base,5,100,2,csv,1727,3178,1771,-2.547770700636943
cl100k_base,5,100,2,json_compact,2987,8391,1771,40.709742216270506
cl100k_base,5,100,2,yaml,3559,8086,1771,50.23883113234054
cl100k_base,5,100,2,xml,5930,15169,1771,70.13490725126475
cl100k_base,5,100,2,json_pretty,4903,13418,1771,63.87925759738935
r50k_base,5,100,2,mini,1982,3153,1982,0.0
r50k_base,5,100,2,toon_flat,2112,3417,1982,6.15530303030303
r50k_base,5,100,2,toon,2112,3417,1982,6.15530303030303
r50k_base,5,100,2,csv,1992,3178,1982,0.5020080321285141
r50k_base,5,100,2,json_compact,3699,8391,1982,46.417950797512844
r50k_base,5,100,2,yaml,3955,8086,1982,49.88621997471555
r50k_base,5,100,2,xml,8892,15169,1982,77.71030139451192
r50k_base,5,100,2,json_pretty,8532,13418,1982,76.76980778246602
o200k_base,5,100,3,mini,1788,3162,1788,0.0
o200k_base,5,100,3,toon_flat,1835,3426,1788,2.561307901907357
o200k_base,5,100,3,toon,1835,3426,1788,2.561307901907357
o200k_base,5,100,3,csv,1716,3187,1788,-4.195804195804196
o200k_base,5,100,3,json_compact,2997,8392,1788,40.34034034034034
o200k_base,5,100,3,yaml,3421,8087,1788,47.73458053200819
o200k_base,5,100,3,xml,5919,15178,1788,69.79219462747086
o200k_base,5,100,3,json_pretty,4912,13419,1788,63.59934853420195
cl100k_base,5,100,3,mini,1788,3162,1788,0.0
cl100k_base,5,100,3,toon_flat,1835,3426,1788,2.561307901907357
cl100k_base,5,100,3,toon,1835,3426,1788,2.561307901907357
cl100k_base,5,100,3,csv,1716,3187,1788,-4.195804195804196
cl100k_base,5,100,3,json_compact,2996,8392,1788,40.32042723631509
cl100k_base,5,100,3,yaml,3556,8087,1788,49.71878515185602
cl100k_base,5,100,3,xml,5919,15178,1788,69.79219462747086
cl100k_base,5,100,3,json_pretty,4912,13419,1788,63.59934853420195
r50k_base,5,100,3,mini,1990,3162,1990,0.0
r50k_base,5,100,3,toon_flat,2120,3426,1990,6.132075471698113
r50k_base,5,100,3,toon,2120,3426,1990,6.132075471698113
r50k_base,5,100,3,csv,2000,3187,1990,0.5
r50k_base,5,100,3,json_compact,3699,8392,1990,46.20167612868343
r50k_base,5,100,3,yaml,3951,8087,1990,49.63300430270817
r50k_base,5,100,3,xml,8900,15178,1990,77.64044943820225
r50k_base,5,100,3,json_pretty,8537,13419,1990,76.68970364296591
o200k_base,5,100,4,mini,1787,3168,1787,0.0
o200k_base,5,100,4,toon_flat,1845,3432,1787,3.1436314363143634
o200k_base,5,100,4,toon,1845,3432,1787,3.1436314363143634
o200k_base,5,100,4,csv,1726,3193,1787,-3.5341830822711473
o200k_base,5,100,4,json_compact,2998,8400,1787,40.39359573048699
o200k_base,5,100,4,yaml,3433,8095,1787,47.94640256335567
o200k_base,5,100,4,xml,5929,15184,1787,69.86001011975038
o200k_base,5,100,4,json_pretty,4913,13427,1787,63.627111744351716
cl100k_base,5,100,4,mini,1787,3168,1787,0.0
cl100k_base,5,100,4,toon_flat,1845,3432,1787,3.1436314363143634
cl100k_base,5,100,4,toon,1845,3432,1787,3.1436314363143634
cl100k_base,5,100,4,csv,1726,3193,1787,-3.5341830822711473
cl100k_base,5,100,4,json_compact,2997,8400,1787,40.37370704037371
cl100k_base,5,100,4,yaml,3561,8095,1787,49.81746700365066
cl100k_base,5,100,4,xml,5929,15184,1787,69.86001011975038
cl100k_base,5,100,4,json_pretty,4913,13427,1787,63.627111744351716
r50k_base,5,100,4,mini,1985,3168,1985,0.0
r50k_base,5,100,4,toon_flat,2115,3432,1985,6.1465721040189125
r50k_base,5,100,4,toon,2115,3432,1985,6.1465721040189125
r50k_base,5,100,4,csv,1995,3193,1985,0.5012531328320802
r50k_base,5,100,4,json_compact,3696,8400,1985,46.29329004329004
r50k_base,5,100,4,yaml,3949,8095,1985,49.73410990124082
r50k_base,5,100,4,xml,8895,15184,1985,77.6840921866217
r50k_base,5,100,4,json_pretty,8528,13427,1985,76.72373358348969
o200k_base,5,1000,0,mini,17740,31552,17740,0.0
o200k_base,5,1000,0,toon_flat,18224,33617,17740,2.6558384547848988
o200k_base,5,1000,0,toon,18224,33617,17740,2.6558384547848988
o200k_base,5,1000,0,csv,17203,31576,17740,-3.1215485671103878
o200k_base,5,1000,0,json_compact,29779,83612,17740,40.42781826119077
o200k_base,5,1000,0,yaml,34239,80607,17740,48.18773912789509
o200k_base,5,1000,0,xml,59207,151568,17740,70.03732666745486
o200k_base,5,1000,0,json_pretty,48794,133639,17740,63.64307086936919
cl100k_base,5,1000,0,mini,17740,31552,17740,0.0
cl100k_base,5,1000,0,toon_flat,18224,33617,17740,2.6558384547848988
cl100k_base,5,1000,0,toon,18224,33617,17740,2.6558384547848988
cl100k_base,5,1000,0,csv,17203,31576,17740,-3.1215485671103878
cl100k_base,5,1000,0,json_compact,29778,83612,17740,40.42581771777822
cl100k_base,5,1000,0,yaml,35476,80607,17740,49.994362385838315
cl100k_base,5,1000,0,xml,59207,151568,17740,70.03732666745486
cl100k_base,5,1000,0,json_pretty,48794,133639,17740,63.64307086936919
r50k_base,5,1000,0,mini,19826,31552,19826,0.0
r50k_base,5,1000,0,toon_flat,20856,33617,19826,4.938626774069812
r50k_base,5,1000,0,toon,20856,33617,19826,4.938626774069812
r50k_base,5,1000,0,csv,19836,31576,19826,0.0504133897963299
r50k_base,5,1000,0,json_compact,36865,83612,19826,46.21999186219992
r50k_base,5,1000,0,yaml,39363,80607,19826,49.6329039961385
r50k_base,5,1000,0,xml,88836,151568,19826,77.68247107028682
r50k_base,5,1000,0,json_pretty,84967,133639,19826,76.66623512657856
o200k_base,5,1000,1,mini,17737,31501,17737,0.0
o200k_base,5,1000,1,toon_flat,18162,33566,17737,2.3400506552141835
o200k_base,5,1000,1,toon,18162,33566,17737,2.3400506552141835
o200k_base,5,1000,1,csv,17141,31525,17737,-3.4770433463625223
o200k_base,5,1000,1,json_compact,29774,83559,17737,40.42789010546114
o200k_base,5,1000,1,yaml,34175,80554,17737,48.099487929773225
o200k_base,5,1000,1,xml,59145,151517,17737,70.01098993997802
o200k_base,5,1000,1,json_pretty,48789,133586,17737,63.6454938613212
cl100k_base,5,1000,1,mini,17737,31501,17737,0.0
cl100k_base,5,1000,1,toon_flat,18162,33566,17737,2.3400506552141835
cl100k_base,5,1000,1,toon,18162,33566,17737,2.3400506552141835
cl100k_base,5,1000,1,csv,17141,31525,17737,-3.4770433463625223
cl100k_base,5,1000,1,json_compact,29773,83559,17737,40.42588922849561
cl100k_base,5,1000,1,yaml,35440,80554,17737,49.9520316027088
cl100k_base,5,1000,1,xml,59145,151517,17737,70.01098993997802
cl100k_base,5,1000,1,json_pretty,48789,133586,17737,63.6454938613212
r50k_base,5,1000,1,mini,19806,31501,19806,0.0
r50k_base,5,1000,1,toon_flat,20836,33566,19806,4.9433672489921285
r50k_base,5,1000,1,toon,20836,33566,19806,4.9433672489921285
r50k_base,5,1000,1,csv,19816,31525,19806,0.050464271295922486
r50k_base,5,1000,1,json_compact,36843,83559,19806,46.242162690334666
r50k_base,5,1000,1,yaml,39342,80554,19806,49.65685526917798
r50k_base,5,1000,1,xml,88816,151517,19806,77.69996397045577
r50k_base,5,1000,1,json_pretty,84960,133586,19806,76.68785310734462
o200k_base,5,1000,2,mini,17789,31542,17789,0.0
o200k_base,5,1000,2,toon_flat,18224,33607,17789,2.3869622475856014
o200k_base,5,1000,2,toon,18224,33607,17789,2.3869622475856014
o200k_base,5,1000,2,csv,17203,31566,17789,-3.4063826076847064
o200k_base,5,1000,2,json_compact,29820,83594,17789,40.34540576794098
o200k_base,5,1000,2,yaml,34231,80589,17789,48.03248517425725
o200k_base,5,1000,2,xml,59207,151558,17789,69.95456618305268
o200k_base,5,1000,2,json_pretty,48835,133621,17789,63.57325688543053
cl100k_base,5,1000,2,mini,17789,31542,17789,0.0
cl100k_base,5,1000,2,toon_flat,18224,33607,17789,2.3869622475856014
cl100k_base,5,1000,2,toon,18224,33607,17789,2.3869622475856014
cl100k_base,5,1000,2,csv,17203,31566,17789,-3.4063826076847064
cl100k_base,5,1000,2,json_compact,29819,83594,17789,40.34340521144237
cl100k_base,5,1000,2,yaml,35476,80589,17789,49.856240838876985
cl100k_base,5,1000,2,xml,59207,151558,17789,69.95456618305268
cl100k_base,5,1000,2,json_pretty,48835,133621,17789,63.57325688543053
r50k_base,5,1000,2,mini,19841,31542,19841,0.0
r50k_base,5,1000,2,toon_flat,20871,33607,19841,4.935077380096785
r50k_base,5,1000,2,toon,20871,33607,19841,4.935077380096785
r50k_base,5,1000,2,csv,19851,31566,19841,0.05037529595486374
r50k_base,5,1000,2,json_compact,36872,83594,19841,46.189520503362985
r50k_base,5,1000,2,yaml,39378,80589,19841,49.61399766367007
r50k_base,5,1000,2,xml,88851,151558,19841,77.66935656323508
r50k_base,5,1000,2,json_pretty,84970,133621,19841,76.64940567259032
o200k_base,5,1000,3,mini,17734,31557,17734,0.0
o200k_base,5,1000,3,toon_flat,18209,33622,17734,2.608600142786534
o200k_base,5,1000,3,toon,18209,33622,17734,2.608600142786534
o200k_base,5,1000,3,csv,17188,31581,17734,-3.176634861531301
o200k_base,5,1000,3,json_compact,29763,83607,17734,40.4159526929409
o200k_base,5,1000,3,yaml,34214,80602,17734,48.16741684690478
o200k_base,5,1000,3,xml,59192,151573,17734,70.03987025273686
o200k_base,5,1000,3,json_pretty,48778,133634,17734,63.6434458157366
cl100k_base,5,1000,3,mini,17734,31557,17734,0.0
cl100k_base,5,1000,3,toon_flat,18209,33622,17734,2.608600142786534
cl100k_base,5,1000,3,toon,18209,33622,17734,2.608600142786534
cl100k_base,5,1000,3,csv,17188,31581,17734,-3.176634861531301
cl100k_base,5,1000,3,json_compact,29762,83607,17734,40.41395067535784
cl100k_base,5,1000,3,yaml,35435,80602,17734,49.9534358684916
cl100k_base,5,1000,3,xml,59192,151573,17734,70.03987025273686
cl100k_base,5,1000,3,json_pretty,48778,133634,17734,63.6434458157366
r50k_base,5,1000,3,mini,19789,31557,19789,0.0
r50k_base,5,1000,3,toon_flat,20819,33622,19789,4.947403813823911
r50k_base,5,1000,3,toon,20819,33622,19789,4.947403813823911
r50k_base,5,1000,3,csv,19799,31581,19789,0.0505076013940098
r50k_base,5,1000,3,json_compact,36818,83607,19789,46.25183334238688
r50k_base,5,1000,3,yaml,39378,80602,19789,49.746051094519785
r50k_base,5,1000,3,xml,88799,151573,19789,77.7148391310713
r50k_base,5,1000,3,json_pretty,84939,133634,19789,76.7021038627721
o200k_base,5,1000,4,mini,17768,31560,17768,0.0
o200k_base,5,1000,4,toon_flat,18225,33625,17768,2.5075445816186557
o200k_base,5,1000,4,toon,18225,33625,17768,2.5075445816186557
o200k_base,5,1000,4,csv,17204,31584,17768,-3.2783073703789816
o200k_base,5,1000,4,json_compact,29791,83604,17768,40.35782618911752
o200k_base,5,1000,4,yaml,34224,80599,17768,48.083216456287985
o200k_base,5,1000,4,xml,59208,151576,17768,69.99054181867315
o200k_base,5,1000,4,json_pretty,48806,133631,17768,63.59464000327828
cl100k_base,5,1000,4,mini,17768,31560,17768,0.0
cl100k_base,5,1000,4,toon_flat,18225,33625,17768,2.5075445816186557
cl100k_base,5,1000,4,toon,18225,33625,17768,2.5075445816186557
cl100k_base,5,1000,4,csv,17204,31584,17768,-3.2783073703789816
cl100k_base,5,1000,4,json_compact,29790,83604,17768,40.35582410204766
cl100k_base,5,1000,4,yaml,35446,80599,17768,49.87304632398578
cl100k_base,5,1000,4,xml,59208,151576,17768,69.99054181867315
cl100k_base,5,1000,4,json_pretty,48806,133631,17768,63.59464000327828
r50k_base,5,1000,4,mini,19825,31560,19825,0.0
r50k_base,5,1000,4,toon_flat,20855,33625,19825,4.93886358187485
r50k_base,5,1000,4,toon,20855,33625,19825,4.93886358187485
r50k_base,5,1000,4,csv,19835,31584,19825,0.050415931434333254
r50k_base,5,1000,4,json_compact,36848,83604,19825,46.19789405123751
r50k_base,5,1000,4,yaml,39407,80599,19825,49.69167914329942
r50k_base,5,1000,4,xml,88835,151576,19825,77.68334552822648
r50k_base,5,1000,4,json_pretty,84966,133631,19825,76.66713744321257
o200k_base,8,1,0,mini,36,60,36,0.0
o200k_base,8,1,0,toon_flat,64,153,36,43.75
o200k_base,8,1,0,toon,64,153,36,43.75
o200k_base,8,1,0,csv,44,116,36,18.181818181818183
o200k_base,8,1,0,json_compact,64,181,36,43.75
o200k_base,8,1,0,yaml,70,174,36,48.57142857142857
o200k_base,8,1,0,xml,103,275,36,65.0485436893204
o200k_base,8,1,0,json_pretty,106,282,36,66.0377358490566
cl100k_base,8,1,0,mini,36,60,36,0.0
cl100k_base,8,1,0,toon_flat,64,153,36,43.75
cl100k_base,8,1,0,toon,64,153,36,43.75
cl100k_base,8,1,0,csv,44,116,36,18.181818181818183
cl100k_base,8,1,0,json_compact,63,181,36,42.857142857142854
cl100k_base,8,1,0,yaml,74,174,36,51.35135135135135
cl100k_base,8,1,0,xml,102,275,36,64.70588235294117
cl100k_base,8,1,0,json_pretty,106,282,36,66.0377358490566
r50k_base,8,1,0,mini,39,60,39,0.0
r50k_base,8,1,0,toon_flat,81,153,39,51.85185185185185
r50k_base,8,1,0,toon,81,153,39,51.85185185185185
r50k_base,8,1,0,csv,60,116,39,35.0
r50k_base,8,1,0,json_compact,76,181,39,48.68421052631579
r50k_base,8,1,0,yaml,84,174,39,53.57142857142857
r50k_base,8,1,0,xml,155,275,39,74.83870967741936
r50k_base,8,1,0,json_pretty,171,282,39,77.19298245614034
o200k_base,8,1,1,mini,37,60,37,0.0
o200k_base,8,1,1,toon_flat,66,153,37,43.93939393939394
o200k_base,8,1,1,toon,66,153,37,43.93939393939394
o200k_base,8,1,1,csv,46,116,37,19.565217391304348
o200k_base,8,1,1,json_compact,65,181,37,43.07692307692308
o200k_base,8,1,1,yaml,72,174,37,48.61111111111111
o200k_base,8,1,1,xml,105,275,37,64.76190476190476
o200k_base,8,1,1,json_pretty,107,282,37,65.42056074766354
cl100k_base,8,1,1,mini,37,60,37,0.0
cl100k_base,8,1,1,toon_flat,66,153,37,43.93939393939394
cl100k_base,8,1,1,toon,66,153,37,43.93939393939394
cl100k_base,8,1,1,csv,46,116,37,19.565217391304348
cl100k_base,8,1,1,json_compact,64,181,37,42.1875
cl100k_base,8,1,1,yaml,75,174,37,50.66666666666667
cl100k_base,8,1,1,xml,104,275,37,64.42307692307693
cl100k_base,8,1,1,json_pretty,107,282,37,65.42056074766354
r50k_base,8,1,1,mini,40,60,40,0.0
r50k_base,8,1,1,toon_flat,82,153,40,51.21951219512195
r50k_base,8,1,1,toon,82,153,40,51.21951219512195
r50k_base,8,1,1,csv,61,116,40,34.42622950819672
r50k_base,8,1,1,json_compact,77,181,40,48.05194805194805
r50k_base,8,1,1,yaml,86,174,40,53.48837209302325
r50k_base,8,1,1,xml,156,275,40,74.35897435897436
r50k_base,8,1,1,json_pretty,172,282,40,76.74418604651163
o200k_base,8,1,2,mini,34,61,34,0.0
o200k_base,8,1,2,toon_flat,64,154,34,46.875
o200k_base,8,1,2,toon,64,154,34,46.875
o200k_base,8,1,2,csv,44,117,34,22.727272727272727
o200k_base,8,1,2,json_compact,62,182,34,45.16129032258064
o200k_base,8,1,2,yaml,70,175,34,51.42857142857142
o200k_base,8,1,2,xml,103,276,34,66.99029126213593
o200k_base,8,1,2,json_pretty,104,283,34,67.3076923076923
cl100k_base,8,1,2,mini,34,61,34,0.0
cl100k_base,8,1,2,toon_flat,65,154,34,47.69230769230769
cl100k_base,8,1,2,toon,65,154,34,47.69230769230769
cl100k_base,8,1,2,csv,45,117,34,24.444444444444443
cl100k_base,8,1,2,json_compact,61,182,34,44.26229508196721
cl100k_base,8,1,2,yaml,74,175,34,54.054054054054056
cl100k_base,8,1,2,xml,103,276,34,66.99029126213593
cl100k_base,8,1,2,json_pretty,104,283,34,67.3076923076923
r50k_base,8,1,2,mini,37,61,37,0.0
r50k_base,8,1,2,toon_flat,79,154,37,53.16455696202531
r50k_base,8,1,2,toon,79,154,37,53.16455696202531
r50k_base,8,1,2,csv,58,117,37,36.206896551724135
r50k_base,8,1,2,json_compact,74,182,37,50.0
r50k_base,8,1,2,yaml,82,175,37,54.87804878048781
r50k_base,8,1,2,xml,153,276,37,75.81699346405229
r50k_base,8,1,2,json_pretty,169,283,37,78.10650887573965
o200k_base,8,1,3,mini,37,61,37,0.0
o200k_base,8,1,3,toon_flat,67,154,37,44.776119402985074
o200k_base,8,1,3,toon,67,154,37,44.776119402985074
o200k_base,8,1,3,csv,47,117,37,21.27659574468085
o200k_base,8,1,3,json_compact,65,182,37,43.07692307692308
o200k_base,8,1,3,yaml,72,175,37,48.61111111111111
o200k_base,8,1,3,xml,105,276,37,64.76190476190476
o200k_base,8,1,3,json_pretty,107,283,37,65.42056074766354
cl100k_base,8,1,3,mini,37,61,37,0.0
cl100k_base,8,1,3,toon_flat,67,154,37,44.776119402985074
cl100k_base,8,1,3,toon,67,154,37,44.776119402985074
cl100k_base,8,1,3,csv,47,117,37,21.27659574468085
cl100k_base,8,1,3,json_compact,64,182,37,42.1875
cl100k_base,8,1,3,yaml,76,175,37,51.31578947368421
cl100k_base,8,1,3,xml,105,276,37,64.76190476190476
cl100k_base,8,1,3,json_pretty,107,283,37,65.42056074766354
r50k_base,8,1,3,mini,39,61,39,0.0
r50k_base,8,1,3,toon_flat,81,154,39,51.85185185185185
r50k_base,8,1,3,toon,81,154,39,51.85185185185185
r50k_base,8,1,3,csv,60,117,39,35.0
r50k_base,8,1,3,json_compact,76,182,39,48.68421052631579
r50k_base,8,1,3,yaml,85,175,39,54.11764705882353
r50k_base,8,1,3,xml,155,276,39,74.83870967741936
r50k_base,8,1,3,json_pretty,171,283,39,77.19298245614034
o200k_base,8,1,4,mini,37,63,37,0.0
o200k_base,8,1,4,toon_flat,65,156,37,43.07692307692308
o200k_base,8,1,4,toon,65,156,37,43.07692307692308
o200k_base,8,1,4,csv,45,119,37,17.77777777777778
o200k_base,8,1,4,json_compact,65,184,37,43.07692307692308
o200k_base,8,1,4,yaml,71,177,37,47.88732394366197
o200k_base,8,1,4,xml,104,278,37,64.42307692307693
o200k_base,8,1,4,json_pretty,107,285,37,65.42056074766354
cl100k_base,8,1,4,mini,37,63,37,0.0
cl100k_base,8,1,4,toon_flat,66,156,37,43.93939393939394
cl100k_base,8,1,4,toon,66,156,37,43.93939393939394
cl100k_base,8,1,4,csv,46,119,37,19.565217391304348
cl100k_base,8,1,4,json_compact,64,184,37,42.1875
cl100k_base,8,1,4,yaml,76,177,37,51.31578947368421
cl100k_base,8,1,4,xml,104,278,37,64.42307692307693
cl100k_base,8,1,4,json_pretty,107,285,37,65.42056074766354
r50k_base,8,1,4,mini,40,63,40,0.0
r50k_base,8,1,4,toon_flat,82,156,40,51.21951219512195
r50k_base,8,1,4,toon,82,156,40,51.21951219512195
r50k_base,8,1,4,csv,61,119,40,34.42622950819672
r50k_base,8,1,4,json_compact,77,184,40,48.05194805194805
r50k_base,8,1,4,yaml,84,177,40,52.38095238095239
r50k_base,8,1,4,xml,156,278,40,74.35897435897436
r50k_base,8,1,4,json_pretty,172,285,40,76.74418604651163
o200k_base,8,10,0,mini,302,564,302,0.0
o200k_base,8,10,0,toon_flat,322,676,302,6.211180124223603
o200k_base,8,10,0,toon,322,676,302,6.211180124223603
o200k_base,8,10,0,csv,293,619,302,-3.0716723549488054
o200k_base,8,10,0,json_compact,501,1504,302,39.72055888223553
o200k_base,8,10,0,yaml,568,1479,302,46.83098591549296
o200k_base,8,10,0,xml,917,2570,302,67.06652126499455
o200k_base,8,10,0,json_pretty,786,2271,302,61.57760814249363
cl100k_base,8,10,0,mini,302,564,302,0.0
cl100k_base,8,10,0,toon_flat,327,676,302,7.64525993883792
cl100k_base,8,10,0,toon,327,676,302,7.64525993883792
cl100k_base,8,10,0,csv,298,619,302,-1.342281879194631
cl100k_base,8,10,0,json_compact,501,1504,302,39.72055888223553
cl100k_base,8,10,0,yaml,605,1479,302,50.082644628099175
cl100k_base,8,10,0,xml,915,2570,302,66.99453551912569
cl100k_base,8,10,0,json_pretty,787,2271,302,61.62642947903431
r50k_base,8,10,0,mini,327,564,327,0.0
r50k_base,8,10,0,toon_flat,378,676,327,13.492063492063492
r50k_base,8,10,0,toon,378,676,327,13.492063492063492
r50k_base,8,10,0,csv,348,619,327,6.0344827586206895
r50k_base,8,10,0,json_compact,616,1504,327,46.91558441558442
r50k_base,8,10,0,yaml,683,1479,327,52.12298682284041
r50k_base,8,10,0,xml,1397,2570,327,76.59269863994274
r50k_base,8,10,0,json_pretty,1351,2271,327,75.79570688378978
o200k_base,8,10,1,mini,309,577,309,0.0
o200k_base,8,10,1,toon_flat,330,689,309,6.363636363636363
o200k_base,8,10,1,toon,330,689,309,6.363636363636363
o200k_base,8,10,1,csv,301,632,309,-2.6578073089700998
o200k_base,8,10,1,json_compact,508,1517,309,39.173228346456696
o200k_base,8,10,1,yaml,572,1492,309,45.97902097902098
o200k_base,8,10,1,xml,923,2583,309,66.52221018418201
o200k_base,8,10,1,json_pretty,793,2284,309,61.03404791929382
cl100k_base,8,10,1,mini,309,577,309,0.0
cl100k_base,8,10,1,toon_flat,334,689,309,7.48502994011976
cl100k_base,8,10,1,toon,334,689,309,7.48502994011976
cl100k_base,8,10,1,csv,305,632,309,-1.3114754098360655
cl100k_base,8,10,1,json_compact,510,1517,309,39.411764705882355
cl100k_base,8,10,1,yaml,611,1492,309,49.42716857610475
cl100k_base,8,10,1,xml,924,2583,309,66.55844155844156
cl100k_base,8,10,1,json_pretty,796,2284,309,61.18090452261307
r50k_base,8,10,1,mini,337,577,337,0.0
r50k_base,8,10,1,toon_flat,388,689,337,13.144329896907218
r50k_base,8,10,1,toon,388,689,337,13.144329896907218
r50k_base,8,10,1,csv,358,632,337,5.865921787709497
r50k_base,8,10,1,json_compact,626,1517,337,46.16613418530351
r50k_base,8,10,1,yaml,693,1492,337,51.37085137085137
r50k_base,8,10,1,xml,1407,2583,337,76.04832977967307
r50k_base,8,10,1,json_pretty,1362,2284,337,75.25697503671071
o200k_base,8,10,2,mini,303,573,303,0.0
o200k_base,8,10,2,toon_flat,326,685,303,7.05521472392638
o200k_base,8,10,2,toon,326,685,303,7.05521472392638
o200k_base,8,10,2,csv,297,628,303,-2.0202020202020203
o200k_base,8,10,2,json_compact,502,1513,303,39.6414342629482
o200k_base,8,10,2,yaml,568,1488,303,46.654929577464785
o200k_base,8,10,2,xml,919,2579,303,67.02937976060936
o200k_base,8,10,2,json_pretty,787,2280,303,61.499364675984744
cl100k_base,8,10,2,mini,303,573,303,0.0
cl100k_base,8,10,2,toon_flat,328,685,303,7.621951219512195
cl100k_base,8,10,2,toon,328,685,303,7.621951219512195
cl100k_base,8,10,2,csv,299,628,303,-1.3377926421404682
cl100k_base,8,10,2,json_compact,504,1513,303,39.88095238095239
cl100k_base,8,10,2,yaml,604,1488,303,49.83443708609271
cl100k_base,8,10,2,xml,918,2579,303,66.99346405228758
cl100k_base,8,10,2,json_pretty,790,2280,303,61.64556962025316
r50k_base,8,10,2,mini,335,573,335,0.0
r50k_base,8,10,2,toon_flat,386,685,335,13.21243523316062
r50k_base,8,10,2,toon,386,685,335,13.21243523316062
r50k_base,8,10,2,csv,356,628,335,5.8988764044943816
r50k_base,8,10,2,json_compact,624,1513,335,46.31410256410257
r50k_base,8,10,2,yaml,691,1488,335,51.519536903039075
r50k_base,8,10,2,xml,1405,2579,335,76.15658362989323
r50k_base,8,10,2,json_pretty,1359,2280,335,75.3495217071376
o200k_base,8,10,3,mini,302,566,302,0.0
o200k_base,8,10,3,toon_flat,322,678,302,6.211180124223603
o200k_base,8,10,3,toon,322,678,302,6.211180124223603
o200k_base,8,10,3,csv,293,621,302,-3.0716723549488054
o200k_base,8,10,3,json_compact,503,1508,302,39.960238568588466
o200k_base,8,10,3,yaml,569,1483,302,46.92442882249561
o200k_base,8,10,3,xml,916,2572,302,67.03056768558952
o200k_base,8,10,3,json_pretty,788,2275,302,61.6751269035533
cl100k_base,8,10,3,mini,302,566,302,0.0
cl100k_base,8,10,3,toon_flat,327,678,302,7.64525993883792
cl100k_base,8,10,3,toon,327,678,302,7.64525993883792
cl100k_base,8,10,3,csv,298,621,302,-1.342281879194631
cl100k_base,8,10,3,json_compact,503,1508,302,39.960238568588466
cl100k_base,8,10,3,yaml,609,1483,302,50.41050903119869
cl100k_base,8,10,3,xml,915,2572,302,66.99453551912569
cl100k_base,8,10,3,json_pretty,789,2275,302,61.72370088719899
r50k_base,8,10,3,mini,331,566,331,0.0
r50k_base,8,10,3,toon_flat,382,678,331,13.350785340314136
r50k_base,8,10,3,toon,382,678,331,13.350785340314136
r50k_base,8,10,3,csv,352,621,331,5.965909090909091
r50k_base,8,10,3,json_compact,622,1508,331,46.78456591639871
r50k_base,8,10,3,yaml,688,1483,331,51.889534883720934
r50k_base,8,10,3,xml,1401,2572,331,76.37401855817274
r50k_base,8,10,3,json_pretty,1357,2275,331,75.60795873249816
o200k_base,8,10,4,mini,305,578,305,0.0
o200k_base,8,10,4,toon_flat,324,690,305,5.864197530864197
o200k_base,8,10,4,toon,324,690,305,5.864197530864197
o200k_base,8,10,4,csv,295,633,305,-3.389830508474576
o200k_base,8,10,4,json_compact,504,1518,305,39.48412698412698
o200k_base,8,10,4,yaml,564,1493,305,45.92198581560284
o200k_base,8,10,4,xml,915,2584,305,66.66666666666666
o200k_base,8,10,4,json_pretty,789,2285,305,61.34347275031685
cl100k_base,8,10,4,mini,305,578,305,0.0
cl100k_base,8,10,4,toon_flat,327,690,305,6.727828746177369
cl100k_base,8,10,4,toon,327,690,305,6.727828746177369
cl100k_base,8,10,4,csv,298,633,305,-2.348993288590604
cl100k_base,8,10,4,json_compact,506,1518,305,39.723320158102766
cl100k_base,8,10,4,yaml,607,1493,305,49.75288303130148
cl100k_base,8,10,4,xml,917,2584,305,66.73936750272628
cl100k_base,8,10,4,json_pretty,792,2285,305,61.489898989899
r50k_base,8,10,4,mini,333,578,333,0.0
r50k_base,8,10,4,toon_flat,384,690,333,13.28125
r50k_base,8,10,4,toon,384,690,333,13.28125
r50k_base,8,10,4,csv,354,633,333,5.932203389830509
r50k_base,8,10,4,json_compact,622,1518,333,46.463022508038584
r50k_base,8,10,4,yaml,688,1493,333,51.59883720930233
r50k_base,8,10,4,xml,1403,2584,333,76.26514611546685
r50k_base,8,10,4,json_pretty,1357,2285,333,75.46057479734709
o200k_base,8,100,0,mini,2992,5608,2992,0.0
o200k_base,8,100,0,toon_flat,2899,5901,2992,-3.2080027595722664
o200k_base,8,100,0,toon,2899,5901,2992,-3.2080027595722664
o200k_base,8,100,0,csv,2780,5662,2992,-7.625899280575539
o200k_base,8,100,0,json_compact,4903,14740,2992,38.97613705894351
o200k_base,8,100,0,yaml,5536,14535,2992,45.95375722543353
o200k_base,8,100,0,xml,9047,25524,2992,66.92826351276666
o200k_base,8,100,0,json_pretty,7618,22167,2992,60.72459963244946
cl100k_base,8,100,0,mini,2992,5608,2992,0.0
cl100k_base,8,100,0,toon_flat,2950,5901,2992,-1.423728813559322
cl100k_base,8,100,0,toon,2950,5901,2992,-1.423728813559322
cl100k_base,8,100,0,csv,2831,5662,2992,-5.6870363829035675
cl100k_base,8,100,0,json_compact,4917,14740,2992,39.14988814317674
cl100k_base,8,100,0,yaml,5941,14535,2992,49.63810806261572
cl100k_base,8,100,0,xml,9042,25524,2992,66.90997566909975
cl100k_base,8,100,0,json_pretty,7633,22167,2992,60.801781737193764
r50k_base,8,100,0,mini,3273,5608,3273,0.0
r50k_base,8,100,0,toon_flat,3414,5901,3273,4.130052724077329
r50k_base,8,100,0,toon,3414,5901,3273,4.130052724077329
r50k_base,8,100,0,csv,3294,5662,3273,0.6375227686703097
r50k_base,8,100,0,json_compact,6084,14740,3273,46.20315581854043
r50k_base,8,100,0,yaml,6716,14535,3273,51.2656343061346
r50k_base,8,100,0,xml,13883,25524,3273,76.42440394727365
r50k_base,8,100,0,json_pretty,13221,22167,3273,75.24393011118676
o200k_base,8,100,1,mini,3005,5619,3005,0.0
o200k_base,8,100,1,toon_flat,2909,5912,3005,-3.300103128222757
o200k_base,8,100,1,toon,2909,5912,3005,-3.300103128222757
o200k_base,8,100,1,csv,2790,5673,3005,-7.706093189964158
o200k_base,8,100,1,json_compact,4914,14749,3005,38.84818884818885
o200k_base,8,100,1,yaml,5538,14544,3005,45.73853376670278
o200k_base,8,100,1,xml,9051,25535,3005,66.7992487018009
o200k_base,8,100,1,json_pretty,7629,22176,3005,60.61082710709136
cl100k_base,8,100,1,mini,3005,5619,3005,0.0
cl100k_base,8,100,1,toon_flat,2951,5912,3005,-1.8298881735005084
cl100k_base,8,100,1,toon,2951,5912,3005,-1.8298881735005084
cl100k_base,8,100,1,csv,2832,5673,3005,-6.108757062146893
cl100k_base,8,100,1,json_compact,4928,14749,3005,39.02191558441558
cl100k_base,8,100,1,yaml,5939,14544,3005,49.402256272099685
cl100k_base,8,100,1,xml,9043,25535,3005,66.76987725312397
cl100k_base,8,100,1,json_pretty,7644,22176,3005,60.68812140240711
r50k_base,8,100,1,mini,3299,5619,3299,0.0
r50k_base,8,100,1,toon_flat,3440,5912,3299,4.098837209302326
r50k_base,8,100,1,toon,3440,5912,3299,4.098837209302326
r50k_base,8,100,1,csv,3320,5673,3299,0.6325301204819277
r50k_base,8,100,1,json_compact,6108,14749,3299,45.98886705959397
r50k_base,8,100,1,yaml,6737,14544,3299,51.03161644648954
r50k_base,8,100,1,xml,13909,25535,3299,76.2815443238191
r50k_base,8,100,1,json_pretty,13239,22176,3299,75.08119948636603
o200k_base,8,100,2,mini,3016,5668,3016,0.0
o200k_base,8,100,2,toon_flat,2931,5961,3016,-2.9000341180484477
o200k_base,8,100,2,toon,2931,5961,3016,-2.9000341180484477
o200k_base,8,100,2,csv,2812,5722,3016,-7.254623044096728
o200k_base,8,100,2,json_compact,4925,14798,3016,38.76142131979696
o200k_base,8,100,2,yaml,5545,14593,3016,45.60865644724977
o200k_base,8,100,2,xml,9066,25584,3016,66.73284800352968
o200k_base,8,100,2,json_pretty,7640,22225,3016,60.52356020942409
cl100k_base,8,100,2,mini,3016,5668,3016,0.0
cl100k_base,8,100,2,toon_flat,2971,5961,3016,-1.5146415348367555
cl100k_base,8,100,2,toon,2971,5961,3016,-1.5146415348367555
cl100k_base,8,100,2,csv,2852,5722,3016,-5.750350631136045
cl100k_base,8,100,2,json_compact,4947,14798,3016,39.03375783303012
cl100k_base,8,100,2,yaml,5950,14593,3016,49.3109243697479
cl100k_base,8,100,2,xml,9071,25584,3016,66.75118509535884
cl100k_base,8,100,2,json_pretty,7663,22225,3016,60.64204619600678
r50k_base,8,100,2,mini,3295,5668,3295,0.0
r50k_base,8,100,2,toon_flat,3436,5961,3295,4.10360884749709
r50k_base,8,100,2,toon,3436,5961,3295,4.10360884749709
r50k_base,8,100,2,csv,3316,5722,3295,0.6332931242460796
r50k_base,8,100,2,json_compact,6104,14798,3295,46.01900393184797
r50k_base,8,100,2,yaml,6746,14593,3295,51.15624073525051
r50k_base,8,100,2,xml,13905,25584,3295,76.30348795397339
r50k_base,8,100,2,json_pretty,13233,22225,3295,75.10012846671201
o200k_base,8,100,3,mini,2998,5645,2998,0.0
o200k_base,8,100,3,toon_flat,2924,5938,2998,-2.53077975376197
o200k_base,8,100,3,toon,2924,5938,2998,-2.53077975376197
o200k_base,8,100,3,csv,2805,5699,2998,-6.880570409982174
o200k_base,8,100,3,json_compact,4911,14779,2998,38.953369985746285
o200k_base,8,100,3,yaml,5544,14574,2998,45.923520923520925
o200k_base,8,100,3,xml,9062,25561,2998,66.9167954094019
o200k_base,8,100,3,json_pretty,7626,22206,2998,60.687123000262254
cl100k_base,8,100,3,mini,2998,5645,2998,0.0
cl100k_base,8,100,3,toon_flat,2964,5938,2998,-1.1470985155195683
cl100k_base,8,100,3,toon,2964,5938,2998,-1.1470985155195683
cl100k_base,8,100,3,csv,2845,5699,2998,-5.377855887521968
cl100k_base,8,100,3,json_compact,4934,14779,2998,39.23794081880827
cl100k_base,8,100,3,yaml,5940,14574,2998,49.52861952861953
cl100k_base,8,100,3,xml,9065,25561,2998,66.92774407060121
cl100k_base,8,100,3,json_pretty,7650,22206,2998,60.810457516339866
r50k_base,8,100,3,mini,3296,5645,3296,0.0
r50k_base,8,100,3,toon_flat,3437,5938,3296,4.102414896712249
r50k_base,8,100,3,toon,3437,5938,3296,4.102414896712249
r50k_base,8,100,3,csv,3317,5699,3296,0.6331022007838408
r50k_base,8,100,3,json_compact,6109,14779,3296,46.046816172859714
r50k_base,8,100,3,yaml,6750,14574,3296,51.170370370370364
r50k_base,8,100,3,xml,13906,25561,3296,76.29800086293686
r50k_base,8,100,3,json_pretty,13241,22206,3296,75.10762027037234
o200k_base,8,100,4,mini,3004,5657,3004,0.0
o200k_base,8,100,4,toon_flat,2920,5950,3004,-2.8767123287671232
o200k_base,8,100,4,toon,2920,5950,3004,-2.8767123287671232
o200k_base,8,100,4,csv,2801,5711,3004,-7.247411638700465
o200k_base,8,100,4,json_compact,4919,14793,3004,38.93067696686318
o200k_base,8,100,4,yaml,5546,14588,3004,45.83483591777858
o200k_base,8,100,4,xml,9057,25573,3004,66.83228442088992
o200k_base,8,100,4,json_pretty,7634,22220,3004,60.649724914854595
cl100k_base,8,100,4,mini,3004,5657,3004,0.0
cl100k_base,8,100,4,toon_flat,2959,5950,3004,-1.5207840486650894
cl100k_base,8,100,4,toon,2959,5950,3004,-1.5207840486650894
cl100k_base,8,100,4,csv,2840,5711,3004,-5.774647887323944
cl100k_base,8,100,4,json_compact,4937,14793,3004,39.15333198298562
cl100k_base,8,100,4,yaml,5944,14588,3004,49.46164199192463
cl100k_base,8,100,4,xml,9055,25573,3004,66.82495858641634
cl100k_base,8,100,4,json_pretty,7653,22220,3004,60.74741931268783
r50k_base,8,100,4,mini,3295,5657,3295,0.0
r50k_base,8,100,4,toon_flat,3436,5950,3295,4.10360884749709
r50k_base,8,100,4,toon,3436,5950,3295,4.10360884749709
r50k_base,8,100,4,csv,3316,5711,3295,0.6332931242460796
r50k_base,8,100,4,json_compact,6110,14793,3295,46.07201309328969
r50k_base,8,100,4,yaml,6748,14588,3295,51.17071724955542
r50k_base,8,100,4,xml,13905,25573,3295,76.30348795397339
r50k_base,8,100,4,json_pretty,13247,22220,3295,75.12644372310712
o200k_base,8,1000,0,mini,29964,56491,29964,0.0
o200k_base,8,1000,0,toon_flat,28807,58585,29964,-4.0163849064463495
o200k_base,8,1000,0,toon,28807,58585,29964,-4.0163849064463495
o200k_base,8,1000,0,csv,27786,56544,29964,-7.8384798099762465
o200k_base,8,1000,0,json_compact,48997,147545,29964,38.84523542257689
o200k_base,8,1000,0,yaml,55190,145540,29964,45.707555716615325
o200k_base,8,1000,0,xml,90378,255507,29964,66.8459138285866
o200k_base,8,1000,0,json_pretty,76012,221572,29964,60.57990843551019
cl100k_base,8,1000,0,mini,29964,56491,29964,0.0
cl100k_base,8,1000,0,toon_flat,29200,58585,29964,-2.6164383561643834
cl100k_base,8,1000,0,toon,29200,58585,29964,-2.6164383561643834
cl100k_base,8,1000,0,csv,28179,56544,29964,-6.334504418183753
cl100k_base,8,1000,0,json_compact,49210,147545,29964,39.109937004673846
cl100k_base,8,1000,0,yaml,59242,145540,29964,49.4210188717464
cl100k_base,8,1000,0,xml,90390,255507,29964,66.85031530036508
cl100k_base,8,1000,0,json_pretty,76226,221572,29964,60.69057801799911
r50k_base,8,1000,0,mini,32826,56491,32826,0.0
r50k_base,8,1000,0,toon_flat,33867,58585,32826,3.0737886438125606
r50k_base,8,1000,0,toon,33867,58585,32826,3.0737886438125606
r50k_base,8,1000,0,csv,32847,56544,32826,0.06393277924924651
r50k_base,8,1000,0,json_compact,60859,147545,32826,46.06220936919765
r50k_base,8,1000,0,yaml,67179,145540,32826,51.136515875496805
r50k_base,8,1000,0,xml,138836,255507,32826,76.3562764700798
r50k_base,8,1000,0,json_pretty,131979,221572,32826,75.12786125065351
o200k_base,8,1000,1,mini,29977,56443,29977,0.0
o200k_base,8,1000,1,toon_flat,28815,58537,29977,-4.032621898316849
o200k_base,8,1000,1,toon,28815,58537,29977,-4.032621898316849
o200k_base,8,1000,1,csv,27794,56496,29977,-7.854213139526517
o200k_base,8,1000,1,json_compact,49006,147493,29977,38.82993919111946
o200k_base,8,1000,1,yaml,55212,145488,29977,45.705643700644785
o200k_base,8,1000,1,xml,90389,255459,29977,66.83556627465731
o200k_base,8,1000,1,json_pretty,76021,221520,29977,60.56747477670643
cl100k_base,8,1000,1,mini,29977,56443,29977,0.0
cl100k_base,8,1000,1,toon_flat,29228,58537,29977,-2.562611194744765
cl100k_base,8,1000,1,toon,29228,58537,29977,-2.562611194744765
cl100k_base,8,1000,1,csv,28207,56496,29977,-6.275038111107172
cl100k_base,8,1000,1,json_compact,49204,147493,29977,39.076091374684985
cl100k_base,8,1000,1,yaml,59298,145488,29977,49.446861614219706
cl100k_base,8,1000,1,xml,90403,255459,29977,66.84070218908664
cl100k_base,8,1000,1,json_pretty,76220,221520,29977,60.67042770926266
r50k_base,8,1000,1,mini,32872,56443,32872,0.0
r50k_base,8,1000,1,toon_flat,33913,58537,32872,3.0696193200247692
r50k_base,8,1000,1,toon,33913,58537,32872,3.0696193200247692
r50k_base,8,1000,1,csv,32893,56496,32872,0.0638433709299851
r50k_base,8,1000,1,json_compact,60901,147493,32872,46.02387481322146
r50k_base,8,1000,1,yaml,67220,145488,32872,51.09788753347219
r50k_base,8,1000,1,xml,138882,255459,32872,76.33098601690645
r50k_base,8,1000,1,json_pretty,132048,221520,32872,75.10602205258694
o200k_base,8,1000,2,mini,29991,56490,29991,0.0
o200k_base,8,1000,2,toon_flat,28851,58584,29991,-3.951336175522512
o200k_base,8,1000,2,toon,28851,58584,29991,-3.951336175522512
o200k_base,8,1000,2,csv,27830,56543,29991,-7.76500179662235
o200k_base,8,1000,2,json_compact,49012,147532,29991,38.80886313555864
o200k_base,8,1000,2,yaml,55236,145527,29991,45.70388876819466
o200k_base,8,1000,2,xml,90419,255506,29991,66.83108638671075
o200k_base,8,1000,2,json_pretty,76027,221559,29991,60.55217225459376
cl100k_base,8,1000,2,mini,29991,56490,29991,0.0
cl100k_base,8,1000,2,toon_flat,29222,58584,29991,-2.631578947368421
cl100k_base,8,1000,2,toon,29222,58584,29991,-2.631578947368421
cl100k_base,8,1000,2,csv,28201,56543,29991,-6.347292649196837
cl100k_base,8,1000,2,json_compact,49208,147532,29991,39.05259307429686
cl100k_base,8,1000,2,yaml,59257,145527,29991,49.38825792733348
cl100k_base,8,1000,2,xml,90395,255506,29991,66.82227999336247
cl100k_base,8,1000,2,json_pretty,76224,221559,29991,60.65412468513854
r50k_base,8,1000,2,mini,32849,56490,32849,0.0
r50k_base,8,1000,2,toon_flat,33890,58584,32849,3.0717025671289466
r50k_base,8,1000,2,toon,33890,58584,32849,3.0717025671289466
r50k_base,8,1000,2,csv,32870,56543,32849,0.06388804380894433
r50k_base,8,1000,2,json_compact,60870,147532,32849,46.03417118449154
r50k_base,8,1000,2,yaml,67213,145527,32849,51.127014119292404
r50k_base,8,1000,2,xml,138859,255506,32849,76.34362914899286
r50k_base,8,1000,2,json_pretty,131978,221559,32849,75.11024564700178
o200k_base,8,1000,3,mini,29938,56385,29938,0.0
o200k_base,8,1000,3,toon_flat,28811,58479,29938,-3.9117003922113085
o200k_base,8,1000,3,toon,28811,58479,29938,-3.9117003922113085
o200k_base,8,1000,3,csv,27790,56438,29938,-7.729399064411659
o200k_base,8,1000,3,json_compact,48969,147437,29938,38.863362535481635
o200k_base,8,1000,3,yaml,55222,145432,29938,45.78609974285611
o200k_base,8,1000,3,xml,90389,255401,29938,66.87871311774663
o200k_base,8,1000,3,json_pretty,75984,221464,29938,60.59959991577174
cl100k_base,8,1000,3,mini,29938,56385,29938,0.0
cl100k_base,8,1000,3,toon_flat,29213,58479,29938,-2.4817718139184612
cl100k_base,8,1000,3,toon,29213,58479,29938,-2.4817718139184612
cl100k_base,8,1000,3,csv,28192,56438,29938,-6.193246311010216
cl100k_base,8,1000,3,json_compact,49159,147437,29938,39.09965621757969
cl100k_base,8,1000,3,yaml,59252,145432,29938,49.473435495848236
cl100k_base,8,1000,3,xml,90380,255401,29938,66.87541491480417
cl100k_base,8,1000,3,json_pretty,76175,221464,29938,60.69839186084673
r50k_base,8,1000,3,mini,32801,56385,32801,0.0
r50k_base,8,1000,3,toon_flat,33842,58479,32801,3.0760593345546954
r50k_base,8,1000,3,toon,33842,58479,32801,3.0760593345546954
r50k_base,8,1000,3,csv,32822,56438,32801,0.06398147583937602
r50k_base,8,1000,3,json_compact,60832,147437,32801,46.07936612309311
r50k_base,8,1000,3,yaml,67127,145432,32801,51.135906565167524
r50k_base,8,1000,3,xml,138811,255401,32801,76.3700283118773
r50k_base,8,1000,3,json_pretty,131936,221464,32801,75.13870361387339
o200k_base,8,1000,4,mini,29983,56466,29983,0.0
o200k_base,8,1000,4,toon_flat,28841,58560,29983,-3.9596407891543293
o200k_base,8,1000,4,toon,28841,58560,29983,-3.9596407891543293
o200k_base,8,1000,4,csv,27820,56519,29983,-7.774982027318476
o200k_base,8,1000,4,json_compact,49010,147514,29983,38.82268924709243
o200k_base,8,1000,4,yaml,55246,145509,29983,45.72819751656228
o200k_base,8,1000,4,xml,90421,255482,29983,66.84066754404398
o200k_base,8,1000,4,json_pretty,76025,221541,29983,60.561657349556064
cl100k_base,8,1000,4,mini,29983,56466,29983,0.0
cl100k_base,8,1000,4,toon_flat,29236,58560,29983,-2.5550690928991657
cl100k_base,8,1000,4,toon,29236,58560,29983,-2.5550690928991657
cl100k_base,8,1000,4,csv,28215,56519,29983,-6.266170476696792
cl100k_base,8,1000,4,json_compact,49204,147514,29983,39.063897244126494
cl100k_base,8,1000,4,yaml,59292,145509,29983,49.431626526344196
cl100k_base,8,1000,4,xml,90407,255482,29983,66.83553264680833
cl100k_base,8,1000,4,json_pretty,76220,221541,29983,60.66255575964313
r50k_base,8,1000,4,mini,32841,56466,32841,0.0
r50k_base,8,1000,4,toon_flat,33882,58560,32841,3.072427837789977
r50k_base,8,1000,4,toon,33882,58560,32841,3.072427837789977
r50k_base,8,1000,4,csv,32862,56519,32841,0.06390359685959467
r50k_base,8,1000,4,json_compact,60868,147514,32841,46.04554117105869
r50k_base,8,1000,4,yaml,67153,145509,32841,51.09526007773294
r50k_base,8,1000,4,xml,138851,255482,32841,76.34802774196801
r50k_base,8,1000,4,json_pretty,131987,221541,32841,75.118004045853
o200k_base,12,1,0,mini,51,83,51,0.0
o200k_base,12,1,0,toon_flat,94,213,51,45.744680851063826
o200k_base,12,1,0,toon,94,213,51,45.744680851063826
o200k_base,12,1,0,csv,74,176,51,31.08108108108108
o200k_base,12,1,0,json_compact,94,249,51,45.744680851063826
o200k_base,12,1,0,yaml,106,246,51,51.886792452830186
o200k_base,12,1,0,xml,156,403,51,67.3076923076923
o200k_base,12,1,0,json_pretty,148,382,51,65.54054054054053
cl100k_base,12,1,0,mini,51,83,51,0.0
cl100k_base,12,1,0,toon_flat,95,213,51,46.31578947368421
cl100k_base,12,1,0,toon,95,213,51,46.31578947368421
cl100k_base,12,1,0,csv,75,176,51,32.0
cl100k_base,12,1,0,json_compact,94,249,51,45.744680851063826
cl100k_base,12,1,0,yaml,113,246,51,54.86725663716814
cl100k_base,12,1,0,xml,158,403,51,67.72151898734177
cl100k_base,12,1,0,json_pretty,149,382,51,65.77181208053692
r50k_base,12,1,0,mini,54,83,54,0.0
r50k_base,12,1,0,toon_flat,118,213,54,54.23728813559322
r50k_base,12,1,0,toon,118,213,54,54.23728813559322
r50k_base,12,1,0,csv,97,176,54,44.329896907216494
r50k_base,12,1,0,json_compact,113,249,54,52.21238938053098
r50k_base,12,1,0,yaml,124,246,54,56.451612903225815
r50k_base,12,1,0,xml,234,403,54,76.92307692307693
r50k_base,12,1,0,json_pretty,235,382,54,77.02127659574468
o200k_base,12,1,1,mini,50,85,50,0.0
o200k_base,12,1,1,toon_flat,94,215,50,46.808510638297875
o200k_base,12,1,1,toon,94,215,50,46.808510638297875
o200k_base,12,1,1,csv,74,178,50,32.432432432432435
o200k_base,12,1,1,json_compact,93,251,50,46.236559139784944
o200k_base,12,1,1,yaml,106,248,50,52.83018867924528
o200k_base,12,1,1,xml,156,405,50,67.94871794871796
o200k_base,12,1,1,json_pretty,147,384,50,65.98639455782312
cl100k_base,12,1,1,mini,50,85,50,0.0
cl100k_base,12,1,1,toon_flat,95,215,50,47.368421052631575
cl100k_base,12,1,1,toon,95,215,50,47.368421052631575
cl100k_base,12,1,1,csv,75,178,50,33.33333333333333
cl100k_base,12,1,1,json_compact,93,251,50,46.236559139784944
cl100k_base,12,1,1,yaml,113,248,50,55.75221238938053
cl100k_base,12,1,1,xml,158,405,50,68.35443037974683
cl100k_base,12,1,1,json_pretty,148,384,50,66.21621621621621
r50k_base,12,1,1,mini,54,85,54,0.0
r50k_base,12,1,1,toon_flat,118,215,54,54.23728813559322
r50k_base,12,1,1,toon,118,215,54,54.23728813559322
r50k_base,12,1,1,csv,97,178,54,44.329896907216494
r50k_base,12,1,1,json_compact,113,251,54,52.21238938053098
r50k_base,12,1,1,yaml,122,248,54,55.73770491803278
r50k_base,12,1,1,xml,234,405,54,76.92307692307693
r50k_base,12,1,1,json_pretty,235,384,54,77.02127659574468
o200k_base,12,1,2,mini,48,89,48,0.0
o200k_base,12,1,2,toon_flat,93,219,48,48.38709677419355
o200k_base,12,1,2,toon,93,219,48,48.38709677419355
o200k_base,12,1,2,csv,73,182,48,34.24657534246575
o200k_base,12,1,2,json_compact,93,257,48,48.38709677419355
o200k_base,12,1,2,yaml,105,254,48,54.285714285714285
o200k_base,12,1,2,xml,154,409,48,68.83116883116884
o200k_base,12,1,2,json_pretty,147,390,48,67.3469387755102
cl100k_base,12,1,2,mini,48,89,48,0.0
cl100k_base,12,1,2,toon_flat,93,219,48,48.38709677419355
cl100k_base,12,1,2,toon,93,219,48,48.38709677419355
cl100k_base,12,1,2,csv,73,182,48,34.24657534246575
cl100k_base,12,1,2,json_compact,94,257,48,48.93617021276596
cl100k_base,12,1,2,yaml,111,254,48,56.75675675675676
cl100k_base,12,1,2,xml,157,409,48,69.42675159235668
cl100k_base,12,1,2,json_pretty,149,390,48,67.78523489932886
r50k_base,12,1,2,mini,53,89,53,0.0
r50k_base,12,1,2,toon_flat,117,219,53,54.700854700854705
r50k_base,12,1,2,toon,117,219,53,54.700854700854705
r50k_base,12,1,2,csv,96,182,53,44.79166666666667
r50k_base,12,1,2,json_compact,114,257,53,53.50877192982456
r50k_base,12,1,2,yaml,126,254,53,57.936507936507944
r50k_base,12,1,2,xml,233,409,53,77.25321888412017
r50k_base,12,1,2,json_pretty,236,390,53,77.54237288135593
o200k_base,12,1,3,mini,49,86,49,0.0
o200k_base,12,1,3,toon_flat,95,216,49,48.421052631578945
o200k_base,12,1,3,toon,95,216,49,48.421052631578945
o200k_base,12,1,3,csv,75,179,49,34.66666666666667
o200k_base,12,1,3,json_compact,94,254,49,47.87234042553192
o200k_base,12,1,3,yaml,107,251,49,54.20560747663551
o200k_base,12,1,3,xml,156,406,49,68.58974358974359
o200k_base,12,1,3,json_pretty,148,387,49,66.8918918918919
cl100k_base,12,1,3,mini,49,86,49,0.0
cl100k_base,12,1,3,toon_flat,95,216,49,48.421052631578945
cl100k_base,12,1,3,toon,95,216,49,48.421052631578945
cl100k_base,12,1,3,csv,75,179,49,34.66666666666667
cl100k_base,12,1,3,json_compact,95,254,49,48.421052631578945
cl100k_base,12,1,3,yaml,113,251,49,56.63716814159292
cl100k_base,12,1,3,xml,159,406,49,69.18238993710692
cl100k_base,12,1,3,json_pretty,150,387,49,67.33333333333333
r50k_base,12,1,3,mini,53,86,53,0.0
r50k_base,12,1,3,toon_flat,117,216,53,54.700854700854705
r50k_base,12,1,3,toon,117,216,53,54.700854700854705
r50k_base,12,1,3,csv,96,179,53,44.79166666666667
r50k_base,12,1,3,json_compact,114,254,53,53.50877192982456
r50k_base,12,1,3,yaml,126,251,53,57.936507936507944
r50k_base,12,1,3,xml,233,406,53,77.25321888412017
r50k_base,12,1,3,json_pretty,237,387,53,77.63713080168776
o200k_base,12,1,4,mini,49,84,49,0.0
o200k_base,12,1,4,toon_flat,94,214,49,47.87234042553192
o200k_base,12,1,4,toon,94,214,49,47.87234042553192
o200k_base,12,1,4,csv,74,177,49,33.78378378378378
o200k_base,12,1,4,json_compact,94,252,49,47.87234042553192
o200k_base,12,1,4,yaml,107,249,49,54.20560747663551
o200k_base,12,1,4,xml,155,404,49,68.38709677419355
o200k_base,12,1,4,json_pretty,148,385,49,66.8918918918919
cl100k_base,12,1,4,mini,49,84,49,0.0
cl100k_base,12,1,4,toon_flat,94,214,49,47.87234042553192
cl100k_base,12,1,4,toon,94,214,49,47.87234042553192
cl100k_base,12,1,4,csv,74,177,49,33.78378378378378
cl100k_base,12,1,4,json_compact,94,252,49,47.87234042553192
cl100k_base,12,1,4,yaml,113,249,49,56.63716814159292
cl100k_base,12,1,4,xml,157,404,49,68.78980891719745
cl100k_base,12,1,4,json_pretty,149,385,49,67.11409395973155
r50k_base,12,1,4,mini,53,84,53,0.0
r50k_base,12,1,4,toon_flat,117,214,53,54.700854700854705
r50k_base,12,1,4,toon,117,214,53,54.700854700854705
r50k_base,12,1,4,csv,96,177,53,44.79166666666667
r50k_base,12,1,4,json_compact,114,252,53,53.50877192982456
r50k_base,12,1,4,yaml,126,249,53,57.936507936507944
r50k_base,12,1,4,xml,233,404,53,77.25321888412017
r50k_base,12,1,4,json_pretty,236,385,53,77.54237288135593
o200k_base,12,10,0,mini,442,778,442,0.0
o200k_base,12,10,0,toon_flat,473,927,442,6.553911205073996
o200k_base,12,10,0,toon,473,927,442,6.553911205073996
o200k_base,12,10,0,csv,444,870,442,0.45045045045045046
o200k_base,12,10,0,json_compact,795,2181,442,44.40251572327044
o200k_base,12,10,0,yaml,919,2196,442,51.90424374319913
o200k_base,12,10,0,xml,1434,3825,442,69.1771269177127
o200k_base,12,10,0,json_pretty,1200,3268,442,63.16666666666667
cl100k_base,12,10,0,mini,442,778,442,0.0
cl100k_base,12,10,0,toon_flat,480,927,442,7.916666666666666
cl100k_base,12,10,0,toon,480,927,442,7.916666666666666
cl100k_base,12,10,0,csv,451,870,442,1.9955654101995564
cl100k_base,12,10,0,json_compact,805,2181,442,45.09316770186335
cl100k_base,12,10,0,yaml,979,2196,442,54.85188968335035
cl100k_base,12,10,0,xml,1453,3825,442,69.58017894012389
cl100k_base,12,10,0,json_pretty,1211,3268,442,63.501238645747314
r50k_base,12,10,0,mini,472,778,472,0.0
r50k_base,12,10,0,toon_flat,545,927,472,13.394495412844037
r50k_base,12,10,0,toon,545,927,472,13.394495412844037
r50k_base,12,10,0,csv,515,870,472,8.349514563106796
r50k_base,12,10,0,json_compact,985,2181,472,52.08121827411168
r50k_base,12,10,0,yaml,1080,2196,472,56.2962962962963
r50k_base,12,10,0,xml,2182,3825,472,78.36846929422549
r50k_base,12,10,0,json_pretty,1992,3268,472,76.30522088353415
o200k_base,12,10,1,mini,435,766,435,0.0
o200k_base,12,10,1,toon_flat,468,915,435,7.051282051282051
o200k_base,12,10,1,toon,468,915,435,7.051282051282051
o200k_base,12,10,1,csv,439,858,435,0.9111617312072893
o200k_base,12,10,1,json_compact,794,2175,435,45.214105793450884
o200k_base,12,10,1,yaml,919,2190,435,52.66594124047879
o200k_base,12,10,1,xml,1427,3813,435,69.51646811492643
o200k_base,12,10,1,json_pretty,1199,3262,435,63.719766472060044
cl100k_base,12,10,1,mini,435,766,435,0.0
cl100k_base,12,10,1,toon_flat,474,915,435,8.227848101265822
cl100k_base,12,10,1,toon,474,915,435,8.227848101265822
cl100k_base,12,10,1,csv,445,858,435,2.247191011235955
cl100k_base,12,10,1,json_compact,803,2175,435,45.82814445828144
cl100k_base,12,10,1,yaml,980,2190,435,55.61224489795919
cl100k_base,12,10,1,xml,1446,3813,435,69.91701244813278
cl100k_base,12,10,1,json_pretty,1209,3262,435,64.01985111662532
r50k_base,12,10,1,mini,461,766,461,0.0
r50k_base,12,10,1,toon_flat,534,915,461,13.670411985018728
r50k_base,12,10,1,toon,534,915,461,13.670411985018728
r50k_base,12,10,1,csv,504,858,461,8.531746031746032
r50k_base,12,10,1,json_compact,980,2175,461,52.95918367346939
r50k_base,12,10,1,yaml,1083,2190,461,57.43305632502308
r50k_base,12,10,1,xml,2171,3813,461,78.7655458314141
r50k_base,12,10,1,json_pretty,1991,3262,461,76.84580612757408
o200k_base,12,10,2,mini,446,787,446,0.0
o200k_base,12,10,2,toon_flat,484,936,446,7.851239669421488
o200k_base,12,10,2,toon,484,936,446,7.851239669421488
o200k_base,12,10,2,csv,455,879,446,1.9780219780219779
o200k_base,12,10,2,json_compact,797,2188,446,44.04015056461731
o200k_base,12,10,2,yaml,922,2203,446,51.62689804772235
o200k_base,12,10,2,xml,1441,3834,446,69.04927133934767
o200k_base,12,10,2,json_pretty,1202,3275,446,62.89517470881864
cl100k_base,12,10,2,mini,446,787,446,0.0
cl100k_base,12,10,2,toon_flat,486,936,446,8.23045267489712
cl100k_base,12,10,2,toon,486,936,446,8.23045267489712
cl100k_base,12,10,2,csv,457,879,446,2.4070021881838075
cl100k_base,12,10,2,json_compact,809,2188,446,44.87021013597033
cl100k_base,12,10,2,yaml,981,2203,446,54.536187563710506
cl100k_base,12,10,2,xml,1461,3834,446,69.47296372347706
cl100k_base,12,10,2,json_pretty,1215,3275,446,63.29218106995885
r50k_base,12,10,2,mini,478,787,478,0.0
r50k_base,12,10,2,toon_flat,551,936,478,13.248638838475499
r50k_base,12,10,2,toon,551,936,478,13.248638838475499
r50k_base,12,10,2,csv,521,879,478,8.253358925143955
r50k_base,12,10,2,json_compact,989,2188,478,51.66835187057634
r50k_base,12,10,2,yaml,1088,2203,478,56.06617647058824
r50k_base,12,10,2,xml,2188,3834,478,78.15356489945155
r50k_base,12,10,2,json_pretty,1996,3275,478,76.05210420841684
o200k_base,12,10,3,mini,440,775,440,0.0
o200k_base,12,10,3,toon_flat,472,924,440,6.779661016949152
o200k_base,12,10,3,toon,472,924,440,6.779661016949152
o200k_base,12,10,3,csv,443,867,440,0.6772009029345373
o200k_base,12,10,3,json_compact,793,2178,440,44.51450189155107
o200k_base,12,10,3,yaml,917,2193,440,52.0174482006543
o200k_base,12,10,3,xml,1431,3822,440,69.2522711390636
o200k_base,12,10,3,json_pretty,1198,3265,440,63.272120200333895
cl100k_base,12,10,3,mini,440,775,440,0.0
cl100k_base,12,10,3,toon_flat,476,924,440,7.563025210084033
cl100k_base,12,10,3,toon,476,924,440,7.563025210084033
cl100k_base,12,10,3,csv,447,867,440,1.5659955257270695
cl100k_base,12,10,3,json_compact,802,2178,440,45.137157107231914
cl100k_base,12,10,3,yaml,979,2193,440,55.0561797752809
cl100k_base,12,10,3,xml,1448,3822,440,69.61325966850829
cl100k_base,12,10,3,json_pretty,1208,3265,440,63.576158940397356
r50k_base,12,10,3,mini,471,775,471,0.0
r50k_base,12,10,3,toon_flat,544,924,471,13.419117647058822
r50k_base,12,10,3,toon,544,924,471,13.419117647058822
r50k_base,12,10,3,csv,514,867,471,8.365758754863812
r50k_base,12,10,3,json_compact,984,2178,471,52.13414634146341
r50k_base,12,10,3,yaml,1081,2193,471,56.42923219241444
r50k_base,12,10,3,xml,2181,3822,471,78.40440165061898
r50k_base,12,10,3,json_pretty,1993,3265,471,76.36728549924736
o200k_base,12,10,4,mini,450,787,450,0.0
o200k_base,12,10,4,toon_flat,483,936,450,6.832298136645963
o200k_base,12,10,4,toon,483,936,450,6.832298136645963
o200k_base,12,10,4,csv,454,879,450,0.881057268722467
o200k_base,12,10,4,json_compact,799,2186,450,43.67959949937422
o200k_base,12,10,4,yaml,921,2201,450,51.14006514657981
o200k_base,12,10,4,xml,1441,3834,450,68.77168632893824
o200k_base,12,10,4,json_pretty,1204,3273,450,62.62458471760798
cl100k_base,12,10,4,mini,450,787,450,0.0
cl100k_base,12,10,4,toon_flat,487,936,450,7.597535934291582
cl100k_base,12,10,4,toon,487,936,450,7.597535934291582
cl100k_base,12,10,4,csv,458,879,450,1.7467248908296942
cl100k_base,12,10,4,json_compact,810,2186,450,44.44444444444444
cl100k_base,12,10,4,yaml,982,2201,450,54.17515274949084
cl100k_base,12,10,4,xml,1461,3834,450,69.19917864476386
cl100k_base,12,10,4,json_pretty,1216,3273,450,62.99342105263158
r50k_base,12,10,4,mini,483,787,483,0.0
r50k_base,12,10,4,toon_flat,556,936,483,13.129496402877697
r50k_base,12,10,4,toon,556,936,483,13.129496402877697
r50k_base,12,10,4,csv,526,879,483,8.17490494296578
r50k_base,12,10,4,json_compact,992,2186,483,51.31048387096774
r50k_base,12,10,4,yaml,1088,2201,483,55.60661764705882
r50k_base,12,10,4,xml,2193,3834,483,77.97537619699042
r50k_base,12,10,4,json_pretty,1999,3273,483,75.83791895947975
o200k_base,12,100,0,mini,4368,7712,4368,0.0
o200k_base,12,100,0,toon_flat,4293,8042,4368,-1.7470300489168415
o200k_base,12,100,0,toon,4293,8042,4368,-1.7470300489168415
o200k_base,12,100,0,csv,4174,7803,4368,-4.647819837086727
o200k_base,12,100,0,json_compact,7817,21481,4368,44.12178585134962
o200k_base,12,100,0,yaml,9049,21676,4368,51.72947286993038
o200k_base,12,100,0,xml,14218,38029,4368,69.27837951891968
o200k_base,12,100,0,json_pretty,11732,32108,4368,62.76849642004774
cl100k_base,12,100,0,mini,4368,7712,4368,0.0
cl100k_base,12,100,0,toon_flat,4336,8042,4368,-0.7380073800738007
cl100k_base,12,100,0,toon,4336,8042,4368,-0.7380073800738007
cl100k_base,12,100,0,csv,4217,7803,4368,-3.5807446051695515
cl100k_base,12,100,0,json_compact,7927,21481,4368,44.897186829822125
cl100k_base,12,100,0,yaml,9653,21676,4368,54.74981870920958
cl100k_base,12,100,0,xml,14409,38029,4368,69.68561315844264
cl100k_base,12,100,0,json_pretty,11843,32108,4368,63.11745334796927
r50k_base,12,100,0,mini,4674,7712,4674,0.0
r50k_base,12,100,0,toon_flat,4837,8042,4674,3.3698573495968573
r50k_base,12,100,0,toon,4837,8042,4674,3.3698573495968573
r50k_base,12,100,0,csv,4717,7803,4674,0.9115963536145855
r50k_base,12,100,0,json_compact,9723,21481,4674,51.928417155199014
r50k_base,12,100,0,yaml,10676,21676,4674,56.219557886849
r50k_base,12,100,0,xml,21684,38029,4674,78.44493635860542
r50k_base,12,100,0,json_pretty,19581,32108,4674,76.12992186303049
o200k_base,12,100,1,mini,4337,7751,4337,0.0
o200k_base,12,100,1,toon_flat,4274,8081,4337,-1.4740290126345343
o200k_base,12,100,1,toon,4274,8081,4337,-1.4740290126345343
o200k_base,12,100,1,csv,4155,7842,4337,-4.380264741275572
o200k_base,12,100,1,json_compact,7796,21530,4337,44.36890713186249
o200k_base,12,100,1,yaml,9026,21725,4337,51.94992244626634
o200k_base,12,100,1,xml,14195,38068,4337,69.4469883761888
o200k_base,12,100,1,json_pretty,11711,32157,4337,62.96644180684826
cl100k_base,12,100,1,mini,4337,7751,4337,0.0
cl100k_base,12,100,1,toon_flat,4314,8081,4337,-0.5331478905887808
cl100k_base,12,100,1,toon,4314,8081,4337,-0.5331478905887808
cl100k_base,12,100,1,csv,4195,7842,4337,-3.3849821215733016
cl100k_base,12,100,1,json_compact,7916,21530,4337,45.2122283981809
cl100k_base,12,100,1,yaml,9632,21725,4337,54.97300664451827
cl100k_base,12,100,1,xml,14397,38068,4337,69.87566854205737
cl100k_base,12,100,1,json_pretty,11832,32157,4337,63.345165652467884
r50k_base,12,100,1,mini,4662,7751,4662,0.0
r50k_base,12,100,1,toon_flat,4825,8081,4662,3.3782383419689115
r50k_base,12,100,1,toon,4825,8081,4662,3.3782383419689115
r50k_base,12,100,1,csv,4705,7842,4662,0.9139213602550479
r50k_base,12,100,1,json_compact,9721,21530,4662,52.041970990638816
r50k_base,12,100,1,yaml,10688,21725,4662,56.38098802395209
r50k_base,12,100,1,xml,21672,38068,4662,78.48837209302324
r50k_base,12,100,1,json_pretty,19593,32157,4662,76.20578778135048
o200k_base,12,100,2,mini,4348,7722,4348,0.0
o200k_base,12,100,2,toon_flat,4280,8052,4348,-1.588785046728972
o200k_base,12,100,2,toon,4280,8052,4348,-1.588785046728972
o200k_base,12,100,2,csv,4161,7813,4348,-4.4941119923095405
o200k_base,12,100,2,json_compact,7813,21507,4348,44.349161653654164
o200k_base,12,100,2,yaml,9041,21702,4348,51.90797478155071
o200k_base,12,100,2,xml,14199,38039,4348,69.37812522008592
o200k_base,12,100,2,json_pretty,11728,32134,4348,62.92633015006821
cl100k_base,12,100,2,mini,4348,7722,4348,0.0
cl100k_base,12,100,2,toon_flat,4324,8052,4348,-0.5550416281221091
cl100k_base,12,100,2,toon,4324,8052,4348,-0.5550416281221091
cl100k_base,12,100,2,csv,4205,7813,4348,-3.4007134363852556
cl100k_base,12,100,2,json_compact,7928,21507,4348,45.15640766902119
cl100k_base,12,100,2,yaml,9657,21702,4348,54.97566532049291
cl100k_base,12,100,2,xml,14402,38039,4348,69.80974864602139
cl100k_base,12,100,2,json_pretty,11844,32134,4348,63.28942924687605
r50k_base,12,100,2,mini,4656,7722,4656,0.0
r50k_base,12,100,2,toon_flat,4819,8052,4656,3.382444490558207
r50k_base,12,100,2,toon,4819,8052,4656,3.382444490558207
r50k_base,12,100,2,csv,4699,7813,4656,0.9150883166631198
r50k_base,12,100,2,json_compact,9721,21507,4656,52.10369303569592
r50k_base,12,100,2,yaml,10684,21702,4656,56.42081617371771
r50k_base,12,100,2,xml,21666,38039,4656,78.51010800332318
r50k_base,12,100,2,json_pretty,19586,32134,4656,76.2279179005412
o200k_base,12,100,3,mini,4365,7751,4365,0.0
o200k_base,12,100,3,toon_flat,4288,8081,4365,-1.7957089552238805
o200k_base,12,100,3,toon,4288,8081,4365,-1.7957089552238805
o200k_base,12,100,3,csv,4169,7842,4365,-4.701367234348765
o200k_base,12,100,3,json_compact,7806,21512,4365,44.081475787855496
o200k_base,12,100,3,yaml,9031,21707,4365,51.666482117152036
o200k_base,12,100,3,xml,14214,38068,4365,69.29084001688476
o200k_base,12,100,3,json_pretty,11721,32139,4365,62.759150243153314
cl100k_base,12,100,3,mini,4365,7751,4365,0.0
cl100k_base,12,100,3,toon_flat,4324,8081,4365,-0.9481961147086031
cl100k_base,12,100,3,toon,4324,8081,4365,-0.9481961147086031
cl100k_base,12,100,3,csv,4205,7842,4365,-3.804994054696789
cl100k_base,12,100,3,json_compact,7922,21512,4365,44.900277707649586
cl100k_base,12,100,3,yaml,9632,21707,4365,54.68230897009967
cl100k_base,12,100,3,xml,14403,38068,4365,69.693813788794
cl100k_base,12,100,3,json_pretty,11838,32139,4365,63.1272174353776
r50k_base,12,100,3,mini,4692,7751,4692,0.0
r50k_base,12,100,3,toon_flat,4855,8081,4692,3.3573635427394435
r50k_base,12,100,3,toon,4855,8081,4692,3.3573635427394435
r50k_base,12,100,3,csv,4735,7842,4692,0.9081309398099261
r50k_base,12,100,3,json_compact,9733,21512,4692,51.792869618822564
r50k_base,12,100,3,yaml,10700,21707,4692,56.14953271028037
r50k_base,12,100,3,xml,21702,38068,4692,78.37987282278132
r50k_base,12,100,3,json_pretty,19605,32139,4692,76.0673297628156
o200k_base,12,100,4,mini,4375,7821,4375,0.0
o200k_base,12,100,4,toon_flat,4321,8151,4375,-1.2497107151122426
o200k_base,12,100,4,toon,4321,8151,4375,-1.2497107151122426
o200k_base,12,100,4,csv,4202,7912,4375,-4.117087101380295
o200k_base,12,100,4,json_compact,7824,21590,4375,44.08231083844581
o200k_base,12,100,4,yaml,9055,21785,4375,51.684152401987845
o200k_base,12,100,4,xml,14240,38138,4375,69.27668539325843
o200k_base,12,100,4,json_pretty,11739,32217,4375,62.73106738223018
cl100k_base,12,100,4,mini,4375,7821,4375,0.0
cl100k_base,12,100,4,toon_flat,4359,8151,4375,-0.3670566643725625
cl100k_base,12,100,4,toon,4359,8151,4375,-0.3670566643725625
cl100k_base,12,100,4,csv,4240,7912,4375,-3.1839622641509435
cl100k_base,12,100,4,json_compact,7950,21590,4375,44.9685534591195
cl100k_base,12,100,4,yaml,9654,21785,4375,54.681997099647816
cl100k_base,12,100,4,xml,14448,38138,4375,69.71899224806202
cl100k_base,12,100,4,json_pretty,11866,32217,4375,63.12995112084948
r50k_base,12,100,4,mini,4694,7821,4694,0.0
r50k_base,12,100,4,toon_flat,4857,8151,4694,3.3559810582664196
r50k_base,12,100,4,toon,4857,8151,4694,3.3559810582664196
r50k_base,12,100,4,csv,4737,7912,4694,0.907747519527127
r50k_base,12,100,4,json_compact,9743,21590,4694,51.82182079441651
r50k_base,12,100,4,yaml,10710,21785,4694,56.171802054154995
r50k_base,12,100,4,xml,21704,38138,4694,78.37265020272761
r50k_base,12,100,4,json_pretty,19609,32217,4694,76.06201234127187
o200k_base,12,1000,0,mini,43542,77445,43542,0.0
o200k_base,12,1000,0,toon_flat,42393,79576,43542,-2.710353124336565
o200k_base,12,1000,0,toon,42393,79576,43542,-2.710353124336565
o200k_base,12,1000,0,csv,41372,77535,43542,-5.245093299816301
o200k_base,12,1000,0,json_compact,77999,214922,43542,44.1762073872742
o200k_base,12,1000,0,yaml,90214,216917,43542,51.73476400558672
o200k_base,12,1000,0,xml,141956,380462,43542,69.32711544422216
o200k_base,12,1000,0,json_pretty,117014,320949,43542,62.78906797477225
cl100k_base,12,1000,0,mini,43542,77445,43542,0.0
cl100k_base,12,1000,0,toon_flat,42781,79576,43542,-1.7788270493910847
cl100k_base,12,1000,0,toon,42781,79576,43542,-1.7788270493910847
cl100k_base,12,1000,0,csv,41760,77535,43542,-4.267241379310345
cl100k_base,12,1000,0,json_compact,79190,214922,43542,45.015784821315826
cl100k_base,12,1000,0,yaml,96258,216917,43542,54.76531820731784
cl100k_base,12,1000,0,xml,143934,380462,43542,69.74863479094586
cl100k_base,12,1000,0,json_pretty,118206,320949,43542,63.16430638038678
r50k_base,12,1000,0,mini,46768,77445,46768,0.0
r50k_base,12,1000,0,toon_flat,47831,79576,46768,2.2224080617172963
r50k_base,12,1000,0,toon,47831,79576,46768,2.2224080617172963
r50k_base,12,1000,0,csv,46811,77535,46768,0.09185875114823439
r50k_base,12,1000,0,json_compact,97225,214922,46768,51.89714579583441
r50k_base,12,1000,0,yaml,106851,216917,46768,56.230638927104096
r50k_base,12,1000,0,xml,216778,380462,46768,78.4258550221886
r50k_base,12,1000,0,json_pretty,195674,320949,46768,76.09902184245225
o200k_base,12,1000,1,mini,43509,77330,43509,0.0
o200k_base,12,1000,1,toon_flat,42337,79461,43509,-2.7682641660958502
o200k_base,12,1000,1,toon,42337,79461,43509,-2.7682641660958502
o200k_base,12,1000,1,csv,41316,77420,43509,-5.307871042695324
o200k_base,12,1000,1,json_compact,77970,214811,43509,44.19776837245094
o200k_base,12,1000,1,yaml,90182,216806,43509,51.754230334213034
o200k_base,12,1000,1,xml,141918,380347,43509,69.34215532913373
o200k_base,12,1000,1,json_pretty,116985,320838,43509,62.80805231439929
cl100k_base,12,1000,1,mini,43509,77330,43509,0.0
cl100k_base,12,1000,1,toon_flat,42746,79461,43509,-1.7849623356571376
cl100k_base,12,1000,1,toon,42746,79461,43509,-1.7849623356571376
cl100k_base,12,1000,1,csv,41725,77420,43509,-4.275614140203715
cl100k_base,12,1000,1,json_compact,79159,214811,43509,45.03594032264177
cl100k_base,12,1000,1,yaml,96230,216806,43509,54.78644913228723
cl100k_base,12,1000,1,xml,143897,380347,43509,69.76378937712391
cl100k_base,12,1000,1,json_pretty,118175,320838,43509,63.18256822508991
r50k_base,12,1000,1,mini,46717,77330,46717,0.0
r50k_base,12,1000,1,toon_flat,47780,79461,46717,2.224780242779406
r50k_base,12,1000,1,toon,47780,79461,46717,2.224780242779406
r50k_base,12,1000,1,csv,46760,77420,46717,0.09195893926432848
r50k_base,12,1000,1,json_compact,97178,214811,46717,51.92636193377101
r50k_base,12,1000,1,yaml,106773,216806,46717,56.246429340750936
r50k_base,12,1000,1,xml,216727,380347,46717,78.44431012287347
r50k_base,12,1000,1,json_pretty,195601,320838,46717,76.11617527517754
o200k_base,12,1000,2,mini,43584,77502,43584,0.0
o200k_base,12,1000,2,toon_flat,42418,79633,43584,-2.748833042576265
o200k_base,12,1000,2,toon,42418,79633,43584,-2.748833042576265
o200k_base,12,1000,2,csv,41397,77592,43584,-5.282991521124719
o200k_base,12,1000,2,json_compact,78003,214941,43584,44.12522595284797
o200k_base,12,1000,2,yaml,90205,216936,43584,51.6833878388116
o200k_base,12,1000,2,xml,141987,380519,43584,69.30423207758457
o200k_base,12,1000,2,json_pretty,117018,320968,43584,62.754448033635846
cl100k_base,12,1000,2,mini,43584,77502,43584,0.0
cl100k_base,12,1000,2,toon_flat,42806,79633,43584,-1.8175022193150494
cl100k_base,12,1000,2,toon,42806,79633,43584,-1.8175022193150494
cl100k_base,12,1000,2,csv,41785,77592,43584,-4.305372741414383
cl100k_base,12,1000,2,json_compact,79196,214941,43584,44.96691752108693
cl100k_base,12,1000,2,yaml,96233,216936,43584,54.709922791557986
cl100k_base,12,1000,2,xml,143961,380519,43584,69.72513389042867
cl100k_base,12,1000,2,json_pretty,118212,320968,43584,63.1306466348594
r50k_base,12,1000,2,mini,46799,77502,46799,0.0
r50k_base,12,1000,2,toon_flat,47862,79633,46799,2.2209686181104007
r50k_base,12,1000,2,toon,47862,79633,46799,2.2209686181104007
r50k_base,12,1000,2,csv,46842,77592,46799,0.09179795909653729
r50k_base,12,1000,2,json_compact,97218,214941,46799,51.86179514081755
r50k_base,12,1000,2,yaml,106849,216936,46799,56.20080674596861
r50k_base,12,1000,2,xml,216809,380519,46799,78.41464145861103
r50k_base,12,1000,2,json_pretty,195653,320968,46799,76.08061210408222
o200k_base,12,1000,3,mini,43485,77374,43485,0.0
o200k_base,12,1000,3,toon_flat,42380,79505,43485,-2.607361963190184
o200k_base,12,1000,3,toon,42380,79505,43485,-2.607361963190184
o200k_base,12,1000,3,csv,41359,77464,43485,-5.1403563915955415
o200k_base,12,1000,3,json_compact,77936,214845,43485,44.204218846232806
o200k_base,12,1000,3,yaml,90205,216840,43485,51.79313785266893
o200k_base,12,1000,3,xml,141952,380391,43485,69.36640554553652
o200k_base,12,1000,3,json_pretty,116951,320872,43485,62.817761284640575
cl100k_base,12,1000,3,mini,43485,77374,43485,0.0
cl100k_base,12,1000,3,toon_flat,42777,79505,43485,-1.6550950277018024
cl100k_base,12,1000,3,toon,42777,79505,43485,-1.6550950277018024
cl100k_base,12,1000,3,csv,41756,77464,43485,-4.140722291407223
cl100k_base,12,1000,3,json_compact,79126,214845,43485,45.04334858327225
cl100k_base,12,1000,3,yaml,96221,216840,43485,54.80716267758597
cl100k_base,12,1000,3,xml,143929,380391,43485,69.7871867379055
cl100k_base,12,1000,3,json_pretty,118142,320872,43485,63.192598737112974
r50k_base,12,1000,3,mini,46753,77374,46753,0.0
r50k_base,12,1000,3,toon_flat,47816,79505,46753,2.22310523674084
r50k_base,12,1000,3,toon,47816,79505,46753,2.22310523674084
r50k_base,12,1000,3,csv,46796,77464,46753,0.09188819557227114
r50k_base,12,1000,3,json_compact,97204,214845,46753,51.90218509526356
r50k_base,12,1000,3,yaml,106815,216840,46753,56.22993025324159
r50k_base,12,1000,3,xml,216763,380391,46753,78.43128209150085
r50k_base,12,1000,3,json_pretty,195599,320872,46753,76.09752606097167
o200k_base,12,1000,4,mini,43516,77318,43516,0.0
o200k_base,12,1000,4,toon_flat,42372,79449,43516,-2.699896157840083
o200k_base,12,1000,4,toon,42372,79449,43516,-2.699896157840083
o200k_base,12,1000,4,csv,41351,77408,43516,-5.235665401078571
o200k_base,12,1000,4,json_compact,77943,214765,43516,44.169457167417214
o200k_base,12,1000,4,yaml,90200,216760,43516,51.75609756097561
o200k_base,12,1000,4,xml,141961,380335,43516,69.34651066137883
o200k_base,12,1000,4,json_pretty,116958,320792,43516,62.79348142068093
cl100k_base,12,1000,4,mini,43516,77318,43516,0.0
cl100k_base,12,1000,4,toon_flat,42816,79449,43516,-1.6349028400597907
cl100k_base,12,1000,4,toon,42816,79449,43516,-1.6349028400597907
cl100k_base,12,1000,4,csv,41795,77408,43516,-4.117717430314631
cl100k_base,12,1000,4,json_compact,79123,214765,43516,45.00208536076741
cl100k_base,12,1000,4,yaml,96250,216760,43516,54.78857142857143
cl100k_base,12,1000,4,xml,143958,380335,43516,69.77173897942455
cl100k_base,12,1000,4,json_pretty,118139,320792,43516,63.16542378046199
r50k_base,12,1000,4,mini,46715,77318,46715,0.0
r50k_base,12,1000,4,toon_flat,47778,79449,46715,2.2248733726819876
r50k_base,12,1000,4,toon,47778,79449,46715,2.2248733726819876
r50k_base,12,1000,4,csv,46758,77408,46715,0.09196287266350144
r50k_base,12,1000,4,json_compact,97142,214765,46715,51.91060509357436
r50k_base,12,1000,4,yaml,106742,216760,46715,56.23559611024713
r50k_base,12,1000,4,xml,216725,380335,46715,78.4450340292998
r50k_base,12,1000,4,json_pretty,195566,320792,46715,76.1129235143123
o200k_base,20,1,0,mini,79,132,79,0.0
o200k_base,20,1,0,toon_flat,152,354,79,48.026315789473685
o200k_base,20,1,0,toon,152,354,79,48.026315789473685
o200k_base,20,1,0,csv,131,315,79,39.69465648854962
o200k_base,20,1,0,json_compact,155,414,79,49.03225806451613
o200k_base,20,1,0,yaml,180,417,79,56.111111111111114
o200k_base,20,1,0,xml,259,688,79,69.4980694980695
o200k_base,20,1,0,json_pretty,233,611,79,66.09442060085837
cl100k_base,20,1,0,mini,79,132,79,0.0
cl100k_base,20,1,0,toon_flat,154,354,79,48.701298701298704
cl100k_base,20,1,0,toon,154,354,79,48.701298701298704
cl100k_base,20,1,0,csv,133,315,79,40.6015037593985
cl100k_base,20,1,0,json_compact,157,414,79,49.681528662420384
cl100k_base,20,1,0,yaml,192,417,79,58.854166666666664
cl100k_base,20,1,0,xml,265,688,79,70.18867924528301
cl100k_base,20,1,0,json_pretty,236,611,79,66.52542372881356
r50k_base,20,1,0,mini,81,132,81,0.0
r50k_base,20,1,0,toon_flat,188,354,81,56.91489361702128
r50k_base,20,1,0,toon,188,354,81,56.91489361702128
r50k_base,20,1,0,csv,167,315,81,51.49700598802395
r50k_base,20,1,0,json_compact,187,414,81,56.68449197860963
r50k_base,20,1,0,yaml,212,417,81,61.79245283018868
r50k_base,20,1,0,xml,387,688,81,79.06976744186046
r50k_base,20,1,0,json_pretty,370,611,81,78.10810810810811
o200k_base,20,1,1,mini,81,142,81,0.0
o200k_base,20,1,1,toon_flat,155,364,81,47.74193548387097
o200k_base,20,1,1,toon,155,364,81,47.74193548387097
o200k_base,20,1,1,csv,134,325,81,39.55223880597015
o200k_base,20,1,1,json_compact,157,424,81,48.40764331210191
o200k_base,20,1,1,yaml,181,425,81,55.24861878453039
o200k_base,20,1,1,xml,261,698,81,68.96551724137932
o200k_base,20,1,1,json_pretty,235,621,81,65.53191489361701
cl100k_base,20,1,1,mini,81,142,81,0.0
cl100k_base,20,1,1,toon_flat,156,364,81,48.07692307692308
cl100k_base,20,1,1,toon,156,364,81,48.07692307692308
cl100k_base,20,1,1,csv,135,325,81,40.0
cl100k_base,20,1,1,json_compact,160,424,81,49.375
cl100k_base,20,1,1,yaml,193,425,81,58.03108808290155
cl100k_base,20,1,1,xml,268,698,81,69.77611940298507
cl100k_base,20,1,1,json_pretty,239,621,81,66.10878661087865
r50k_base,20,1,1,mini,85,142,85,0.0
r50k_base,20,1,1,toon_flat,192,364,85,55.729166666666664
r50k_base,20,1,1,toon,192,364,85,55.729166666666664
r50k_base,20,1,1,csv,171,325,85,50.29239766081871
r50k_base,20,1,1,json_compact,191,424,85,55.497382198952884
r50k_base,20,1,1,yaml,213,425,85,60.093896713615024
r50k_base,20,1,1,xml,391,698,85,78.26086956521739
r50k_base,20,1,1,json_pretty,373,621,85,77.21179624664879
o200k_base,20,1,2,mini,81,137,81,0.0
o200k_base,20,1,2,toon_flat,154,359,81,47.4025974025974
o200k_base,20,1,2,toon,154,359,81,47.4025974025974
o200k_base,20,1,2,csv,133,320,81,39.097744360902254
o200k_base,20,1,2,json_compact,155,417,81,47.74193548387097
o200k_base,20,1,2,yaml,180,418,81,55.00000000000001
o200k_base,20,1,2,xml,261,693,81,68.96551724137932
o200k_base,20,1,2,json_pretty,233,614,81,65.23605150214593
cl100k_base,20,1,2,mini,81,137,81,0.0
cl100k_base,20,1,2,toon_flat,156,359,81,48.07692307692308
cl100k_base,20,1,2,toon,156,359,81,48.07692307692308
cl100k_base,20,1,2,csv,135,320,81,40.0
cl100k_base,20,1,2,json_compact,157,417,81,48.40764331210191
cl100k_base,20,1,2,yaml,192,418,81,57.8125
cl100k_base,20,1,2,xml,267,693,81,69.66292134831461
cl100k_base,20,1,2,json_pretty,236,614,81,65.67796610169492
r50k_base,20,1,2,mini,86,137,86,0.0
r50k_base,20,1,2,toon_flat,193,359,86,55.44041450777202
r50k_base,20,1,2,toon,193,359,86,55.44041450777202
r50k_base,20,1,2,csv,172,320,86,50.0
r50k_base,20,1,2,json_compact,190,417,86,54.736842105263165
r50k_base,20,1,2,yaml,211,418,86,59.241706161137444
r50k_base,20,1,2,xml,392,693,86,78.06122448979592
r50k_base,20,1,2,json_pretty,373,614,86,76.94369973190348
o200k_base,20,1,3,mini,83,137,83,0.0
o200k_base,20,1,3,toon_flat,155,359,83,46.45161290322581
o200k_base,20,1,3,toon,155,359,83,46.45161290322581
o200k_base,20,1,3,csv,134,320,83,38.059701492537314
o200k_base,20,1,3,json_compact,157,417,83,47.13375796178344
o200k_base,20,1,3,yaml,181,418,83,54.14364640883977
o200k_base,20,1,3,xml,262,693,83,68.32061068702289
o200k_base,20,1,3,json_pretty,235,614,83,64.68085106382979
cl100k_base,20,1,3,mini,83,137,83,0.0
cl100k_base,20,1,3,toon_flat,157,359,83,47.13375796178344
cl100k_base,20,1,3,toon,157,359,83,47.13375796178344
cl100k_base,20,1,3,csv,136,320,83,38.970588235294116
cl100k_base,20,1,3,json_compact,159,417,83,47.79874213836478
cl100k_base,20,1,3,yaml,193,418,83,56.994818652849744
cl100k_base,20,1,3,xml,268,693,83,69.02985074626866
cl100k_base,20,1,3,json_pretty,238,614,83,65.12605042016807
r50k_base,20,1,3,mini,88,137,88,0.0
r50k_base,20,1,3,toon_flat,195,359,88,54.871794871794876
r50k_base,20,1,3,toon,195,359,88,54.871794871794876
r50k_base,20,1,3,csv,174,320,88,49.42528735632184
r50k_base,20,1,3,json_compact,192,417,88,54.166666666666664
r50k_base,20,1,3,yaml,213,418,88,58.68544600938967
r50k_base,20,1,3,xml,394,693,88,77.66497461928934
r50k_base,20,1,3,json_pretty,374,614,88,76.47058823529412
o200k_base,20,1,4,mini,82,136,82,0.0
o200k_base,20,1,4,toon_flat,155,358,82,47.096774193548384
o200k_base,20,1,4,toon,155,358,82,47.096774193548384
o200k_base,20,1,4,csv,134,319,82,38.80597014925373
o200k_base,20,1,4,json_compact,156,416,82,47.43589743589743
o200k_base,20,1,4,yaml,180,417,82,54.44444444444444
o200k_base,20,1,4,xml,261,692,82,68.5823754789272
o200k_base,20,1,4,json_pretty,234,613,82,64.95726495726495
cl100k_base,20,1,4,mini,82,136,82,0.0
cl100k_base,20,1,4,toon_flat,156,358,82,47.43589743589743
cl100k_base,20,1,4,toon,156,358,82,47.43589743589743
cl100k_base,20,1,4,csv,135,319,82,39.25925925925926
cl100k_base,20,1,4,json_compact,158,416,82,48.10126582278481
cl100k_base,20,1,4,yaml,192,417,82,57.291666666666664
cl100k_base,20,1,4,xml,267,692,82,69.28838951310861
cl100k_base,20,1,4,json_pretty,237,613,82,65.40084388185655
r50k_base,20,1,4,mini,86,136,86,0.0
r50k_base,20,1,4,toon_flat,193,358,86,55.44041450777202
r50k_base,20,1,4,toon,193,358,86,55.44041450777202
r50k_base,20,1,4,csv,172,319,86,50.0
r50k_base,20,1,4,json_compact,190,416,86,54.736842105263165
r50k_base,20,1,4,yaml,212,417,86,59.43396226415094
r50k_base,20,1,4,xml,392,692,86,78.06122448979592
r50k_base,20,1,4,json_pretty,372,613,86,76.88172043010752
o200k_base,20,10,0,mini,755,1301,755,0.0
o200k_base,20,10,0,toon_flat,819,1560,755,7.814407814407814
o200k_base,20,10,0,toon,819,1560,755,7.814407814407814
o200k_base,20,10,0,csv,780,1483,755,3.205128205128205
o200k_base,20,10,0,json_compact,1426,3852,755,47.054698457223
o200k_base,20,10,0,yaml,1659,3911,755,54.49065702230259
o200k_base,20,10,0,xml,2477,6708,755,69.51958013726282
o200k_base,20,10,0,json_pretty,2071,5579,755,63.544181554804446
cl100k_base,20,10,0,mini,755,1301,755,0.0
cl100k_base,20,10,0,toon_flat,823,1560,755,8.262454434993925
cl100k_base,20,10,0,toon,823,1560,755,8.262454434993925
cl100k_base,20,10,0,csv,784,1483,755,3.6989795918367347
cl100k_base,20,10,0,json_compact,1457,3852,755,48.1811942347289
cl100k_base,20,10,0,yaml,1781,3911,755,57.60808534531162
cl100k_base,20,10,0,xml,2538,6708,755,70.25216706067769
cl100k_base,20,10,0,json_pretty,2103,5579,755,64.09890632429862
r50k_base,20,10,0,mini,792,1301,792,0.0
r50k_base,20,10,0,toon_flat,908,1560,792,12.77533039647577
r50k_base,20,10,0,toon,908,1560,792,12.77533039647577
r50k_base,20,10,0,csv,878,1483,792,9.79498861047836
r50k_base,20,10,0,json_compact,1763,3852,792,55.07657402155417
r50k_base,20,10,0,yaml,1968,3911,792,59.756097560975604
r50k_base,20,10,0,xml,3762,6708,792,78.94736842105263
r50k_base,20,10,0,json_pretty,3372,5579,792,76.51245551601423
o200k_base,20,10,1,mini,751,1305,751,0.0
o200k_base,20,10,1,toon_flat,815,1564,751,7.85276073619632
o200k_base,20,10,1,toon,815,1564,751,7.85276073619632
o200k_base,20,10,1,csv,776,1487,751,3.221649484536082
o200k_base,20,10,1,json_compact,1418,3852,751,47.03808180535966
o200k_base,20,10,1,yaml,1653,3909,751,54.567453115547494
o200k_base,20,10,1,xml,2475,6712,751,69.65656565656566
o200k_base,20,10,1,json_pretty,2063,5579,751,63.596703829374704
cl100k_base,20,10,1,mini,751,1305,751,0.0
cl100k_base,20,10,1,toon_flat,821,1564,751,8.526187576126674
cl100k_base,20,10,1,toon,821,1564,751,8.526187576126674
cl100k_base,20,10,1,csv,782,1487,751,3.9641943734015346
cl100k_base,20,10,1,json_compact,1449,3852,751,48.1711525189786
cl100k_base,20,10,1,yaml,1773,3909,751,57.64241398759166
cl100k_base,20,10,1,xml,2536,6712,751,70.38643533123027
cl100k_base,20,10,1,json_pretty,2095,5579,751,64.1527446300716
r50k_base,20,10,1,mini,786,1305,786,0.0
r50k_base,20,10,1,toon_flat,902,1564,786,12.86031042128603
r50k_base,20,10,1,toon,902,1564,786,12.86031042128603
r50k_base,20,10,1,csv,872,1487,786,9.862385321100918
r50k_base,20,10,1,json_compact,1753,3852,786,55.162578436965205
r50k_base,20,10,1,yaml,1961,3909,786,59.91840897501275
r50k_base,20,10,1,xml,3756,6712,786,79.07348242811501
r50k_base,20,10,1,json_pretty,3361,5579,786,76.61410294555192
o200k_base,20,10,2,mini,756,1291,756,0.0
o200k_base,20,10,2,toon_flat,812,1550,756,6.896551724137931
o200k_base,20,10,2,toon,812,1550,756,6.896551724137931
o200k_base,20,10,2,csv,773,1473,756,2.1992238033635187
o200k_base,20,10,2,json_compact,1429,3844,756,47.09587123862841
o200k_base,20,10,2,yaml,1659,3903,756,54.43037974683544
o200k_base,20,10,2,xml,2474,6698,756,69.44219886822958
o200k_base,20,10,2,json_pretty,2074,5571,756,63.548698167791706
cl100k_base,20,10,2,mini,756,1291,756,0.0
cl100k_base,20,10,2,toon_flat,819,1550,756,7.6923076923076925
cl100k_base,20,10,2,toon,819,1550,756,7.6923076923076925
cl100k_base,20,10,2,csv,780,1473,756,3.076923076923077
cl100k_base,20,10,2,json_compact,1459,3844,756,48.183687457162435
cl100k_base,20,10,2,yaml,1780,3903,756,57.528089887640455
cl100k_base,20,10,2,xml,2533,6698,756,70.15396762731937
cl100k_base,20,10,2,json_pretty,2105,5571,756,64.0855106888361
r50k_base,20,10,2,mini,794,1291,794,0.0
r50k_base,20,10,2,toon_flat,910,1550,794,12.747252747252746
r50k_base,20,10,2,toon,910,1550,794,12.747252747252746
r50k_base,20,10,2,csv,880,1473,794,9.772727272727273
r50k_base,20,10,2,json_compact,1767,3844,794,55.06508205998868
r50k_base,20,10,2,yaml,1973,3903,794,59.7567156614293
r50k_base,20,10,2,xml,3764,6698,794,78.90541976620617
r50k_base,20,10,2,json_pretty,3373,5571,794,76.46012451823303
o200k_base,20,10,3,mini,756,1300,756,0.0
o200k_base,20,10,3,toon_flat,819,1559,756,7.6923076923076925
o200k_base,20,10,3,toon,819,1559,756,7.6923076923076925
o200k_base,20,10,3,csv,780,1482,756,3.076923076923077
o200k_base,20,10,3,json_compact,1425,3849,756,46.94736842105263
o200k_base,20,10,3,yaml,1659,3908,756,54.43037974683544
o200k_base,20,10,3,xml,2478,6707,756,69.49152542372882
o200k_base,20,10,3,json_pretty,2070,5576,756,63.47826086956522
cl100k_base,20,10,3,mini,756,1300,756,0.0
cl100k_base,20,10,3,toon_flat,823,1559,756,8.140947752126367
cl100k_base,20,10,3,toon,823,1559,756,8.140947752126367
cl100k_base,20,10,3,csv,784,1482,756,3.571428571428571
cl100k_base,20,10,3,json_compact,1455,3849,756,48.04123711340206
cl100k_base,20,10,3,yaml,1779,3908,756,57.50421585160203
cl100k_base,20,10,3,xml,2537,6707,756,70.2010248324793
cl100k_base,20,10,3,json_pretty,2101,5576,756,64.01713469776297
r50k_base,20,10,3,mini,802,1300,802,0.0
r50k_base,20,10,3,toon_flat,918,1559,802,12.636165577342048
r50k_base,20,10,3,toon,918,1559,802,12.636165577342048
r50k_base,20,10,3,csv,888,1482,802,9.684684684684685
r50k_base,20,10,3,json_compact,1771,3849,802,54.71485036702428
r50k_base,20,10,3,yaml,1980,3908,802,59.49494949494949
r50k_base,20,10,3,xml,3772,6707,802,78.73806998939554
r50k_base,20,10,3,json_pretty,3382,5576,802,76.2862211709048
o200k_base,20,10,4,mini,757,1299,757,0.0
o200k_base,20,10,4,toon_flat,819,1558,757,7.57020757020757
o200k_base,20,10,4,toon,819,1558,757,7.57020757020757
o200k_base,20,10,4,csv,780,1481,757,2.9487179487179485
o200k_base,20,10,4,json_compact,1424,3846,757,46.83988764044944
o200k_base,20,10,4,yaml,1659,3903,757,54.3701024713683
o200k_base,20,10,4,xml,2481,6706,757,69.48810963321242
o200k_base,20,10,4,json_pretty,2069,5573,757,63.41227646205897
cl100k_base,20,10,4,mini,757,1299,757,0.0
cl100k_base,20,10,4,toon_flat,826,1558,757,8.353510895883778
cl100k_base,20,10,4,toon,826,1558,757,8.353510895883778
cl100k_base,20,10,4,csv,787,1481,757,3.8119440914866582
cl100k_base,20,10,4,json_compact,1455,3846,757,47.97250859106529
cl100k_base,20,10,4,yaml,1778,3903,757,57.42407199100113
cl100k_base,20,10,4,xml,2541,6706,757,70.20857929948839
cl100k_base,20,10,4,json_pretty,2101,5573,757,63.969538315088045
r50k_base,20,10,4,mini,788,1299,788,0.0
r50k_base,20,10,4,toon_flat,904,1558,788,12.831858407079647
r50k_base,20,10,4,toon,904,1558,788,12.831858407079647
r50k_base,20,10,4,csv,874,1481,788,9.839816933638444
r50k_base,20,10,4,json_compact,1755,3846,788,55.0997150997151
r50k_base,20,10,4,yaml,1960,3903,788,59.795918367346935
r50k_base,20,10,4,xml,3758,6706,788,79.03139968068122
r50k_base,20,10,4,json_pretty,3362,5573,788,76.56157049375372
o200k_base,20,100,0,mini,7532,12996,7532,0.0
o200k_base,20,100,0,toon_flat,7481,13616,7532,-0.6817270418393263
o200k_base,20,100,0,toon,7481,13616,7532,-0.6817270418393263
o200k_base,20,100,0,csv,7262,13177,7532,-3.717984026438997
o200k_base,20,100,0,json_compact,14113,38197,7532,46.630765960461986
o200k_base,20,100,0,yaml,16428,38796,7532,54.15144874604334
o200k_base,20,100,0,xml,24674,66913,7532,69.47394017994651
o200k_base,20,100,0,json_pretty,20428,55224,7532,63.12903857450558
cl100k_base,20,100,0,mini,7532,12996,7532,0.0
cl100k_base,20,100,0,toon_flat,7524,13616,7532,-0.10632642211589581
cl100k_base,20,100,0,toon,7524,13616,7532,-0.10632642211589581
cl100k_base,20,100,0,csv,7305,13177,7532,-3.1074606433949348
cl100k_base,20,100,0,json_compact,14432,38197,7532,47.810421286031044
cl100k_base,20,100,0,yaml,17641,38796,7532,57.30400770931353
cl100k_base,20,100,0,xml,25277,66913,7532,70.20216006646358
cl100k_base,20,100,0,json_pretty,20748,55224,7532,63.69770580296896
r50k_base,20,100,0,mini,7924,12996,7924,0.0
r50k_base,20,100,0,toon_flat,8130,13616,7924,2.5338253382533824
r50k_base,20,100,0,toon,8130,13616,7924,2.5338253382533824
r50k_base,20,100,0,csv,8010,13177,7924,1.0736579275905118
r50k_base,20,100,0,json_compact,17505,38197,7924,54.732933447586404
r50k_base,20,100,0,yaml,19492,38796,7924,59.347424584444894
r50k_base,20,100,0,xml,37534,66913,7924,78.88847444983216
r50k_base,20,100,0,json_pretty,33368,55224,7924,76.25269719491729
o200k_base,20,100,1,mini,7519,12973,7519,0.0
o200k_base,20,100,1,toon_flat,7475,13593,7519,-0.588628762541806
o200k_base,20,100,1,toon,7475,13593,7519,-0.588628762541806
o200k_base,20,100,1,csv,7256,13154,7519,-3.6245865490628444
o200k_base,20,100,1,json_compact,14100,38174,7519,46.673758865248224
o200k_base,20,100,1,yaml,16420,38783,7519,54.2082825822168
o200k_base,20,100,1,xml,24668,66890,7519,69.51921517755797
o200k_base,20,100,1,json_pretty,20415,55201,7519,63.169238305167774
cl100k_base,20,100,1,mini,7519,12973,7519,0.0
cl100k_base,20,100,1,toon_flat,7515,13593,7519,-0.05322687957418496
cl100k_base,20,100,1,toon,7515,13593,7519,-0.05322687957418496
cl100k_base,20,100,1,csv,7296,13154,7519,-3.0564692982456143
cl100k_base,20,100,1,json_compact,14421,38174,7519,47.86075861590736
cl100k_base,20,100,1,yaml,17625,38783,7519,57.33900709219858
cl100k_base,20,100,1,xml,25270,66890,7519,70.24535021764939
cl100k_base,20,100,1,json_pretty,20737,55201,7519,63.7411390268602
r50k_base,20,100,1,mini,7927,12973,7927,0.0
r50k_base,20,100,1,toon_flat,8133,13593,7927,2.5328906922414856
r50k_base,20,100,1,toon,8133,13593,7927,2.5328906922414856
r50k_base,20,100,1,csv,8013,13154,7927,1.073255959066517
r50k_base,20,100,1,json_compact,17508,38174,7927,54.72355494631026
r50k_base,20,100,1,yaml,19521,38783,7927,59.39244915731776
r50k_base,20,100,1,xml,37537,66890,7927,78.88216959266857
r50k_base,20,100,1,json_pretty,33374,55201,7927,76.24797746748966
o200k_base,20,100,2,mini,7505,12998,7505,0.0
o200k_base,20,100,2,toon_flat,7475,13618,7505,-0.4013377926421404
o200k_base,20,100,2,toon,7475,13618,7505,-0.4013377926421404
o200k_base,20,100,2,csv,7256,13179,7505,-3.431642778390297
o200k_base,20,100,2,json_compact,14092,38205,7505,46.74283281294351
o200k_base,20,100,2,yaml,16421,38812,7505,54.29632787284575
o200k_base,20,100,2,xml,24662,66915,7505,69.56856702619415
o200k_base,20,100,2,json_pretty,20407,55232,7505,63.22340373401284
cl100k_base,20,100,2,mini,7505,12998,7505,0.0
cl100k_base,20,100,2,toon_flat,7514,13618,7505,0.11977641735427201
cl100k_base,20,100,2,toon,7514,13618,7505,0.11977641735427201
cl100k_base,20,100,2,csv,7295,13179,7505,-2.878684030157642
cl100k_base,20,100,2,json_compact,14412,38205,7505,47.92533999444907
cl100k_base,20,100,2,yaml,17624,38812,7505,57.416023604176125
cl100k_base,20,100,2,xml,25268,66915,7505,70.29840113978155
cl100k_base,20,100,2,json_pretty,20728,55232,7505,63.792937089926674
r50k_base,20,100,2,mini,7888,12998,7888,0.0
r50k_base,20,100,2,toon_flat,8094,13618,7888,2.545095132196689
r50k_base,20,100,2,toon,8094,13618,7888,2.545095132196689
r50k_base,20,100,2,csv,7974,13179,7888,1.0785051417105593
r50k_base,20,100,2,json_compact,17475,38205,7888,54.86123032904149
r50k_base,20,100,2,yaml,19483,38812,7888,59.51342195760406
r50k_base,20,100,2,xml,37498,66915,7888,78.9642114246093
r50k_base,20,100,2,json_pretty,33337,55232,7888,76.33860275369709
o200k_base,20,100,3,mini,7503,12951,7503,0.0
o200k_base,20,100,3,toon_flat,7441,13571,7503,-0.8332213412175783
o200k_base,20,100,3,toon,7441,13571,7503,-0.8332213412175783
o200k_base,20,100,3,csv,7222,13132,7503,-3.890888950429244
o200k_base,20,100,3,json_compact,14106,38174,7503,46.809868141216505
o200k_base,20,100,3,yaml,16422,38775,7503,54.31128973328462
o200k_base,20,100,3,xml,24645,66868,7503,69.55569080949483
o200k_base,20,100,3,json_pretty,20421,55201,7503,63.258410459820766
cl100k_base,20,100,3,mini,7503,12951,7503,0.0
cl100k_base,20,100,3,toon_flat,7487,13571,7503,-0.21370375317216506
cl100k_base,20,100,3,toon,7487,13571,7503,-0.21370375317216506
cl100k_base,20,100,3,csv,7268,13132,7503,-3.2333516785910845
cl100k_base,20,100,3,json_compact,14424,38174,7503,47.98252911813644
cl100k_base,20,100,3,yaml,17627,38775,7503,57.434617348386
cl100k_base,20,100,3,xml,25239,66868,7503,70.27219778913586
cl100k_base,20,100,3,json_pretty,20740,55201,7503,63.8235294117647
r50k_base,20,100,3,mini,7917,12951,7917,0.0
r50k_base,20,100,3,toon_flat,8123,13571,7917,2.5360088637203004
r50k_base,20,100,3,toon,8123,13571,7917,2.5360088637203004
r50k_base,20,100,3,csv,8003,13132,7917,1.0745970261152067
r50k_base,20,100,3,json_compact,17520,38174,7917,54.811643835616444
r50k_base,20,100,3,yaml,19512,38775,7917,59.424969249692495
r50k_base,20,100,3,xml,37527,66868,7917,78.90318970341355
r50k_base,20,100,3,json_pretty,33380,55201,7917,76.28220491312163
o200k_base,20,100,4,mini,7522,12972,7522,0.0
o200k_base,20,100,4,toon_flat,7485,13592,7522,-0.49432197728790916
o200k_base,20,100,4,toon,7485,13592,7522,-0.49432197728790916
o200k_base,20,100,4,csv,7266,13153,7522,-3.5232590145884943
o200k_base,20,100,4,json_compact,14107,38177,7522,46.67895371092365
o200k_base,20,100,4,yaml,16435,38780,7522,54.231822330392454
o200k_base,20,100,4,xml,24675,66889,7522,69.51570415400202
o200k_base,20,100,4,json_pretty,20422,55204,7522,63.1671726569386
cl100k_base,20,100,4,mini,7522,12972,7522,0.0
cl100k_base,20,100,4,toon_flat,7525,13592,7522,0.0398671096345515
cl100k_base,20,100,4,toon,7525,13592,7522,0.0398671096345515
cl100k_base,20,100,4,csv,7306,13153,7522,-2.956474130851355
cl100k_base,20,100,4,json_compact,14424,38177,7522,47.850804215196895
cl100k_base,20,100,4,yaml,17637,38780,7522,57.351023416680846
cl100k_base,20,100,4,xml,25276,66889,7522,70.24054438993511
cl100k_base,20,100,4,json_pretty,20740,55204,7522,63.73191899710704
r50k_base,20,100,4,mini,7929,12972,7929,0.0
r50k_base,20,100,4,toon_flat,8135,13592,7929,2.5322679778733868
r50k_base,20,100,4,toon,8135,13592,7929,2.5322679778733868
r50k_base,20,100,4,csv,8015,13153,7929,1.072988147223955
r50k_base,20,100,4,json_compact,17514,38177,7929,54.727646454265155
r50k_base,20,100,4,yaml,19517,38780,7929,59.373879182251365
r50k_base,20,100,4,xml,37539,66889,7929,78.87796691440901
r50k_base,20,100,4,json_pretty,33376,55204,7929,76.24340843720039
o200k_base,20,1000,0,mini,75085,129789,75085,0.0
o200k_base,20,1000,0,toon_flat,73961,134010,75085,-1.5197198523546194
o200k_base,20,1000,0,toon,73961,134010,75085,-1.5197198523546194
o200k_base,20,1000,0,csv,71940,129969,75085,-4.371698637753683
o200k_base,20,1000,0,json_compact,140900,381624,75085,46.710432931156845
o200k_base,20,1000,0,yaml,164117,387765,75085,54.249102774240335
o200k_base,20,1000,0,xml,246509,668806,75085,69.54066585804169
o200k_base,20,1000,0,json_pretty,203915,551651,75085,63.178285069759454
cl100k_base,20,1000,0,mini,75085,129789,75085,0.0
cl100k_base,20,1000,0,toon_flat,74370,134010,75085,-0.9614091703643942
cl100k_base,20,1000,0,toon,74370,134010,75085,-0.9614091703643942
cl100k_base,20,1000,0,csv,72349,129969,75085,-3.7816694080084035
cl100k_base,20,1000,0,json_compact,144099,381624,75085,47.89346213367199
cl100k_base,20,1000,0,yaml,176169,387765,75085,57.378994034137676
cl100k_base,20,1000,0,xml,252502,668806,75085,70.26360187246041
cl100k_base,20,1000,0,json_pretty,207115,551651,75085,63.74719358810322
r50k_base,20,1000,0,mini,79177,129789,79177,0.0
r50k_base,20,1000,0,toon_flat,80283,134010,79177,1.3776266457406923
r50k_base,20,1000,0,toon,80283,134010,79177,1.3776266457406923
r50k_base,20,1000,0,csv,79263,129969,79177,0.10849955212394183
r50k_base,20,1000,0,json_compact,174992,381624,79177,54.753931608302096
r50k_base,20,1000,0,yaml,195035,387765,79177,59.40369677237419
r50k_base,20,1000,0,xml,375187,668806,79177,78.89665686710894
r50k_base,20,1000,0,json_pretty,333463,551651,79177,76.2561363629548
o200k_base,20,1000,1,mini,75151,129972,75151,0.0
o200k_base,20,1000,1,toon_flat,74050,134193,75151,-1.486833220796759
o200k_base,20,1000,1,toon,74050,134193,75151,-1.486833220796759
o200k_base,20,1000,1,csv,72029,130152,75151,-4.3343653250774
o200k_base,20,1000,1,json_compact,140956,381797,75151,46.68478106643208
o200k_base,20,1000,1,yaml,164142,387948,75151,54.215861875692994
o200k_base,20,1000,1,xml,246560,668989,75151,69.52019792342634
o200k_base,20,1000,1,json_pretty,203971,551824,75151,63.15603688759677
cl100k_base,20,1000,1,mini,75151,129972,75151,0.0
cl100k_base,20,1000,1,toon_flat,74415,134193,75151,-0.9890479070079956
cl100k_base,20,1000,1,toon,74415,134193,75151,-0.9890479070079956
cl100k_base,20,1000,1,csv,72394,130152,75151,-3.8083266569052685
cl100k_base,20,1000,1,json_compact,144171,381797,75151,47.8737055302384
cl100k_base,20,1000,1,yaml,176169,387948,75151,57.3415300081172
cl100k_base,20,1000,1,xml,252563,668989,75151,70.24465182944454
cl100k_base,20,1000,1,json_pretty,207187,551824,75151,63.727936598338694
r50k_base,20,1000,1,mini,79211,129972,79211,0.0
r50k_base,20,1000,1,toon_flat,80317,134193,79211,1.3770434652688721
r50k_base,20,1000,1,toon,80317,134193,79211,1.3770434652688721
r50k_base,20,1000,1,csv,79297,130152,79211,0.10845303101000038
r50k_base,20,1000,1,json_compact,175016,381797,79211,54.74070942085295
r50k_base,20,1000,1,yaml,195104,387948,79211,59.40062735771691
r50k_base,20,1000,1,xml,375221,668989,79211,78.88950778341297
r50k_base,20,1000,1,json_pretty,333472,551824,79211,76.24658142212839
o200k_base,20,1000,2,mini,75097,129850,75097,0.0
o200k_base,20,1000,2,toon_flat,73953,134071,75097,-1.5469284545589765
o200k_base,20,1000,2,toon,73953,134071,75097,-1.5469284545589765
o200k_base,20,1000,2,csv,71932,130030,75097,-4.399988878385141
o200k_base,20,1000,2,json_compact,140944,381717,75097,46.71855488704734
o200k_base,20,1000,2,yaml,164130,387850,75097,54.245415219642965
o200k_base,20,1000,2,xml,246485,668867,75097,69.53283161247134
o200k_base,20,1000,2,json_pretty,203959,551744,75097,63.18034506935217
cl100k_base,20,1000,2,mini,75097,129850,75097,0.0
cl100k_base,20,1000,2,toon_flat,74380,134071,75097,-0.9639688088195751
cl100k_base,20,1000,2,toon,74380,134071,75097,-0.9639688088195751
cl100k_base,20,1000,2,csv,72359,130030,75097,-3.7839107782031265
cl100k_base,20,1000,2,json_compact,144138,381717,75097,47.89923545491126
cl100k_base,20,1000,2,yaml,176234,387850,75097,57.38790471759139
cl100k_base,20,1000,2,xml,252507,668867,75097,70.2594383522041
cl100k_base,20,1000,2,json_pretty,207154,551744,75097,63.74822595750022
r50k_base,20,1000,2,mini,79106,129850,79106,0.0
r50k_base,20,1000,2,toon_flat,80212,134071,79106,1.3788460579464419
r50k_base,20,1000,2,toon,80212,134071,79106,1.3788460579464419
r50k_base,20,1000,2,csv,79192,130030,79106,0.10859682796242046
r50k_base,20,1000,2,json_compact,174953,381717,79106,54.784427817756765
r50k_base,20,1000,2,yaml,194989,387850,79106,59.43053197872701
r50k_base,20,1000,2,xml,375116,668867,79106,78.91159001482208
r50k_base,20,1000,2,json_pretty,333429,551744,79106,76.27500907239623
o200k_base,20,1000,3,mini,75067,129813,75067,0.0
o200k_base,20,1000,3,toon_flat,73984,134034,75067,-1.4638300173010381
o200k_base,20,1000,3,toon,73984,134034,75067,-1.4638300173010381
o200k_base,20,1000,3,csv,71963,129993,75067,-4.313327682281172
o200k_base,20,1000,3,json_compact,140910,381676,75067,46.726988858136394
o200k_base,20,1000,3,yaml,164126,387793,75067,54.2625787504722
o200k_base,20,1000,3,xml,246490,668830,75067,69.54562051198832
o200k_base,20,1000,3,json_pretty,203925,551703,75067,63.18891749417678
cl100k_base,20,1000,3,mini,75067,129813,75067,0.0
cl100k_base,20,1000,3,toon_flat,74360,134034,75067,-0.9507799892415276
cl100k_base,20,1000,3,toon,74360,134034,75067,-0.9507799892415276
cl100k_base,20,1000,3,csv,72339,129993,75067,-3.771133137035348
cl100k_base,20,1000,3,json_compact,144109,381676,75067,47.90956845165812
cl100k_base,20,1000,3,yaml,176183,387793,75067,57.39259746967642
cl100k_base,20,1000,3,xml,252492,668830,75067,70.26955309475152
cl100k_base,20,1000,3,json_pretty,207125,551703,75067,63.75763427881714
r50k_base,20,1000,3,mini,79165,129813,79165,0.0
r50k_base,20,1000,3,toon_flat,80271,134034,79165,1.3778325920942807
r50k_base,20,1000,3,toon,80271,134034,79165,1.3778325920942807
r50k_base,20,1000,3,csv,79251,129993,79165,0.10851598087090383
r50k_base,20,1000,3,json_compact,175008,381676,79165,54.76492503199854
r50k_base,20,1000,3,yaml,195080,387793,79165,59.4192126307156
r50k_base,20,1000,3,xml,375175,668830,79165,78.89918038248818
r50k_base,20,1000,3,json_pretty,333482,551703,79165,76.26108755495049
o200k_base,20,1000,4,mini,74996,129691,74996,0.0
o200k_base,20,1000,4,toon_flat,73875,133912,74996,-1.5174280879864637
o200k_base,20,1000,4,toon,73875,133912,74996,-1.5174280879864637
o200k_base,20,1000,4,csv,71854,129871,74996,-4.372755866061737
o200k_base,20,1000,4,json_compact,140887,381602,74996,46.76868696189144
o200k_base,20,1000,4,yaml,164128,387735,74996,54.30639500877364
o200k_base,20,1000,4,xml,246428,668708,74996,69.56677000990148
o200k_base,20,1000,4,json_pretty,203902,551629,74996,63.21958587949113
cl100k_base,20,1000,4,mini,74996,129691,74996,0.0
cl100k_base,20,1000,4,toon_flat,74272,133912,74996,-0.9747953468332616
cl100k_base,20,1000,4,toon,74272,133912,74996,-0.9747953468332616
cl100k_base,20,1000,4,csv,72251,129871,74996,-3.7992553736280463
cl100k_base,20,1000,4,json_compact,144070,381602,74996,47.944749080308185
cl100k_base,20,1000,4,yaml,176150,387735,74996,57.42492194152711
cl100k_base,20,1000,4,xml,252388,668708,74996,70.28543353883703
cl100k_base,20,1000,4,json_pretty,207086,551629,74996,63.78509411548825
r50k_base,20,1000,4,mini,79078,129691,79078,0.0
r50k_base,20,1000,4,toon_flat,80184,133912,79078,1.3793275466427217
r50k_base,20,1000,4,toon,80184,133912,79078,1.3793275466427217
r50k_base,20,1000,4,csv,79164,129871,79078,0.10863523823960385
r50k_base,20,1000,4,json_compact,174969,381602,79078,54.80456538015306
r50k_base,20,1000,4,yaml,195024,387735,79078,59.45216998933465
r50k_base,20,1000,4,xml,375088,668708,79078,78.9174806978629
r50k_base,20,1000,4,json_pretty,333427,551629,79078,76.28326440270284
o200k_base,32,1,0,mini,114,185,114,0.0
o200k_base,32,1,0,toon_flat,221,532,114,48.41628959276018
o200k_base,32,1,0,toon,221,532,114,48.41628959276018
o200k_base,32,1,0,csv,199,491,114,42.71356783919598
o200k_base,32,1,0,json_compact,230,624,114,50.43478260869565
o200k_base,32,1,0,yaml,268,629,114,57.46268656716418
o200k_base,32,1,0,xml,393,1071,114,70.99236641221374
o200k_base,32,1,0,json_pretty,343,917,114,66.76384839650146
cl100k_base,32,1,0,mini,114,185,114,0.0
cl100k_base,32,1,0,toon_flat,225,532,114,49.333333333333336
cl100k_base,32,1,0,toon,225,532,114,49.333333333333336
cl100k_base,32,1,0,csv,203,491,114,43.84236453201971
cl100k_base,32,1,0,json_compact,234,624,114,51.28205128205128
cl100k_base,32,1,0,yaml,284,629,114,59.859154929577464
cl100k_base,32,1,0,xml,403,1071,114,71.712158808933
cl100k_base,32,1,0,json_pretty,348,917,114,67.24137931034483
r50k_base,32,1,0,mini,118,185,118,0.0
r50k_base,32,1,0,toon_flat,280,532,118,57.85714285714286
r50k_base,32,1,0,toon,280,532,118,57.85714285714286
r50k_base,32,1,0,csv,259,491,118,54.440154440154444
r50k_base,32,1,0,json_compact,279,624,118,57.70609318996416
r50k_base,32,1,0,yaml,313,629,118,62.30031948881789
r50k_base,32,1,0,xml,594,1071,118,80.13468013468014
r50k_base,32,1,0,json_pretty,550,917,118,78.54545454545455
o200k_base,32,1,1,mini,113,185,113,0.0
o200k_base,32,1,1,toon_flat,221,532,113,48.86877828054298
o200k_base,32,1,1,toon,221,532,113,48.86877828054298
o200k_base,32,1,1,csv,199,491,113,43.21608040201005
o200k_base,32,1,1,json_compact,229,624,113,50.65502183406113
o200k_base,32,1,1,yaml,268,629,113,57.83582089552238
o200k_base,32,1,1,xml,393,1071,113,71.2468193384224
o200k_base,32,1,1,json_pretty,342,917,113,66.95906432748538
cl100k_base,32,1,1,mini,113,185,113,0.0
cl100k_base,32,1,1,toon_flat,225,532,113,49.77777777777778
cl100k_base,32,1,1,toon,225,532,113,49.77777777777778
cl100k_base,32,1,1,csv,203,491,113,44.33497536945813
cl100k_base,32,1,1,json_compact,233,624,113,51.50214592274678
cl100k_base,32,1,1,yaml,284,629,113,60.2112676056338
cl100k_base,32,1,1,xml,403,1071,113,71.96029776674938
cl100k_base,32,1,1,json_pretty,347,917,113,67.43515850144092
r50k_base,32,1,1,mini,119,185,119,0.0
r50k_base,32,1,1,toon_flat,281,532,119,57.65124555160143
r50k_base,32,1,1,toon,281,532,119,57.65124555160143
r50k_base,32,1,1,csv,260,491,119,54.230769230769226
r50k_base,32,1,1,json_compact,280,624,119,57.49999999999999
r50k_base,32,1,1,yaml,315,629,119,62.22222222222222
r50k_base,32,1,1,xml,595,1071,119,80.0
r50k_base,32,1,1,json_pretty,552,917,119,78.44202898550725
o200k_base,32,1,2,mini,116,190,116,0.0
o200k_base,32,1,2,toon_flat,223,537,116,47.98206278026906
o200k_base,32,1,2,toon,223,537,116,47.98206278026906
o200k_base,32,1,2,csv,201,496,116,42.28855721393035
o200k_base,32,1,2,json_compact,230,627,116,49.56521739130435
o200k_base,32,1,2,yaml,267,632,116,56.55430711610487
o200k_base,32,1,2,xml,394,1076,116,70.55837563451777
o200k_base,32,1,2,json_pretty,343,920,116,66.1807580174927
cl100k_base,32,1,2,mini,116,190,116,0.0
cl100k_base,32,1,2,toon_flat,226,537,116,48.67256637168141
cl100k_base,32,1,2,toon,226,537,116,48.67256637168141
cl100k_base,32,1,2,csv,204,496,116,43.13725490196079
cl100k_base,32,1,2,json_compact,234,627,116,50.427350427350426
cl100k_base,32,1,2,yaml,283,632,116,59.01060070671378
cl100k_base,32,1,2,xml,404,1076,116,71.28712871287128
cl100k_base,32,1,2,json_pretty,348,920,116,66.66666666666666
r50k_base,32,1,2,mini,120,190,120,0.0
r50k_base,32,1,2,toon_flat,282,537,120,57.446808510638306
r50k_base,32,1,2,toon,282,537,120,57.446808510638306
r50k_base,32,1,2,csv,261,496,120,54.02298850574713
r50k_base,32,1,2,json_compact,279,627,120,56.98924731182796
r50k_base,32,1,2,yaml,316,632,120,62.0253164556962
r50k_base,32,1,2,xml,596,1076,120,79.86577181208054
r50k_base,32,1,2,json_pretty,552,920,120,78.26086956521739
o200k_base,32,1,3,mini,115,190,115,0.0
o200k_base,32,1,3,toon_flat,224,537,115,48.660714285714285
o200k_base,32,1,3,toon,224,537,115,48.660714285714285
o200k_base,32,1,3,csv,202,496,115,43.06930693069307
o200k_base,32,1,3,json_compact,229,627,115,49.78165938864629
o200k_base,32,1,3,yaml,269,632,115,57.249070631970255
o200k_base,32,1,3,xml,396,1076,115,70.95959595959596
o200k_base,32,1,3,json_pretty,342,920,115,66.37426900584795
cl100k_base,32,1,3,mini,115,190,115,0.0
cl100k_base,32,1,3,toon_flat,228,537,115,49.56140350877193
cl100k_base,32,1,3,toon,228,537,115,49.56140350877193
cl100k_base,32,1,3,csv,206,496,115,44.1747572815534
cl100k_base,32,1,3,json_compact,233,627,115,50.64377682403433
cl100k_base,32,1,3,yaml,284,632,115,59.50704225352113
cl100k_base,32,1,3,xml,406,1076,115,71.67487684729063
cl100k_base,32,1,3,json_pretty,347,920,115,66.85878962536023
r50k_base,32,1,3,mini,118,190,118,0.0
r50k_base,32,1,3,toon_flat,280,537,118,57.85714285714286
r50k_base,32,1,3,toon,280,537,118,57.85714285714286
r50k_base,32,1,3,csv,259,496,118,54.440154440154444
r50k_base,32,1,3,json_compact,277,627,118,57.400722021660656
r50k_base,32,1,3,yaml,315,632,118,62.53968253968254
r50k_base,32,1,3,xml,594,1076,118,80.13468013468014
r50k_base,32,1,3,json_pretty,549,920,118,78.5063752276867
o200k_base,32,1,4,mini,114,186,114,0.0
o200k_base,32,1,4,toon_flat,221,533,114,48.41628959276018
o200k_base,32,1,4,toon,221,533,114,48.41628959276018
o200k_base,32,1,4,csv,199,492,114,42.71356783919598
o200k_base,32,1,4,json_compact,230,625,114,50.43478260869565
o200k_base,32,1,4,yaml,268,630,114,57.46268656716418
o200k_base,32,1,4,xml,393,1072,114,70.99236641221374
o200k_base,32,1,4,json_pretty,343,918,114,66.76384839650146
cl100k_base,32,1,4,mini,114,186,114,0.0
cl100k_base,32,1,4,toon_flat,224,533,114,49.107142857142854
cl100k_base,32,1,4,toon,224,533,114,49.107142857142854
cl100k_base,32,1,4,csv,202,492,114,43.56435643564357
cl100k_base,32,1,4,json_compact,234,625,114,51.28205128205128
cl100k_base,32,1,4,yaml,283,630,114,59.717314487632514
cl100k_base,32,1,4,xml,402,1072,114,71.64179104477611
cl100k_base,32,1,4,json_pretty,348,918,114,67.24137931034483
r50k_base,32,1,4,mini,117,186,117,0.0
r50k_base,32,1,4,toon_flat,279,533,117,58.06451612903226
r50k_base,32,1,4,toon,279,533,117,58.06451612903226
r50k_base,32,1,4,csv,258,492,117,54.65116279069767
r50k_base,32,1,4,json_compact,278,625,117,57.9136690647482
r50k_base,32,1,4,yaml,314,630,117,62.738853503184714
r50k_base,32,1,4,xml,593,1072,117,80.26981450252951
r50k_base,32,1,4,json_pretty,549,918,117,78.68852459016394
o200k_base,32,10,0,mini,1085,1814,1085,0.0
o200k_base,32,10,0,toon_flat,1165,2216,1085,6.866952789699571
o200k_base,32,10,0,toon,1165,2216,1085,6.866952789699571
o200k_base,32,10,0,csv,1116,2119,1085,2.7777777777777777
o200k_base,32,10,0,json_compact,2152,5931,1085,49.5817843866171
o200k_base,32,10,0,yaml,2534,6028,1085,57.182320441988956
o200k_base,32,10,0,xml,3823,10521,1085,71.6191472665446
o200k_base,32,10,0,json_pretty,3147,8618,1085,65.52272005084208
cl100k_base,32,10,0,mini,1085,1814,1085,0.0
cl100k_base,32,10,0,toon_flat,1172,2216,1085,7.423208191126279
cl100k_base,32,10,0,toon,1172,2216,1085,7.423208191126279
cl100k_base,32,10,0,csv,1123,2119,1085,3.383793410507569
cl100k_base,32,10,0,json_compact,2204,5931,1085,50.77132486388385
cl100k_base,32,10,0,yaml,2683,6028,1085,59.56019381289601
cl100k_base,32,10,0,xml,3918,10521,1085,72.30729964267483
cl100k_base,32,10,0,json_pretty,3200,8618,1085,66.09375
r50k_base,32,10,0,mini,1138,1814,1138,0.0
r50k_base,32,10,0,toon_flat,1309,2216,1138,13.06340718105424
r50k_base,32,10,0,toon,1309,2216,1138,13.06340718105424
r50k_base,32,10,0,csv,1279,2119,1138,11.024237685691947
r50k_base,32,10,0,json_compact,2655,5931,1138,57.13747645951036
r50k_base,32,10,0,yaml,2999,6028,1138,62.054018006001996
r50k_base,32,10,0,xml,5808,10521,1138,80.40633608815428
r50k_base,32,10,0,json_pretty,5154,8618,1138,77.92006208769887
o200k_base,32,10,1,mini,1081,1798,1081,0.0
o200k_base,32,10,1,toon_flat,1157,2200,1081,6.568712186689715
o200k_base,32,10,1,toon,1157,2200,1081,6.568712186689715
o200k_base,32,10,1,csv,1108,2103,1081,2.436823104693141
o200k_base,32,10,1,json_compact,2156,5923,1081,49.860853432282006
o200k_base,32,10,1,yaml,2535,6016,1081,57.35700197238659
o200k_base,32,10,1,xml,3809,10505,1081,71.61984772906274
o200k_base,32,10,1,json_pretty,3151,8610,1081,65.69343065693431
cl100k_base,32,10,1,mini,1081,1798,1081,0.0
cl100k_base,32,10,1,toon_flat,1163,2200,1081,7.05073086844368
cl100k_base,32,10,1,toon,1163,2200,1081,7.05073086844368
cl100k_base,32,10,1,csv,1114,2103,1081,2.96229802513465
cl100k_base,32,10,1,json_compact,2206,5923,1081,50.99728014505893
cl100k_base,32,10,1,yaml,2684,6016,1081,59.724292101341284
cl100k_base,32,10,1,xml,3907,10505,1081,72.33171231123625
cl100k_base,32,10,1,json_pretty,3202,8610,1081,66.23985009369144
r50k_base,32,10,1,mini,1129,1798,1129,0.0
r50k_base,32,10,1,toon_flat,1300,2200,1129,13.153846153846155
r50k_base,32,10,1,toon,1300,2200,1129,13.153846153846155
r50k_base,32,10,1,csv,1270,2103,1129,11.10236220472441
r50k_base,32,10,1,json_compact,2654,5923,1129,57.460437076111525
r50k_base,32,10,1,yaml,2994,6016,1129,62.291249164996664
r50k_base,32,10,1,xml,5799,10505,1129,80.53112605621658
r50k_base,32,10,1,json_pretty,5150,8610,1129,78.07766990291262
o200k_base,32,10,2,mini,1092,1838,1092,0.0
o200k_base,32,10,2,toon_flat,1168,2240,1092,6.506849315068493
o200k_base,32,10,2,toon,1168,2240,1092,6.506849315068493
o200k_base,32,10,2,csv,1119,2143,1092,2.4128686327077746
o200k_base,32,10,2,json_compact,2155,5951,1092,49.327146171693734
o200k_base,32,10,2,yaml,2534,6046,1092,56.9060773480663
o200k_base,32,10,2,xml,3827,10545,1092,71.46590018291089
o200k_base,32,10,2,json_pretty,3150,8638,1092,65.33333333333333
cl100k_base,32,10,2,mini,1092,1838,1092,0.0
cl100k_base,32,10,2,toon_flat,1175,2240,1092,7.0638297872340425
cl100k_base,32,10,2,toon,1175,2240,1092,7.0638297872340425
cl100k_base,32,10,2,csv,1126,2143,1092,3.019538188277087
cl100k_base,32,10,2,json_compact,2207,5951,1092,50.5210693248754
cl100k_base,32,10,2,yaml,2684,6046,1092,59.31445603576751
cl100k_base,32,10,2,xml,3921,10545,1092,72.14996174445295
cl100k_base,32,10,2,json_pretty,3203,8638,1092,65.90696222291602
r50k_base,32,10,2,mini,1139,1838,1139,0.0
r50k_base,32,10,2,toon_flat,1310,2240,1139,13.053435114503817
r50k_base,32,10,2,toon,1310,2240,1139,13.053435114503817
r50k_base,32,10,2,csv,1280,2143,1139,11.015625
r50k_base,32,10,2,json_compact,2652,5951,1139,57.05128205128205
r50k_base,32,10,2,yaml,2998,6046,1139,62.00800533689126
r50k_base,32,10,2,xml,5809,10545,1139,80.39249440523326
r50k_base,32,10,2,json_pretty,5152,8638,1139,77.89208074534162
o200k_base,32,10,3,mini,1080,1799,1080,0.0
o200k_base,32,10,3,toon_flat,1155,2201,1080,6.493506493506493
o200k_base,32,10,3,toon,1155,2201,1080,6.493506493506493
o200k_base,32,10,3,csv,1106,2104,1080,2.3508137432188065
o200k_base,32,10,3,json_compact,2149,5918,1080,49.74406700791066
o200k_base,32,10,3,yaml,2529,6015,1080,57.29537366548043
o200k_base,32,10,3,xml,3813,10506,1080,71.67584579071598
o200k_base,32,10,3,json_pretty,3144,8605,1080,65.64885496183206
cl100k_base,32,10,3,mini,1080,1799,1080,0.0
cl100k_base,32,10,3,toon_flat,1160,2201,1080,6.896551724137931
cl100k_base,32,10,3,toon,1160,2201,1080,6.896551724137931
cl100k_base,32,10,3,csv,1111,2104,1080,2.7902790279027903
cl100k_base,32,10,3,json_compact,2199,5918,1080,50.886766712141885
cl100k_base,32,10,3,yaml,2676,6015,1080,59.64125560538116
cl100k_base,32,10,3,xml,3904,10506,1080,72.3360655737705
cl100k_base,32,10,3,json_pretty,3195,8605,1080,66.19718309859155
r50k_base,32,10,3,mini,1130,1799,1130,0.0
r50k_base,32,10,3,toon_flat,1301,2201,1130,13.143735588009223
r50k_base,32,10,3,toon,1301,2201,1130,13.143735588009223
r50k_base,32,10,3,csv,1271,2104,1130,11.093627065302911
r50k_base,32,10,3,json_compact,2649,5918,1130,57.34239335598339
r50k_base,32,10,3,yaml,2998,6015,1130,62.30820547031354
r50k_base,32,10,3,xml,5800,10506,1130,80.51724137931035
r50k_base,32,10,3,json_pretty,5151,8605,1130,78.0625121335663
o200k_base,32,10,4,mini,1083,1816,1083,0.0
o200k_base,32,10,4,toon_flat,1161,2218,1083,6.718346253229974
o200k_base,32,10,4,toon,1161,2218,1083,6.718346253229974
o200k_base,32,10,4,csv,1112,2121,1083,2.6079136690647484
o200k_base,32,10,4,json_compact,2150,5933,1083,49.627906976744185
o200k_base,32,10,4,yaml,2534,6026,1083,57.26124704025256
o200k_base,32,10,4,xml,3821,10523,1083,71.65663438890343
o200k_base,32,10,4,json_pretty,3145,8620,1083,65.56438791732909
cl100k_base,32,10,4,mini,1083,1816,1083,0.0
cl100k_base,32,10,4,toon_flat,1169,2218,1083,7.356715141146279
cl100k_base,32,10,4,toon,1169,2218,1083,7.356715141146279
cl100k_base,32,10,4,csv,1120,2121,1083,3.303571428571429
cl100k_base,32,10,4,json_compact,2200,5933,1083,50.772727272727266
cl100k_base,32,10,4,yaml,2682,6026,1083,59.619686800894854
cl100k_base,32,10,4,xml,3913,10523,1083,72.3230258113979
cl100k_base,32,10,4,json_pretty,3196,8620,1083,66.11389236545682
r50k_base,32,10,4,mini,1132,1816,1132,0.0
r50k_base,32,10,4,toon_flat,1303,2218,1132,13.123561013046814
r50k_base,32,10,4,toon,1303,2218,1132,13.123561013046814
r50k_base,32,10,4,csv,1273,2121,1132,11.076197957580519
r50k_base,32,10,4,json_compact,2649,5933,1132,57.266893167232915
r50k_base,32,10,4,yaml,2992,6026,1132,62.165775401069524
r50k_base,32,10,4,xml,5802,10523,1132,80.48948638400552
r50k_base,32,10,4,json_pretty,5149,8620,1132,78.01514857253837
o200k_base,32,100,0,mini,10825,18123,10825,0.0
o200k_base,32,100,0,toon_flat,10580,19066,10825,-2.3156899810964084
o200k_base,32,100,0,toon,10580,19066,10825,-2.3156899810964084
o200k_base,32,100,0,csv,10261,18427,10825,-5.496540298216549
o200k_base,32,100,0,json_compact,21424,59042,10825,49.47255414488424
o200k_base,32,100,0,yaml,25204,60039,10825,57.050468179654025
o200k_base,32,100,0,xml,38069,105040,10825,71.56479024928419
o200k_base,32,100,0,json_pretty,31239,85669,10825,65.34780242645411
cl100k_base,32,100,0,mini,10825,18123,10825,0.0
cl100k_base,32,100,0,toon_flat,10622,19066,10825,-1.911127847862926
cl100k_base,32,100,0,toon,10622,19066,10825,-1.911127847862926
cl100k_base,32,100,0,csv,10303,18427,10825,-5.066485489663205
cl100k_base,32,100,0,json_compact,21944,59042,10825,50.669886985052855
cl100k_base,32,100,0,yaml,26708,60039,10825,59.46907293694773
cl100k_base,32,100,0,xml,39036,105040,10825,72.26918741674352
cl100k_base,32,100,0,json_pretty,31760,85669,10825,65.91624685138538
r50k_base,32,100,0,mini,11307,18123,11307,0.0
r50k_base,32,100,0,toon_flat,11568,19066,11307,2.2562240663900415
r50k_base,32,100,0,toon,11568,19066,11307,2.2562240663900415
r50k_base,32,100,0,csv,11448,18427,11307,1.2316561844863732
r50k_base,32,100,0,json_compact,26406,59042,11307,57.18018632129061
r50k_base,32,100,0,yaml,29829,60039,11307,62.09393543196219
r50k_base,32,100,0,xml,57917,105040,11307,80.47723466339762
r50k_base,32,100,0,json_pretty,51180,85669,11307,77.9073856975381
o200k_base,32,100,1,mini,10763,18093,10763,0.0
o200k_base,32,100,1,toon_flat,10522,19036,10763,-2.2904390800228094
o200k_base,32,100,1,toon,10522,19036,10763,-2.2904390800228094
o200k_base,32,100,1,csv,10203,18397,10763,-5.488581789669706
o200k_base,32,100,1,json_compact,21396,59046,10763,49.696204898111795
o200k_base,32,100,1,yaml,25188,60049,10763,57.269334603779576
o200k_base,32,100,1,xml,38013,105010,10763,71.68600215715676
o200k_base,32,100,1,json_pretty,31211,85673,10763,65.5153631732402
cl100k_base,32,100,1,mini,10763,18093,10763,0.0
cl100k_base,32,100,1,toon_flat,10572,19036,10763,-1.8066590995081349
cl100k_base,32,100,1,toon,10572,19036,10763,-1.8066590995081349
cl100k_base,32,100,1,csv,10253,18397,10763,-4.974153906173803
cl100k_base,32,100,1,json_compact,21912,59046,10763,50.88079591091639
cl100k_base,32,100,1,yaml,26700,60049,10763,59.68913857677902
cl100k_base,32,100,1,xml,38982,105010,10763,72.38982094299932
cl100k_base,32,100,1,json_pretty,31728,85673,10763,66.07728189611699
r50k_base,32,100,1,mini,11258,18093,11258,0.0
r50k_base,32,100,1,toon_flat,11519,19036,11258,2.265821685910235
r50k_base,32,100,1,toon,11519,19036,11258,2.265821685910235
r50k_base,32,100,1,csv,11399,18397,11258,1.2369506097026055
r50k_base,32,100,1,json_compact,26391,59046,11258,57.34151794172255
r50k_base,32,100,1,yaml,29783,60049,11258,62.19991270187691
r50k_base,32,100,1,xml,57868,105010,11258,80.54537913872952
r50k_base,32,100,1,json_pretty,51159,85673,11258,77.99409683535644
o200k_base,32,100,2,mini,10793,18147,10793,0.0
o200k_base,32,100,2,toon_flat,10559,19090,10793,-2.216118950658206
o200k_base,32,100,2,toon,10559,19090,10793,-2.216118950658206
o200k_base,32,100,2,csv,10240,18451,10793,-5.400390625
o200k_base,32,100,2,json_compact,21404,59078,10793,49.574845823210616
o200k_base,32,100,2,yaml,25194,60081,10793,57.16043502421212
o200k_base,32,100,2,xml,38050,105064,10793,71.63469119579501
o200k_base,32,100,2,json_pretty,31219,85705,10793,65.4281046798424
cl100k_base,32,100,2,mini,10793,18147,10793,0.0
cl100k_base,32,100,2,toon_flat,10598,19090,10793,-1.8399698056237024
cl100k_base,32,100,2,toon,10598,19090,10793,-1.8399698056237024
cl100k_base,32,100,2,csv,10279,18451,10793,-5.000486428640919
cl100k_base,32,100,2,json_compact,21924,59078,10793,50.77084473636197
cl100k_base,32,100,2,yaml,26702,60081,10793,59.579806756048235
cl100k_base,32,100,2,xml,39012,105064,10793,72.33415359376602
cl100k_base,32,100,2,json_pretty,31740,85705,10793,65.99558916194077
r50k_base,32,100,2,mini,11290,18147,11290,0.0
r50k_base,32,100,2,toon_flat,11551,19090,11290,2.259544628170721
r50k_base,32,100,2,toon,11551,19090,11290,2.259544628170721
r50k_base,32,100,2,csv,11431,18451,11290,1.2334878838246872
r50k_base,32,100,2,json_compact,26401,59078,11290,57.2364683155941
r50k_base,32,100,2,yaml,29804,60081,11290,62.11917863374043
r50k_base,32,100,2,xml,57900,105064,11290,80.50086355785838
r50k_base,32,100,2,json_pretty,51174,85705,11290,77.93801539844452
o200k_base,32,100,3,mini,10791,18114,10791,0.0
o200k_base,32,100,3,toon_flat,10554,19057,10791,-2.2455940875497444
o200k_base,32,100,3,toon,10554,19057,10791,-2.2455940875497444
o200k_base,32,100,3,csv,10235,18418,10791,-5.432340009770396
o200k_base,32,100,3,json_compact,21418,59061,10791,49.61714445793258
o200k_base,32,100,3,yaml,25209,60060,10791,57.193859335951444
o200k_base,32,100,3,xml,38041,105031,10791,71.63323782234957
o200k_base,32,100,3,json_pretty,31233,85688,10791,65.45000480261261
cl100k_base,32,100,3,mini,10791,18114,10791,0.0
cl100k_base,32,100,3,toon_flat,10597,19057,10791,-1.8307068038123997
cl100k_base,32,100,3,toon,10597,19057,10791,-1.8307068038123997
cl100k_base,32,100,3,csv,10278,18418,10791,-4.99124343257443
cl100k_base,32,100,3,json_compact,21936,59061,10791,50.80689277899344
cl100k_base,32,100,3,yaml,26709,60060,10791,59.597888352240815
cl100k_base,32,100,3,xml,39009,105031,10791,72.33715296470045
cl100k_base,32,100,3,json_pretty,31752,85688,10791,66.01473922902494
r50k_base,32,100,3,mini,11274,18114,11274,0.0
r50k_base,32,100,3,toon_flat,11535,19057,11274,2.2626788036410925
r50k_base,32,100,3,toon,11535,19057,11274,2.2626788036410925
r50k_base,32,100,3,csv,11415,18418,11274,1.2352168199737188
r50k_base,32,100,3,json_compact,26401,59061,11274,57.29707208060301
r50k_base,32,100,3,yaml,29832,60060,11274,62.20836685438456
r50k_base,32,100,3,xml,57884,105031,11274,80.52311519590906
r50k_base,32,100,3,json_pretty,51183,85688,11274,77.97315514917062
o200k_base,32,100,4,mini,10784,18108,10784,0.0
o200k_base,32,100,4,toon_flat,10537,19051,10784,-2.344120717471766
o200k_base,32,100,4,toon,10537,19051,10784,-2.344120717471766
o200k_base,32,100,4,csv,10218,18412,10784,-5.53924447054218
o200k_base,32,100,4,json_compact,21409,59053,10784,49.62866084357046
o200k_base,32,100,4,yaml,25199,60040,10784,57.20465097821342
o200k_base,32,100,4,xml,38036,105025,10784,71.64791250394363
o200k_base,32,100,4,json_pretty,31224,85680,10784,65.46246477068921
cl100k_base,32,100,4,mini,10784,18108,10784,0.0
cl100k_base,32,100,4,toon_flat,10586,19051,10784,-1.8703948611373513
cl100k_base,32,100,4,toon,10586,19051,10784,-1.8703948611373513
cl100k_base,32,100,4,csv,10267,18412,10784,-5.035550793805396
cl100k_base,32,100,4,json_compact,21925,59053,10784,50.81413911060433
cl100k_base,32,100,4,yaml,26709,60040,10784,59.62409674641507
cl100k_base,32,100,4,xml,38996,105025,10784,72.34588162888501
cl100k_base,32,100,4,json_pretty,31741,85680,10784,66.02501496487193
r50k_base,32,100,4,mini,11293,18108,11293,0.0
r50k_base,32,100,4,toon_flat,11554,19051,11293,2.2589579366453174
r50k_base,32,100,4,toon,11554,19051,11293,2.2589579366453174
r50k_base,32,100,4,csv,11434,18412,11293,1.2331642469826831
r50k_base,32,100,4,json_compact,26418,59053,11293,57.252630782042544
r50k_base,32,100,4,yaml,29795,60040,11293,62.097667393858025
r50k_base,32,100,4,xml,57903,105025,11293,80.49669274476278
r50k_base,32,100,4,json_pretty,51183,85680,11293,77.93603344860598
o200k_base,32,1000,0,mini,107847,181358,107847,0.0
o200k_base,32,1000,0,toon_flat,104512,187702,107847,-3.1910211267605635
o200k_base,32,1000,0,toon,104512,187702,107847,-3.1910211267605635
o200k_base,32,1000,0,csv,101491,181661,107847,-6.262624272102945
o200k_base,32,1000,0,json_compact,213964,590495,107847,49.59572638387766
o200k_base,32,1000,0,yaml,251880,600466,107847,57.18318246784183
o200k_base,32,1000,0,xml,380323,1050375,107847,71.64331370966258
o200k_base,32,1000,0,json_pretty,311979,856522,107847,65.43132710855538
cl100k_base,32,1000,0,mini,107847,181358,107847,0.0
cl100k_base,32,1000,0,toon_flat,104883,187702,107847,-2.8260061211063756
cl100k_base,32,1000,0,toon,104883,187702,107847,-2.8260061211063756
cl100k_base,32,1000,0,csv,101862,181661,107847,-5.875596395122813
cl100k_base,32,1000,0,json_compact,219167,590495,107847,50.79231818658832
cl100k_base,32,1000,0,yaml,266923,600466,107847,59.59621314011906
cl100k_base,32,1000,0,xml,389979,1050375,107847,72.34543398490688
cl100k_base,32,1000,0,json_pretty,317183,856522,107847,65.99849298354577
r50k_base,32,1000,0,mini,112860,181358,112860,0.0
r50k_base,32,1000,0,toon_flat,114021,187702,112860,1.018233483305707
r50k_base,32,1000,0,toon,114021,187702,112860,1.018233483305707
r50k_base,32,1000,0,csv,113001,181661,112860,0.12477765683489526
r50k_base,32,1000,0,json_compact,263977,590495,112860,57.246275243676536
r50k_base,32,1000,0,yaml,297961,600466,112860,62.12255966384862
r50k_base,32,1000,0,xml,578870,1050375,112860,80.50339454454368
r50k_base,32,1000,0,json_pretty,511515,856522,112860,77.93613090525204
o200k_base,32,1000,1,mini,107907,181568,107907,0.0
o200k_base,32,1000,1,toon_flat,104568,187912,107907,-3.193137479917375
o200k_base,32,1000,1,toon,104568,187912,107907,-3.193137479917375
o200k_base,32,1000,1,csv,101547,181871,107907,-6.2631096930485395
o200k_base,32,1000,1,json_compact,213974,590655,107907,49.570041219961304
o200k_base,32,1000,1,yaml,251882,600590,107907,57.15970176511224
o200k_base,32,1000,1,xml,380414,1050585,107907,71.63432470939556
o200k_base,32,1000,1,json_pretty,311989,856682,107907,65.41320367064223
cl100k_base,32,1000,1,mini,107907,181568,107907,0.0
cl100k_base,32,1000,1,toon_flat,104956,187912,107907,-2.8116544075612637
cl100k_base,32,1000,1,toon,104956,187912,107907,-2.8116544075612637
cl100k_base,32,1000,1,csv,101935,181871,107907,-5.858635404914897
cl100k_base,32,1000,1,json_compact,219191,590655,107907,50.77033272351511
cl100k_base,32,1000,1,yaml,266933,600590,107907,59.57524921984169
cl100k_base,32,1000,1,xml,390066,1050585,107907,72.33622002430357
cl100k_base,32,1000,1,json_pretty,317207,856682,107907,65.98215045695713
r50k_base,32,1000,1,mini,112848,181568,112848,0.0
r50k_base,32,1000,1,toon_flat,114009,187912,112848,1.0183406573165277
r50k_base,32,1000,1,toon,114009,187912,112848,1.0183406573165277
r50k_base,32,1000,1,csv,112989,181871,112848,0.12479090884953403
r50k_base,32,1000,1,json_compact,263915,590655,112848,57.2407782808859
r50k_base,32,1000,1,yaml,297877,600590,112848,62.11590690117062
r50k_base,32,1000,1,xml,578858,1050585,112848,80.50506341797124
r50k_base,32,1000,1,json_pretty,511439,856682,112848,77.93519852807471
o200k_base,32,1000,2,mini,108028,181397,108028,0.0
o200k_base,32,1000,2,toon_flat,104593,187741,108028,-3.2841585956995214
o200k_base,32,1000,2,toon,104593,187741,108028,-3.2841585956995214
o200k_base,32,1000,2,csv,101572,181700,108028,-6.356082384909227
o200k_base,32,1000,2,json_compact,214055,590444,108028,49.53259676251431
o200k_base,32,1000,2,yaml,251899,600415,108028,57.11455781880833
o200k_base,32,1000,2,xml,380431,1050414,108028,71.60378623193168
o200k_base,32,1000,2,json_pretty,312070,856471,108028,65.38340756881469
cl100k_base,32,1000,2,mini,108028,181397,108028,0.0
cl100k_base,32,1000,2,toon_flat,104975,187741,108028,-2.9083115027387474
cl100k_base,32,1000,2,toon,104975,187741,108028,-2.9083115027387474
cl100k_base,32,1000,2,csv,101954,181700,108028,-5.9575887164799814
cl100k_base,32,1000,2,json_compact,219252,590444,108028,50.72884169813731
cl100k_base,32,1000,2,yaml,266946,600415,108028,59.53189034486376
cl100k_base,32,1000,2,xml,390065,1050414,108028,72.30512863240742
cl100k_base,32,1000,2,json_pretty,317268,856471,108028,65.95055284491345
r50k_base,32,1000,2,mini,112909,181397,112909,0.0
r50k_base,32,1000,2,toon_flat,114070,187741,112909,1.0177960901201017
r50k_base,32,1000,2,toon,114070,187741,112909,1.0177960901201017
r50k_base,32,1000,2,csv,113050,181700,112909,0.12472357363998231
r50k_base,32,1000,2,json_compact,263936,590444,112909,57.22106874393792
r50k_base,32,1000,2,yaml,297957,600415,112909,62.105605842453784
r50k_base,32,1000,2,xml,578919,1050414,112909,80.49658069609048
r50k_base,32,1000,2,json_pretty,511471,856471,112909,77.9246526196011
o200k_base,32,1000,3,mini,108012,181490,108012,0.0
o200k_base,32,1000,3,toon_flat,104617,187834,108012,-3.245170478985251
o200k_base,32,1000,3,toon,104617,187834,108012,-3.245170478985251
o200k_base,32,1000,3,csv,101596,181793,108012,-6.315209260207094
o200k_base,32,1000,3,json_compact,213973,590471,108012,49.52073392437363
o200k_base,32,1000,3,yaml,251854,600422,108012,57.11324815170694
o200k_base,32,1000,3,xml,380481,1050507,108012,71.61172305581619
o200k_base,32,1000,3,json_pretty,311988,856498,108012,65.37943767067964
cl100k_base,32,1000,3,mini,108012,181490,108012,0.0
cl100k_base,32,1000,3,toon_flat,105020,187834,108012,-2.8489811464482955
cl100k_base,32,1000,3,toon,105020,187834,108012,-2.8489811464482955
cl100k_base,32,1000,3,csv,101999,181793,108012,-5.895155834861126
cl100k_base,32,1000,3,json_compact,219170,590471,108012,50.717707715472
cl100k_base,32,1000,3,yaml,266914,600422,108012,59.53303311178881
cl100k_base,32,1000,3,xml,390110,1050507,108012,72.31242470072544
cl100k_base,32,1000,3,json_pretty,317186,856498,108012,65.94679462523565
r50k_base,32,1000,3,mini,112995,181490,112995,0.0
r50k_base,32,1000,3,toon_flat,114156,187834,112995,1.0170293282876064
r50k_base,32,1000,3,toon,114156,187834,112995,1.0170293282876064
r50k_base,32,1000,3,csv,113136,181793,112995,0.12462876537971998
r50k_base,32,1000,3,json_compact,263956,590471,112995,57.191728924517726
r50k_base,32,1000,3,yaml,297930,600422,112995,62.07330581008962
r50k_base,32,1000,3,xml,579005,1050507,112995,80.48462448510807
r50k_base,32,1000,3,json_pretty,511478,856498,112995,77.90814072159506
o200k_base,32,1000,4,mini,108002,181317,108002,0.0
o200k_base,32,1000,4,toon_flat,104564,187661,108002,-3.287938487433534
o200k_base,32,1000,4,toon,104564,187661,108002,-3.287938487433534
o200k_base,32,1000,4,csv,101543,181620,108002,-6.360852052824911
o200k_base,32,1000,4,json_compact,214045,590380,108002,49.54238594688033
o200k_base,32,1000,4,yaml,251887,600349,108002,57.12283682762509
o200k_base,32,1000,4,xml,380449,1050334,108002,71.61196375861152
o200k_base,32,1000,4,json_pretty,312060,856407,108002,65.39063000704992
cl100k_base,32,1000,4,mini,108002,181317,108002,0.0
cl100k_base,32,1000,4,toon_flat,104958,187661,108002,-2.9002077021284705
cl100k_base,32,1000,4,toon,104958,187661,108002,-2.9002077021284705
cl100k_base,32,1000,4,csv,101937,181620,108002,-5.949753278986041
cl100k_base,32,1000,4,json_compact,219250,590380,108002,50.74025085518814
cl100k_base,32,1000,4,yaml,266918,600349,108002,59.5373860136821
cl100k_base,32,1000,4,xml,390056,1050334,108002,72.3111553212872
cl100k_base,32,1000,4,json_pretty,317266,856407,108002,65.95853321818285
r50k_base,32,1000,4,mini,112993,181317,112993,0.0
r50k_base,32,1000,4,toon_flat,114154,187661,112993,1.0170471468367293
r50k_base,32,1000,4,toon,114154,187661,112993,1.0170471468367293
r50k_base,32,1000,4,csv,113134,181620,112993,0.12463096858592465
r50k_base,32,1000,4,json_compact,264036,590380,112993,57.20545683164418
r50k_base,32,1000,4,yaml,298050,600349,112993,62.08924677067606
r50k_base,32,1000,4,xml,579003,1050334,112993,80.48490249618742
r50k_base,32,1000,4,json_pretty,511582,856407,112993,77.91302274122232
o200k_base,50,1,0,mini,176,304,176,0.0
o200k_base,50,1,0,toon_flat,332,821,176,46.98795180722892
o200k_base,50,1,0,toon,332,821,176,46.98795180722892
o200k_base,50,1,0,csv,310,780,176,43.225806451612904
o200k_base,50,1,0,json_compact,346,971,176,49.13294797687861
o200k_base,50,1,0,yaml,394,972,176,55.32994923857868
o200k_base,50,1,0,xml,599,1656,176,70.6176961602671
o200k_base,50,1,0,json_pretty,511,1408,176,65.55772994129158
cl100k_base,50,1,0,mini,175,304,175,0.0
cl100k_base,50,1,0,toon_flat,335,821,175,47.76119402985074
cl100k_base,50,1,0,toon,335,821,175,47.76119402985074
cl100k_base,50,1,0,csv,313,780,175,44.08945686900959
cl100k_base,50,1,0,json_compact,353,971,175,50.42492917847026
cl100k_base,50,1,0,yaml,418,972,175,58.133971291866025
cl100k_base,50,1,0,xml,613,1656,175,71.45187601957585
cl100k_base,50,1,0,json_pretty,519,1408,175,66.28131021194605
r50k_base,50,1,0,mini,184,304,184,0.0
r50k_base,50,1,0,toon_flat,418,821,184,55.980861244019145
r50k_base,50,1,0,toon,418,821,184,55.980861244019145
r50k_base,50,1,0,csv,397,780,184,53.65239294710328
r50k_base,50,1,0,json_compact,415,971,184,55.662650602409634
r50k_base,50,1,0,yaml,466,972,184,60.51502145922747
r50k_base,50,1,0,xml,894,1656,184,79.41834451901566
r50k_base,50,1,0,json_pretty,824,1408,184,77.66990291262135
o200k_base,50,1,1,mini,173,299,173,0.0
o200k_base,50,1,1,toon_flat,328,816,173,47.256097560975604
o200k_base,50,1,1,toon,328,816,173,47.256097560975604
o200k_base,50,1,1,csv,306,775,173,43.4640522875817
o200k_base,50,1,1,json_compact,345,968,173,49.85507246376812
o200k_base,50,1,1,yaml,394,969,173,56.09137055837563
o200k_base,50,1,1,xml,599,1651,173,71.11853088480802
o200k_base,50,1,1,json_pretty,510,1405,173,66.07843137254902
cl100k_base,50,1,1,mini,172,299,172,0.0
cl100k_base,50,1,1,toon_flat,334,816,172,48.50299401197605
cl100k_base,50,1,1,toon,334,816,172,48.50299401197605
cl100k_base,50,1,1,csv,312,775,172,44.871794871794876
cl100k_base,50,1,1,json_compact,352,968,172,51.13636363636363
cl100k_base,50,1,1,yaml,417,969,172,58.752997601918466
cl100k_base,50,1,1,xml,610,1651,172,71.80327868852459
cl100k_base,50,1,1,json_pretty,518,1405,172,66.79536679536679
r50k_base,50,1,1,mini,179,299,179,0.0
r50k_base,50,1,1,toon_flat,413,816,179,56.65859564164649
r50k_base,50,1,1,toon,413,816,179,56.65859564164649
r50k_base,50,1,1,csv,392,775,179,54.33673469387755
r50k_base,50,1,1,json_compact,412,968,179,56.55339805825243
r50k_base,50,1,1,yaml,463,969,179,61.33909287257019
r50k_base,50,1,1,xml,889,1651,179,79.86501687289089
r50k_base,50,1,1,json_pretty,821,1405,179,78.1973203410475
o200k_base,50,1,2,mini,174,293,174,0.0
o200k_base,50,1,2,toon_flat,329,810,174,47.11246200607903
o200k_base,50,1,2,toon,329,810,174,47.11246200607903
o200k_base,50,1,2,csv,307,769,174,43.32247557003257
o200k_base,50,1,2,json_compact,344,960,174,49.41860465116279
o200k_base,50,1,2,yaml,394,961,174,55.83756345177665
o200k_base,50,1,2,xml,599,1645,174,70.95158597662771
o200k_base,50,1,2,json_pretty,509,1397,174,65.81532416502947
cl100k_base,50,1,2,mini,174,293,174,0.0
cl100k_base,50,1,2,toon_flat,336,810,174,48.214285714285715
cl100k_base,50,1,2,toon,336,810,174,48.214285714285715
cl100k_base,50,1,2,csv,314,769,174,44.5859872611465
cl100k_base,50,1,2,json_compact,352,960,174,50.56818181818182
cl100k_base,50,1,2,yaml,417,961,174,58.27338129496403
cl100k_base,50,1,2,xml,613,1645,174,71.61500815660685
cl100k_base,50,1,2,json_pretty,518,1397,174,66.40926640926641
r50k_base,50,1,2,mini,181,293,181,0.0
r50k_base,50,1,2,toon_flat,415,810,181,56.3855421686747
r50k_base,50,1,2,toon,415,810,181,56.3855421686747
r50k_base,50,1,2,csv,394,769,181,54.06091370558376
r50k_base,50,1,2,json_compact,412,960,181,56.067961165048544
r50k_base,50,1,2,yaml,466,961,181,61.1587982832618
r50k_base,50,1,2,xml,891,1645,181,79.68574635241302
r50k_base,50,1,2,json_pretty,822,1397,181,77.98053527980535
o200k_base,50,1,3,mini,176,297,176,0.0
o200k_base,50,1,3,toon_flat,331,814,176,46.82779456193353
o200k_base,50,1,3,toon,331,814,176,46.82779456193353
o200k_base,50,1,3,csv,309,773,176,43.042071197411005
o200k_base,50,1,3,json_compact,346,964,176,49.13294797687861
o200k_base,50,1,3,yaml,395,965,176,55.44303797468354
o200k_base,50,1,3,xml,600,1649,176,70.66666666666667
o200k_base,50,1,3,json_pretty,511,1401,176,65.55772994129158
cl100k_base,50,1,3,mini,175,297,175,0.0
cl100k_base,50,1,3,toon_flat,335,814,175,47.76119402985074
cl100k_base,50,1,3,toon,335,814,175,47.76119402985074
cl100k_base,50,1,3,csv,313,773,175,44.08945686900959
cl100k_base,50,1,3,json_compact,353,964,175,50.42492917847026
cl100k_base,50,1,3,yaml,416,965,175,57.932692307692314
cl100k_base,50,1,3,xml,613,1649,175,71.45187601957585
cl100k_base,50,1,3,json_pretty,519,1401,175,66.28131021194605
r50k_base,50,1,3,mini,183,297,183,0.0
r50k_base,50,1,3,toon_flat,417,814,183,56.11510791366906
r50k_base,50,1,3,toon,417,814,183,56.11510791366906
r50k_base,50,1,3,csv,396,773,183,53.78787878787878
r50k_base,50,1,3,json_compact,414,964,183,55.79710144927537
r50k_base,50,1,3,yaml,469,965,183,60.98081023454158
r50k_base,50,1,3,xml,893,1649,183,79.50727883538634
r50k_base,50,1,3,json_pretty,824,1401,183,77.79126213592234
o200k_base,50,1,4,mini,169,297,169,0.0
o200k_base,50,1,4,toon_flat,324,814,169,47.839506172839506
o200k_base,50,1,4,toon,324,814,169,47.839506172839506
o200k_base,50,1,4,csv,302,773,169,44.03973509933775
o200k_base,50,1,4,json_compact,341,966,169,50.43988269794721
o200k_base,50,1,4,yaml,393,967,169,56.99745547073791
o200k_base,50,1,4,xml,594,1649,169,71.54882154882155
o200k_base,50,1,4,json_pretty,506,1403,169,66.600790513834
cl100k_base,50,1,4,mini,168,297,168,0.0
cl100k_base,50,1,4,toon_flat,328,814,168,48.78048780487805
cl100k_base,50,1,4,toon,328,814,168,48.78048780487805
cl100k_base,50,1,4,csv,306,773,168,45.09803921568628
cl100k_base,50,1,4,json_compact,348,966,168,51.724137931034484
cl100k_base,50,1,4,yaml,413,967,168,59.32203389830508
cl100k_base,50,1,4,xml,605,1649,168,72.23140495867769
cl100k_base,50,1,4,json_pretty,514,1403,168,67.31517509727627
r50k_base,50,1,4,mini,178,297,178,0.0
r50k_base,50,1,4,toon_flat,412,814,178,56.79611650485437
r50k_base,50,1,4,toon,412,814,178,56.79611650485437
r50k_base,50,1,4,csv,391,773,178,54.47570332480819
r50k_base,50,1,4,json_compact,411,966,178,56.69099756690997
r50k_base,50,1,4,yaml,465,967,178,61.72043010752688
r50k_base,50,1,4,xml,888,1649,178,79.95495495495496
r50k_base,50,1,4,json_pretty,820,1403,178,78.29268292682927
o200k_base,50,10,0,mini,1668,2906,1668,0.0
o200k_base,50,10,0,toon_flat,1735,3478,1668,3.861671469740634
o200k_base,50,10,0,toon,1735,3478,1668,3.861671469740634
o200k_base,50,10,0,csv,1686,3381,1668,1.0676156583629894
o200k_base,50,10,0,json_compact,3303,9331,1668,49.50045413260672
o200k_base,50,10,0,yaml,3787,9388,1668,55.95458146289939
o200k_base,50,10,0,xml,5832,16273,1668,71.39917695473251
o200k_base,50,10,0,json_pretty,4818,13458,1668,65.37982565379825
cl100k_base,50,10,0,mini,1665,2906,1665,0.0
cl100k_base,50,10,0,toon_flat,1748,3478,1665,4.748283752860412
cl100k_base,50,10,0,toon,1748,3478,1665,4.748283752860412
cl100k_base,50,10,0,csv,1699,3381,1665,2.0011771630370805
cl100k_base,50,10,0,json_compact,3389,9331,1665,50.87046326349955
cl100k_base,50,10,0,yaml,4009,9388,1665,58.46844599650785
cl100k_base,50,10,0,xml,5973,16273,1665,72.12456052235058
cl100k_base,50,10,0,json_pretty,4905,13458,1665,66.05504587155964
r50k_base,50,10,0,mini,1750,2906,1750,0.0
r50k_base,50,10,0,toon_flat,1993,3478,1750,12.192674360260913
r50k_base,50,10,0,toon,1993,3478,1750,12.192674360260913
r50k_base,50,10,0,csv,1963,3381,1750,10.850738665308201
r50k_base,50,10,0,json_compact,3995,9331,1750,56.19524405506884
r50k_base,50,10,0,yaml,4513,9388,1750,61.223133170839795
r50k_base,50,10,0,xml,8760,16273,1750,80.02283105022832
r50k_base,50,10,0,json_pretty,7881,13458,1750,77.79469610455526
o200k_base,50,10,1,mini,1677,2912,1677,0.0
o200k_base,50,10,1,toon_flat,1741,3484,1677,3.676048248133257
o200k_base,50,10,1,toon,1741,3484,1677,3.676048248133257
o200k_base,50,10,1,csv,1692,3387,1677,0.8865248226950355
o200k_base,50,10,1,json_compact,3306,9331,1677,49.274047186932854
o200k_base,50,10,1,yaml,3796,9384,1677,55.821917808219176
o200k_base,50,10,1,xml,5843,16279,1677,71.2989902447373
o200k_base,50,10,1,json_pretty,4821,13458,1677,65.21468574984442
cl100k_base,50,10,1,mini,1682,2912,1682,0.0
cl100k_base,50,10,1,toon_flat,1760,3484,1682,4.431818181818182
cl100k_base,50,10,1,toon,1760,3484,1682,4.431818181818182
cl100k_base,50,10,1,csv,1711,3387,1682,1.694915254237288
cl100k_base,50,10,1,json_compact,3397,9331,1682,50.48572269649691
cl100k_base,50,10,1,yaml,4010,9384,1682,58.05486284289276
cl100k_base,50,10,1,xml,5983,16279,1682,71.88701320407822
cl100k_base,50,10,1,json_pretty,4913,13458,1682,65.76429879910441
r50k_base,50,10,1,mini,1757,2912,1757,0.0
r50k_base,50,10,1,toon_flat,2000,3484,1757,12.15
r50k_base,50,10,1,toon,2000,3484,1757,12.15
r50k_base,50,10,1,csv,1970,3387,1757,10.81218274111675
r50k_base,50,10,1,json_compact,3996,9331,1757,56.031031031031034
r50k_base,50,10,1,yaml,4501,9384,1757,60.9642301710731
r50k_base,50,10,1,xml,8767,16279,1757,79.95893692255048
r50k_base,50,10,1,json_pretty,7874,13458,1757,77.68605537211074
o200k_base,50,10,2,mini,1678,2928,1678,0.0
o200k_base,50,10,2,toon_flat,1750,3500,1678,4.114285714285714
o200k_base,50,10,2,toon,1750,3500,1678,4.114285714285714
o200k_base,50,10,2,csv,1701,3403,1678,1.352145796590241
o200k_base,50,10,2,json_compact,3305,9345,1678,49.228441754916794
o200k_base,50,10,2,yaml,3786,9402,1678,55.67881669307977
o200k_base,50,10,2,xml,5851,16295,1678,71.32114168518203
o200k_base,50,10,2,json_pretty,4820,13472,1678,65.18672199170125
cl100k_base,50,10,2,mini,1674,2928,1674,0.0
cl100k_base,50,10,2,toon_flat,1763,3500,1674,5.048213272830402
cl100k_base,50,10,2,toon,1763,3500,1674,5.048213272830402
cl100k_base,50,10,2,csv,1714,3403,1674,2.3337222870478413
cl100k_base,50,10,2,json_compact,3386,9345,1674,50.56113408151211
cl100k_base,50,10,2,yaml,4010,9402,1674,58.25436408977556
cl100k_base,50,10,2,xml,5988,16295,1674,72.0440881763527
cl100k_base,50,10,2,json_pretty,4902,13472,1674,65.85067319461444
r50k_base,50,10,2,mini,1760,2928,1760,0.0
r50k_base,50,10,2,toon_flat,2003,3500,1760,12.131802296555168
r50k_base,50,10,2,toon,2003,3500,1760,12.131802296555168
r50k_base,50,10,2,csv,1973,3403,1760,10.795742524075012
r50k_base,50,10,2,json_compact,3997,9345,1760,55.96697523142357
r50k_base,50,10,2,yaml,4506,9402,1760,60.94096759875721
r50k_base,50,10,2,xml,8770,16295,1760,79.93158494868872
r50k_base,50,10,2,json_pretty,7882,13472,1760,77.67064196904339
o200k_base,50,10,3,mini,1673,2896,1673,0.0
o200k_base,50,10,3,toon_flat,1740,3468,1673,3.8505747126436782
o200k_base,50,10,3,toon,1740,3468,1673,3.8505747126436782
o200k_base,50,10,3,csv,1691,3371,1673,1.0644589000591367
o200k_base,50,10,3,json_compact,3300,9313,1673,49.303030303030305
o200k_base,50,10,3,yaml,3785,9368,1673,55.7992073976222
o200k_base,50,10,3,xml,5843,16263,1673,71.36744822864966
o200k_base,50,10,3,json_pretty,4815,13440,1673,65.25441329179647
cl100k_base,50,10,3,mini,1675,2896,1675,0.0
cl100k_base,50,10,3,toon_flat,1759,3468,1675,4.775440591245025
cl100k_base,50,10,3,toon,1759,3468,1675,4.775440591245025
cl100k_base,50,10,3,csv,1710,3371,1675,2.046783625730994
cl100k_base,50,10,3,json_compact,3386,9313,1675,50.53160070880095
cl100k_base,50,10,3,yaml,4008,9368,1675,58.20858283433134
cl100k_base,50,10,3,xml,5981,16263,1675,71.9946497241264
cl100k_base,50,10,3,json_pretty,4902,13440,1675,65.83027335781314
r50k_base,50,10,3,mini,1757,2896,1757,0.0
r50k_base,50,10,3,toon_flat,2000,3468,1757,12.15
r50k_base,50,10,3,toon,2000,3468,1757,12.15
r50k_base,50,10,3,csv,1970,3371,1757,10.81218274111675
r50k_base,50,10,3,json_compact,3994,9313,1757,56.00901352028041
r50k_base,50,10,3,yaml,4506,9368,1757,61.0075454948957
r50k_base,50,10,3,xml,8767,16263,1757,79.95893692255048
r50k_base,50,10,3,json_pretty,7878,13440,1757,77.69738512312769
o200k_base,50,10,4,mini,1675,2913,1675,0.0
o200k_base,50,10,4,toon_flat,1740,3485,1675,3.7356321839080464
o200k_base,50,10,4,toon,1740,3485,1675,3.7356321839080464
o200k_base,50,10,4,csv,1691,3388,1675,0.9461856889414548
o200k_base,50,10,4,json_compact,3308,9336,1675,49.36517533252721
o200k_base,50,10,4,yaml,3790,9391,1675,55.8047493403694
o200k_base,50,10,4,xml,5844,16280,1675,71.33812457221082
o200k_base,50,10,4,json_pretty,4823,13463,1675,65.27057847812566
cl100k_base,50,10,4,mini,1671,2913,1671,0.0
cl100k_base,50,10,4,toon_flat,1758,3485,1671,4.948805460750854
cl100k_base,50,10,4,toon,1758,3485,1671,4.948805460750854
cl100k_base,50,10,4,csv,1709,3388,1671,2.2235225277940316
cl100k_base,50,10,4,json_compact,3395,9336,1671,50.780559646539025
cl100k_base,50,10,4,yaml,4015,9391,1671,58.381070983810716
cl100k_base,50,10,4,xml,5977,16280,1671,72.0428308515978
cl100k_base,50,10,4,json_pretty,4911,13463,1671,65.97434331093464
r50k_base,50,10,4,mini,1752,2913,1752,0.0
r50k_base,50,10,4,toon_flat,1995,3485,1752,12.180451127819548
r50k_base,50,10,4,toon,1995,3485,1752,12.180451127819548
r50k_base,50,10,4,csv,1965,3388,1752,10.839694656488549
r50k_base,50,10,4,json_compact,3995,9336,1752,56.14518147684606
r50k_base,50,10,4,yaml,4503,9391,1752,61.09260493004663
r50k_base,50,10,4,xml,8762,16280,1752,80.00456516776991
r50k_base,50,10,4,json_pretty,7869,13463,1752,77.7354174609226
o200k_base,50,100,0,mini,16688,29055,16688,0.0
o200k_base,50,100,0,toon_flat,15869,30168,16688,-5.161005734450816
o200k_base,50,100,0,toon,15869,30168,16688,-5.161005734450816
o200k_base,50,100,0,csv,15550,29529,16688,-7.318327974276527
o200k_base,50,100,0,json_compact,32925,93012,16688,49.315110098709184
o200k_base,50,100,0,yaml,37787,93609,16688,55.83666340275756
o200k_base,50,100,0,xml,58299,162572,16688,71.37515223245681
o200k_base,50,100,0,json_pretty,47940,134039,16688,65.18982060909471
cl100k_base,50,100,0,mini,16659,29055,16659,0.0
cl100k_base,50,100,0,toon_flat,16004,30168,16659,-4.092726818295426
cl100k_base,50,100,0,toon,16004,30168,16659,-4.092726818295426
cl100k_base,50,100,0,csv,15685,29529,16659,-6.209754542556583
cl100k_base,50,100,0,json_compact,33789,93012,16659,50.696972387463376
cl100k_base,50,100,0,yaml,39991,93609,16659,58.34312720362082
cl100k_base,50,100,0,xml,59660,162572,16659,72.07676835400603
cl100k_base,50,100,0,json_pretty,48805,134039,16659,65.86620223337772
r50k_base,50,100,0,mini,17481,29055,17481,0.0
r50k_base,50,100,0,toon_flat,17814,30168,17481,1.8693162681037385
r50k_base,50,100,0,toon,17814,30168,17481,1.8693162681037385
r50k_base,50,100,0,csv,17694,29529,17481,1.2037978975924042
r50k_base,50,100,0,json_compact,39818,93012,17481,56.09774473856045
r50k_base,50,100,0,yaml,44873,93609,17481,61.043389120406474
r50k_base,50,100,0,xml,87491,162572,17481,80.01965916494268
r50k_base,50,100,0,json_pretty,78399,134039,17481,77.70252171583822
o200k_base,50,100,1,mini,16673,29012,16673,0.0
o200k_base,50,100,1,toon_flat,15864,30125,16673,-5.099596570852244
o200k_base,50,100,1,toon,15864,30125,16673,-5.099596570852244
o200k_base,50,100,1,csv,15545,29486,16673,-7.25635252492763
o200k_base,50,100,1,json_compact,32920,92979,16673,49.35297691373026
o200k_base,50,100,1,yaml,37790,93576,16673,55.87986239745965
o200k_base,50,100,1,xml,58289,162529,16673,71.39597522688672
o200k_base,50,100,1,json_pretty,47935,134006,16673,65.21748200688432
cl100k_base,50,100,1,mini,16640,29012,16640,0.0
cl100k_base,50,100,1,toon_flat,16003,30125,16640,-3.9805036555645814
cl100k_base,50,100,1,toon,16003,30125,16640,-3.9805036555645814
cl100k_base,50,100,1,csv,15684,29486,16640,-6.095383830655445
cl100k_base,50,100,1,json_compact,33785,92979,16640,50.747373094568594
cl100k_base,50,100,1,yaml,39969,93576,16640,58.36773499462083
cl100k_base,50,100,1,xml,59659,162529,16640,72.10814797432073
cl100k_base,50,100,1,json_pretty,48801,134006,16640,65.90233806684289
r50k_base,50,100,1,mini,17473,29012,17473,0.0
r50k_base,50,100,1,toon_flat,17806,30125,17473,1.8701561271481524
r50k_base,50,100,1,toon,17806,30125,17473,1.8701561271481524
r50k_base,50,100,1,csv,17686,29486,17473,1.204342417731539
r50k_base,50,100,1,json_compact,39820,92979,17473,56.12004018081366
r50k_base,50,100,1,yaml,44892,93576,17473,61.077697585315875
r50k_base,50,100,1,xml,87483,162529,17473,80.02697666975298
r50k_base,50,100,1,json_pretty,78410,134006,17473,77.71585256982527
o200k_base,50,100,2,mini,16671,29045,16671,0.0
o200k_base,50,100,2,toon_flat,15863,30158,16671,-5.0936140704784725
o200k_base,50,100,2,toon,15863,30158,16671,-5.0936140704784725
o200k_base,50,100,2,csv,15544,29519,16671,-7.250386001029336
o200k_base,50,100,2,json_compact,32906,93000,16671,49.337506837658786
o200k_base,50,100,2,yaml,37773,93601,16671,55.86530061154793
o200k_base,50,100,2,xml,58270,162562,16671,71.3900806590012
o200k_base,50,100,2,json_pretty,47921,134027,16671,65.21149391707185
cl100k_base,50,100,2,mini,16645,29045,16645,0.0
cl100k_base,50,100,2,toon_flat,16011,30158,16645,-3.959777652863656
cl100k_base,50,100,2,toon,16011,30158,16645,-3.959777652863656
cl100k_base,50,100,2,csv,15692,29519,16645,-6.073158297221514
cl100k_base,50,100,2,json_compact,33782,93000,16645,50.7281984488781
cl100k_base,50,100,2,yaml,39958,93601,16645,58.34376094899645
cl100k_base,50,100,2,xml,59654,162562,16645,72.09742850437523
cl100k_base,50,100,2,json_pretty,48798,134027,16645,65.88999549161852
r50k_base,50,100,2,mini,17516,29045,17516,0.0
r50k_base,50,100,2,toon_flat,17849,30158,17516,1.8656507367359516
r50k_base,50,100,2,toon,17849,30158,17516,1.8656507367359516
r50k_base,50,100,2,csv,17729,29519,17516,1.2014213999661572
r50k_base,50,100,2,json_compact,39851,93000,17516,56.04627236455798
r50k_base,50,100,2,yaml,44913,93601,17516,61.000155856878855
r50k_base,50,100,2,xml,87526,162562,17516,79.98766080935951
r50k_base,50,100,2,json_pretty,78436,134027,17516,77.66841756336376
o200k_base,50,100,3,mini,16669,29098,16669,0.0
o200k_base,50,100,3,toon_flat,15880,30211,16669,-4.968513853904282
o200k_base,50,100,3,toon,15880,30211,16669,-4.968513853904282
o200k_base,50,100,3,csv,15561,29572,16669,-7.120365015101856
o200k_base,50,100,3,json_compact,32912,93061,16669,49.35281964025279
o200k_base,50,100,3,yaml,37768,93648,16669,55.864753230247835
o200k_base,50,100,3,xml,58282,162615,16669,71.39940290312617
o200k_base,50,100,3,json_pretty,47927,134088,16669,65.22002211696956
cl100k_base,50,100,3,mini,16639,29098,16639,0.0
cl100k_base,50,100,3,toon_flat,16003,30211,16639,-3.974254827219896
cl100k_base,50,100,3,toon,16003,30211,16639,-3.974254827219896
cl100k_base,50,100,3,csv,15684,29572,16639,-6.089007906146391
cl100k_base,50,100,3,json_compact,33774,93061,16639,50.73429265115177
cl100k_base,50,100,3,yaml,39985,93648,16639,58.38689508565712
cl100k_base,50,100,3,xml,59668,162615,16639,72.11403097137494
cl100k_base,50,100,3,json_pretty,48790,134088,16639,65.89670014347202
r50k_base,50,100,3,mini,17468,29098,17468,0.0
r50k_base,50,100,3,toon_flat,17801,30211,17468,1.8706814223920003
r50k_base,50,100,3,toon,17801,30211,17468,1.8706814223920003
r50k_base,50,100,3,csv,17681,29572,17468,1.20468299304338
r50k_base,50,100,3,json_compact,39811,93061,17468,56.12267966140011
r50k_base,50,100,3,yaml,44901,93648,17468,61.09663481882364
r50k_base,50,100,3,xml,87478,162615,17468,80.0315507899129
r50k_base,50,100,3,json_pretty,78416,134088,17468,77.72393389104263
o200k_base,50,100,4,mini,16696,29086,16696,0.0
o200k_base,50,100,4,toon_flat,15895,30199,16696,-5.039320541050645
o200k_base,50,100,4,toon,15895,30199,16696,-5.039320541050645
o200k_base,50,100,4,csv,15576,29560,16696,-7.190549563430919
o200k_base,50,100,4,json_compact,32923,93033,16696,49.287731980682196
o200k_base,50,100,4,yaml,37773,93630,16696,55.79911577052392
o200k_base,50,100,4,xml,58322,162603,16696,71.3727238434896
o200k_base,50,100,4,json_pretty,47938,134060,16696,65.17168008677876
cl100k_base,50,100,4,mini,16672,29086,16672,0.0
cl100k_base,50,100,4,toon_flat,16028,30199,16672,-4.017968555028699
cl100k_base,50,100,4,toon,16028,30199,16672,-4.017968555028699
cl100k_base,50,100,4,csv,15709,29560,16672,-6.130243809281303
cl100k_base,50,100,4,json_compact,33786,93033,16672,50.654117089918905
cl100k_base,50,100,4,yaml,39996,93630,16672,58.315831583158314
cl100k_base,50,100,4,xml,59686,162603,16672,72.06715142579499
cl100k_base,50,100,4,json_pretty,48802,134060,16672,65.83746567763616
r50k_base,50,100,4,mini,17530,29086,17530,0.0
r50k_base,50,100,4,toon_flat,17863,30199,17530,1.8641885461568606
r50k_base,50,100,4,toon,17863,30199,17530,1.8641885461568606
r50k_base,50,100,4,csv,17743,29560,17530,1.2004734261398862
r50k_base,50,100,4,json_compact,39857,93033,17530,56.017763504528695
r50k_base,50,100,4,yaml,44913,93630,17530,60.968984481107924
r50k_base,50,100,4,xml,87540,162603,17530,79.97486863148275
r50k_base,50,100,4,json_pretty,78443,134060,17530,77.65256300753414
o200k_base,50,1000,0,mini,166925,290627,166925,0.0
o200k_base,50,1000,0,toon_flat,157240,297141,166925,-6.159374205036886
o200k_base,50,1000,0,toon,157240,297141,166925,-6.159374205036886
o200k_base,50,1000,0,csv,154219,291100,166925,-8.238932946005356
o200k_base,50,1000,0,json_compact,329170,929892,166925,49.28912112282407
o200k_base,50,1000,0,yaml,377646,935865,166925,55.79855208316783
o200k_base,50,1000,0,xml,583024,1625644,166925,71.36910315870358
o200k_base,50,1000,0,json_pretty,479185,1339919,166925,65.1648110854889
cl100k_base,50,1000,0,mini,166550,290627,166550,0.0
cl100k_base,50,1000,0,toon_flat,158577,297141,166550,-5.027841364132251
cl100k_base,50,1000,0,toon,158577,297141,166550,-5.027841364132251
cl100k_base,50,1000,0,csv,155556,291100,166550,-7.067551235567898
cl100k_base,50,1000,0,json_compact,337803,929892,166550,50.6961157834596
cl100k_base,50,1000,0,yaml,399739,935865,166550,58.335313792249444
cl100k_base,50,1000,0,xml,596614,1625644,166550,72.08412809622303
cl100k_base,50,1000,0,json_pretty,487819,1339919,166550,65.8582384039982
r50k_base,50,1000,0,mini,174764,290627,174764,0.0
r50k_base,50,1000,0,toon_flat,175997,297141,174764,0.7005801235248329
r50k_base,50,1000,0,toon,175997,297141,174764,0.7005801235248329
r50k_base,50,1000,0,csv,174977,291100,174764,0.12173028455168394
r50k_base,50,1000,0,json_compact,398009,929892,174764,56.09044016592589
r50k_base,50,1000,0,yaml,448475,935865,174764,61.03149562405932
r50k_base,50,1000,0,xml,874774,1625644,174764,80.02181134784527
r50k_base,50,1000,0,json_pretty,783649,1339919,174764,77.69868908146377
o200k_base,50,1000,1,mini,166860,290374,166860,0.0
o200k_base,50,1000,1,toon_flat,157182,296888,166860,-6.157193571783028
o200k_base,50,1000,1,toon,157182,296888,166860,-6.157193571783028
o200k_base,50,1000,1,csv,154161,290847,166860,-8.237491972677914
o200k_base,50,1000,1,json_compact,329117,929651,166860,49.300704612645355
o200k_base,50,1000,1,yaml,377670,935634,166860,55.81857176900469
o200k_base,50,1000,1,xml,582949,1625391,166860,71.37656982000141
o200k_base,50,1000,1,json_pretty,479132,1339678,166860,65.17452393077482
cl100k_base,50,1000,1,mini,166524,290374,166524,0.0
cl100k_base,50,1000,1,toon_flat,158474,296888,166524,-5.079697616012721
cl100k_base,50,1000,1,toon,158474,296888,166524,-5.079697616012721
cl100k_base,50,1000,1,csv,155453,290847,166524,-7.12176670762224
cl100k_base,50,1000,1,json_compact,337692,929651,166524,50.687608826978426
cl100k_base,50,1000,1,yaml,399689,935634,166524,58.33660671171836
cl100k_base,50,1000,1,xml,596516,1625391,166524,72.08390051566094
cl100k_base,50,1000,1,json_pretty,487708,1339678,166524,65.85579896167378
r50k_base,50,1000,1,mini,174677,290374,174677,0.0
r50k_base,50,1000,1,toon_flat,175910,296888,174677,0.7009266101983969
r50k_base,50,1000,1,toon,175910,296888,174677,0.7009266101983969
r50k_base,50,1000,1,csv,174890,290847,174677,0.1217908399565441
r50k_base,50,1000,1,json_compact,397934,929651,174677,56.104027301009715
r50k_base,50,1000,1,yaml,448523,935634,174677,61.05506295106382
r50k_base,50,1000,1,xml,874687,1625391,174677,80.02977064938658
r50k_base,50,1000,1,json_pretty,783622,1339678,174677,77.70902297281087
o200k_base,50,1000,2,mini,166799,290196,166799,0.0
o200k_base,50,1000,2,toon_flat,157059,296710,166799,-6.201491159373229
o200k_base,50,1000,2,toon,157059,296710,166799,-6.201491159373229
o200k_base,50,1000,2,csv,154038,290669,166799,-8.28431945364131
o200k_base,50,1000,2,json_compact,329056,929473,166799,49.3098439171448
o200k_base,50,1000,2,yaml,377633,935458,166799,55.83039617830009
o200k_base,50,1000,2,xml,582889,1625213,166799,71.3840885657475
o200k_base,50,1000,2,json_pretty,479071,1339500,166799,65.18282258788363
cl100k_base,50,1000,2,mini,166450,290196,166450,0.0
cl100k_base,50,1000,2,toon_flat,158382,296710,166450,-5.094013208571681
cl100k_base,50,1000,2,toon,158382,296710,166450,-5.094013208571681
cl100k_base,50,1000,2,csv,155361,290669,166450,-7.13756991780434
cl100k_base,50,1000,2,json_compact,337656,929473,166450,50.70426706470491
cl100k_base,50,1000,2,yaml,399690,935458,166450,58.35522529960719
cl100k_base,50,1000,2,xml,596404,1625213,166450,72.09106578762047
cl100k_base,50,1000,2,json_pretty,487672,1339500,166450,65.8684525664791
r50k_base,50,1000,2,mini,174741,290196,174741,0.0
r50k_base,50,1000,2,toon_flat,175974,296710,174741,0.7006716901360429
r50k_base,50,1000,2,toon,175974,296710,174741,0.7006716901360429
r50k_base,50,1000,2,csv,174954,290669,174741,0.12174628759559657
r50k_base,50,1000,2,json_compact,397998,929473,174741,56.09500550254022
r50k_base,50,1000,2,yaml,448493,935458,174741,61.038187886990436
r50k_base,50,1000,2,xml,874751,1625213,174741,80.02391537706158
r50k_base,50,1000,2,json_pretty,783653,1339500,174741,77.70173788653906
o200k_base,50,1000,3,mini,166641,290175,166641,0.0
o200k_base,50,1000,3,toon_flat,156988,296689,166641,-6.148877621219456
o200k_base,50,1000,3,toon,156988,296689,166641,-6.148877621219456
o200k_base,50,1000,3,csv,153967,290648,166641,-8.231634051452584
o200k_base,50,1000,3,json_compact,329022,929576,166641,49.35262687601437
o200k_base,50,1000,3,yaml,377651,935517,166641,55.87433900611941
o200k_base,50,1000,3,xml,582752,1625192,166641,71.40447394431936
o200k_base,50,1000,3,json_pretty,479037,1339603,166641,65.21333425184275
cl100k_base,50,1000,3,mini,166367,290175,166367,0.0
cl100k_base,50,1000,3,toon_flat,158388,296689,166367,-5.037629113316665
cl100k_base,50,1000,3,toon,158388,296689,166367,-5.037629113316665
cl100k_base,50,1000,3,csv,155367,290648,166367,-7.080010555652101
cl100k_base,50,1000,3,json_compact,337716,929576,166367,50.73760200878845
cl100k_base,50,1000,3,yaml,399594,935517,166367,58.365991481353575
cl100k_base,50,1000,3,xml,596407,1625192,166367,72.10512284396394
cl100k_base,50,1000,3,json_pretty,487732,1339603,166367,65.88966891653612
r50k_base,50,1000,3,mini,174566,290175,174566,0.0
r50k_base,50,1000,3,toon_flat,175799,296689,174566,0.7013691772990746
r50k_base,50,1000,3,toon,175799,296689,174566,0.7013691772990746
r50k_base,50,1000,3,csv,174779,290648,174566,0.12186818782576854
r50k_base,50,1000,3,json_compact,397947,929576,174566,56.13335444167188
r50k_base,50,1000,3,yaml,448478,935517,174566,61.07590561855877
r50k_base,50,1000,3,xml,874576,1625192,174566,80.0399279193575
r50k_base,50,1000,3,json_pretty,783621,1339603,174566,77.72315953758259
o200k_base,50,1000,4,mini,166878,290431,166878,0.0
o200k_base,50,1000,4,toon_flat,157099,296945,166878,-6.224737267582862
o200k_base,50,1000,4,toon,157099,296945,166878,-6.224737267582862
o200k_base,50,1000,4,csv,154078,290904,166878,-8.30748062669557
o200k_base,50,1000,4,json_compact,329137,929710,166878,49.298316506500335
o200k_base,50,1000,4,yaml,377602,935697,166878,55.805848485972
o200k_base,50,1000,4,xml,582903,1625448,166878,71.37122299936695
o200k_base,50,1000,4,json_pretty,479152,1339737,166878,65.17222092363176
cl100k_base,50,1000,4,mini,166590,290431,166590,0.0
cl100k_base,50,1000,4,toon_flat,158499,296945,166590,-5.1047640679121
cl100k_base,50,1000,4,toon,158499,296945,166590,-5.1047640679121
cl100k_base,50,1000,4,csv,155478,290904,166590,-7.146991857368888
cl100k_base,50,1000,4,json_compact,337820,929710,166590,50.68675626073057
cl100k_base,50,1000,4,yaml,399673,935697,166590,58.31842531269312
cl100k_base,50,1000,4,xml,596557,1625448,166590,72.07475563944435
cl100k_base,50,1000,4,json_pretty,487836,1339737,166590,65.85122869160948
r50k_base,50,1000,4,mini,174848,290431,174848,0.0
r50k_base,50,1000,4,toon_flat,176081,296945,174848,0.7002459095529898
r50k_base,50,1000,4,toon,176081,296945,174848,0.7002459095529898
r50k_base,50,1000,4,csv,175061,290904,174848,0.12167187437521777
r50k_base,50,1000,4,json_compact,398107,929710,174848,56.080149306593455
r50k_base,50,1000,4,yaml,448572,935697,174848,61.02119615134248
r50k_base,50,1000,4,xml,874858,1625448,174848,80.01412800705943
r50k_base,50,1000,4,json_pretty,783784,1339737,174848,77.69181305053434
