documento,tipo,sintetico,condicion,formato_texto,k,limite_tokens,tokens_ref_json,tokens_texto,truncado,bytes_prefijo,bytes_descartados,solicitados,disponibles,emitidos,identicos,recuperados,completados_heuristicamente,duplicados,espurios,recall_disponibles,recall_solicitados,precision,nota_lector,fallo_lector
a,dominio_sintetico,True,json_estricto,json,1,261,5216,5216,True,854,0,50,1,0,0,0,0,0,0,0.0,0.0,,json.loads: JSONDecodeError,False
a,dominio_sintetico,True,json_estricto,json,2,522,5216,5216,True,1658,0,50,4,0,0,0,0,0,0,0.0,0.0,,json.loads: JSONDecodeError,False
a,dominio_sintetico,True,json_estricto,json,3,782,5216,5216,True,2521,0,50,6,0,0,0,0,0,0,0.0,0.0,,json.loads: JSONDecodeError,False
a,dominio_sintetico,True,json_estricto,json,4,1043,5216,5216,True,3399,0,50,9,0,0,0,0,0,0,0.0,0.0,,json.loads: JSONDecodeError,False
a,dominio_sintetico,True,json_estricto,json,5,1304,5216,5216,True,4166,0,50,11,0,0,0,0,0,0,0.0,0.0,,json.loads: JSONDecodeError,False
a,dominio_sintetico,True,json_estricto,json,6,1565,5216,5216,True,5097,0,50,14,0,0,0,0,0,0,0.0,0.0,,json.loads: JSONDecodeError,False
a,dominio_sintetico,True,json_estricto,json,7,1826,5216,5216,True,5887,0,50,17,0,0,0,0,0,0,0.0,0.0,,json.loads: JSONDecodeError,False
a,dominio_sintetico,True,json_estricto,json,8,2086,5216,5216,True,6723,0,50,19,0,0,0,0,0,0,0.0,0.0,,json.loads: JSONDecodeError,False
a,dominio_sintetico,True,json_estricto,json,9,2347,5216,5216,True,7498,0,50,22,0,0,0,0,0,0,0.0,0.0,,json.loads: JSONDecodeError,False
a,dominio_sintetico,True,json_estricto,json,10,2608,5216,5216,True,8377,0,50,24,0,0,0,0,0,0,0.0,0.0,,json.loads: JSONDecodeError,False
a,dominio_sintetico,True,json_estricto,json,11,2869,5216,5216,True,9170,0,50,27,0,0,0,0,0,0,0.0,0.0,,json.loads: JSONDecodeError,False
a,dominio_sintetico,True,json_estricto,json,12,3130,5216,5216,True,10071,0,50,29,0,0,0,0,0,0,0.0,0.0,,json.loads: JSONDecodeError,False
a,dominio_sintetico,True,json_estricto,json,13,3390,5216,5216,True,10865,0,50,32,0,0,0,0,0,0,0.0,0.0,,json.loads: JSONDecodeError,False
a,dominio_sintetico,True,json_estricto,json,14,3651,5216,5216,True,11734,0,50,34,0,0,0,0,0,0,0.0,0.0,,json.loads: JSONDecodeError,False
a,dominio_sintetico,True,json_estricto,json,15,3912,5216,5216,True,12616,0,50,37,0,0,0,0,0,0,0.0,0.0,,json.loads: JSONDecodeError,False
a,dominio_sintetico,True,json_estricto,json,16,4173,5216,5216,True,13425,0,50,39,0,0,0,0,0,0,0.0,0.0,,json.loads: JSONDecodeError,False
a,dominio_sintetico,True,json_estricto,json,17,4434,5216,5216,True,14273,0,50,42,0,0,0,0,0,0,0.0,0.0,,json.loads: JSONDecodeError,False
a,dominio_sintetico,True,json_estricto,json,18,4694,5216,5216,True,15099,0,50,45,0,0,0,0,0,0,0.0,0.0,,json.loads: JSONDecodeError,False
a,dominio_sintetico,True,json_estricto,json,19,4955,5216,5216,True,16018,0,50,47,0,0,0,0,0,0,0.0,0.0,,json.loads: JSONDecodeError,False
a,dominio_sintetico,True,json_estricto,json,20,5216,5216,5216,False,16845,0,50,50,50,50,50,0,0,0,1.0,1.0,1.0,,False
a,dominio_sintetico,True,json_parcial_jiter,json,1,261,5216,5216,True,854,0,50,1,2,1,1,0,0,1,1.0,0.02,0.5,,False
a,dominio_sintetico,True,json_parcial_jiter,json,2,522,5216,5216,True,1658,0,50,4,5,4,4,0,0,1,1.0,0.08,0.8,,False
a,dominio_sintetico,True,json_parcial_jiter,json,3,782,5216,5216,True,2521,0,50,6,7,6,6,0,0,1,1.0,0.12,0.857143,,False
a,dominio_sintetico,True,json_parcial_jiter,json,4,1043,5216,5216,True,3399,0,50,9,10,9,9,0,0,1,1.0,0.18,0.9,,False
a,dominio_sintetico,True,json_parcial_jiter,json,5,1304,5216,5216,True,4166,0,50,11,12,11,11,0,0,1,1.0,0.22,0.916667,,False
a,dominio_sintetico,True,json_parcial_jiter,json,6,1565,5216,5216,True,5097,0,50,14,15,14,14,0,0,1,1.0,0.28,0.933333,,False
a,dominio_sintetico,True,json_parcial_jiter,json,7,1826,5216,5216,True,5887,0,50,17,18,17,17,0,0,1,1.0,0.34,0.944444,,False
a,dominio_sintetico,True,json_parcial_jiter,json,8,2086,5216,5216,True,6723,0,50,19,20,19,19,0,0,1,1.0,0.38,0.95,,False
a,dominio_sintetico,True,json_parcial_jiter,json,9,2347,5216,5216,True,7498,0,50,22,23,22,22,0,0,1,1.0,0.44,0.956522,,False
a,dominio_sintetico,True,json_parcial_jiter,json,10,2608,5216,5216,True,8377,0,50,24,25,24,24,0,0,1,1.0,0.48,0.96,,False
a,dominio_sintetico,True,json_parcial_jiter,json,11,2869,5216,5216,True,9170,0,50,27,28,27,27,0,0,1,1.0,0.54,0.964286,,False
a,dominio_sintetico,True,json_parcial_jiter,json,12,3130,5216,5216,True,10071,0,50,29,30,29,29,0,0,1,1.0,0.58,0.966667,,False
a,dominio_sintetico,True,json_parcial_jiter,json,13,3390,5216,5216,True,10865,0,50,32,33,32,32,0,0,1,1.0,0.64,0.969697,,False
a,dominio_sintetico,True,json_parcial_jiter,json,14,3651,5216,5216,True,11734,0,50,34,35,34,34,0,0,1,1.0,0.68,0.971429,,False
a,dominio_sintetico,True,json_parcial_jiter,json,15,3912,5216,5216,True,12616,0,50,37,38,37,37,0,0,1,1.0,0.74,0.973684,,False
a,dominio_sintetico,True,json_parcial_jiter,json,16,4173,5216,5216,True,13425,0,50,39,40,39,39,0,0,1,1.0,0.78,0.975,,False
a,dominio_sintetico,True,json_parcial_jiter,json,17,4434,5216,5216,True,14273,0,50,42,43,42,42,0,0,1,1.0,0.84,0.976744,,False
a,dominio_sintetico,True,json_parcial_jiter,json,18,4694,5216,5216,True,15099,0,50,45,46,45,45,0,0,1,1.0,0.9,0.978261,,False
a,dominio_sintetico,True,json_parcial_jiter,json,19,4955,5216,5216,True,16018,0,50,47,48,47,47,0,0,1,1.0,0.94,0.979167,,False
a,dominio_sintetico,True,json_parcial_jiter,json,20,5216,5216,5216,False,16845,0,50,50,50,50,50,0,0,0,1.0,1.0,1.0,,False
a,dominio_sintetico,True,jsonl,jsonl,1,261,5216,5263,True,848,0,50,1,1,1,1,0,0,0,1.0,0.02,1.0,,False
a,dominio_sintetico,True,jsonl,jsonl,2,522,5216,5263,True,1643,0,50,4,4,4,4,0,0,0,1.0,0.08,1.0,,False
a,dominio_sintetico,True,jsonl,jsonl,3,782,5216,5263,True,2503,0,50,6,6,6,6,0,0,0,1.0,0.12,1.0,,False
a,dominio_sintetico,True,jsonl,jsonl,4,1043,5216,5263,True,3353,0,50,9,9,9,9,0,0,0,1.0,0.18,1.0,,False
a,dominio_sintetico,True,jsonl,jsonl,5,1304,5216,5263,True,4127,0,50,11,11,11,11,0,0,0,1.0,0.22,1.0,,False
a,dominio_sintetico,True,jsonl,jsonl,6,1565,5216,5263,True,5030,0,50,14,14,14,14,0,0,0,1.0,0.28,1.0,,False
a,dominio_sintetico,True,jsonl,jsonl,7,1826,5216,5263,True,5840,0,50,16,16,16,16,0,0,0,1.0,0.32,1.0,,False
a,dominio_sintetico,True,jsonl,jsonl,8,2086,5216,5263,True,6657,0,50,19,19,19,19,0,0,0,1.0,0.38,1.0,,False
a,dominio_sintetico,True,jsonl,jsonl,9,2347,5216,5263,True,7437,0,50,21,21,21,21,0,0,0,1.0,0.42,1.0,,False
a,dominio_sintetico,True,jsonl,jsonl,10,2608,5216,5263,True,8318,0,50,24,24,24,24,0,0,0,1.0,0.48,1.0,,False
a,dominio_sintetico,True,jsonl,jsonl,11,2869,5216,5263,True,9077,0,50,26,26,26,26,0,0,0,1.0,0.52,1.0,,False
a,dominio_sintetico,True,jsonl,jsonl,12,3130,5216,5263,True,9993,0,50,29,29,29,29,0,0,0,1.0,0.58,1.0,,False
a,dominio_sintetico,True,jsonl,jsonl,13,3390,5216,5263,True,10756,0,50,31,31,31,31,0,0,0,1.0,0.62,1.0,,False
a,dominio_sintetico,True,jsonl,jsonl,14,3651,5216,5263,True,11652,0,50,34,34,34,34,0,0,0,1.0,0.68,1.0,,False
a,dominio_sintetico,True,jsonl,jsonl,15,3912,5216,5263,True,12453,0,50,37,37,37,37,0,0,0,1.0,0.74,1.0,,False
a,dominio_sintetico,True,jsonl,jsonl,16,4173,5216,5263,True,13324,0,50,39,39,39,39,0,0,0,1.0,0.78,1.0,,False
a,dominio_sintetico,True,jsonl,jsonl,17,4434,5216,5263,True,14158,0,50,42,42,42,42,0,0,0,1.0,0.84,1.0,,False
a,dominio_sintetico,True,jsonl,jsonl,18,4694,5216,5263,True,14979,0,50,44,44,44,44,0,0,0,1.0,0.88,1.0,,False
a,dominio_sintetico,True,jsonl,jsonl,19,4955,5216,5263,True,15835,0,50,47,47,47,47,0,0,0,1.0,0.94,1.0,,False
a,dominio_sintetico,True,jsonl,jsonl,20,5216,5216,5263,True,16719,0,50,49,49,49,49,0,0,0,1.0,0.98,1.0,,False
a,dominio_sintetico,True,mini_tolerante,mini,1,261,5216,3200,True,715,0,50,3,3,3,3,0,0,0,1.0,0.06,1.0,,False
a,dominio_sintetico,True,mini_tolerante,mini,2,522,5216,3200,True,1489,0,50,7,7,7,7,0,0,0,1.0,0.14,1.0,,False
a,dominio_sintetico,True,mini_tolerante,mini,3,782,5216,3200,True,2222,0,50,11,11,11,11,0,0,0,1.0,0.22,1.0,,False
a,dominio_sintetico,True,mini_tolerante,mini,4,1043,5216,3200,True,3011,0,50,15,15,15,15,0,0,0,1.0,0.3,1.0,,False
a,dominio_sintetico,True,mini_tolerante,mini,5,1304,5216,3200,True,3692,0,50,19,19,19,19,0,0,0,1.0,0.38,1.0,,False
a,dominio_sintetico,True,mini_tolerante,mini,6,1565,5216,3200,True,4450,0,50,24,24,24,24,0,0,0,1.0,0.48,1.0,,False
a,dominio_sintetico,True,mini_tolerante,mini,7,1826,5216,3200,True,5182,0,50,28,28,28,28,0,0,0,1.0,0.56,1.0,,False
a,dominio_sintetico,True,mini_tolerante,mini,8,2086,5216,3200,True,5920,0,50,32,32,32,32,0,0,0,1.0,0.64,1.0,,False
a,dominio_sintetico,True,mini_tolerante,mini,9,2347,5216,3200,True,6725,0,50,36,36,36,36,0,0,0,1.0,0.72,1.0,,False
a,dominio_sintetico,True,mini_tolerante,mini,10,2608,5216,3200,True,7499,0,50,40,40,40,40,0,0,0,1.0,0.8,1.0,,False
a,dominio_sintetico,True,mini_tolerante,mini,11,2869,5216,3200,True,8196,0,50,44,44,44,44,0,0,0,1.0,0.88,1.0,,False
a,dominio_sintetico,True,mini_tolerante,mini,12,3130,5216,3200,True,9015,0,50,48,48,48,48,0,0,0,1.0,0.96,1.0,,False
a,dominio_sintetico,True,mini_tolerante,mini,13,3390,5216,3200,False,9211,0,50,50,50,50,50,0,0,0,1.0,1.0,1.0,,False
a,dominio_sintetico,True,mini_tolerante,mini,14,3651,5216,3200,False,9211,0,50,50,50,50,50,0,0,0,1.0,1.0,1.0,,False
a,dominio_sintetico,True,mini_tolerante,mini,15,3912,5216,3200,False,9211,0,50,50,50,50,50,0,0,0,1.0,1.0,1.0,,False
a,dominio_sintetico,True,mini_tolerante,mini,16,4173,5216,3200,False,9211,0,50,50,50,50,50,0,0,0,1.0,1.0,1.0,,False
a,dominio_sintetico,True,mini_tolerante,mini,17,4434,5216,3200,False,9211,0,50,50,50,50,50,0,0,0,1.0,1.0,1.0,,False
a,dominio_sintetico,True,mini_tolerante,mini,18,4694,5216,3200,False,9211,0,50,50,50,50,50,0,0,0,1.0,1.0,1.0,,False
a,dominio_sintetico,True,mini_tolerante,mini,19,4955,5216,3200,False,9211,0,50,50,50,50,50,0,0,0,1.0,1.0,1.0,,False
a,dominio_sintetico,True,mini_tolerante,mini,20,5216,5216,3200,False,9211,0,50,50,50,50,50,0,0,0,1.0,1.0,1.0,,False
a,dominio_sintetico,True,json_objetos_completos,json,1,261,5216,5216,True,854,0,50,1,1,1,1,0,0,0,1.0,0.02,1.0,,False
a,dominio_sintetico,True,json_objetos_completos,json,2,522,5216,5216,True,1658,0,50,4,4,4,4,0,0,0,1.0,0.08,1.0,,False
a,dominio_sintetico,True,json_objetos_completos,json,3,782,5216,5216,True,2521,0,50,6,6,6,6,0,0,0,1.0,0.12,1.0,,False
a,dominio_sintetico,True,json_objetos_completos,json,4,1043,5216,5216,True,3399,0,50,9,9,9,9,0,0,0,1.0,0.18,1.0,,False
a,dominio_sintetico,True,json_objetos_completos,json,5,1304,5216,5216,True,4166,0,50,11,11,11,11,0,0,0,1.0,0.22,1.0,,False
a,dominio_sintetico,True,json_objetos_completos,json,6,1565,5216,5216,True,5097,0,50,14,14,14,14,0,0,0,1.0,0.28,1.0,,False
a,dominio_sintetico,True,json_objetos_completos,json,7,1826,5216,5216,True,5887,0,50,17,17,17,17,0,0,0,1.0,0.34,1.0,,False
a,dominio_sintetico,True,json_objetos_completos,json,8,2086,5216,5216,True,6723,0,50,19,19,19,19,0,0,0,1.0,0.38,1.0,,False
a,dominio_sintetico,True,json_objetos_completos,json,9,2347,5216,5216,True,7498,0,50,22,22,22,22,0,0,0,1.0,0.44,1.0,,False
a,dominio_sintetico,True,json_objetos_completos,json,10,2608,5216,5216,True,8377,0,50,24,24,24,24,0,0,0,1.0,0.48,1.0,,False
a,dominio_sintetico,True,json_objetos_completos,json,11,2869,5216,5216,True,9170,0,50,27,27,27,27,0,0,0,1.0,0.54,1.0,,False
a,dominio_sintetico,True,json_objetos_completos,json,12,3130,5216,5216,True,10071,0,50,29,29,29,29,0,0,0,1.0,0.58,1.0,,False
a,dominio_sintetico,True,json_objetos_completos,json,13,3390,5216,5216,True,10865,0,50,32,32,32,32,0,0,0,1.0,0.64,1.0,,False
a,dominio_sintetico,True,json_objetos_completos,json,14,3651,5216,5216,True,11734,0,50,34,34,34,34,0,0,0,1.0,0.68,1.0,,False
a,dominio_sintetico,True,json_objetos_completos,json,15,3912,5216,5216,True,12616,0,50,37,37,37,37,0,0,0,1.0,0.74,1.0,,False
a,dominio_sintetico,True,json_objetos_completos,json,16,4173,5216,5216,True,13425,0,50,39,39,39,39,0,0,0,1.0,0.78,1.0,,False
a,dominio_sintetico,True,json_objetos_completos,json,17,4434,5216,5216,True,14273,0,50,42,42,42,42,0,0,0,1.0,0.84,1.0,,False
a,dominio_sintetico,True,json_objetos_completos,json,18,4694,5216,5216,True,15099,0,50,45,45,45,45,0,0,0,1.0,0.9,1.0,,False
a,dominio_sintetico,True,json_objetos_completos,json,19,4955,5216,5216,True,16018,0,50,47,47,47,47,0,0,0,1.0,0.94,1.0,,False
a,dominio_sintetico,True,json_objetos_completos,json,20,5216,5216,5216,False,16845,0,50,50,50,50,50,0,0,0,1.0,1.0,1.0,,False
a,dominio_sintetico,True,mini_tolerante_sin_cola,mini,1,261,5216,3200,True,715,0,50,3,3,3,3,0,0,0,1.0,0.06,1.0,,False
a,dominio_sintetico,True,mini_tolerante_sin_cola,mini,2,522,5216,3200,True,1489,0,50,7,7,7,7,0,0,0,1.0,0.14,1.0,,False
a,dominio_sintetico,True,mini_tolerante_sin_cola,mini,3,782,5216,3200,True,2222,0,50,11,11,11,11,0,0,0,1.0,0.22,1.0,,False
a,dominio_sintetico,True,mini_tolerante_sin_cola,mini,4,1043,5216,3200,True,3011,0,50,15,15,15,15,0,0,0,1.0,0.3,1.0,,False
a,dominio_sintetico,True,mini_tolerante_sin_cola,mini,5,1304,5216,3200,True,3692,0,50,19,19,19,19,0,0,0,1.0,0.38,1.0,,False
a,dominio_sintetico,True,mini_tolerante_sin_cola,mini,6,1565,5216,3200,True,4450,0,50,24,23,23,23,0,0,0,0.958333,0.46,1.0,,False
a,dominio_sintetico,True,mini_tolerante_sin_cola,mini,7,1826,5216,3200,True,5182,0,50,28,28,28,28,0,0,0,1.0,0.56,1.0,,False
a,dominio_sintetico,True,mini_tolerante_sin_cola,mini,8,2086,5216,3200,True,5920,0,50,32,32,32,32,0,0,0,1.0,0.64,1.0,,False
a,dominio_sintetico,True,mini_tolerante_sin_cola,mini,9,2347,5216,3200,True,6725,0,50,36,36,36,36,0,0,0,1.0,0.72,1.0,,False
a,dominio_sintetico,True,mini_tolerante_sin_cola,mini,10,2608,5216,3200,True,7499,0,50,40,40,40,40,0,0,0,1.0,0.8,1.0,,False
a,dominio_sintetico,True,mini_tolerante_sin_cola,mini,11,2869,5216,3200,True,8196,0,50,44,44,44,44,0,0,0,1.0,0.88,1.0,,False
a,dominio_sintetico,True,mini_tolerante_sin_cola,mini,12,3130,5216,3200,True,9015,0,50,48,48,48,48,0,0,0,1.0,0.96,1.0,,False
a,dominio_sintetico,True,mini_tolerante_sin_cola,mini,13,3390,5216,3200,False,9211,0,50,50,50,50,50,0,0,0,1.0,1.0,1.0,,False
a,dominio_sintetico,True,mini_tolerante_sin_cola,mini,14,3651,5216,3200,False,9211,0,50,50,50,50,50,0,0,0,1.0,1.0,1.0,,False
a,dominio_sintetico,True,mini_tolerante_sin_cola,mini,15,3912,5216,3200,False,9211,0,50,50,50,50,50,0,0,0,1.0,1.0,1.0,,False
a,dominio_sintetico,True,mini_tolerante_sin_cola,mini,16,4173,5216,3200,False,9211,0,50,50,50,50,50,0,0,0,1.0,1.0,1.0,,False
a,dominio_sintetico,True,mini_tolerante_sin_cola,mini,17,4434,5216,3200,False,9211,0,50,50,50,50,50,0,0,0,1.0,1.0,1.0,,False
a,dominio_sintetico,True,mini_tolerante_sin_cola,mini,18,4694,5216,3200,False,9211,0,50,50,50,50,50,0,0,0,1.0,1.0,1.0,,False
a,dominio_sintetico,True,mini_tolerante_sin_cola,mini,19,4955,5216,3200,False,9211,0,50,50,50,50,50,0,0,0,1.0,1.0,1.0,,False
a,dominio_sintetico,True,mini_tolerante_sin_cola,mini,20,5216,5216,3200,False,9211,0,50,50,50,50,50,0,0,0,1.0,1.0,1.0,,False
card,dominio_sintetico,True,json_estricto,json,1,151,3026,3026,True,521,0,50,1,0,0,0,0,0,0,0.0,0.0,,json.loads: JSONDecodeError,False
card,dominio_sintetico,True,json_estricto,json,2,303,3026,3026,True,987,0,50,4,0,0,0,0,0,0,0.0,0.0,,json.loads: JSONDecodeError,False
card,dominio_sintetico,True,json_estricto,json,3,454,3026,3026,True,1504,0,50,6,0,0,0,0,0,0,0.0,0.0,,json.loads: JSONDecodeError,False
card,dominio_sintetico,True,json_estricto,json,4,605,3026,3026,True,1995,0,50,9,0,0,0,0,0,0,0.0,0.0,,json.loads: JSONDecodeError,False
card,dominio_sintetico,True,json_estricto,json,5,757,3026,3026,True,2477,0,50,12,0,0,0,0,0,0,0.0,0.0,,json.loads: JSONDecodeError,False
card,dominio_sintetico,True,json_estricto,json,6,908,3026,3026,True,3020,0,50,14,0,0,0,0,0,0,0.0,0.0,,json.loads: JSONDecodeError,False
card,dominio_sintetico,True,json_estricto,json,7,1059,3026,3026,True,3530,0,50,16,0,0,0,0,0,0,0.0,0.0,,json.loads: JSONDecodeError,False
card,dominio_sintetico,True,json_estricto,json,8,1210,3026,3026,True,4025,0,50,19,0,0,0,0,0,0,0.0,0.0,,json.loads: JSONDecodeError,False
card,dominio_sintetico,True,json_estricto,json,9,1362,3026,3026,True,4490,0,50,22,0,0,0,0,0,0,0.0,0.0,,json.loads: JSONDecodeError,False
card,dominio_sintetico,True,json_estricto,json,10,1513,3026,3026,True,5008,0,50,24,0,0,0,0,0,0,0.0,0.0,,json.loads: JSONDecodeError,False
card,dominio_sintetico,True,json_estricto,json,11,1664,3026,3026,True,5504,0,50,27,0,0,0,0,0,0,0.0,0.0,,json.loads: JSONDecodeError,False
card,dominio_sintetico,True,json_estricto,json,12,1816,3026,3026,True,6033,0,50,29,0,0,0,0,0,0,0.0,0.0,,json.loads: JSONDecodeError,False
card,dominio_sintetico,True,json_estricto,json,13,1967,3026,3026,True,6473,0,50,32,0,0,0,0,0,0,0.0,0.0,,json.loads: JSONDecodeError,False
card,dominio_sintetico,True,json_estricto,json,14,2118,3026,3026,True,7033,0,50,34,0,0,0,0,0,0,0.0,0.0,,json.loads: JSONDecodeError,False
card,dominio_sintetico,True,json_estricto,json,15,2270,3026,3026,True,7509,0,50,37,0,0,0,0,0,0,0.0,0.0,,json.loads: JSONDecodeError,False
card,dominio_sintetico,True,json_estricto,json,16,2421,3026,3026,True,8026,0,50,39,0,0,0,0,0,0,0.0,0.0,,json.loads: JSONDecodeError,False
card,dominio_sintetico,True,json_estricto,json,17,2572,3026,3026,True,8495,0,50,42,0,0,0,0,0,0,0.0,0.0,,json.loads: JSONDecodeError,False
card,dominio_sintetico,True,json_estricto,json,18,2723,3026,3026,True,9013,0,50,44,0,0,0,0,0,0,0.0,0.0,,json.loads: JSONDecodeError,False
card,dominio_sintetico,True,json_estricto,json,19,2875,3026,3026,True,9479,0,50,47,0,0,0,0,0,0,0.0,0.0,,json.loads: JSONDecodeError,False
card,dominio_sintetico,True,json_estricto,json,20,3026,3026,3026,False,9944,0,50,50,50,50,50,0,0,0,1.0,1.0,1.0,,False
card,dominio_sintetico,True,json_parcial_jiter,json,1,151,3026,3026,True,521,0,50,1,2,1,1,0,0,1,1.0,0.02,0.5,,False
card,dominio_sintetico,True,json_parcial_jiter,json,2,303,3026,3026,True,987,0,50,4,5,4,4,0,0,1,1.0,0.08,0.8,,False
card,dominio_sintetico,True,json_parcial_jiter,json,3,454,3026,3026,True,1504,0,50,6,7,6,6,0,0,1,1.0,0.12,0.857143,,False
card,dominio_sintetico,True,json_parcial_jiter,json,4,605,3026,3026,True,1995,0,50,9,10,9,9,0,0,1,1.0,0.18,0.9,,False
card,dominio_sintetico,True,json_parcial_jiter,json,5,757,3026,3026,True,2477,0,50,12,13,12,12,0,0,1,1.0,0.24,0.923077,,False
card,dominio_sintetico,True,json_parcial_jiter,json,6,908,3026,3026,True,3020,0,50,14,15,14,14,0,0,1,1.0,0.28,0.933333,,False
card,dominio_sintetico,True,json_parcial_jiter,json,7,1059,3026,3026,True,3530,0,50,16,17,17,16,1,0,0,1.0,0.32,0.941176,,False
card,dominio_sintetico,True,json_parcial_jiter,json,8,1210,3026,3026,True,4025,0,50,19,20,19,19,0,0,1,1.0,0.38,0.95,,False
card,dominio_sintetico,True,json_parcial_jiter,json,9,1362,3026,3026,True,4490,0,50,22,23,22,22,0,0,1,1.0,0.44,0.956522,,False
card,dominio_sintetico,True,json_parcial_jiter,json,10,1513,3026,3026,True,5008,0,50,24,25,24,24,0,0,1,1.0,0.48,0.96,,False
card,dominio_sintetico,True,json_parcial_jiter,json,11,1664,3026,3026,True,5504,0,50,27,28,27,27,0,0,1,1.0,0.54,0.964286,,False
card,dominio_sintetico,True,json_parcial_jiter,json,12,1816,3026,3026,True,6033,0,50,29,30,29,29,0,0,1,1.0,0.58,0.966667,,False
card,dominio_sintetico,True,json_parcial_jiter,json,13,1967,3026,3026,True,6473,0,50,32,33,32,32,0,0,1,1.0,0.64,0.969697,,False
card,dominio_sintetico,True,json_parcial_jiter,json,14,2118,3026,3026,True,7033,0,50,34,35,34,34,0,0,1,1.0,0.68,0.971429,,False
card,dominio_sintetico,True,json_parcial_jiter,json,15,2270,3026,3026,True,7509,0,50,37,38,37,37,0,0,1,1.0,0.74,0.973684,,False
card,dominio_sintetico,True,json_parcial_jiter,json,16,2421,3026,3026,True,8026,0,50,39,40,39,39,0,0,1,1.0,0.78,0.975,,False
card,dominio_sintetico,True,json_parcial_jiter,json,17,2572,3026,3026,True,8495,0,50,42,43,42,42,0,0,1,1.0,0.84,0.976744,,False
card,dominio_sintetico,True,json_parcial_jiter,json,18,2723,3026,3026,True,9013,0,50,44,45,44,44,0,0,1,1.0,0.88,0.977778,,False
card,dominio_sintetico,True,json_parcial_jiter,json,19,2875,3026,3026,True,9479,0,50,47,48,47,47,0,0,1,1.0,0.94,0.979167,,False
card,dominio_sintetico,True,json_parcial_jiter,json,20,3026,3026,3026,False,9944,0,50,50,50,50,50,0,0,0,1.0,1.0,1.0,,False
card,dominio_sintetico,True,jsonl,jsonl,1,151,3026,3072,True,514,0,50,1,1,1,1,0,0,0,1.0,0.02,1.0,,False
card,dominio_sintetico,True,jsonl,jsonl,2,303,3026,3072,True,969,0,50,4,4,4,4,0,0,0,1.0,0.08,1.0,,False
card,dominio_sintetico,True,jsonl,jsonl,3,454,3026,3072,True,1485,0,50,6,6,6,6,0,0,0,1.0,0.12,1.0,,False
card,dominio_sintetico,True,jsonl,jsonl,4,605,3026,3072,True,1964,0,50,9,9,9,9,0,0,0,1.0,0.18,1.0,,False
card,dominio_sintetico,True,jsonl,jsonl,5,757,3026,3072,True,2451,0,50,11,11,11,11,0,0,0,1.0,0.22,1.0,,False
card,dominio_sintetico,True,jsonl,jsonl,6,908,3026,3072,True,2964,0,50,14,14,14,14,0,0,0,1.0,0.28,1.0,,False
card,dominio_sintetico,True,jsonl,jsonl,7,1059,3026,3072,True,3494,0,50,16,16,16,16,0,0,0,1.0,0.32,1.0,,False
card,dominio_sintetico,True,jsonl,jsonl,8,1210,3026,3072,True,3951,0,50,19,19,19,19,0,0,0,1.0,0.38,1.0,,False
card,dominio_sintetico,True,jsonl,jsonl,9,1362,3026,3072,True,4431,0,50,21,21,21,21,0,0,0,1.0,0.42,1.0,,False
card,dominio_sintetico,True,jsonl,jsonl,10,1513,3026,3072,True,4902,0,50,24,24,24,24,0,0,0,1.0,0.48,1.0,,False
card,dominio_sintetico,True,jsonl,jsonl,11,1664,3026,3072,True,5419,0,50,26,26,26,26,0,0,0,1.0,0.52,1.0,,False
card,dominio_sintetico,True,jsonl,jsonl,12,1816,3026,3072,True,5937,0,50,29,29,29,29,0,0,0,1.0,0.58,1.0,,False
card,dominio_sintetico,True,jsonl,jsonl,13,1967,3026,3072,True,6386,0,50,31,31,31,31,0,0,0,1.0,0.62,1.0,,False
card,dominio_sintetico,True,jsonl,jsonl,14,2118,3026,3072,True,6889,0,50,34,34,34,34,0,0,0,1.0,0.68,1.0,,False
card,dominio_sintetico,True,jsonl,jsonl,15,2270,3026,3072,True,7392,0,50,36,36,36,36,0,0,0,1.0,0.72,1.0,,False
card,dominio_sintetico,True,jsonl,jsonl,16,2421,3026,3072,True,7892,0,50,39,39,39,39,0,0,0,1.0,0.78,1.0,,False
card,dominio_sintetico,True,jsonl,jsonl,17,2572,3026,3072,True,8367,0,50,41,41,41,41,0,0,0,1.0,0.82,1.0,,False
card,dominio_sintetico,True,jsonl,jsonl,18,2723,3026,3072,True,8805,0,50,44,44,44,44,0,0,0,1.0,0.88,1.0,,False
card,dominio_sintetico,True,jsonl,jsonl,19,2875,3026,3072,True,9344,0,50,46,46,46,46,0,0,0,1.0,0.92,1.0,,False
card,dominio_sintetico,True,jsonl,jsonl,20,3026,3026,3072,True,9820,0,50,49,49,49,49,0,0,0,1.0,0.98,1.0,,False
card,dominio_sintetico,True,mini_tolerante,mini,1,151,3026,2075,True,455,0,50,2,2,2,2,0,0,0,1.0,0.04,1.0,,False
card,dominio_sintetico,True,mini_tolerante,mini,2,303,3026,2075,True,848,0,50,6,6,6,6,0,0,0,1.0,0.12,1.0,,False
card,dominio_sintetico,True,mini_tolerante,mini,3,454,3026,2075,True,1343,0,50,9,10,9,9,0,0,1,1.0,0.18,0.9,,False
card,dominio_sintetico,True,mini_tolerante,mini,4,605,3026,2075,True,1771,0,50,14,14,14,14,0,0,0,1.0,0.28,1.0,,False
card,dominio_sintetico,True,mini_tolerante,mini,5,757,3026,2075,True,2246,0,50,17,17,17,17,0,0,0,1.0,0.34,1.0,,False
card,dominio_sintetico,True,mini_tolerante,mini,6,908,3026,2075,True,2648,0,50,21,21,21,21,0,0,0,1.0,0.42,1.0,,False
card,dominio_sintetico,True,mini_tolerante,mini,7,1059,3026,2075,True,3097,0,50,25,25,25,25,0,0,0,1.0,0.5,1.0,,False
card,dominio_sintetico,True,mini_tolerante,mini,8,1210,3026,2075,True,3597,0,50,28,28,28,28,0,0,0,1.0,0.56,1.0,,False
card,dominio_sintetico,True,mini_tolerante,mini,9,1362,3026,2075,True,3969,0,50,32,32,32,32,0,0,0,1.0,0.64,1.0,,False
card,dominio_sintetico,True,mini_tolerante,mini,10,1513,3026,2075,True,4424,0,50,36,36,36,36,0,0,0,1.0,0.72,1.0,,False
card,dominio_sintetico,True,mini_tolerante,mini,11,1664,3026,2075,True,4914,0,50,39,39,39,39,0,0,0,1.0,0.78,1.0,,False
card,dominio_sintetico,True,mini_tolerante,mini,12,1816,3026,2075,True,5300,0,50,43,43,43,43,0,0,0,1.0,0.86,1.0,,False
card,dominio_sintetico,True,mini_tolerante,mini,13,1967,3026,2075,True,5769,0,50,46,46,46,46,0,0,0,1.0,0.92,1.0,,False
card,dominio_sintetico,True,mini_tolerante,mini,14,2118,3026,2075,False,6045,0,50,50,50,50,50,0,0,0,1.0,1.0,1.0,,False
card,dominio_sintetico,True,mini_tolerante,mini,15,2270,3026,2075,False,6045,0,50,50,50,50,50,0,0,0,1.0,1.0,1.0,,False
card,dominio_sintetico,True,mini_tolerante,mini,16,2421,3026,2075,False,6045,0,50,50,50,50,50,0,0,0,1.0,1.0,1.0,,False
card,dominio_sintetico,True,mini_tolerante,mini,17,2572,3026,2075,False,6045,0,50,50,50,50,50,0,0,0,1.0,1.0,1.0,,False
card,dominio_sintetico,True,mini_tolerante,mini,18,2723,3026,2075,False,6045,0,50,50,50,50,50,0,0,0,1.0,1.0,1.0,,False
card,dominio_sintetico,True,mini_tolerante,mini,19,2875,3026,2075,False,6045,0,50,50,50,50,50,0,0,0,1.0,1.0,1.0,,False
card,dominio_sintetico,True,mini_tolerante,mini,20,3026,3026,2075,False,6045,0,50,50,50,50,50,0,0,0,1.0,1.0,1.0,,False
card,dominio_sintetico,True,json_objetos_completos,json,1,151,3026,3026,True,521,0,50,1,1,1,1,0,0,0,1.0,0.02,1.0,,False
card,dominio_sintetico,True,json_objetos_completos,json,2,303,3026,3026,True,987,0,50,4,4,4,4,0,0,0,1.0,0.08,1.0,,False
card,dominio_sintetico,True,json_objetos_completos,json,3,454,3026,3026,True,1504,0,50,6,6,6,6,0,0,0,1.0,0.12,1.0,,False
card,dominio_sintetico,True,json_objetos_completos,json,4,605,3026,3026,True,1995,0,50,9,9,9,9,0,0,0,1.0,0.18,1.0,,False
card,dominio_sintetico,True,json_objetos_completos,json,5,757,3026,3026,True,2477,0,50,12,12,12,12,0,0,0,1.0,0.24,1.0,,False
card,dominio_sintetico,True,json_objetos_completos,json,6,908,3026,3026,True,3020,0,50,14,14,14,14,0,0,0,1.0,0.28,1.0,,False
card,dominio_sintetico,True,json_objetos_completos,json,7,1059,3026,3026,True,3530,0,50,16,16,16,16,0,0,0,1.0,0.32,1.0,,False
card,dominio_sintetico,True,json_objetos_completos,json,8,1210,3026,3026,True,4025,0,50,19,19,19,19,0,0,0,1.0,0.38,1.0,,False
card,dominio_sintetico,True,json_objetos_completos,json,9,1362,3026,3026,True,4490,0,50,22,22,22,22,0,0,0,1.0,0.44,1.0,,False
card,dominio_sintetico,True,json_objetos_completos,json,10,1513,3026,3026,True,5008,0,50,24,24,24,24,0,0,0,1.0,0.48,1.0,,False
card,dominio_sintetico,True,json_objetos_completos,json,11,1664,3026,3026,True,5504,0,50,27,27,27,27,0,0,0,1.0,0.54,1.0,,False
card,dominio_sintetico,True,json_objetos_completos,json,12,1816,3026,3026,True,6033,0,50,29,29,29,29,0,0,0,1.0,0.58,1.0,,False
card,dominio_sintetico,True,json_objetos_completos,json,13,1967,3026,3026,True,6473,0,50,32,32,32,32,0,0,0,1.0,0.64,1.0,,False
card,dominio_sintetico,True,json_objetos_completos,json,14,2118,3026,3026,True,7033,0,50,34,34,34,34,0,0,0,1.0,0.68,1.0,,False
card,dominio_sintetico,True,json_objetos_completos,json,15,2270,3026,3026,True,7509,0,50,37,37,37,37,0,0,0,1.0,0.74,1.0,,False
card,dominio_sintetico,True,json_objetos_completos,json,16,2421,3026,3026,True,8026,0,50,39,39,39,39,0,0,0,1.0,0.78,1.0,,False
card,dominio_sintetico,True,json_objetos_completos,json,17,2572,3026,3026,True,8495,0,50,42,42,42,42,0,0,0,1.0,0.84,1.0,,False
card,dominio_sintetico,True,json_objetos_completos,json,18,2723,3026,3026,True,9013,0,50,44,44,44,44,0,0,0,1.0,0.88,1.0,,False
card,dominio_sintetico,True,json_objetos_completos,json,19,2875,3026,3026,True,9479,0,50,47,47,47,47,0,0,0,1.0,0.94,1.0,,False
card,dominio_sintetico,True,json_objetos_completos,json,20,3026,3026,3026,False,9944,0,50,50,50,50,50,0,0,0,1.0,1.0,1.0,,False
card,dominio_sintetico,True,mini_tolerante_sin_cola,mini,1,151,3026,2075,True,455,0,50,2,2,2,2,0,0,0,1.0,0.04,1.0,,False
card,dominio_sintetico,True,mini_tolerante_sin_cola,mini,2,303,3026,2075,True,848,0,50,6,6,6,6,0,0,0,1.0,0.12,1.0,,False
card,dominio_sintetico,True,mini_tolerante_sin_cola,mini,3,454,3026,2075,True,1343,0,50,9,9,9,9,0,0,0,1.0,0.18,1.0,,False
card,dominio_sintetico,True,mini_tolerante_sin_cola,mini,4,605,3026,2075,True,1771,0,50,14,14,14,14,0,0,0,1.0,0.28,1.0,,False
card,dominio_sintetico,True,mini_tolerante_sin_cola,mini,5,757,3026,2075,True,2246,0,50,17,17,17,17,0,0,0,1.0,0.34,1.0,,False
card,dominio_sintetico,True,mini_tolerante_sin_cola,mini,6,908,3026,2075,True,2648,0,50,21,21,21,21,0,0,0,1.0,0.42,1.0,,False
card,dominio_sintetico,True,mini_tolerante_sin_cola,mini,7,1059,3026,2075,True,3097,0,50,25,25,25,25,0,0,0,1.0,0.5,1.0,,False
card,dominio_sintetico,True,mini_tolerante_sin_cola,mini,8,1210,3026,2075,True,3597,0,50,28,28,28,28,0,0,0,1.0,0.56,1.0,,False
card,dominio_sintetico,True,mini_tolerante_sin_cola,mini,9,1362,3026,2075,True,3969,0,50,32,32,32,32,0,0,0,1.0,0.64,1.0,,False
card,dominio_sintetico,True,mini_tolerante_sin_cola,mini,10,1513,3026,2075,True,4424,0,50,36,35,35,35,0,0,0,0.972222,0.7,1.0,,False
card,dominio_sintetico,True,mini_tolerante_sin_cola,mini,11,1664,3026,2075,True,4914,0,50,39,39,39,39,0,0,0,1.0,0.78,1.0,,False
card,dominio_sintetico,True,mini_tolerante_sin_cola,mini,12,1816,3026,2075,True,5300,0,50,43,43,43,43,0,0,0,1.0,0.86,1.0,,False
card,dominio_sintetico,True,mini_tolerante_sin_cola,mini,13,1967,3026,2075,True,5769,0,50,46,46,46,46,0,0,0,1.0,0.92,1.0,,False
card,dominio_sintetico,True,mini_tolerante_sin_cola,mini,14,2118,3026,2075,False,6045,0,50,50,50,50,50,0,0,0,1.0,1.0,1.0,,False
card,dominio_sintetico,True,mini_tolerante_sin_cola,mini,15,2270,3026,2075,False,6045,0,50,50,50,50,50,0,0,0,1.0,1.0,1.0,,False
card,dominio_sintetico,True,mini_tolerante_sin_cola,mini,16,2421,3026,2075,False,6045,0,50,50,50,50,50,0,0,0,1.0,1.0,1.0,,False
card,dominio_sintetico,True,mini_tolerante_sin_cola,mini,17,2572,3026,2075,False,6045,0,50,50,50,50,50,0,0,0,1.0,1.0,1.0,,False
card,dominio_sintetico,True,mini_tolerante_sin_cola,mini,18,2723,3026,2075,False,6045,0,50,50,50,50,50,0,0,0,1.0,1.0,1.0,,False
card,dominio_sintetico,True,mini_tolerante_sin_cola,mini,19,2875,3026,2075,False,6045,0,50,50,50,50,50,0,0,0,1.0,1.0,1.0,,False
card,dominio_sintetico,True,mini_tolerante_sin_cola,mini,20,3026,3026,2075,False,6045,0,50,50,50,50,50,0,0,0,1.0,1.0,1.0,,False
cat,dominio_sintetico,True,json_estricto,json,1,123,2455,2455,True,387,0,50,2,0,0,0,0,0,0,0.0,0.0,,json.loads: JSONDecodeError,False
cat,dominio_sintetico,True,json_estricto,json,2,246,2455,2455,True,764,0,50,4,0,0,0,0,0,0,0.0,0.0,,json.loads: JSONDecodeError,False
cat,dominio_sintetico,True,json_estricto,json,3,368,2455,2455,True,1145,0,50,7,0,0,0,0,0,0,0.0,0.0,,json.loads: JSONDecodeError,False
cat,dominio_sintetico,True,json_estricto,json,4,491,2455,2455,True,1514,0,50,9,0,0,0,0,0,0,0.0,0.0,,json.loads: JSONDecodeError,False
cat,dominio_sintetico,True,json_estricto,json,5,614,2455,2455,True,1877,0,50,12,0,0,0,0,0,0,0.0,0.0,,json.loads: JSONDecodeError,False
cat,dominio_sintetico,True,json_estricto,json,6,737,2455,2455,True,2254,0,50,14,0,0,0,0,0,0,0.0,0.0,,json.loads: JSONDecodeError,False
cat,dominio_sintetico,True,json_estricto,json,7,859,2455,2455,True,2615,0,50,17,0,0,0,0,0,0,0.0,0.0,,json.loads: JSONDecodeError,False
cat,dominio_sintetico,True,json_estricto,json,8,982,2455,2455,True,3007,0,50,19,0,0,0,0,0,0,0.0,0.0,,json.loads: JSONDecodeError,False
cat,dominio_sintetico,True,json_estricto,json,9,1105,2455,2455,True,3376,0,50,22,0,0,0,0,0,0,0.0,0.0,,json.loads: JSONDecodeError,False
cat,dominio_sintetico,True,json_estricto,json,10,1228,2455,2455,True,3758,0,50,24,0,0,0,0,0,0,0.0,0.0,,json.loads: JSONDecodeError,False
cat,dominio_sintetico,True,json_estricto,json,11,1350,2455,2455,True,4130,0,50,27,0,0,0,0,0,0,0.0,0.0,,json.loads: JSONDecodeError,False
cat,dominio_sintetico,True,json_estricto,json,12,1473,2455,2455,True,4513,0,50,29,0,0,0,0,0,0,0.0,0.0,,json.loads: JSONDecodeError,False
cat,dominio_sintetico,True,json_estricto,json,13,1596,2455,2455,True,4895,0,50,32,0,0,0,0,0,0,0.0,0.0,,json.loads: JSONDecodeError,False
cat,dominio_sintetico,True,json_estricto,json,14,1719,2455,2455,True,5265,0,50,34,0,0,0,0,0,0,0.0,0.0,,json.loads: JSONDecodeError,False
cat,dominio_sintetico,True,json_estricto,json,15,1841,2455,2455,True,5619,0,50,37,0,0,0,0,0,0,0.0,0.0,,json.loads: JSONDecodeError,False
cat,dominio_sintetico,True,json_estricto,json,16,1964,2455,2455,True,6005,0,50,39,0,0,0,0,0,0,0.0,0.0,,json.loads: JSONDecodeError,False
cat,dominio_sintetico,True,json_estricto,json,17,2087,2455,2455,True,6391,0,50,42,0,0,0,0,0,0,0.0,0.0,,json.loads: JSONDecodeError,False
cat,dominio_sintetico,True,json_estricto,json,18,2210,2455,2455,True,6758,0,50,44,0,0,0,0,0,0,0.0,0.0,,json.loads: JSONDecodeError,False
cat,dominio_sintetico,True,json_estricto,json,19,2332,2455,2455,True,7139,0,50,47,0,0,0,0,0,0,0.0,0.0,,json.loads: JSONDecodeError,False
cat,dominio_sintetico,True,json_estricto,json,20,2455,2455,2455,False,7508,0,50,50,50,50,50,0,0,0,1.0,1.0,1.0,,False
cat,dominio_sintetico,True,json_parcial_jiter,json,1,123,2455,2455,True,387,0,50,2,3,2,2,0,0,1,1.0,0.04,0.666667,,False
cat,dominio_sintetico,True,json_parcial_jiter,json,2,246,2455,2455,True,764,0,50,4,5,4,4,0,0,1,1.0,0.08,0.8,,False
cat,dominio_sintetico,True,json_parcial_jiter,json,3,368,2455,2455,True,1145,0,50,7,8,7,7,0,0,1,1.0,0.14,0.875,,False
cat,dominio_sintetico,True,json_parcial_jiter,json,4,491,2455,2455,True,1514,0,50,9,10,9,9,0,0,1,1.0,0.18,0.9,,False
cat,dominio_sintetico,True,json_parcial_jiter,json,5,614,2455,2455,True,1877,0,50,12,13,12,12,0,0,1,1.0,0.24,0.923077,,False
cat,dominio_sintetico,True,json_parcial_jiter,json,6,737,2455,2455,True,2254,0,50,14,15,14,14,0,0,1,1.0,0.28,0.933333,,False
cat,dominio_sintetico,True,json_parcial_jiter,json,7,859,2455,2455,True,2615,0,50,17,18,17,17,0,0,1,1.0,0.34,0.944444,,False
cat,dominio_sintetico,True,json_parcial_jiter,json,8,982,2455,2455,True,3007,0,50,19,20,19,19,0,0,1,1.0,0.38,0.95,,False
cat,dominio_sintetico,True,json_parcial_jiter,json,9,1105,2455,2455,True,3376,0,50,22,23,22,22,0,0,1,1.0,0.44,0.956522,,False
cat,dominio_sintetico,True,json_parcial_jiter,json,10,1228,2455,2455,True,3758,0,50,24,25,24,24,0,0,1,1.0,0.48,0.96,,False
cat,dominio_sintetico,True,json_parcial_jiter,json,11,1350,2455,2455,True,4130,0,50,27,28,27,27,0,0,1,1.0,0.54,0.964286,,False
cat,dominio_sintetico,True,json_parcial_jiter,json,12,1473,2455,2455,True,4513,0,50,29,30,29,29,0,0,1,1.0,0.58,0.966667,,False
cat,dominio_sintetico,True,json_parcial_jiter,json,13,1596,2455,2455,True,4895,0,50,32,33,32,32,0,0,1,1.0,0.64,0.969697,,False
cat,dominio_sintetico,True,json_parcial_jiter,json,14,1719,2455,2455,True,5265,0,50,34,35,34,34,0,0,1,1.0,0.68,0.971429,,False
cat,dominio_sintetico,True,json_parcial_jiter,json,15,1841,2455,2455,True,5619,0,50,37,38,37,37,0,0,1,1.0,0.74,0.973684,,False
cat,dominio_sintetico,True,json_parcial_jiter,json,16,1964,2455,2455,True,6005,0,50,39,40,39,39,0,0,1,1.0,0.78,0.975,,False
cat,dominio_sintetico,True,json_parcial_jiter,json,17,2087,2455,2455,True,6391,0,50,42,43,42,42,0,0,1,1.0,0.84,0.976744,,False
cat,dominio_sintetico,True,json_parcial_jiter,json,18,2210,2455,2455,True,6758,0,50,44,45,44,44,0,0,1,1.0,0.88,0.977778,,False
cat,dominio_sintetico,True,json_parcial_jiter,json,19,2332,2455,2455,True,7139,0,50,47,48,47,47,0,0,1,1.0,0.94,0.979167,,False
cat,dominio_sintetico,True,json_parcial_jiter,json,20,2455,2455,2455,False,7508,0,50,50,50,50,50,0,0,0,1.0,1.0,1.0,,False
cat,dominio_sintetico,True,jsonl,jsonl,1,123,2455,2501,True,376,0,50,2,2,2,2,0,0,0,1.0,0.04,1.0,,False
cat,dominio_sintetico,True,jsonl,jsonl,2,246,2455,2501,True,748,0,50,4,4,4,4,0,0,0,1.0,0.08,1.0,,False
cat,dominio_sintetico,True,jsonl,jsonl,3,368,2455,2501,True,1123,0,50,7,7,7,7,0,0,0,1.0,0.14,1.0,,False
cat,dominio_sintetico,True,jsonl,jsonl,4,491,2455,2501,True,1477,0,50,9,9,9,9,0,0,0,1.0,0.18,1.0,,False
cat,dominio_sintetico,True,jsonl,jsonl,5,614,2455,2501,True,1846,0,50,11,11,11,11,0,0,0,1.0,0.22,1.0,,False
cat,dominio_sintetico,True,jsonl,jsonl,6,737,2455,2501,True,2202,0,50,14,14,14,14,0,0,0,1.0,0.28,1.0,,False
cat,dominio_sintetico,True,jsonl,jsonl,7,859,2455,2501,True,2571,0,50,16,16,16,16,0,0,0,1.0,0.32,1.0,,False
cat,dominio_sintetico,True,jsonl,jsonl,8,982,2455,2501,True,2937,0,50,19,19,19,19,0,0,0,1.0,0.38,1.0,,False
cat,dominio_sintetico,True,jsonl,jsonl,9,1105,2455,2501,True,3317,0,50,21,21,21,21,0,0,0,1.0,0.42,1.0,,False
cat,dominio_sintetico,True,jsonl,jsonl,10,1228,2455,2501,True,3673,0,50,24,24,24,24,0,0,0,1.0,0.48,1.0,,False
cat,dominio_sintetico,True,jsonl,jsonl,11,1350,2455,2501,True,4041,0,50,26,26,26,26,0,0,0,1.0,0.52,1.0,,False
cat,dominio_sintetico,True,jsonl,jsonl,12,1473,2455,2501,True,4419,0,50,29,29,29,29,0,0,0,1.0,0.58,1.0,,False
cat,dominio_sintetico,True,jsonl,jsonl,13,1596,2455,2501,True,4787,0,50,31,31,31,31,0,0,0,1.0,0.62,1.0,,False
cat,dominio_sintetico,True,jsonl,jsonl,14,1719,2455,2501,True,5154,0,50,34,34,34,34,0,0,0,1.0,0.68,1.0,,False
cat,dominio_sintetico,True,jsonl,jsonl,15,1841,2455,2501,True,5510,0,50,36,36,36,36,0,0,0,1.0,0.72,1.0,,False
cat,dominio_sintetico,True,jsonl,jsonl,16,1964,2455,2501,True,5868,0,50,38,38,38,38,0,0,0,1.0,0.76,1.0,,False
cat,dominio_sintetico,True,jsonl,jsonl,17,2087,2455,2501,True,6262,0,50,41,41,41,41,0,0,0,1.0,0.82,1.0,,False
cat,dominio_sintetico,True,jsonl,jsonl,18,2210,2455,2501,True,6626,0,50,43,43,43,43,0,0,0,1.0,0.86,1.0,,False
cat,dominio_sintetico,True,jsonl,jsonl,19,2332,2455,2501,True,6987,0,50,46,46,46,46,0,0,0,1.0,0.92,1.0,,False
cat,dominio_sintetico,True,jsonl,jsonl,20,2455,2455,2501,True,7351,0,50,48,48,48,48,0,0,0,1.0,0.96,1.0,,False
cat,dominio_sintetico,True,mini_tolerante,mini,1,123,2455,1516,True,265,0,50,3,3,3,3,0,0,0,1.0,0.06,1.0,,False
cat,dominio_sintetico,True,mini_tolerante,mini,2,246,2455,1516,True,537,0,50,7,7,7,7,0,0,0,1.0,0.14,1.0,,False
cat,dominio_sintetico,True,mini_tolerante,mini,3,368,2455,1516,True,792,0,50,11,11,11,11,0,0,0,1.0,0.22,1.0,,False
cat,dominio_sintetico,True,mini_tolerante,mini,4,491,2455,1516,True,1048,0,50,15,15,15,15,0,0,0,1.0,0.3,1.0,,False
cat,dominio_sintetico,True,mini_tolerante,mini,5,614,2455,1516,True,1310,0,50,19,19,19,19,0,0,0,1.0,0.38,1.0,,False
cat,dominio_sintetico,True,mini_tolerante,mini,6,737,2455,1516,True,1579,0,50,23,23,23,23,0,0,0,1.0,0.46,1.0,,False
cat,dominio_sintetico,True,mini_tolerante,mini,7,859,2455,1516,True,1841,0,50,28,28,28,28,0,0,0,1.0,0.56,1.0,,False
cat,dominio_sintetico,True,mini_tolerante,mini,8,982,2455,1516,True,2102,0,50,32,32,32,32,0,0,0,1.0,0.64,1.0,,False
cat,dominio_sintetico,True,mini_tolerante,mini,9,1105,2455,1516,True,2360,0,50,36,36,36,36,0,0,0,1.0,0.72,1.0,,False
cat,dominio_sintetico,True,mini_tolerante,mini,10,1228,2455,1516,True,2620,0,50,40,40,40,40,0,0,0,1.0,0.8,1.0,,False
cat,dominio_sintetico,True,mini_tolerante,mini,11,1350,2455,1516,True,2883,0,50,44,44,44,44,0,0,0,1.0,0.88,1.0,,False
cat,dominio_sintetico,True,mini_tolerante,mini,12,1473,2455,1516,True,3145,0,50,48,48,48,48,0,0,0,1.0,0.96,1.0,,False
cat,dominio_sintetico,True,mini_tolerante,mini,13,1596,2455,1516,False,3236,0,50,50,50,50,50,0,0,0,1.0,1.0,1.0,,False
cat,dominio_sintetico,True,mini_tolerante,mini,14,1719,2455,1516,False,3236,0,50,50,50,50,50,0,0,0,1.0,1.0,1.0,,False
cat,dominio_sintetico,True,mini_tolerante,mini,15,1841,2455,1516,False,3236,0,50,50,50,50,50,0,0,0,1.0,1.0,1.0,,False
cat,dominio_sintetico,True,mini_tolerante,mini,16,1964,2455,1516,False,3236,0,50,50,50,50,50,0,0,0,1.0,1.0,1.0,,False
cat,dominio_sintetico,True,mini_tolerante,mini,17,2087,2455,1516,False,3236,0,50,50,50,50,50,0,0,0,1.0,1.0,1.0,,False
cat,dominio_sintetico,True,mini_tolerante,mini,18,2210,2455,1516,False,3236,0,50,50,50,50,50,0,0,0,1.0,1.0,1.0,,False
cat,dominio_sintetico,True,mini_tolerante,mini,19,2332,2455,1516,False,3236,0,50,50,50,50,50,0,0,0,1.0,1.0,1.0,,False
cat,dominio_sintetico,True,mini_tolerante,mini,20,2455,2455,1516,False,3236,0,50,50,50,50,50,0,0,0,1.0,1.0,1.0,,False
cat,dominio_sintetico,True,json_objetos_completos,json,1,123,2455,2455,True,387,0,50,2,2,2,2,0,0,0,1.0,0.04,1.0,,False
cat,dominio_sintetico,True,json_objetos_completos,json,2,246,2455,2455,True,764,0,50,4,4,4,4,0,0,0,1.0,0.08,1.0,,False
cat,dominio_sintetico,True,json_objetos_completos,json,3,368,2455,2455,True,1145,0,50,7,7,7,7,0,0,0,1.0,0.14,1.0,,False
cat,dominio_sintetico,True,json_objetos_completos,json,4,491,2455,2455,True,1514,0,50,9,9,9,9,0,0,0,1.0,0.18,1.0,,False
cat,dominio_sintetico,True,json_objetos_completos,json,5,614,2455,2455,True,1877,0,50,12,12,12,12,0,0,0,1.0,0.24,1.0,,False
cat,dominio_sintetico,True,json_objetos_completos,json,6,737,2455,2455,True,2254,0,50,14,14,14,14,0,0,0,1.0,0.28,1.0,,False
cat,dominio_sintetico,True,json_objetos_completos,json,7,859,2455,2455,True,2615,0,50,17,17,17,17,0,0,0,1.0,0.34,1.0,,False
cat,dominio_sintetico,True,json_objetos_completos,json,8,982,2455,2455,True,3007,0,50,19,19,19,19,0,0,0,1.0,0.38,1.0,,False
cat,dominio_sintetico,True,json_objetos_completos,json,9,1105,2455,2455,True,3376,0,50,22,22,22,22,0,0,0,1.0,0.44,1.0,,False
cat,dominio_sintetico,True,json_objetos_completos,json,10,1228,2455,2455,True,3758,0,50,24,24,24,24,0,0,0,1.0,0.48,1.0,,False
cat,dominio_sintetico,True,json_objetos_completos,json,11,1350,2455,2455,True,4130,0,50,27,27,27,27,0,0,0,1.0,0.54,1.0,,False
cat,dominio_sintetico,True,json_objetos_completos,json,12,1473,2455,2455,True,4513,0,50,29,29,29,29,0,0,0,1.0,0.58,1.0,,False
cat,dominio_sintetico,True,json_objetos_completos,json,13,1596,2455,2455,True,4895,0,50,32,32,32,32,0,0,0,1.0,0.64,1.0,,False
cat,dominio_sintetico,True,json_objetos_completos,json,14,1719,2455,2455,True,5265,0,50,34,34,34,34,0,0,0,1.0,0.68,1.0,,False
cat,dominio_sintetico,True,json_objetos_completos,json,15,1841,2455,2455,True,5619,0,50,37,37,37,37,0,0,0,1.0,0.74,1.0,,False
cat,dominio_sintetico,True,json_objetos_completos,json,16,1964,2455,2455,True,6005,0,50,39,39,39,39,0,0,0,1.0,0.78,1.0,,False
cat,dominio_sintetico,True,json_objetos_completos,json,17,2087,2455,2455,True,6391,0,50,42,42,42,42,0,0,0,1.0,0.84,1.0,,False
cat,dominio_sintetico,True,json_objetos_completos,json,18,2210,2455,2455,True,6758,0,50,44,44,44,44,0,0,0,1.0,0.88,1.0,,False
cat,dominio_sintetico,True,json_objetos_completos,json,19,2332,2455,2455,True,7139,0,50,47,47,47,47,0,0,0,1.0,0.94,1.0,,False
cat,dominio_sintetico,True,json_objetos_completos,json,20,2455,2455,2455,False,7508,0,50,50,50,50,50,0,0,0,1.0,1.0,1.0,,False
cat,dominio_sintetico,True,mini_tolerante_sin_cola,mini,1,123,2455,1516,True,265,0,50,3,3,3,3,0,0,0,1.0,0.06,1.0,,False
cat,dominio_sintetico,True,mini_tolerante_sin_cola,mini,2,246,2455,1516,True,537,0,50,7,7,7,7,0,0,0,1.0,0.14,1.0,,False
cat,dominio_sintetico,True,mini_tolerante_sin_cola,mini,3,368,2455,1516,True,792,0,50,11,11,11,11,0,0,0,1.0,0.22,1.0,,False
cat,dominio_sintetico,True,mini_tolerante_sin_cola,mini,4,491,2455,1516,True,1048,0,50,15,15,15,15,0,0,0,1.0,0.3,1.0,,False
cat,dominio_sintetico,True,mini_tolerante_sin_cola,mini,5,614,2455,1516,True,1310,0,50,19,19,19,19,0,0,0,1.0,0.38,1.0,,False
cat,dominio_sintetico,True,mini_tolerante_sin_cola,mini,6,737,2455,1516,True,1579,0,50,23,23,23,23,0,0,0,1.0,0.46,1.0,,False
cat,dominio_sintetico,True,mini_tolerante_sin_cola,mini,7,859,2455,1516,True,1841,0,50,28,28,28,28,0,0,0,1.0,0.56,1.0,,False
cat,dominio_sintetico,True,mini_tolerante_sin_cola,mini,8,982,2455,1516,True,2102,0,50,32,32,32,32,0,0,0,1.0,0.64,1.0,,False
cat,dominio_sintetico,True,mini_tolerante_sin_cola,mini,9,1105,2455,1516,True,2360,0,50,36,36,36,36,0,0,0,1.0,0.72,1.0,,False
cat,dominio_sintetico,True,mini_tolerante_sin_cola,mini,10,1228,2455,1516,True,2620,0,50,40,39,39,39,0,0,0,0.975,0.78,1.0,,False
cat,dominio_sintetico,True,mini_tolerante_sin_cola,mini,11,1350,2455,1516,True,2883,0,50,44,44,44,44,0,0,0,1.0,0.88,1.0,,False
cat,dominio_sintetico,True,mini_tolerante_sin_cola,mini,12,1473,2455,1516,True,3145,0,50,48,48,48,48,0,0,0,1.0,0.96,1.0,,False
cat,dominio_sintetico,True,mini_tolerante_sin_cola,mini,13,1596,2455,1516,False,3236,0,50,50,50,50,50,0,0,0,1.0,1.0,1.0,,False
cat,dominio_sintetico,True,mini_tolerante_sin_cola,mini,14,1719,2455,1516,False,3236,0,50,50,50,50,50,0,0,0,1.0,1.0,1.0,,False
cat,dominio_sintetico,True,mini_tolerante_sin_cola,mini,15,1841,2455,1516,False,3236,0,50,50,50,50,50,0,0,0,1.0,1.0,1.0,,False
cat,dominio_sintetico,True,mini_tolerante_sin_cola,mini,16,1964,2455,1516,False,3236,0,50,50,50,50,50,0,0,0,1.0,1.0,1.0,,False
cat,dominio_sintetico,True,mini_tolerante_sin_cola,mini,17,2087,2455,1516,False,3236,0,50,50,50,50,50,0,0,0,1.0,1.0,1.0,,False
cat,dominio_sintetico,True,mini_tolerante_sin_cola,mini,18,2210,2455,1516,False,3236,0,50,50,50,50,50,0,0,0,1.0,1.0,1.0,,False
cat,dominio_sintetico,True,mini_tolerante_sin_cola,mini,19,2332,2455,1516,False,3236,0,50,50,50,50,50,0,0,0,1.0,1.0,1.0,,False
cat,dominio_sintetico,True,mini_tolerante_sin_cola,mini,20,2455,2455,1516,False,3236,0,50,50,50,50,50,0,0,0,1.0,1.0,1.0,,False
cls,dominio_sintetico,True,json_estricto,json,1,124,2480,2480,True,421,0,50,2,0,0,0,0,0,0,0.0,0.0,,json.loads: JSONDecodeError,False
cls,dominio_sintetico,True,json_estricto,json,2,248,2480,2480,True,908,0,50,4,0,0,0,0,0,0,0.0,0.0,,json.loads: JSONDecodeError,False
cls,dominio_sintetico,True,json_estricto,json,3,372,2480,2480,True,1336,0,50,6,0,0,0,0,0,0,0.0,0.0,,json.loads: JSONDecodeError,False
cls,dominio_sintetico,True,json_estricto,json,4,496,2480,2480,True,1819,0,50,9,0,0,0,0,0,0,0.0,0.0,,json.loads: JSONDecodeError,False
cls,dominio_sintetico,True,json_estricto,json,5,620,2480,2480,True,2254,0,50,12,0,0,0,0,0,0,0.0,0.0,,json.loads: JSONDecodeError,False
cls,dominio_sintetico,True,json_estricto,json,6,744,2480,2480,True,2728,0,50,14,0,0,0,0,0,0,0.0,0.0,,json.loads: JSONDecodeError,False
cls,dominio_sintetico,True,json_estricto,json,7,868,2480,2480,True,3181,0,50,16,0,0,0,0,0,0,0.0,0.0,,json.loads: JSONDecodeError,False
cls,dominio_sintetico,True,json_estricto,json,8,992,2480,2480,True,3655,0,50,19,0,0,0,0,0,0,0.0,0.0,,json.loads: JSONDecodeError,False
cls,dominio_sintetico,True,json_estricto,json,9,1116,2480,2480,True,4084,0,50,22,0,0,0,0,0,0,0.0,0.0,,json.loads: JSONDecodeError,False
cls,dominio_sintetico,True,json_estricto,json,10,1240,2480,2480,True,4553,0,50,24,0,0,0,0,0,0,0.0,0.0,,json.loads: JSONDecodeError,False
cls,dominio_sintetico,True,json_estricto,json,11,1364,2480,2480,True,5041,0,50,27,0,0,0,0,0,0,0.0,0.0,,json.loads: JSONDecodeError,False
cls,dominio_sintetico,True,json_estricto,json,12,1488,2480,2480,True,5487,0,50,30,0,0,0,0,0,0,0.0,0.0,,json.loads: JSONDecodeError,False
cls,dominio_sintetico,True,json_estricto,json,13,1612,2480,2480,True,5963,0,50,32,0,0,0,0,0,0,0.0,0.0,,json.loads: JSONDecodeError,False
cls,dominio_sintetico,True,json_estricto,json,14,1736,2480,2480,True,6400,0,50,35,0,0,0,0,0,0,0.0,0.0,,json.loads: JSONDecodeError,False
cls,dominio_sintetico,True,json_estricto,json,15,1860,2480,2480,True,6844,0,50,37,0,0,0,0,0,0,0.0,0.0,,json.loads: JSONDecodeError,False
cls,dominio_sintetico,True,json_estricto,json,16,1984,2480,2480,True,7297,0,50,40,0,0,0,0,0,0,0.0,0.0,,json.loads: JSONDecodeError,False
cls,dominio_sintetico,True,json_estricto,json,17,2108,2480,2480,True,7767,0,50,42,0,0,0,0,0,0,0.0,0.0,,json.loads: JSONDecodeError,False
cls,dominio_sintetico,True,json_estricto,json,18,2232,2480,2480,True,8191,0,50,45,0,0,0,0,0,0,0.0,0.0,,json.loads: JSONDecodeError,False
cls,dominio_sintetico,True,json_estricto,json,19,2356,2480,2480,True,8684,0,50,47,0,0,0,0,0,0,0.0,0.0,,json.loads: JSONDecodeError,False
cls,dominio_sintetico,True,json_estricto,json,20,2480,2480,2480,False,9121,0,50,50,50,50,50,0,0,0,1.0,1.0,1.0,,False
cls,dominio_sintetico,True,json_parcial_jiter,json,1,124,2480,2480,True,421,0,50,2,3,2,2,0,0,1,1.0,0.04,0.666667,,False
cls,dominio_sintetico,True,json_parcial_jiter,json,2,248,2480,2480,True,908,0,50,4,5,4,4,0,0,1,1.0,0.08,0.8,,False
cls,dominio_sintetico,True,json_parcial_jiter,json,3,372,2480,2480,True,1336,0,50,6,7,6,6,0,0,1,1.0,0.12,0.857143,,False
cls,dominio_sintetico,True,json_parcial_jiter,json,4,496,2480,2480,True,1819,0,50,9,10,9,9,0,0,1,1.0,0.18,0.9,,False
cls,dominio_sintetico,True,json_parcial_jiter,json,5,620,2480,2480,True,2254,0,50,12,13,12,12,0,0,1,1.0,0.24,0.923077,,False
cls,dominio_sintetico,True,json_parcial_jiter,json,6,744,2480,2480,True,2728,0,50,14,15,14,14,0,0,1,1.0,0.28,0.933333,,False
cls,dominio_sintetico,True,json_parcial_jiter,json,7,868,2480,2480,True,3181,0,50,16,17,16,16,0,0,1,1.0,0.32,0.941176,,False
cls,dominio_sintetico,True,json_parcial_jiter,json,8,992,2480,2480,True,3655,0,50,19,20,19,19,0,0,1,1.0,0.38,0.95,,False
cls,dominio_sintetico,True,json_parcial_jiter,json,9,1116,2480,2480,True,4084,0,50,22,23,22,22,0,0,1,1.0,0.44,0.956522,,False
cls,dominio_sintetico,True,json_parcial_jiter,json,10,1240,2480,2480,True,4553,0,50,24,25,24,24,0,0,1,1.0,0.48,0.96,,False
cls,dominio_sintetico,True,json_parcial_jiter,json,11,1364,2480,2480,True,5041,0,50,27,28,27,27,0,0,1,1.0,0.54,0.964286,,False
cls,dominio_sintetico,True,json_parcial_jiter,json,12,1488,2480,2480,True,5487,0,50,30,31,30,30,0,0,1,1.0,0.6,0.967742,,False
cls,dominio_sintetico,True,json_parcial_jiter,json,13,1612,2480,2480,True,5963,0,50,32,33,32,32,0,0,1,1.0,0.64,0.969697,,False
cls,dominio_sintetico,True,json_parcial_jiter,json,14,1736,2480,2480,True,6400,0,50,35,36,35,35,0,0,1,1.0,0.7,0.972222,,False
cls,dominio_sintetico,True,json_parcial_jiter,json,15,1860,2480,2480,True,6844,0,50,37,38,37,37,0,0,1,1.0,0.74,0.973684,,False
cls,dominio_sintetico,True,json_parcial_jiter,json,16,1984,2480,2480,True,7297,0,50,40,41,40,40,0,0,1,1.0,0.8,0.97561,,False
cls,dominio_sintetico,True,json_parcial_jiter,json,17,2108,2480,2480,True,7767,0,50,42,43,42,42,0,0,1,1.0,0.84,0.976744,,False
cls,dominio_sintetico,True,json_parcial_jiter,json,18,2232,2480,2480,True,8191,0,50,45,46,45,45,0,0,1,1.0,0.9,0.978261,,False
cls,dominio_sintetico,True,json_parcial_jiter,json,19,2356,2480,2480,True,8684,0,50,47,48,47,47,0,0,1,1.0,0.94,0.979167,,False
cls,dominio_sintetico,True,json_parcial_jiter,json,20,2480,2480,2480,False,9121,0,50,50,50,50,50,0,0,0,1.0,1.0,1.0,,False
cls,dominio_sintetico,True,jsonl,jsonl,1,124,2480,2526,True,410,0,50,2,2,2,2,0,0,0,1.0,0.04,1.0,,False
cls,dominio_sintetico,True,jsonl,jsonl,2,248,2480,2526,True,887,0,50,4,4,4,4,0,0,0,1.0,0.08,1.0,,False
cls,dominio_sintetico,True,jsonl,jsonl,3,372,2480,2526,True,1320,0,50,6,6,6,6,0,0,0,1.0,0.12,1.0,,False
cls,dominio_sintetico,True,jsonl,jsonl,4,496,2480,2526,True,1772,0,50,9,9,9,9,0,0,0,1.0,0.18,1.0,,False
cls,dominio_sintetico,True,jsonl,jsonl,5,620,2480,2526,True,2218,0,50,11,11,11,11,0,0,0,1.0,0.22,1.0,,False
cls,dominio_sintetico,True,jsonl,jsonl,6,744,2480,2526,True,2670,0,50,14,14,14,14,0,0,0,1.0,0.28,1.0,,False
cls,dominio_sintetico,True,jsonl,jsonl,7,868,2480,2526,True,3129,0,50,16,16,16,16,0,0,0,1.0,0.32,1.0,,False
cls,dominio_sintetico,True,jsonl,jsonl,8,992,2480,2526,True,3574,0,50,19,19,19,19,0,0,0,1.0,0.38,1.0,,False
cls,dominio_sintetico,True,jsonl,jsonl,9,1116,2480,2526,True,4008,0,50,21,21,21,21,0,0,0,1.0,0.42,1.0,,False
cls,dominio_sintetico,True,jsonl,jsonl,10,1240,2480,2526,True,4470,0,50,24,24,24,24,0,0,0,1.0,0.48,1.0,,False
cls,dominio_sintetico,True,jsonl,jsonl,11,1364,2480,2526,True,4929,0,50,26,26,26,26,0,0,0,1.0,0.52,1.0,,False
cls,dominio_sintetico,True,jsonl,jsonl,12,1488,2480,2526,True,5396,0,50,29,29,29,29,0,0,0,1.0,0.58,1.0,,False
cls,dominio_sintetico,True,jsonl,jsonl,13,1612,2480,2526,True,5825,0,50,31,31,31,31,0,0,0,1.0,0.62,1.0,,False
cls,dominio_sintetico,True,jsonl,jsonl,14,1736,2480,2526,True,6274,0,50,34,34,34,34,0,0,0,1.0,0.68,1.0,,False
cls,dominio_sintetico,True,jsonl,jsonl,15,1860,2480,2526,True,6697,0,50,36,36,36,36,0,0,0,1.0,0.72,1.0,,False
cls,dominio_sintetico,True,jsonl,jsonl,16,1984,2480,2526,True,7159,0,50,39,39,39,39,0,0,0,1.0,0.78,1.0,,False
cls,dominio_sintetico,True,jsonl,jsonl,17,2108,2480,2526,True,7583,0,50,41,41,41,41,0,0,0,1.0,0.82,1.0,,False
cls,dominio_sintetico,True,jsonl,jsonl,18,2232,2480,2526,True,8032,0,50,44,44,44,44,0,0,0,1.0,0.88,1.0,,False
cls,dominio_sintetico,True,jsonl,jsonl,19,2356,2480,2526,True,8485,0,50,46,46,46,46,0,0,0,1.0,0.92,1.0,,False
cls,dominio_sintetico,True,jsonl,jsonl,20,2480,2480,2526,True,8946,0,50,49,49,49,49,0,0,0,1.0,0.98,1.0,,False
cls,dominio_sintetico,True,mini_tolerante,mini,1,124,2480,1523,True,387,0,50,3,3,3,3,0,0,0,1.0,0.06,1.0,,False
cls,dominio_sintetico,True,mini_tolerante,mini,2,248,2480,1523,True,811,0,50,7,7,7,7,0,0,0,1.0,0.14,1.0,,False
cls,dominio_sintetico,True,mini_tolerante,mini,3,372,2480,1523,True,1249,0,50,11,11,11,11,0,0,0,1.0,0.22,1.0,,False
cls,dominio_sintetico,True,mini_tolerante,mini,4,496,2480,1523,True,1682,0,50,15,15,15,15,0,0,0,1.0,0.3,1.0,,False
cls,dominio_sintetico,True,mini_tolerante,mini,5,620,2480,1523,True,2113,0,50,19,19,19,19,0,0,0,1.0,0.38,1.0,,False
cls,dominio_sintetico,True,mini_tolerante,mini,6,744,2480,1523,True,2515,0,50,24,24,24,24,0,0,0,1.0,0.48,1.0,,False
cls,dominio_sintetico,True,mini_tolerante,mini,7,868,2480,1523,True,2971,0,50,28,28,28,28,0,0,0,1.0,0.56,1.0,,False
cls,dominio_sintetico,True,mini_tolerante,mini,8,992,2480,1523,True,3404,0,50,32,32,32,32,0,0,0,1.0,0.64,1.0,,False
cls,dominio_sintetico,True,mini_tolerante,mini,9,1116,2480,1523,True,3808,0,50,36,36,36,36,0,0,0,1.0,0.72,1.0,,False
cls,dominio_sintetico,True,mini_tolerante,mini,10,1240,2480,1523,True,4215,0,50,41,41,41,41,0,0,0,1.0,0.82,1.0,,False
cls,dominio_sintetico,True,mini_tolerante,mini,11,1364,2480,1523,True,4650,0,50,45,45,45,45,0,0,0,1.0,0.9,1.0,,False
cls,dominio_sintetico,True,mini_tolerante,mini,12,1488,2480,1523,True,5089,0,50,48,49,48,48,0,0,1,1.0,0.96,0.979592,,False
cls,dominio_sintetico,True,mini_tolerante,mini,13,1612,2480,1523,False,5211,0,50,50,50,50,50,0,0,0,1.0,1.0,1.0,,False
cls,dominio_sintetico,True,mini_tolerante,mini,14,1736,2480,1523,False,5211,0,50,50,50,50,50,0,0,0,1.0,1.0,1.0,,False
cls,dominio_sintetico,True,mini_tolerante,mini,15,1860,2480,1523,False,5211,0,50,50,50,50,50,0,0,0,1.0,1.0,1.0,,False
cls,dominio_sintetico,True,mini_tolerante,mini,16,1984,2480,1523,False,5211,0,50,50,50,50,50,0,0,0,1.0,1.0,1.0,,False
cls,dominio_sintetico,True,mini_tolerante,mini,17,2108,2480,1523,False,5211,0,50,50,50,50,50,0,0,0,1.0,1.0,1.0,,False
cls,dominio_sintetico,True,mini_tolerante,mini,18,2232,2480,1523,False,5211,0,50,50,50,50,50,0,0,0,1.0,1.0,1.0,,False
cls,dominio_sintetico,True,mini_tolerante,mini,19,2356,2480,1523,False,5211,0,50,50,50,50,50,0,0,0,1.0,1.0,1.0,,False
cls,dominio_sintetico,True,mini_tolerante,mini,20,2480,2480,1523,False,5211,0,50,50,50,50,50,0,0,0,1.0,1.0,1.0,,False
cls,dominio_sintetico,True,json_objetos_completos,json,1,124,2480,2480,True,421,0,50,2,2,2,2,0,0,0,1.0,0.04,1.0,,False
cls,dominio_sintetico,True,json_objetos_completos,json,2,248,2480,2480,True,908,0,50,4,4,4,4,0,0,0,1.0,0.08,1.0,,False
cls,dominio_sintetico,True,json_objetos_completos,json,3,372,2480,2480,True,1336,0,50,6,6,6,6,0,0,0,1.0,0.12,1.0,,False
cls,dominio_sintetico,True,json_objetos_completos,json,4,496,2480,2480,True,1819,0,50,9,9,9,9,0,0,0,1.0,0.18,1.0,,False
cls,dominio_sintetico,True,json_objetos_completos,json,5,620,2480,2480,True,2254,0,50,12,12,12,12,0,0,0,1.0,0.24,1.0,,False
cls,dominio_sintetico,True,json_objetos_completos,json,6,744,2480,2480,True,2728,0,50,14,14,14,14,0,0,0,1.0,0.28,1.0,,False
cls,dominio_sintetico,True,json_objetos_completos,json,7,868,2480,2480,True,3181,0,50,16,16,16,16,0,0,0,1.0,0.32,1.0,,False
cls,dominio_sintetico,True,json_objetos_completos,json,8,992,2480,2480,True,3655,0,50,19,19,19,19,0,0,0,1.0,0.38,1.0,,False
cls,dominio_sintetico,True,json_objetos_completos,json,9,1116,2480,2480,True,4084,0,50,22,22,22,22,0,0,0,1.0,0.44,1.0,,False
cls,dominio_sintetico,True,json_objetos_completos,json,10,1240,2480,2480,True,4553,0,50,24,24,24,24,0,0,0,1.0,0.48,1.0,,False
cls,dominio_sintetico,True,json_objetos_completos,json,11,1364,2480,2480,True,5041,0,50,27,27,27,27,0,0,0,1.0,0.54,1.0,,False
cls,dominio_sintetico,True,json_objetos_completos,json,12,1488,2480,2480,True,5487,0,50,30,30,30,30,0,0,0,1.0,0.6,1.0,,False
cls,dominio_sintetico,True,json_objetos_completos,json,13,1612,2480,2480,True,5963,0,50,32,32,32,32,0,0,0,1.0,0.64,1.0,,False
cls,dominio_sintetico,True,json_objetos_completos,json,14,1736,2480,2480,True,6400,0,50,35,35,35,35,0,0,0,1.0,0.7,1.0,,False
cls,dominio_sintetico,True,json_objetos_completos,json,15,1860,2480,2480,True,6844,0,50,37,37,37,37,0,0,0,1.0,0.74,1.0,,False
cls,dominio_sintetico,True,json_objetos_completos,json,16,1984,2480,2480,True,7297,0,50,40,40,40,40,0,0,0,1.0,0.8,1.0,,False
cls,dominio_sintetico,True,json_objetos_completos,json,17,2108,2480,2480,True,7767,0,50,42,42,42,42,0,0,0,1.0,0.84,1.0,,False
cls,dominio_sintetico,True,json_objetos_completos,json,18,2232,2480,2480,True,8191,0,50,45,45,45,45,0,0,0,1.0,0.9,1.0,,False
cls,dominio_sintetico,True,json_objetos_completos,json,19,2356,2480,2480,True,8684,0,50,47,47,47,47,0,0,0,1.0,0.94,1.0,,False
cls,dominio_sintetico,True,json_objetos_completos,json,20,2480,2480,2480,False,9121,0,50,50,50,50,50,0,0,0,1.0,1.0,1.0,,False
cls,dominio_sintetico,True,mini_tolerante_sin_cola,mini,1,124,2480,1523,True,387,0,50,3,3,3,3,0,0,0,1.0,0.06,1.0,,False
cls,dominio_sintetico,True,mini_tolerante_sin_cola,mini,2,248,2480,1523,True,811,0,50,7,7,7,7,0,0,0,1.0,0.14,1.0,,False
cls,dominio_sintetico,True,mini_tolerante_sin_cola,mini,3,372,2480,1523,True,1249,0,50,11,11,11,11,0,0,0,1.0,0.22,1.0,,False
cls,dominio_sintetico,True,mini_tolerante_sin_cola,mini,4,496,2480,1523,True,1682,0,50,15,15,15,15,0,0,0,1.0,0.3,1.0,,False
cls,dominio_sintetico,True,mini_tolerante_sin_cola,mini,5,620,2480,1523,True,2113,0,50,19,19,19,19,0,0,0,1.0,0.38,1.0,,False
cls,dominio_sintetico,True,mini_tolerante_sin_cola,mini,6,744,2480,1523,True,2515,0,50,24,24,24,24,0,0,0,1.0,0.48,1.0,,False
cls,dominio_sintetico,True,mini_tolerante_sin_cola,mini,7,868,2480,1523,True,2971,0,50,28,28,28,28,0,0,0,1.0,0.56,1.0,,False
cls,dominio_sintetico,True,mini_tolerante_sin_cola,mini,8,992,2480,1523,True,3404,0,50,32,32,32,32,0,0,0,1.0,0.64,1.0,,False
cls,dominio_sintetico,True,mini_tolerante_sin_cola,mini,9,1116,2480,1523,True,3808,0,50,36,36,36,36,0,0,0,1.0,0.72,1.0,,False
cls,dominio_sintetico,True,mini_tolerante_sin_cola,mini,10,1240,2480,1523,True,4215,0,50,41,41,41,41,0,0,0,1.0,0.82,1.0,,False
cls,dominio_sintetico,True,mini_tolerante_sin_cola,mini,11,1364,2480,1523,True,4650,0,50,45,45,45,45,0,0,0,1.0,0.9,1.0,,False
cls,dominio_sintetico,True,mini_tolerante_sin_cola,mini,12,1488,2480,1523,True,5089,0,50,48,48,48,48,0,0,0,1.0,0.96,1.0,,False
cls,dominio_sintetico,True,mini_tolerante_sin_cola,mini,13,1612,2480,1523,False,5211,0,50,50,50,50,50,0,0,0,1.0,1.0,1.0,,False
cls,dominio_sintetico,True,mini_tolerante_sin_cola,mini,14,1736,2480,1523,False,5211,0,50,50,50,50,50,0,0,0,1.0,1.0,1.0,,False
cls,dominio_sintetico,True,mini_tolerante_sin_cola,mini,15,1860,2480,1523,False,5211,0,50,50,50,50,50,0,0,0,1.0,1.0,1.0,,False
cls,dominio_sintetico,True,mini_tolerante_sin_cola,mini,16,1984,2480,1523,False,5211,0,50,50,50,50,50,0,0,0,1.0,1.0,1.0,,False
cls,dominio_sintetico,True,mini_tolerante_sin_cola,mini,17,2108,2480,1523,False,5211,0,50,50,50,50,50,0,0,0,1.0,1.0,1.0,,False
cls,dominio_sintetico,True,mini_tolerante_sin_cola,mini,18,2232,2480,1523,False,5211,0,50,50,50,50,50,0,0,0,1.0,1.0,1.0,,False
cls,dominio_sintetico,True,mini_tolerante_sin_cola,mini,19,2356,2480,1523,False,5211,0,50,50,50,50,50,0,0,0,1.0,1.0,1.0,,False
cls,dominio_sintetico,True,mini_tolerante_sin_cola,mini,20,2480,2480,1523,False,5211,0,50,50,50,50,50,0,0,0,1.0,1.0,1.0,,False
code,dominio_sintetico,True,json_estricto,json,1,172,3448,3448,True,588,0,50,1,0,0,0,0,0,0,0.0,0.0,,json.loads: JSONDecodeError,False
code,dominio_sintetico,True,json_estricto,json,2,345,3448,3448,True,1223,0,50,4,0,0,0,0,0,0,0.0,0.0,,json.loads: JSONDecodeError,False
code,dominio_sintetico,True,json_estricto,json,3,517,3448,3448,True,1777,0,50,6,0,0,0,0,0,0,0.0,0.0,,json.loads: JSONDecodeError,False
code,dominio_sintetico,True,json_estricto,json,4,690,3448,3448,True,2391,0,50,9,0,0,0,0,0,0,0.0,0.0,,json.loads: JSONDecodeError,False
code,dominio_sintetico,True,json_estricto,json,5,862,3448,3448,True,2981,0,50,12,0,0,0,0,0,0,0.0,0.0,,json.loads: JSONDecodeError,False
code,dominio_sintetico,True,json_estricto,json,6,1034,3448,3448,True,3617,0,50,14,0,0,0,0,0,0,0.0,0.0,,json.loads: JSONDecodeError,False
code,dominio_sintetico,True,json_estricto,json,7,1207,3448,3448,True,4179,0,50,16,0,0,0,0,0,0,0.0,0.0,,json.loads: JSONDecodeError,False
code,dominio_sintetico,True,json_estricto,json,8,1379,3448,3448,True,4768,0,50,19,0,0,0,0,0,0,0.0,0.0,,json.loads: JSONDecodeError,False
code,dominio_sintetico,True,json_estricto,json,9,1552,3448,3448,True,5360,0,50,22,0,0,0,0,0,0,0.0,0.0,,json.loads: JSONDecodeError,False
code,dominio_sintetico,True,json_estricto,json,10,1724,3448,3448,True,6006,0,50,24,0,0,0,0,0,0,0.0,0.0,,json.loads: JSONDecodeError,False
code,dominio_sintetico,True,json_estricto,json,11,1896,3448,3448,True,6584,0,50,27,0,0,0,0,0,0,0.0,0.0,,json.loads: JSONDecodeError,False
code,dominio_sintetico,True,json_estricto,json,12,2069,3448,3448,True,7175,0,50,29,0,0,0,0,0,0,0.0,0.0,,json.loads: JSONDecodeError,False
code,dominio_sintetico,True,json_estricto,json,13,2241,3448,3448,True,7792,0,50,31,0,0,0,0,0,0,0.0,0.0,,json.loads: JSONDecodeError,False
code,dominio_sintetico,True,json_estricto,json,14,2414,3448,3448,True,8402,0,50,34,0,0,0,0,0,0,0.0,0.0,,json.loads: JSONDecodeError,False
code,dominio_sintetico,True,json_estricto,json,15,2586,3448,3448,True,9035,0,50,37,0,0,0,0,0,0,0.0,0.0,,json.loads: JSONDecodeError,False
code,dominio_sintetico,True,json_estricto,json,16,2758,3448,3448,True,9632,0,50,39,0,0,0,0,0,0,0.0,0.0,,json.loads: JSONDecodeError,False
code,dominio_sintetico,True,json_estricto,json,17,2931,3448,3448,True,10238,0,50,42,0,0,0,0,0,0,0.0,0.0,,json.loads: JSONDecodeError,False
code,dominio_sintetico,True,json_estricto,json,18,3103,3448,3448,True,10801,0,50,44,0,0,0,0,0,0,0.0,0.0,,json.loads: JSONDecodeError,False
code,dominio_sintetico,True,json_estricto,json,19,3276,3448,3448,True,11431,0,50,47,0,0,0,0,0,0,0.0,0.0,,json.loads: JSONDecodeError,False
code,dominio_sintetico,True,json_estricto,json,20,3448,3448,3448,False,12015,0,50,50,50,50,50,0,0,0,1.0,1.0,1.0,,False
code,dominio_sintetico,True,json_parcial_jiter,json,1,172,3448,3448,True,588,0,50,1,2,2,1,1,0,0,1.0,0.02,0.5,,False
code,dominio_sintetico,True,json_parcial_jiter,json,2,345,3448,3448,True,1223,0,50,4,5,4,4,0,0,1,1.0,0.08,0.8,,False
code,dominio_sintetico,True,json_parcial_jiter,json,3,517,3448,3448,True,1777,0,50,6,7,6,6,0,0,1,1.0,0.12,0.857143,,False
code,dominio_sintetico,True,json_parcial_jiter,json,4,690,3448,3448,True,2391,0,50,9,10,9,9,0,0,1,1.0,0.18,0.9,,False
code,dominio_sintetico,True,json_parcial_jiter,json,5,862,3448,3448,True,2981,0,50,12,13,12,12,0,0,1,1.0,0.24,0.923077,,False
code,dominio_sintetico,True,json_parcial_jiter,json,6,1034,3448,3448,True,3617,0,50,14,15,14,14,0,0,1,1.0,0.28,0.933333,,False
code,dominio_sintetico,True,json_parcial_jiter,json,7,1207,3448,3448,True,4179,0,50,16,17,16,16,0,0,1,1.0,0.32,0.941176,,False
code,dominio_sintetico,True,json_parcial_jiter,json,8,1379,3448,3448,True,4768,0,50,19,20,19,19,0,0,1,1.0,0.38,0.95,,False
code,dominio_sintetico,True,json_parcial_jiter,json,9,1552,3448,3448,True,5360,0,50,22,23,22,22,0,0,1,1.0,0.44,0.956522,,False
code,dominio_sintetico,True,json_parcial_jiter,json,10,1724,3448,3448,True,6006,0,50,24,25,24,24,0,0,1,1.0,0.48,0.96,,False
code,dominio_sintetico,True,json_parcial_jiter,json,11,1896,3448,3448,True,6584,0,50,27,28,27,27,0,0,1,1.0,0.54,0.964286,,False
code,dominio_sintetico,True,json_parcial_jiter,json,12,2069,3448,3448,True,7175,0,50,29,30,29,29,0,0,1,1.0,0.58,0.966667,,False
code,dominio_sintetico,True,json_parcial_jiter,json,13,2241,3448,3448,True,7792,0,50,31,32,32,31,1,0,0,1.0,0.62,0.96875,,False
code,dominio_sintetico,True,json_parcial_jiter,json,14,2414,3448,3448,True,8402,0,50,34,35,34,34,0,0,1,1.0,0.68,0.971429,,False
code,dominio_sintetico,True,json_parcial_jiter,json,15,2586,3448,3448,True,9035,0,50,37,38,37,37,0,0,1,1.0,0.74,0.973684,,False
code,dominio_sintetico,True,json_parcial_jiter,json,16,2758,3448,3448,True,9632,0,50,39,40,39,39,0,0,1,1.0,0.78,0.975,,False
code,dominio_sintetico,True,json_parcial_jiter,json,17,2931,3448,3448,True,10238,0,50,42,43,42,42,0,0,1,1.0,0.84,0.976744,,False
code,dominio_sintetico,True,json_parcial_jiter,json,18,3103,3448,3448,True,10801,0,50,44,45,44,44,0,0,1,1.0,0.88,0.977778,,False
code,dominio_sintetico,True,json_parcial_jiter,json,19,3276,3448,3448,True,11431,0,50,47,48,47,47,0,0,1,1.0,0.94,0.979167,,False
code,dominio_sintetico,True,json_parcial_jiter,json,20,3448,3448,3448,False,12015,0,50,50,50,50,50,0,0,0,1.0,1.0,1.0,,False
code,dominio_sintetico,True,jsonl,jsonl,1,172,3448,3452,True,585,0,50,2,2,2,2,0,0,0,1.0,0.04,1.0,,False
code,dominio_sintetico,True,jsonl,jsonl,2,345,3448,3452,True,1216,0,50,4,4,4,4,0,0,0,1.0,0.08,1.0,,False
code,dominio_sintetico,True,jsonl,jsonl,3,517,3448,3452,True,1774,0,50,6,6,6,6,0,0,0,1.0,0.12,1.0,,False
code,dominio_sintetico,True,jsonl,jsonl,4,690,3448,3452,True,2380,0,50,9,9,9,9,0,0,0,1.0,0.18,1.0,,False
code,dominio_sintetico,True,jsonl,jsonl,5,862,3448,3452,True,2978,0,50,12,12,12,12,0,0,0,1.0,0.24,1.0,,False
code,dominio_sintetico,True,jsonl,jsonl,6,1034,3448,3452,True,3610,0,50,14,14,14,14,0,0,0,1.0,0.28,1.0,,False
code,dominio_sintetico,True,jsonl,jsonl,7,1207,3448,3452,True,4168,0,50,16,16,16,16,0,0,0,1.0,0.32,1.0,,False
code,dominio_sintetico,True,jsonl,jsonl,8,1379,3448,3452,True,4756,0,50,19,19,19,19,0,0,0,1.0,0.38,1.0,,False
code,dominio_sintetico,True,jsonl,jsonl,9,1552,3448,3452,True,5347,0,50,22,22,22,22,0,0,0,1.0,0.44,1.0,,False
code,dominio_sintetico,True,jsonl,jsonl,10,1724,3448,3452,True,5993,0,50,24,24,24,24,0,0,0,1.0,0.48,1.0,,False
code,dominio_sintetico,True,jsonl,jsonl,11,1896,3448,3452,True,6569,0,50,27,27,27,27,0,0,0,1.0,0.54,1.0,,False
code,dominio_sintetico,True,jsonl,jsonl,12,2069,3448,3452,True,7152,0,50,29,29,29,29,0,0,0,1.0,0.58,1.0,,False
code,dominio_sintetico,True,jsonl,jsonl,13,2241,3448,3452,True,7772,0,50,31,31,31,31,0,0,0,1.0,0.62,1.0,,False
code,dominio_sintetico,True,jsonl,jsonl,14,2414,3448,3452,True,8383,0,50,34,34,34,34,0,0,0,1.0,0.68,1.0,,False
code,dominio_sintetico,True,jsonl,jsonl,15,2586,3448,3452,True,9012,0,50,37,37,37,37,0,0,0,1.0,0.74,1.0,,False
code,dominio_sintetico,True,jsonl,jsonl,16,2758,3448,3452,True,9601,0,50,39,39,39,39,0,0,0,1.0,0.78,1.0,,False
code,dominio_sintetico,True,jsonl,jsonl,17,2931,3448,3452,True,10217,0,50,42,42,42,42,0,0,0,1.0,0.84,1.0,,False
code,dominio_sintetico,True,jsonl,jsonl,18,3103,3448,3452,True,10776,0,50,44,44,44,44,0,0,0,1.0,0.88,1.0,,False
code,dominio_sintetico,True,jsonl,jsonl,19,3276,3448,3452,True,11390,0,50,47,47,47,47,0,0,0,1.0,0.94,1.0,,False
code,dominio_sintetico,True,jsonl,jsonl,20,3448,3448,3452,True,11991,0,50,49,49,49,49,0,0,0,1.0,0.98,1.0,,False
code,dominio_sintetico,True,mini_tolerante,mini,1,172,3448,2486,True,525,0,50,2,3,2,2,0,0,1,1.0,0.04,0.666667,,False
code,dominio_sintetico,True,mini_tolerante,mini,2,345,3448,2486,True,1095,0,50,6,6,6,6,0,0,0,1.0,0.12,1.0,,False
code,dominio_sintetico,True,mini_tolerante,mini,3,517,3448,2486,True,1535,0,50,9,10,9,9,0,0,1,1.0,0.18,0.9,,False
code,dominio_sintetico,True,mini_tolerante,mini,4,690,3448,2486,True,2121,0,50,13,13,13,13,0,0,0,1.0,0.26,1.0,,False
code,dominio_sintetico,True,mini_tolerante,mini,5,862,3448,2486,True,2594,0,50,16,16,16,16,0,0,0,1.0,0.32,1.0,,False
code,dominio_sintetico,True,mini_tolerante,mini,6,1034,3448,2486,True,3094,0,50,20,20,20,20,0,0,0,1.0,0.4,1.0,,False
code,dominio_sintetico,True,mini_tolerante,mini,7,1207,3448,2486,True,3662,0,50,24,24,24,24,0,0,0,1.0,0.48,1.0,,False
code,dominio_sintetico,True,mini_tolerante,mini,8,1379,3448,2486,True,4174,0,50,27,27,27,27,0,0,0,1.0,0.54,1.0,,False
code,dominio_sintetico,True,mini_tolerante,mini,9,1552,3448,2486,True,4671,0,50,30,30,30,30,0,0,0,1.0,0.6,1.0,,False
code,dominio_sintetico,True,mini_tolerante,mini,10,1724,3448,2486,True,5220,0,50,34,34,34,34,0,0,0,1.0,0.68,1.0,,False
code,dominio_sintetico,True,mini_tolerante,mini,11,1896,3448,2486,True,5810,0,50,38,38,38,38,0,0,0,1.0,0.76,1.0,,False
code,dominio_sintetico,True,mini_tolerante,mini,12,2069,3448,2486,True,6324,0,50,41,42,41,41,0,0,1,1.0,0.82,0.97619,,False
code,dominio_sintetico,True,mini_tolerante,mini,13,2241,3448,2486,True,6798,0,50,44,45,44,44,0,0,1,1.0,0.88,0.977778,,False
code,dominio_sintetico,True,mini_tolerante,mini,14,2414,3448,2486,True,7373,0,50,48,48,48,48,0,0,0,1.0,0.96,1.0,,False
code,dominio_sintetico,True,mini_tolerante,mini,15,2586,3448,2486,False,7568,0,50,50,50,50,50,0,0,0,1.0,1.0,1.0,,False
code,dominio_sintetico,True,mini_tolerante,mini,16,2758,3448,2486,False,7568,0,50,50,50,50,50,0,0,0,1.0,1.0,1.0,,False
code,dominio_sintetico,True,mini_tolerante,mini,17,2931,3448,2486,False,7568,0,50,50,50,50,50,0,0,0,1.0,1.0,1.0,,False
code,dominio_sintetico,True,mini_tolerante,mini,18,3103,3448,2486,False,7568,0,50,50,50,50,50,0,0,0,1.0,1.0,1.0,,False
code,dominio_sintetico,True,mini_tolerante,mini,19,3276,3448,2486,False,7568,0,50,50,50,50,50,0,0,0,1.0,1.0,1.0,,False
code,dominio_sintetico,True,mini_tolerante,mini,20,3448,3448,2486,False,7568,0,50,50,50,50,50,0,0,0,1.0,1.0,1.0,,False
code,dominio_sintetico,True,json_objetos_completos,json,1,172,3448,3448,True,588,0,50,1,1,1,1,0,0,0,1.0,0.02,1.0,,False
code,dominio_sintetico,True,json_objetos_completos,json,2,345,3448,3448,True,1223,0,50,4,4,4,4,0,0,0,1.0,0.08,1.0,,False
code,dominio_sintetico,True,json_objetos_completos,json,3,517,3448,3448,True,1777,0,50,6,6,6,6,0,0,0,1.0,0.12,1.0,,False
code,dominio_sintetico,True,json_objetos_completos,json,4,690,3448,3448,True,2391,0,50,9,9,9,9,0,0,0,1.0,0.18,1.0,,False
code,dominio_sintetico,True,json_objetos_completos,json,5,862,3448,3448,True,2981,0,50,12,12,12,12,0,0,0,1.0,0.24,1.0,,False
code,dominio_sintetico,True,json_objetos_completos,json,6,1034,3448,3448,True,3617,0,50,14,14,14,14,0,0,0,1.0,0.28,1.0,,False
code,dominio_sintetico,True,json_objetos_completos,json,7,1207,3448,3448,True,4179,0,50,16,16,16,16,0,0,0,1.0,0.32,1.0,,False
code,dominio_sintetico,True,json_objetos_completos,json,8,1379,3448,3448,True,4768,0,50,19,19,19,19,0,0,0,1.0,0.38,1.0,,False
code,dominio_sintetico,True,json_objetos_completos,json,9,1552,3448,3448,True,5360,0,50,22,22,22,22,0,0,0,1.0,0.44,1.0,,False
code,dominio_sintetico,True,json_objetos_completos,json,10,1724,3448,3448,True,6006,0,50,24,24,24,24,0,0,0,1.0,0.48,1.0,,False
code,dominio_sintetico,True,json_objetos_completos,json,11,1896,3448,3448,True,6584,0,50,27,27,27,27,0,0,0,1.0,0.54,1.0,,False
code,dominio_sintetico,True,json_objetos_completos,json,12,2069,3448,3448,True,7175,0,50,29,29,29,29,0,0,0,1.0,0.58,1.0,,False
code,dominio_sintetico,True,json_objetos_completos,json,13,2241,3448,3448,True,7792,0,50,31,31,31,31,0,0,0,1.0,0.62,1.0,,False
code,dominio_sintetico,True,json_objetos_completos,json,14,2414,3448,3448,True,8402,0,50,34,34,34,34,0,0,0,1.0,0.68,1.0,,False
code,dominio_sintetico,True,json_objetos_completos,json,15,2586,3448,3448,True,9035,0,50,37,37,37,37,0,0,0,1.0,0.74,1.0,,False
code,dominio_sintetico,True,json_objetos_completos,json,16,2758,3448,3448,True,9632,0,50,39,39,39,39,0,0,0,1.0,0.78,1.0,,False
code,dominio_sintetico,True,json_objetos_completos,json,17,2931,3448,3448,True,10238,0,50,42,42,42,42,0,0,0,1.0,0.84,1.0,,False
code,dominio_sintetico,True,json_objetos_completos,json,18,3103,3448,3448,True,10801,0,50,44,44,44,44,0,0,0,1.0,0.88,1.0,,False
code,dominio_sintetico,True,json_objetos_completos,json,19,3276,3448,3448,True,11431,0,50,47,47,47,47,0,0,0,1.0,0.94,1.0,,False
code,dominio_sintetico,True,json_objetos_completos,json,20,3448,3448,3448,False,12015,0,50,50,50,50,50,0,0,0,1.0,1.0,1.0,,False
code,dominio_sintetico,True,mini_tolerante_sin_cola,mini,1,172,3448,2486,True,525,0,50,2,2,2,2,0,0,0,1.0,0.04,1.0,,False
code,dominio_sintetico,True,mini_tolerante_sin_cola,mini,2,345,3448,2486,True,1095,0,50,6,6,6,6,0,0,0,1.0,0.12,1.0,,False
code,dominio_sintetico,True,mini_tolerante_sin_cola,mini,3,517,3448,2486,True,1535,0,50,9,9,9,9,0,0,0,1.0,0.18,1.0,,False
code,dominio_sintetico,True,mini_tolerante_sin_cola,mini,4,690,3448,2486,True,2121,0,50,13,13,13,13,0,0,0,1.0,0.26,1.0,,False
code,dominio_sintetico,True,mini_tolerante_sin_cola,mini,5,862,3448,2486,True,2594,0,50,16,16,16,16,0,0,0,1.0,0.32,1.0,,False
code,dominio_sintetico,True,mini_tolerante_sin_cola,mini,6,1034,3448,2486,True,3094,0,50,20,20,20,20,0,0,0,1.0,0.4,1.0,,False
code,dominio_sintetico,True,mini_tolerante_sin_cola,mini,7,1207,3448,2486,True,3662,0,50,24,24,24,24,0,0,0,1.0,0.48,1.0,,False
code,dominio_sintetico,True,mini_tolerante_sin_cola,mini,8,1379,3448,2486,True,4174,0,50,27,27,27,27,0,0,0,1.0,0.54,1.0,,False
code,dominio_sintetico,True,mini_tolerante_sin_cola,mini,9,1552,3448,2486,True,4671,0,50,30,30,30,30,0,0,0,1.0,0.6,1.0,,False
code,dominio_sintetico,True,mini_tolerante_sin_cola,mini,10,1724,3448,2486,True,5220,0,50,34,34,34,34,0,0,0,1.0,0.68,1.0,,False
code,dominio_sintetico,True,mini_tolerante_sin_cola,mini,11,1896,3448,2486,True,5810,0,50,38,38,38,38,0,0,0,1.0,0.76,1.0,,False
code,dominio_sintetico,True,mini_tolerante_sin_cola,mini,12,2069,3448,2486,True,6324,0,50,41,41,41,41,0,0,0,1.0,0.82,1.0,,False
code,dominio_sintetico,True,mini_tolerante_sin_cola,mini,13,2241,3448,2486,True,6798,0,50,44,44,44,44,0,0,0,1.0,0.88,1.0,,False
code,dominio_sintetico,True,mini_tolerante_sin_cola,mini,14,2414,3448,2486,True,7373,0,50,48,48,48,48,0,0,0,1.0,0.96,1.0,,False
code,dominio_sintetico,True,mini_tolerante_sin_cola,mini,15,2586,3448,2486,False,7568,0,50,50,50,50,50,0,0,0,1.0,1.0,1.0,,False
code,dominio_sintetico,True,mini_tolerante_sin_cola,mini,16,2758,3448,2486,False,7568,0,50,50,50,50,50,0,0,0,1.0,1.0,1.0,,False
code,dominio_sintetico,True,mini_tolerante_sin_cola,mini,17,2931,3448,2486,False,7568,0,50,50,50,50,50,0,0,0,1.0,1.0,1.0,,False
code,dominio_sintetico,True,mini_tolerante_sin_cola,mini,18,3103,3448,2486,False,7568,0,50,50,50,50,50,0,0,0,1.0,1.0,1.0,,False
code,dominio_sintetico,True,mini_tolerante_sin_cola,mini,19,3276,3448,2486,False,7568,0,50,50,50,50,50,0,0,0,1.0,1.0,1.0,,False
code,dominio_sintetico,True,mini_tolerante_sin_cola,mini,20,3448,3448,2486,False,7568,0,50,50,50,50,50,0,0,0,1.0,1.0,1.0,,False
log,dominio_sintetico,True,json_estricto,json,1,153,3057,3057,True,477,0,50,2,0,0,0,0,0,0,0.0,0.0,,json.loads: JSONDecodeError,False
log,dominio_sintetico,True,json_estricto,json,2,306,3057,3057,True,954,0,50,4,0,0,0,0,0,0,0.0,0.0,,json.loads: JSONDecodeError,False
log,dominio_sintetico,True,json_estricto,json,3,459,3057,3057,True,1390,0,50,7,0,0,0,0,0,0,0.0,0.0,,json.loads: JSONDecodeError,False
log,dominio_sintetico,True,json_estricto,json,4,611,3057,3057,True,1873,0,50,9,0,0,0,0,0,0,0.0,0.0,,json.loads: JSONDecodeError,False
log,dominio_sintetico,True,json_estricto,json,5,764,3057,3057,True,2357,0,50,12,0,0,0,0,0,0,0.0,0.0,,json.loads: JSONDecodeError,False
log,dominio_sintetico,True,json_estricto,json,6,917,3057,3057,True,2861,0,50,14,0,0,0,0,0,0,0.0,0.0,,json.loads: JSONDecodeError,False
log,dominio_sintetico,True,json_estricto,json,7,1070,3057,3057,True,3319,0,50,17,0,0,0,0,0,0,0.0,0.0,,json.loads: JSONDecodeError,False
log,dominio_sintetico,True,json_estricto,json,8,1223,3057,3057,True,3790,0,50,19,0,0,0,0,0,0,0.0,0.0,,json.loads: JSONDecodeError,False
log,dominio_sintetico,True,json_estricto,json,9,1376,3057,3057,True,4248,0,50,22,0,0,0,0,0,0,0.0,0.0,,json.loads: JSONDecodeError,False
log,dominio_sintetico,True,json_estricto,json,10,1529,3057,3057,True,4761,0,50,24,0,0,0,0,0,0,0.0,0.0,,json.loads: JSONDecodeError,False
log,dominio_sintetico,True,json_estricto,json,11,1681,3057,3057,True,5221,0,50,27,0,0,0,0,0,0,0.0,0.0,,json.loads: JSONDecodeError,False
log,dominio_sintetico,True,json_estricto,json,12,1834,3057,3057,True,5704,0,50,29,0,0,0,0,0,0,0.0,0.0,,json.loads: JSONDecodeError,False
log,dominio_sintetico,True,json_estricto,json,13,1987,3057,3057,True,6162,0,50,32,0,0,0,0,0,0,0.0,0.0,,json.loads: JSONDecodeError,False
log,dominio_sintetico,True,json_estricto,json,14,2140,3057,3057,True,6633,0,50,34,0,0,0,0,0,0,0.0,0.0,,json.loads: JSONDecodeError,False
log,dominio_sintetico,True,json_estricto,json,15,2293,3057,3057,True,7120,0,50,37,0,0,0,0,0,0,0.0,0.0,,json.loads: JSONDecodeError,False
log,dominio_sintetico,True,json_estricto,json,16,2446,3057,3057,True,7593,0,50,39,0,0,0,0,0,0,0.0,0.0,,json.loads: JSONDecodeError,False
log,dominio_sintetico,True,json_estricto,json,17,2598,3057,3057,True,8045,0,50,42,0,0,0,0,0,0,0.0,0.0,,json.loads: JSONDecodeError,False
log,dominio_sintetico,True,json_estricto,json,18,2751,3057,3057,True,8534,0,50,44,0,0,0,0,0,0,0.0,0.0,,json.loads: JSONDecodeError,False
log,dominio_sintetico,True,json_estricto,json,19,2904,3057,3057,True,9010,0,50,47,0,0,0,0,0,0,0.0,0.0,,json.loads: JSONDecodeError,False
log,dominio_sintetico,True,json_estricto,json,20,3057,3057,3057,False,9478,0,50,50,50,50,50,0,0,0,1.0,1.0,1.0,,False
log,dominio_sintetico,True,json_parcial_jiter,json,1,153,3057,3057,True,477,0,50,2,3,2,2,0,0,1,1.0,0.04,0.666667,,False
log,dominio_sintetico,True,json_parcial_jiter,json,2,306,3057,3057,True,954,0,50,4,5,4,4,0,0,1,1.0,0.08,0.8,,False
log,dominio_sintetico,True,json_parcial_jiter,json,3,459,3057,3057,True,1390,0,50,7,8,7,7,0,0,1,1.0,0.14,0.875,,False
log,dominio_sintetico,True,json_parcial_jiter,json,4,611,3057,3057,True,1873,0,50,9,10,9,9,0,0,1,1.0,0.18,0.9,,False
log,dominio_sintetico,True,json_parcial_jiter,json,5,764,3057,3057,True,2357,0,50,12,13,12,12,0,0,1,1.0,0.24,0.923077,,False
log,dominio_sintetico,True,json_parcial_jiter,json,6,917,3057,3057,True,2861,0,50,14,15,14,14,0,0,1,1.0,0.28,0.933333,,False
log,dominio_sintetico,True,json_parcial_jiter,json,7,1070,3057,3057,True,3319,0,50,17,18,17,17,0,0,1,1.0,0.34,0.944444,,False
log,dominio_sintetico,True,json_parcial_jiter,json,8,1223,3057,3057,True,3790,0,50,19,20,19,19,0,0,1,1.0,0.38,0.95,,False
log,dominio_sintetico,True,json_parcial_jiter,json,9,1376,3057,3057,True,4248,0,50,22,23,22,22,0,0,1,1.0,0.44,0.956522,,False
log,dominio_sintetico,True,json_parcial_jiter,json,10,1529,3057,3057,True,4761,0,50,24,25,24,24,0,0,1,1.0,0.48,0.96,,False
log,dominio_sintetico,True,json_parcial_jiter,json,11,1681,3057,3057,True,5221,0,50,27,28,27,27,0,0,1,1.0,0.54,0.964286,,False
log,dominio_sintetico,True,json_parcial_jiter,json,12,1834,3057,3057,True,5704,0,50,29,30,29,29,0,0,1,1.0,0.58,0.966667,,False
log,dominio_sintetico,True,json_parcial_jiter,json,13,1987,3057,3057,True,6162,0,50,32,33,32,32,0,0,1,1.0,0.64,0.969697,,False
log,dominio_sintetico,True,json_parcial_jiter,json,14,2140,3057,3057,True,6633,0,50,34,35,34,34,0,0,1,1.0,0.68,0.971429,,False
log,dominio_sintetico,True,json_parcial_jiter,json,15,2293,3057,3057,True,7120,0,50,37,38,37,37,0,0,1,1.0,0.74,0.973684,,False
log,dominio_sintetico,True,json_parcial_jiter,json,16,2446,3057,3057,True,7593,0,50,39,40,39,39,0,0,1,1.0,0.78,0.975,,False
log,dominio_sintetico,True,json_parcial_jiter,json,17,2598,3057,3057,True,8045,0,50,42,43,42,42,0,0,1,1.0,0.84,0.976744,,False
log,dominio_sintetico,True,json_parcial_jiter,json,18,2751,3057,3057,True,8534,0,50,44,45,44,44,0,0,1,1.0,0.88,0.977778,,False
log,dominio_sintetico,True,json_parcial_jiter,json,19,2904,3057,3057,True,9010,0,50,47,48,47,47,0,0,1,1.0,0.94,0.979167,,False
log,dominio_sintetico,True,json_parcial_jiter,json,20,3057,3057,3057,False,9478,0,50,50,50,50,50,0,0,0,1.0,1.0,1.0,,False
log,dominio_sintetico,True,jsonl,jsonl,1,153,3057,3103,True,468,0,50,2,2,2,2,0,0,0,1.0,0.04,1.0,,False
log,dominio_sintetico,True,jsonl,jsonl,2,306,3057,3103,True,935,0,50,4,4,4,4,0,0,0,1.0,0.08,1.0,,False
log,dominio_sintetico,True,jsonl,jsonl,3,459,3057,3103,True,1373,0,50,7,7,7,7,0,0,0,1.0,0.14,1.0,,False
log,dominio_sintetico,True,jsonl,jsonl,4,611,3057,3103,True,1827,0,50,9,9,9,9,0,0,0,1.0,0.18,1.0,,False
log,dominio_sintetico,True,jsonl,jsonl,5,764,3057,3103,True,2330,0,50,12,12,12,12,0,0,0,1.0,0.24,1.0,,False
log,dominio_sintetico,True,jsonl,jsonl,6,917,3057,3103,True,2782,0,50,14,14,14,14,0,0,0,1.0,0.28,1.0,,False
log,dominio_sintetico,True,jsonl,jsonl,7,1070,3057,3103,True,3281,0,50,16,16,16,16,0,0,0,1.0,0.32,1.0,,False
log,dominio_sintetico,True,jsonl,jsonl,8,1223,3057,3103,True,3711,0,50,19,19,19,19,0,0,0,1.0,0.38,1.0,,False
log,dominio_sintetico,True,jsonl,jsonl,9,1376,3057,3103,True,4193,0,50,21,21,21,21,0,0,0,1.0,0.42,1.0,,False
log,dominio_sintetico,True,jsonl,jsonl,10,1529,3057,3103,True,4653,0,50,24,24,24,24,0,0,0,1.0,0.48,1.0,,False
log,dominio_sintetico,True,jsonl,jsonl,11,1681,3057,3103,True,5153,0,50,26,26,26,26,0,0,0,1.0,0.52,1.0,,False
log,dominio_sintetico,True,jsonl,jsonl,12,1834,3057,3103,True,5601,0,50,29,29,29,29,0,0,0,1.0,0.58,1.0,,False
log,dominio_sintetico,True,jsonl,jsonl,13,1987,3057,3103,True,6085,0,50,31,31,31,31,0,0,0,1.0,0.62,1.0,,False
log,dominio_sintetico,True,jsonl,jsonl,14,2140,3057,3103,True,6510,0,50,34,34,34,34,0,0,0,1.0,0.68,1.0,,False
log,dominio_sintetico,True,jsonl,jsonl,15,2293,3057,3103,True,7022,0,50,36,36,36,36,0,0,0,1.0,0.72,1.0,,False
log,dominio_sintetico,True,jsonl,jsonl,16,2446,3057,3103,True,7439,0,50,39,39,39,39,0,0,0,1.0,0.78,1.0,,False
log,dominio_sintetico,True,jsonl,jsonl,17,2598,3057,3103,True,7932,0,50,41,41,41,41,0,0,0,1.0,0.82,1.0,,False
log,dominio_sintetico,True,jsonl,jsonl,18,2751,3057,3103,True,8379,0,50,44,44,44,44,0,0,0,1.0,0.88,1.0,,False
log,dominio_sintetico,True,jsonl,jsonl,19,2904,3057,3103,True,8871,0,50,46,46,46,46,0,0,0,1.0,0.92,1.0,,False
log,dominio_sintetico,True,jsonl,jsonl,20,3057,3057,3103,True,9321,0,50,49,49,49,49,0,0,0,1.0,0.98,1.0,,False
log,dominio_sintetico,True,mini_tolerante,mini,1,153,3057,2105,True,378,0,50,3,3,3,3,0,0,0,1.0,0.06,1.0,,False
log,dominio_sintetico,True,mini_tolerante,mini,2,306,3057,2105,True,708,0,50,6,6,6,6,0,0,0,1.0,0.12,1.0,,False
log,dominio_sintetico,True,mini_tolerante,mini,3,459,3057,2105,True,1052,0,50,10,10,10,10,0,0,0,1.0,0.2,1.0,,False
log,dominio_sintetico,True,mini_tolerante,mini,4,611,3057,2105,True,1441,0,50,14,14,14,14,0,0,0,1.0,0.28,1.0,,False
log,dominio_sintetico,True,mini_tolerante,mini,5,764,3057,2105,True,1813,0,50,17,17,17,17,0,0,0,1.0,0.34,1.0,,False
log,dominio_sintetico,True,mini_tolerante,mini,6,917,3057,2105,True,2151,0,50,21,21,21,21,0,0,0,1.0,0.42,1.0,,False
log,dominio_sintetico,True,mini_tolerante,mini,7,1070,3057,2105,True,2544,0,50,25,25,25,25,0,0,0,1.0,0.5,1.0,,False
log,dominio_sintetico,True,mini_tolerante,mini,8,1223,3057,2105,True,2918,0,50,28,28,28,28,0,0,0,1.0,0.56,1.0,,False
log,dominio_sintetico,True,mini_tolerante,mini,9,1376,3057,2105,True,3262,0,50,32,32,32,32,0,0,0,1.0,0.64,1.0,,False
log,dominio_sintetico,True,mini_tolerante,mini,10,1529,3057,2105,True,3624,0,50,36,36,36,36,0,0,0,1.0,0.72,1.0,,False
log,dominio_sintetico,True,mini_tolerante,mini,11,1681,3057,2105,True,3990,0,50,39,39,39,39,0,0,0,1.0,0.78,1.0,,False
log,dominio_sintetico,True,mini_tolerante,mini,12,1834,3057,2105,True,4330,0,50,43,43,43,43,0,0,0,1.0,0.86,1.0,,False
log,dominio_sintetico,True,mini_tolerante,mini,13,1987,3057,2105,True,4703,0,50,47,47,47,47,0,0,0,1.0,0.94,1.0,,False
log,dominio_sintetico,True,mini_tolerante,mini,14,2140,3057,2105,False,4981,0,50,50,50,50,50,0,0,0,1.0,1.0,1.0,,False
log,dominio_sintetico,True,mini_tolerante,mini,15,2293,3057,2105,False,4981,0,50,50,50,50,50,0,0,0,1.0,1.0,1.0,,False
log,dominio_sintetico,True,mini_tolerante,mini,16,2446,3057,2105,False,4981,0,50,50,50,50,50,0,0,0,1.0,1.0,1.0,,False
log,dominio_sintetico,True,mini_tolerante,mini,17,2598,3057,2105,False,4981,0,50,50,50,50,50,0,0,0,1.0,1.0,1.0,,False
log,dominio_sintetico,True,mini_tolerante,mini,18,2751,3057,2105,False,4981,0,50,50,50,50,50,0,0,0,1.0,1.0,1.0,,False
log,dominio_sintetico,True,mini_tolerante,mini,19,2904,3057,2105,False,4981,0,50,50,50,50,50,0,0,0,1.0,1.0,1.0,,False
log,dominio_sintetico,True,mini_tolerante,mini,20,3057,3057,2105,False,4981,0,50,50,50,50,50,0,0,0,1.0,1.0,1.0,,False
log,dominio_sintetico,True,json_objetos_completos,json,1,153,3057,3057,True,477,0,50,2,2,2,2,0,0,0,1.0,0.04,1.0,,False
log,dominio_sintetico,True,json_objetos_completos,json,2,306,3057,3057,True,954,0,50,4,4,4,4,0,0,0,1.0,0.08,1.0,,False
log,dominio_sintetico,True,json_objetos_completos,json,3,459,3057,3057,True,1390,0,50,7,7,7,7,0,0,0,1.0,0.14,1.0,,False
log,dominio_sintetico,True,json_objetos_completos,json,4,611,3057,3057,True,1873,0,50,9,9,9,9,0,0,0,1.0,0.18,1.0,,False
log,dominio_sintetico,True,json_objetos_completos,json,5,764,3057,3057,True,2357,0,50,12,12,12,12,0,0,0,1.0,0.24,1.0,,False
log,dominio_sintetico,True,json_objetos_completos,json,6,917,3057,3057,True,2861,0,50,14,14,14,14,0,0,0,1.0,0.28,1.0,,False
log,dominio_sintetico,True,json_objetos_completos,json,7,1070,3057,3057,True,3319,0,50,17,17,17,17,0,0,0,1.0,0.34,1.0,,False
log,dominio_sintetico,True,json_objetos_completos,json,8,1223,3057,3057,True,3790,0,50,19,19,19,19,0,0,0,1.0,0.38,1.0,,False
log,dominio_sintetico,True,json_objetos_completos,json,9,1376,3057,3057,True,4248,0,50,22,22,22,22,0,0,0,1.0,0.44,1.0,,False
log,dominio_sintetico,True,json_objetos_completos,json,10,1529,3057,3057,True,4761,0,50,24,24,24,24,0,0,0,1.0,0.48,1.0,,False
log,dominio_sintetico,True,json_objetos_completos,json,11,1681,3057,3057,True,5221,0,50,27,27,27,27,0,0,0,1.0,0.54,1.0,,False
log,dominio_sintetico,True,json_objetos_completos,json,12,1834,3057,3057,True,5704,0,50,29,29,29,29,0,0,0,1.0,0.58,1.0,,False
log,dominio_sintetico,True,json_objetos_completos,json,13,1987,3057,3057,True,6162,0,50,32,32,32,32,0,0,0,1.0,0.64,1.0,,False
log,dominio_sintetico,True,json_objetos_completos,json,14,2140,3057,3057,True,6633,0,50,34,34,34,34,0,0,0,1.0,0.68,1.0,,False
log,dominio_sintetico,True,json_objetos_completos,json,15,2293,3057,3057,True,7120,0,50,37,37,37,37,0,0,0,1.0,0.74,1.0,,False
log,dominio_sintetico,True,json_objetos_completos,json,16,2446,3057,3057,True,7593,0,50,39,39,39,39,0,0,0,1.0,0.78,1.0,,False
log,dominio_sintetico,True,json_objetos_completos,json,17,2598,3057,3057,True,8045,0,50,42,42,42,42,0,0,0,1.0,0.84,1.0,,False
log,dominio_sintetico,True,json_objetos_completos,json,18,2751,3057,3057,True,8534,0,50,44,44,44,44,0,0,0,1.0,0.88,1.0,,False
log,dominio_sintetico,True,json_objetos_completos,json,19,2904,3057,3057,True,9010,0,50,47,47,47,47,0,0,0,1.0,0.94,1.0,,False
log,dominio_sintetico,True,json_objetos_completos,json,20,3057,3057,3057,False,9478,0,50,50,50,50,50,0,0,0,1.0,1.0,1.0,,False
log,dominio_sintetico,True,mini_tolerante_sin_cola,mini,1,153,3057,2105,True,378,0,50,3,3,3,3,0,0,0,1.0,0.06,1.0,,False
log,dominio_sintetico,True,mini_tolerante_sin_cola,mini,2,306,3057,2105,True,708,0,50,6,6,6,6,0,0,0,1.0,0.12,1.0,,False
log,dominio_sintetico,True,mini_tolerante_sin_cola,mini,3,459,3057,2105,True,1052,0,50,10,10,10,10,0,0,0,1.0,0.2,1.0,,False
log,dominio_sintetico,True,mini_tolerante_sin_cola,mini,4,611,3057,2105,True,1441,0,50,14,14,14,14,0,0,0,1.0,0.28,1.0,,False
log,dominio_sintetico,True,mini_tolerante_sin_cola,mini,5,764,3057,2105,True,1813,0,50,17,17,17,17,0,0,0,1.0,0.34,1.0,,False
log,dominio_sintetico,True,mini_tolerante_sin_cola,mini,6,917,3057,2105,True,2151,0,50,21,21,21,21,0,0,0,1.0,0.42,1.0,,False
log,dominio_sintetico,True,mini_tolerante_sin_cola,mini,7,1070,3057,2105,True,2544,0,50,25,25,25,25,0,0,0,1.0,0.5,1.0,,False
log,dominio_sintetico,True,mini_tolerante_sin_cola,mini,8,1223,3057,2105,True,2918,0,50,28,28,28,28,0,0,0,1.0,0.56,1.0,,False
log,dominio_sintetico,True,mini_tolerante_sin_cola,mini,9,1376,3057,2105,True,3262,0,50,32,32,32,32,0,0,0,1.0,0.64,1.0,,False
log,dominio_sintetico,True,mini_tolerante_sin_cola,mini,10,1529,3057,2105,True,3624,0,50,36,36,36,36,0,0,0,1.0,0.72,1.0,,False
log,dominio_sintetico,True,mini_tolerante_sin_cola,mini,11,1681,3057,2105,True,3990,0,50,39,39,39,39,0,0,0,1.0,0.78,1.0,,False
log,dominio_sintetico,True,mini_tolerante_sin_cola,mini,12,1834,3057,2105,True,4330,0,50,43,43,43,43,0,0,0,1.0,0.86,1.0,,False
log,dominio_sintetico,True,mini_tolerante_sin_cola,mini,13,1987,3057,2105,True,4703,0,50,47,47,47,47,0,0,0,1.0,0.94,1.0,,False
log,dominio_sintetico,True,mini_tolerante_sin_cola,mini,14,2140,3057,2105,False,4981,0,50,50,50,50,50,0,0,0,1.0,1.0,1.0,,False
log,dominio_sintetico,True,mini_tolerante_sin_cola,mini,15,2293,3057,2105,False,4981,0,50,50,50,50,50,0,0,0,1.0,1.0,1.0,,False
log,dominio_sintetico,True,mini_tolerante_sin_cola,mini,16,2446,3057,2105,False,4981,0,50,50,50,50,50,0,0,0,1.0,1.0,1.0,,False
log,dominio_sintetico,True,mini_tolerante_sin_cola,mini,17,2598,3057,2105,False,4981,0,50,50,50,50,50,0,0,0,1.0,1.0,1.0,,False
log,dominio_sintetico,True,mini_tolerante_sin_cola,mini,18,2751,3057,2105,False,4981,0,50,50,50,50,50,0,0,0,1.0,1.0,1.0,,False
log,dominio_sintetico,True,mini_tolerante_sin_cola,mini,19,2904,3057,2105,False,4981,0,50,50,50,50,50,0,0,0,1.0,1.0,1.0,,False
log,dominio_sintetico,True,mini_tolerante_sin_cola,mini,20,3057,3057,2105,False,4981,0,50,50,50,50,50,0,0,0,1.0,1.0,1.0,,False
map,dominio_sintetico,True,json_estricto,json,1,76,1519,1519,True,240,0,50,1,0,0,0,0,0,0,0.0,0.0,,json.loads: JSONDecodeError,False
map,dominio_sintetico,True,json_estricto,json,2,152,1519,1519,True,475,0,50,4,0,0,0,0,0,0,0.0,0.0,,json.loads: JSONDecodeError,False
map,dominio_sintetico,True,json_estricto,json,3,228,1519,1519,True,711,0,50,6,0,0,0,0,0,0,0.0,0.0,,json.loads: JSONDecodeError,False
map,dominio_sintetico,True,json_estricto,json,4,304,1519,1519,True,924,0,50,9,0,0,0,0,0,0,0.0,0.0,,json.loads: JSONDecodeError,False
map,dominio_sintetico,True,json_estricto,json,5,380,1519,1519,True,1152,0,50,11,0,0,0,0,0,0,0.0,0.0,,json.loads: JSONDecodeError,False
map,dominio_sintetico,True,json_estricto,json,6,456,1519,1519,True,1378,0,50,14,0,0,0,0,0,0,0.0,0.0,,json.loads: JSONDecodeError,False
map,dominio_sintetico,True,json_estricto,json,7,532,1519,1519,True,1615,0,50,17,0,0,0,0,0,0,0.0,0.0,,json.loads: JSONDecodeError,False
map,dominio_sintetico,True,json_estricto,json,8,608,1519,1519,True,1838,0,50,19,0,0,0,0,0,0,0.0,0.0,,json.loads: JSONDecodeError,False
map,dominio_sintetico,True,json_estricto,json,9,684,1519,1519,True,2064,0,50,21,0,0,0,0,0,0,0.0,0.0,,json.loads: JSONDecodeError,False
map,dominio_sintetico,True,json_estricto,json,10,760,1519,1519,True,2318,0,50,24,0,0,0,0,0,0,0.0,0.0,,json.loads: JSONDecodeError,False
map,dominio_sintetico,True,json_estricto,json,11,835,1519,1519,True,2538,0,50,27,0,0,0,0,0,0,0.0,0.0,,json.loads: JSONDecodeError,False
map,dominio_sintetico,True,json_estricto,json,12,911,1519,1519,True,2770,0,50,29,0,0,0,0,0,0,0.0,0.0,,json.loads: JSONDecodeError,False
map,dominio_sintetico,True,json_estricto,json,13,987,1519,1519,True,2987,0,50,32,0,0,0,0,0,0,0.0,0.0,,json.loads: JSONDecodeError,False
map,dominio_sintetico,True,json_estricto,json,14,1063,1519,1519,True,3222,0,50,34,0,0,0,0,0,0,0.0,0.0,,json.loads: JSONDecodeError,False
map,dominio_sintetico,True,json_estricto,json,15,1139,1519,1519,True,3456,0,50,37,0,0,0,0,0,0,0.0,0.0,,json.loads: JSONDecodeError,False
map,dominio_sintetico,True,json_estricto,json,16,1215,1519,1519,True,3687,0,50,39,0,0,0,0,0,0,0.0,0.0,,json.loads: JSONDecodeError,False
map,dominio_sintetico,True,json_estricto,json,17,1291,1519,1519,True,3910,0,50,42,0,0,0,0,0,0,0.0,0.0,,json.loads: JSONDecodeError,False
map,dominio_sintetico,True,json_estricto,json,18,1367,1519,1519,True,4142,0,50,44,0,0,0,0,0,0,0.0,0.0,,json.loads: JSONDecodeError,False
map,dominio_sintetico,True,json_estricto,json,19,1443,1519,1519,True,4381,0,50,47,0,0,0,0,0,0,0.0,0.0,,json.loads: JSONDecodeError,False
map,dominio_sintetico,True,json_estricto,json,20,1519,1519,1519,False,4604,0,50,50,50,50,50,0,0,0,1.0,1.0,1.0,,False
map,dominio_sintetico,True,json_parcial_jiter,json,1,76,1519,1519,True,240,0,50,1,2,1,1,0,0,1,1.0,0.02,0.5,,False
map,dominio_sintetico,True,json_parcial_jiter,json,2,152,1519,1519,True,475,0,50,4,5,4,4,0,0,1,1.0,0.08,0.8,,False
map,dominio_sintetico,True,json_parcial_jiter,json,3,228,1519,1519,True,711,0,50,6,7,6,6,0,0,1,1.0,0.12,0.857143,,False
map,dominio_sintetico,True,json_parcial_jiter,json,4,304,1519,1519,True,924,0,50,9,10,9,9,0,0,1,1.0,0.18,0.9,,False
map,dominio_sintetico,True,json_parcial_jiter,json,5,380,1519,1519,True,1152,0,50,11,12,11,11,0,0,1,1.0,0.22,0.916667,,False
map,dominio_sintetico,True,json_parcial_jiter,json,6,456,1519,1519,True,1378,0,50,14,15,14,14,0,0,1,1.0,0.28,0.933333,,False
map,dominio_sintetico,True,json_parcial_jiter,json,7,532,1519,1519,True,1615,0,50,17,18,17,17,0,0,1,1.0,0.34,0.944444,,False
map,dominio_sintetico,True,json_parcial_jiter,json,8,608,1519,1519,True,1838,0,50,19,20,19,19,0,0,1,1.0,0.38,0.95,,False
map,dominio_sintetico,True,json_parcial_jiter,json,9,684,1519,1519,True,2064,0,50,21,22,21,21,0,0,1,1.0,0.42,0.954545,,False
map,dominio_sintetico,True,json_parcial_jiter,json,10,760,1519,1519,True,2318,0,50,24,25,24,24,0,0,1,1.0,0.48,0.96,,False
map,dominio_sintetico,True,json_parcial_jiter,json,11,835,1519,1519,True,2538,0,50,27,28,27,27,0,0,1,1.0,0.54,0.964286,,False
map,dominio_sintetico,True,json_parcial_jiter,json,12,911,1519,1519,True,2770,0,50,29,30,29,29,0,0,1,1.0,0.58,0.966667,,False
map,dominio_sintetico,True,json_parcial_jiter,json,13,987,1519,1519,True,2987,0,50,32,33,32,32,0,0,1,1.0,0.64,0.969697,,False
map,dominio_sintetico,True,json_parcial_jiter,json,14,1063,1519,1519,True,3222,0,50,34,35,34,34,0,0,1,1.0,0.68,0.971429,,False
map,dominio_sintetico,True,json_parcial_jiter,json,15,1139,1519,1519,True,3456,0,50,37,38,37,37,0,0,1,1.0,0.74,0.973684,,False
map,dominio_sintetico,True,json_parcial_jiter,json,16,1215,1519,1519,True,3687,0,50,39,40,39,39,0,0,1,1.0,0.78,0.975,,False
map,dominio_sintetico,True,json_parcial_jiter,json,17,1291,1519,1519,True,3910,0,50,42,43,42,42,0,0,1,1.0,0.84,0.976744,,False
map,dominio_sintetico,True,json_parcial_jiter,json,18,1367,1519,1519,True,4142,0,50,44,45,44,44,0,0,1,1.0,0.88,0.977778,,False
map,dominio_sintetico,True,json_parcial_jiter,json,19,1443,1519,1519,True,4381,0,50,47,48,47,47,0,0,1,1.0,0.94,0.979167,,False
map,dominio_sintetico,True,json_parcial_jiter,json,20,1519,1519,1519,False,4604,0,50,50,50,50,50,0,0,0,1.0,1.0,1.0,,False
map,dominio_sintetico,True,jsonl,jsonl,1,76,1519,1565,True,235,0,50,1,1,1,1,0,0,0,1.0,0.02,1.0,,False
map,dominio_sintetico,True,jsonl,jsonl,2,152,1519,1565,True,461,0,50,4,4,4,4,0,0,0,1.0,0.08,1.0,,False
map,dominio_sintetico,True,jsonl,jsonl,3,228,1519,1565,True,687,0,50,6,6,6,6,0,0,0,1.0,0.12,1.0,,False
map,dominio_sintetico,True,jsonl,jsonl,4,304,1519,1565,True,897,0,50,9,9,9,9,0,0,0,1.0,0.18,1.0,,False
map,dominio_sintetico,True,jsonl,jsonl,5,380,1519,1565,True,1121,0,50,11,11,11,11,0,0,0,1.0,0.22,1.0,,False
map,dominio_sintetico,True,jsonl,jsonl,6,456,1519,1565,True,1339,0,50,13,13,13,13,0,0,0,1.0,0.26,1.0,,False
map,dominio_sintetico,True,jsonl,jsonl,7,532,1519,1565,True,1575,0,50,16,16,16,16,0,0,0,1.0,0.32,1.0,,False
map,dominio_sintetico,True,jsonl,jsonl,8,608,1519,1565,True,1781,0,50,19,19,19,19,0,0,0,1.0,0.38,1.0,,False
map,dominio_sintetico,True,jsonl,jsonl,9,684,1519,1565,True,1998,0,50,21,21,21,21,0,0,0,1.0,0.42,1.0,,False
map,dominio_sintetico,True,jsonl,jsonl,10,760,1519,1565,True,2231,0,50,23,23,23,23,0,0,0,1.0,0.46,1.0,,False
map,dominio_sintetico,True,jsonl,jsonl,11,835,1519,1565,True,2464,0,50,26,26,26,26,0,0,0,1.0,0.52,1.0,,False
map,dominio_sintetico,True,jsonl,jsonl,12,911,1519,1565,True,2683,0,50,28,28,28,28,0,0,0,1.0,0.56,1.0,,False
map,dominio_sintetico,True,jsonl,jsonl,13,987,1519,1565,True,2895,0,50,31,31,31,31,0,0,0,1.0,0.62,1.0,,False
map,dominio_sintetico,True,jsonl,jsonl,14,1063,1519,1565,True,3121,0,50,33,33,33,33,0,0,0,1.0,0.66,1.0,,False
map,dominio_sintetico,True,jsonl,jsonl,15,1139,1519,1565,True,3343,0,50,36,36,36,36,0,0,0,1.0,0.72,1.0,,False
map,dominio_sintetico,True,jsonl,jsonl,16,1215,1519,1565,True,3563,0,50,38,38,38,38,0,0,0,1.0,0.76,1.0,,False
map,dominio_sintetico,True,jsonl,jsonl,17,1291,1519,1565,True,3785,0,50,40,40,40,40,0,0,0,1.0,0.8,1.0,,False
map,dominio_sintetico,True,jsonl,jsonl,18,1367,1519,1565,True,4008,0,50,43,43,43,43,0,0,0,1.0,0.86,1.0,,False
map,dominio_sintetico,True,jsonl,jsonl,19,1443,1519,1565,True,4229,0,50,46,46,46,46,0,0,0,1.0,0.92,1.0,,False
map,dominio_sintetico,True,jsonl,jsonl,20,1519,1519,1565,True,4468,0,50,48,48,48,48,0,0,0,1.0,0.96,1.0,,False
map,dominio_sintetico,True,mini_tolerante,mini,1,76,1519,958,True,174,0,50,2,2,2,2,0,0,0,1.0,0.04,1.0,,False
map,dominio_sintetico,True,mini_tolerante,mini,2,152,1519,958,True,361,0,50,6,6,6,6,0,0,0,1.0,0.12,1.0,,False
map,dominio_sintetico,True,mini_tolerante,mini,3,228,1519,958,True,518,0,50,10,11,10,10,0,0,1,1.0,0.2,0.909091,,False
map,dominio_sintetico,True,mini_tolerante,mini,4,304,1519,958,True,678,0,50,14,15,14,14,0,0,1,1.0,0.28,0.933333,,False
map,dominio_sintetico,True,mini_tolerante,mini,5,380,1519,958,True,851,0,50,19,19,19,19,0,0,0,1.0,0.38,1.0,,False
map,dominio_sintetico,True,mini_tolerante,mini,6,456,1519,958,True,1023,0,50,23,23,23,23,0,0,0,1.0,0.46,1.0,,False
map,dominio_sintetico,True,mini_tolerante,mini,7,532,1519,958,True,1208,0,50,27,27,27,27,0,0,0,1.0,0.54,1.0,,False
map,dominio_sintetico,True,mini_tolerante,mini,8,608,1519,958,True,1373,0,50,31,31,31,31,0,0,0,1.0,0.62,1.0,,False
map,dominio_sintetico,True,mini_tolerante,mini,9,684,1519,958,True,1541,0,50,35,35,35,35,0,0,0,1.0,0.7,1.0,,False
map,dominio_sintetico,True,mini_tolerante,mini,10,760,1519,958,True,1716,0,50,39,39,39,39,0,0,0,1.0,0.78,1.0,,False
map,dominio_sintetico,True,mini_tolerante,mini,11,835,1519,958,True,1882,0,50,43,43,43,43,0,0,0,1.0,0.86,1.0,,False
map,dominio_sintetico,True,mini_tolerante,mini,12,911,1519,958,True,2065,0,50,47,47,47,47,0,0,0,1.0,0.94,1.0,,False
map,dominio_sintetico,True,mini_tolerante,mini,13,987,1519,958,False,2166,0,50,50,50,50,50,0,0,0,1.0,1.0,1.0,,False
map,dominio_sintetico,True,mini_tolerante,mini,14,1063,1519,958,False,2166,0,50,50,50,50,50,0,0,0,1.0,1.0,1.0,,False
map,dominio_sintetico,True,mini_tolerante,mini,15,1139,1519,958,False,2166,0,50,50,50,50,50,0,0,0,1.0,1.0,1.0,,False
map,dominio_sintetico,True,mini_tolerante,mini,16,1215,1519,958,False,2166,0,50,50,50,50,50,0,0,0,1.0,1.0,1.0,,False
map,dominio_sintetico,True,mini_tolerante,mini,17,1291,1519,958,False,2166,0,50,50,50,50,50,0,0,0,1.0,1.0,1.0,,False
map,dominio_sintetico,True,mini_tolerante,mini,18,1367,1519,958,False,2166,0,50,50,50,50,50,0,0,0,1.0,1.0,1.0,,False
map,dominio_sintetico,True,mini_tolerante,mini,19,1443,1519,958,False,2166,0,50,50,50,50,50,0,0,0,1.0,1.0,1.0,,False
map,dominio_sintetico,True,mini_tolerante,mini,20,1519,1519,958,False,2166,0,50,50,50,50,50,0,0,0,1.0,1.0,1.0,,False
map,dominio_sintetico,True,json_objetos_completos,json,1,76,1519,1519,True,240,0,50,1,1,1,1,0,0,0,1.0,0.02,1.0,,False
map,dominio_sintetico,True,json_objetos_completos,json,2,152,1519,1519,True,475,0,50,4,4,4,4,0,0,0,1.0,0.08,1.0,,False
map,dominio_sintetico,True,json_objetos_completos,json,3,228,1519,1519,True,711,0,50,6,6,6,6,0,0,0,1.0,0.12,1.0,,False
map,dominio_sintetico,True,json_objetos_completos,json,4,304,1519,1519,True,924,0,50,9,9,9,9,0,0,0,1.0,0.18,1.0,,False
map,dominio_sintetico,True,json_objetos_completos,json,5,380,1519,1519,True,1152,0,50,11,11,11,11,0,0,0,1.0,0.22,1.0,,False
map,dominio_sintetico,True,json_objetos_completos,json,6,456,1519,1519,True,1378,0,50,14,14,14,14,0,0,0,1.0,0.28,1.0,,False
map,dominio_sintetico,True,json_objetos_completos,json,7,532,1519,1519,True,1615,0,50,17,17,17,17,0,0,0,1.0,0.34,1.0,,False
map,dominio_sintetico,True,json_objetos_completos,json,8,608,1519,1519,True,1838,0,50,19,19,19,19,0,0,0,1.0,0.38,1.0,,False
map,dominio_sintetico,True,json_objetos_completos,json,9,684,1519,1519,True,2064,0,50,21,21,21,21,0,0,0,1.0,0.42,1.0,,False
map,dominio_sintetico,True,json_objetos_completos,json,10,760,1519,1519,True,2318,0,50,24,24,24,24,0,0,0,1.0,0.48,1.0,,False
map,dominio_sintetico,True,json_objetos_completos,json,11,835,1519,1519,True,2538,0,50,27,27,27,27,0,0,0,1.0,0.54,1.0,,False
map,dominio_sintetico,True,json_objetos_completos,json,12,911,1519,1519,True,2770,0,50,29,29,29,29,0,0,0,1.0,0.58,1.0,,False
map,dominio_sintetico,True,json_objetos_completos,json,13,987,1519,1519,True,2987,0,50,32,32,32,32,0,0,0,1.0,0.64,1.0,,False
map,dominio_sintetico,True,json_objetos_completos,json,14,1063,1519,1519,True,3222,0,50,34,34,34,34,0,0,0,1.0,0.68,1.0,,False
map,dominio_sintetico,True,json_objetos_completos,json,15,1139,1519,1519,True,3456,0,50,37,37,37,37,0,0,0,1.0,0.74,1.0,,False
map,dominio_sintetico,True,json_objetos_completos,json,16,1215,1519,1519,True,3687,0,50,39,39,39,39,0,0,0,1.0,0.78,1.0,,False
map,dominio_sintetico,True,json_objetos_completos,json,17,1291,1519,1519,True,3910,0,50,42,42,42,42,0,0,0,1.0,0.84,1.0,,False
map,dominio_sintetico,True,json_objetos_completos,json,18,1367,1519,1519,True,4142,0,50,44,44,44,44,0,0,0,1.0,0.88,1.0,,False
map,dominio_sintetico,True,json_objetos_completos,json,19,1443,1519,1519,True,4381,0,50,47,47,47,47,0,0,0,1.0,0.94,1.0,,False
map,dominio_sintetico,True,json_objetos_completos,json,20,1519,1519,1519,False,4604,0,50,50,50,50,50,0,0,0,1.0,1.0,1.0,,False
map,dominio_sintetico,True,mini_tolerante_sin_cola,mini,1,76,1519,958,True,174,0,50,2,2,2,2,0,0,0,1.0,0.04,1.0,,False
map,dominio_sintetico,True,mini_tolerante_sin_cola,mini,2,152,1519,958,True,361,0,50,6,6,6,6,0,0,0,1.0,0.12,1.0,,False
map,dominio_sintetico,True,mini_tolerante_sin_cola,mini,3,228,1519,958,True,518,0,50,10,10,10,10,0,0,0,1.0,0.2,1.0,,False
map,dominio_sintetico,True,mini_tolerante_sin_cola,mini,4,304,1519,958,True,678,0,50,14,14,14,14,0,0,0,1.0,0.28,1.0,,False
map,dominio_sintetico,True,mini_tolerante_sin_cola,mini,5,380,1519,958,True,851,0,50,19,19,19,19,0,0,0,1.0,0.38,1.0,,False
map,dominio_sintetico,True,mini_tolerante_sin_cola,mini,6,456,1519,958,True,1023,0,50,23,23,23,23,0,0,0,1.0,0.46,1.0,,False
map,dominio_sintetico,True,mini_tolerante_sin_cola,mini,7,532,1519,958,True,1208,0,50,27,27,27,27,0,0,0,1.0,0.54,1.0,,False
map,dominio_sintetico,True,mini_tolerante_sin_cola,mini,8,608,1519,958,True,1373,0,50,31,31,31,31,0,0,0,1.0,0.62,1.0,,False
map,dominio_sintetico,True,mini_tolerante_sin_cola,mini,9,684,1519,958,True,1541,0,50,35,35,35,35,0,0,0,1.0,0.7,1.0,,False
map,dominio_sintetico,True,mini_tolerante_sin_cola,mini,10,760,1519,958,True,1716,0,50,39,39,39,39,0,0,0,1.0,0.78,1.0,,False
map,dominio_sintetico,True,mini_tolerante_sin_cola,mini,11,835,1519,958,True,1882,0,50,43,43,43,43,0,0,0,1.0,0.86,1.0,,False
map,dominio_sintetico,True,mini_tolerante_sin_cola,mini,12,911,1519,958,True,2065,0,50,47,47,47,47,0,0,0,1.0,0.94,1.0,,False
map,dominio_sintetico,True,mini_tolerante_sin_cola,mini,13,987,1519,958,False,2166,0,50,50,50,50,50,0,0,0,1.0,1.0,1.0,,False
map,dominio_sintetico,True,mini_tolerante_sin_cola,mini,14,1063,1519,958,False,2166,0,50,50,50,50,50,0,0,0,1.0,1.0,1.0,,False
map,dominio_sintetico,True,mini_tolerante_sin_cola,mini,15,1139,1519,958,False,2166,0,50,50,50,50,50,0,0,0,1.0,1.0,1.0,,False
map,dominio_sintetico,True,mini_tolerante_sin_cola,mini,16,1215,1519,958,False,2166,0,50,50,50,50,50,0,0,0,1.0,1.0,1.0,,False
map,dominio_sintetico,True,mini_tolerante_sin_cola,mini,17,1291,1519,958,False,2166,0,50,50,50,50,50,0,0,0,1.0,1.0,1.0,,False
map,dominio_sintetico,True,mini_tolerante_sin_cola,mini,18,1367,1519,958,False,2166,0,50,50,50,50,50,0,0,0,1.0,1.0,1.0,,False
map,dominio_sintetico,True,mini_tolerante_sin_cola,mini,19,1443,1519,958,False,2166,0,50,50,50,50,50,0,0,0,1.0,1.0,1.0,,False
map,dominio_sintetico,True,mini_tolerante_sin_cola,mini,20,1519,1519,958,False,2166,0,50,50,50,50,50,0,0,0,1.0,1.0,1.0,,False
ner,dominio_sintetico,True,json_estricto,json,1,73,1460,1460,True,206,0,50,1,0,0,0,0,0,0,0.0,0.0,,json.loads: JSONDecodeError,False
ner,dominio_sintetico,True,json_estricto,json,2,146,1460,1460,True,400,0,50,4,0,0,0,0,0,0,0.0,0.0,,json.loads: JSONDecodeError,False
ner,dominio_sintetico,True,json_estricto,json,3,219,1460,1460,True,610,0,50,6,0,0,0,0,0,0,0.0,0.0,,json.loads: JSONDecodeError,False
ner,dominio_sintetico,True,json_estricto,json,4,292,1460,1460,True,812,0,50,9,0,0,0,0,0,0,0.0,0.0,,json.loads: JSONDecodeError,False
ner,dominio_sintetico,True,json_estricto,json,5,365,1460,1460,True,1006,0,50,11,0,0,0,0,0,0,0.0,0.0,,json.loads: JSONDecodeError,False
ner,dominio_sintetico,True,json_estricto,json,6,438,1460,1460,True,1195,0,50,14,0,0,0,0,0,0,0.0,0.0,,json.loads: JSONDecodeError,False
ner,dominio_sintetico,True,json_estricto,json,7,511,1460,1460,True,1408,0,50,16,0,0,0,0,0,0,0.0,0.0,,json.loads: JSONDecodeError,False
ner,dominio_sintetico,True,json_estricto,json,8,584,1460,1460,True,1598,0,50,19,0,0,0,0,0,0,0.0,0.0,,json.loads: JSONDecodeError,False
ner,dominio_sintetico,True,json_estricto,json,9,657,1460,1460,True,1797,0,50,22,0,0,0,0,0,0,0.0,0.0,,json.loads: JSONDecodeError,False
ner,dominio_sintetico,True,json_estricto,json,10,730,1460,1460,True,1995,0,50,24,0,0,0,0,0,0,0.0,0.0,,json.loads: JSONDecodeError,False
ner,dominio_sintetico,True,json_estricto,json,11,803,1460,1460,True,2197,0,50,26,0,0,0,0,0,0,0.0,0.0,,json.loads: JSONDecodeError,False
ner,dominio_sintetico,True,json_estricto,json,12,876,1460,1460,True,2408,0,50,29,0,0,0,0,0,0,0.0,0.0,,json.loads: JSONDecodeError,False
ner,dominio_sintetico,True,json_estricto,json,13,949,1460,1460,True,2608,0,50,32,0,0,0,0,0,0,0.0,0.0,,json.loads: JSONDecodeError,False
ner,dominio_sintetico,True,json_estricto,json,14,1022,1460,1460,True,2803,0,50,34,0,0,0,0,0,0,0.0,0.0,,json.loads: JSONDecodeError,False
ner,dominio_sintetico,True,json_estricto,json,15,1095,1460,1460,True,2998,0,50,37,0,0,0,0,0,0,0.0,0.0,,json.loads: JSONDecodeError,False
ner,dominio_sintetico,True,json_estricto,json,16,1168,1460,1460,True,3196,0,50,39,0,0,0,0,0,0,0.0,0.0,,json.loads: JSONDecodeError,False
ner,dominio_sintetico,True,json_estricto,json,17,1241,1460,1460,True,3384,0,50,42,0,0,0,0,0,0,0.0,0.0,,json.loads: JSONDecodeError,False
ner,dominio_sintetico,True,json_estricto,json,18,1314,1460,1460,True,3592,0,50,44,0,0,0,0,0,0,0.0,0.0,,json.loads: JSONDecodeError,False
ner,dominio_sintetico,True,json_estricto,json,19,1387,1460,1460,True,3803,0,50,47,0,0,0,0,0,0,0.0,0.0,,json.loads: JSONDecodeError,False
ner,dominio_sintetico,True,json_estricto,json,20,1460,1460,1460,False,3995,0,50,50,50,50,50,0,0,0,1.0,1.0,1.0,,False
ner,dominio_sintetico,True,json_parcial_jiter,json,1,73,1460,1460,True,206,0,50,1,2,1,1,0,0,1,1.0,0.02,0.5,,False
ner,dominio_sintetico,True,json_parcial_jiter,json,2,146,1460,1460,True,400,0,50,4,5,4,4,0,0,1,1.0,0.08,0.8,,False
ner,dominio_sintetico,True,json_parcial_jiter,json,3,219,1460,1460,True,610,0,50,6,7,6,6,0,0,1,1.0,0.12,0.857143,,False
ner,dominio_sintetico,True,json_parcial_jiter,json,4,292,1460,1460,True,812,0,50,9,10,9,9,0,0,1,1.0,0.18,0.9,,False
ner,dominio_sintetico,True,json_parcial_jiter,json,5,365,1460,1460,True,1006,0,50,11,12,11,11,0,0,1,1.0,0.22,0.916667,,False
ner,dominio_sintetico,True,json_parcial_jiter,json,6,438,1460,1460,True,1195,0,50,14,15,14,14,0,0,1,1.0,0.28,0.933333,,False
ner,dominio_sintetico,True,json_parcial_jiter,json,7,511,1460,1460,True,1408,0,50,16,17,16,16,0,0,1,1.0,0.32,0.941176,,False
ner,dominio_sintetico,True,json_parcial_jiter,json,8,584,1460,1460,True,1598,0,50,19,20,19,19,0,0,1,1.0,0.38,0.95,,False
ner,dominio_sintetico,True,json_parcial_jiter,json,9,657,1460,1460,True,1797,0,50,22,23,22,22,0,0,1,1.0,0.44,0.956522,,False
ner,dominio_sintetico,True,json_parcial_jiter,json,10,730,1460,1460,True,1995,0,50,24,25,24,24,0,0,1,1.0,0.48,0.96,,False
ner,dominio_sintetico,True,json_parcial_jiter,json,11,803,1460,1460,True,2197,0,50,26,27,27,26,1,0,0,1.0,0.52,0.962963,,False
ner,dominio_sintetico,True,json_parcial_jiter,json,12,876,1460,1460,True,2408,0,50,29,30,29,29,0,0,1,1.0,0.58,0.966667,,False
ner,dominio_sintetico,True,json_parcial_jiter,json,13,949,1460,1460,True,2608,0,50,32,33,32,32,0,0,1,1.0,0.64,0.969697,,False
ner,dominio_sintetico,True,json_parcial_jiter,json,14,1022,1460,1460,True,2803,0,50,34,35,34,34,0,0,1,1.0,0.68,0.971429,,False
ner,dominio_sintetico,True,json_parcial_jiter,json,15,1095,1460,1460,True,2998,0,50,37,38,37,37,0,0,1,1.0,0.74,0.973684,,False
ner,dominio_sintetico,True,json_parcial_jiter,json,16,1168,1460,1460,True,3196,0,50,39,40,39,39,0,0,1,1.0,0.78,0.975,,False
ner,dominio_sintetico,True,json_parcial_jiter,json,17,1241,1460,1460,True,3384,0,50,42,43,42,42,0,0,1,1.0,0.84,0.976744,,False
ner,dominio_sintetico,True,json_parcial_jiter,json,18,1314,1460,1460,True,3592,0,50,44,45,45,44,1,0,0,1.0,0.88,0.977778,,False
ner,dominio_sintetico,True,json_parcial_jiter,json,19,1387,1460,1460,True,3803,0,50,47,48,47,47,0,0,1,1.0,0.94,0.979167,,False
ner,dominio_sintetico,True,json_parcial_jiter,json,20,1460,1460,1460,False,3995,0,50,50,50,50,50,0,0,0,1.0,1.0,1.0,,False
ner,dominio_sintetico,True,jsonl,jsonl,1,73,1460,1506,True,198,0,50,1,1,1,1,0,0,0,1.0,0.02,1.0,,False
ner,dominio_sintetico,True,jsonl,jsonl,2,146,1460,1506,True,385,0,50,4,4,4,4,0,0,0,1.0,0.08,1.0,,False
ner,dominio_sintetico,True,jsonl,jsonl,3,219,1460,1506,True,587,0,50,6,6,6,6,0,0,0,1.0,0.12,1.0,,False
ner,dominio_sintetico,True,jsonl,jsonl,4,292,1460,1506,True,787,0,50,8,8,8,8,0,0,0,1.0,0.16,1.0,,False
ner,dominio_sintetico,True,jsonl,jsonl,5,365,1460,1506,True,966,0,50,11,11,11,11,0,0,0,1.0,0.22,1.0,,False
ner,dominio_sintetico,True,jsonl,jsonl,6,438,1460,1506,True,1156,0,50,13,13,13,13,0,0,0,1.0,0.26,1.0,,False
ner,dominio_sintetico,True,jsonl,jsonl,7,511,1460,1506,True,1357,0,50,16,16,16,16,0,0,0,1.0,0.32,1.0,,False
ner,dominio_sintetico,True,jsonl,jsonl,8,584,1460,1506,True,1551,0,50,18,18,18,18,0,0,0,1.0,0.36,1.0,,False
ner,dominio_sintetico,True,jsonl,jsonl,9,657,1460,1506,True,1735,0,50,21,21,21,21,0,0,0,1.0,0.42,1.0,,False
ner,dominio_sintetico,True,jsonl,jsonl,10,730,1460,1506,True,1929,0,50,23,23,23,23,0,0,0,1.0,0.46,1.0,,False
ner,dominio_sintetico,True,jsonl,jsonl,11,803,1460,1506,True,2125,0,50,26,26,26,26,0,0,0,1.0,0.52,1.0,,False
ner,dominio_sintetico,True,jsonl,jsonl,12,876,1460,1506,True,2322,0,50,28,28,28,28,0,0,0,1.0,0.56,1.0,,False
ner,dominio_sintetico,True,jsonl,jsonl,13,949,1460,1506,True,2520,0,50,31,31,31,31,0,0,0,1.0,0.62,1.0,,False
ner,dominio_sintetico,True,jsonl,jsonl,14,1022,1460,1506,True,2709,0,50,33,33,33,33,0,0,0,1.0,0.66,1.0,,False
ner,dominio_sintetico,True,jsonl,jsonl,15,1095,1460,1506,True,2897,0,50,36,36,36,36,0,0,0,1.0,0.72,1.0,,False
ner,dominio_sintetico,True,jsonl,jsonl,16,1168,1460,1506,True,3088,0,50,38,38,38,38,0,0,0,1.0,0.76,1.0,,False
ner,dominio_sintetico,True,jsonl,jsonl,17,1241,1460,1506,True,3273,0,50,41,41,41,41,0,0,0,1.0,0.82,1.0,,False
ner,dominio_sintetico,True,jsonl,jsonl,18,1314,1460,1506,True,3465,0,50,43,43,43,43,0,0,0,1.0,0.86,1.0,,False
ner,dominio_sintetico,True,jsonl,jsonl,19,1387,1460,1506,True,3665,0,50,45,45,45,45,0,0,0,1.0,0.9,1.0,,False
ner,dominio_sintetico,True,jsonl,jsonl,20,1460,1460,1506,True,3865,0,50,48,48,48,48,0,0,0,1.0,0.96,1.0,,False
ner,dominio_sintetico,True,mini_tolerante,mini,1,73,1460,856,True,134,0,50,2,2,2,2,0,0,0,1.0,0.04,1.0,,False
ner,dominio_sintetico,True,mini_tolerante,mini,2,146,1460,856,True,272,0,50,7,7,7,7,0,0,0,1.0,0.14,1.0,,False
ner,dominio_sintetico,True,mini_tolerante,mini,3,219,1460,856,True,389,0,50,11,11,11,11,0,0,0,1.0,0.22,1.0,,False
ner,dominio_sintetico,True,mini_tolerante,mini,4,292,1460,856,True,527,0,50,15,16,15,15,0,0,1,1.0,0.3,0.9375,,False
ner,dominio_sintetico,True,mini_tolerante,mini,5,365,1460,856,True,644,0,50,20,20,20,20,0,0,0,1.0,0.4,1.0,,False
ner,dominio_sintetico,True,mini_tolerante,mini,6,438,1460,856,True,775,0,50,24,24,24,24,0,0,0,1.0,0.48,1.0,,False
ner,dominio_sintetico,True,mini_tolerante,mini,7,511,1460,856,True,917,0,50,29,29,29,29,0,0,0,1.0,0.58,1.0,,False
ner,dominio_sintetico,True,mini_tolerante,mini,8,584,1460,856,True,1040,0,50,33,33,33,33,0,0,0,1.0,0.66,1.0,,False
ner,dominio_sintetico,True,mini_tolerante,mini,9,657,1460,856,True,1164,0,50,37,37,37,37,0,0,0,1.0,0.74,1.0,,False
ner,dominio_sintetico,True,mini_tolerante,mini,10,730,1460,856,True,1272,0,50,42,42,42,42,0,0,0,1.0,0.84,1.0,,False
ner,dominio_sintetico,True,mini_tolerante,mini,11,803,1460,856,True,1427,0,50,46,46,46,46,0,0,0,1.0,0.92,1.0,,False
ner,dominio_sintetico,True,mini_tolerante,mini,12,876,1460,856,False,1512,0,50,50,50,50,50,0,0,0,1.0,1.0,1.0,,False
ner,dominio_sintetico,True,mini_tolerante,mini,13,949,1460,856,False,1512,0,50,50,50,50,50,0,0,0,1.0,1.0,1.0,,False
ner,dominio_sintetico,True,mini_tolerante,mini,14,1022,1460,856,False,1512,0,50,50,50,50,50,0,0,0,1.0,1.0,1.0,,False
ner,dominio_sintetico,True,mini_tolerante,mini,15,1095,1460,856,False,1512,0,50,50,50,50,50,0,0,0,1.0,1.0,1.0,,False
ner,dominio_sintetico,True,mini_tolerante,mini,16,1168,1460,856,False,1512,0,50,50,50,50,50,0,0,0,1.0,1.0,1.0,,False
ner,dominio_sintetico,True,mini_tolerante,mini,17,1241,1460,856,False,1512,0,50,50,50,50,50,0,0,0,1.0,1.0,1.0,,False
ner,dominio_sintetico,True,mini_tolerante,mini,18,1314,1460,856,False,1512,0,50,50,50,50,50,0,0,0,1.0,1.0,1.0,,False
ner,dominio_sintetico,True,mini_tolerante,mini,19,1387,1460,856,False,1512,0,50,50,50,50,50,0,0,0,1.0,1.0,1.0,,False
ner,dominio_sintetico,True,mini_tolerante,mini,20,1460,1460,856,False,1512,0,50,50,50,50,50,0,0,0,1.0,1.0,1.0,,False
ner,dominio_sintetico,True,json_objetos_completos,json,1,73,1460,1460,True,206,0,50,1,1,1,1,0,0,0,1.0,0.02,1.0,,False
ner,dominio_sintetico,True,json_objetos_completos,json,2,146,1460,1460,True,400,0,50,4,4,4,4,0,0,0,1.0,0.08,1.0,,False
ner,dominio_sintetico,True,json_objetos_completos,json,3,219,1460,1460,True,610,0,50,6,6,6,6,0,0,0,1.0,0.12,1.0,,False
ner,dominio_sintetico,True,json_objetos_completos,json,4,292,1460,1460,True,812,0,50,9,9,9,9,0,0,0,1.0,0.18,1.0,,False
ner,dominio_sintetico,True,json_objetos_completos,json,5,365,1460,1460,True,1006,0,50,11,11,11,11,0,0,0,1.0,0.22,1.0,,False
ner,dominio_sintetico,True,json_objetos_completos,json,6,438,1460,1460,True,1195,0,50,14,14,14,14,0,0,0,1.0,0.28,1.0,,False
ner,dominio_sintetico,True,json_objetos_completos,json,7,511,1460,1460,True,1408,0,50,16,16,16,16,0,0,0,1.0,0.32,1.0,,False
ner,dominio_sintetico,True,json_objetos_completos,json,8,584,1460,1460,True,1598,0,50,19,19,19,19,0,0,0,1.0,0.38,1.0,,False
ner,dominio_sintetico,True,json_objetos_completos,json,9,657,1460,1460,True,1797,0,50,22,22,22,22,0,0,0,1.0,0.44,1.0,,False
ner,dominio_sintetico,True,json_objetos_completos,json,10,730,1460,1460,True,1995,0,50,24,24,24,24,0,0,0,1.0,0.48,1.0,,False
ner,dominio_sintetico,True,json_objetos_completos,json,11,803,1460,1460,True,2197,0,50,26,26,26,26,0,0,0,1.0,0.52,1.0,,False
ner,dominio_sintetico,True,json_objetos_completos,json,12,876,1460,1460,True,2408,0,50,29,29,29,29,0,0,0,1.0,0.58,1.0,,False
ner,dominio_sintetico,True,json_objetos_completos,json,13,949,1460,1460,True,2608,0,50,32,32,32,32,0,0,0,1.0,0.64,1.0,,False
ner,dominio_sintetico,True,json_objetos_completos,json,14,1022,1460,1460,True,2803,0,50,34,34,34,34,0,0,0,1.0,0.68,1.0,,False
ner,dominio_sintetico,True,json_objetos_completos,json,15,1095,1460,1460,True,2998,0,50,37,37,37,37,0,0,0,1.0,0.74,1.0,,False
ner,dominio_sintetico,True,json_objetos_completos,json,16,1168,1460,1460,True,3196,0,50,39,39,39,39,0,0,0,1.0,0.78,1.0,,False
ner,dominio_sintetico,True,json_objetos_completos,json,17,1241,1460,1460,True,3384,0,50,42,42,42,42,0,0,0,1.0,0.84,1.0,,False
ner,dominio_sintetico,True,json_objetos_completos,json,18,1314,1460,1460,True,3592,0,50,44,44,44,44,0,0,0,1.0,0.88,1.0,,False
ner,dominio_sintetico,True,json_objetos_completos,json,19,1387,1460,1460,True,3803,0,50,47,47,47,47,0,0,0,1.0,0.94,1.0,,False
ner,dominio_sintetico,True,json_objetos_completos,json,20,1460,1460,1460,False,3995,0,50,50,50,50,50,0,0,0,1.0,1.0,1.0,,False
ner,dominio_sintetico,True,mini_tolerante_sin_cola,mini,1,73,1460,856,True,134,0,50,2,2,2,2,0,0,0,1.0,0.04,1.0,,False
ner,dominio_sintetico,True,mini_tolerante_sin_cola,mini,2,146,1460,856,True,272,0,50,7,7,7,7,0,0,0,1.0,0.14,1.0,,False
ner,dominio_sintetico,True,mini_tolerante_sin_cola,mini,3,219,1460,856,True,389,0,50,11,11,11,11,0,0,0,1.0,0.22,1.0,,False
ner,dominio_sintetico,True,mini_tolerante_sin_cola,mini,4,292,1460,856,True,527,0,50,15,15,15,15,0,0,0,1.0,0.3,1.0,,False
ner,dominio_sintetico,True,mini_tolerante_sin_cola,mini,5,365,1460,856,True,644,0,50,20,20,20,20,0,0,0,1.0,0.4,1.0,,False
ner,dominio_sintetico,True,mini_tolerante_sin_cola,mini,6,438,1460,856,True,775,0,50,24,24,24,24,0,0,0,1.0,0.48,1.0,,False
ner,dominio_sintetico,True,mini_tolerante_sin_cola,mini,7,511,1460,856,True,917,0,50,29,28,28,28,0,0,0,0.965517,0.56,1.0,,False
ner,dominio_sintetico,True,mini_tolerante_sin_cola,mini,8,584,1460,856,True,1040,0,50,33,33,33,33,0,0,0,1.0,0.66,1.0,,False
ner,dominio_sintetico,True,mini_tolerante_sin_cola,mini,9,657,1460,856,True,1164,0,50,37,37,37,37,0,0,0,1.0,0.74,1.0,,False
ner,dominio_sintetico,True,mini_tolerante_sin_cola,mini,10,730,1460,856,True,1272,0,50,42,42,42,42,0,0,0,1.0,0.84,1.0,,False
ner,dominio_sintetico,True,mini_tolerante_sin_cola,mini,11,803,1460,856,True,1427,0,50,46,46,46,46,0,0,0,1.0,0.92,1.0,,False
ner,dominio_sintetico,True,mini_tolerante_sin_cola,mini,12,876,1460,856,False,1512,0,50,50,50,50,50,0,0,0,1.0,1.0,1.0,,False
ner,dominio_sintetico,True,mini_tolerante_sin_cola,mini,13,949,1460,856,False,1512,0,50,50,50,50,50,0,0,0,1.0,1.0,1.0,,False
ner,dominio_sintetico,True,mini_tolerante_sin_cola,mini,14,1022,1460,856,False,1512,0,50,50,50,50,50,0,0,0,1.0,1.0,1.0,,False
ner,dominio_sintetico,True,mini_tolerante_sin_cola,mini,15,1095,1460,856,False,1512,0,50,50,50,50,50,0,0,0,1.0,1.0,1.0,,False
ner,dominio_sintetico,True,mini_tolerante_sin_cola,mini,16,1168,1460,856,False,1512,0,50,50,50,50,50,0,0,0,1.0,1.0,1.0,,False
ner,dominio_sintetico,True,mini_tolerante_sin_cola,mini,17,1241,1460,856,False,1512,0,50,50,50,50,50,0,0,0,1.0,1.0,1.0,,False
ner,dominio_sintetico,True,mini_tolerante_sin_cola,mini,18,1314,1460,856,False,1512,0,50,50,50,50,50,0,0,0,1.0,1.0,1.0,,False
ner,dominio_sintetico,True,mini_tolerante_sin_cola,mini,19,1387,1460,856,False,1512,0,50,50,50,50,50,0,0,0,1.0,1.0,1.0,,False
ner,dominio_sintetico,True,mini_tolerante_sin_cola,mini,20,1460,1460,856,False,1512,0,50,50,50,50,50,0,0,0,1.0,1.0,1.0,,False
q,dominio_sintetico,True,json_estricto,json,1,349,6979,6979,True,1103,0,50,1,0,0,0,0,0,0,0.0,0.0,,json.loads: JSONDecodeError,False
q,dominio_sintetico,True,json_estricto,json,2,698,6979,6979,True,2252,0,50,4,0,0,0,0,0,0,0.0,0.0,,json.loads: JSONDecodeError,False
q,dominio_sintetico,True,json_estricto,json,3,1047,6979,6979,True,3531,0,50,7,0,0,0,0,0,0,0.0,0.0,,json.loads: JSONDecodeError,False
q,dominio_sintetico,True,json_estricto,json,4,1396,6979,6979,True,4752,0,50,9,0,0,0,0,0,0,0.0,0.0,,json.loads: JSONDecodeError,False
q,dominio_sintetico,True,json_estricto,json,5,1745,6979,6979,True,6092,0,50,12,0,0,0,0,0,0,0.0,0.0,,json.loads: JSONDecodeError,False
q,dominio_sintetico,True,json_estricto,json,6,2094,6979,6979,True,7401,0,50,14,0,0,0,0,0,0,0.0,0.0,,json.loads: JSONDecodeError,False
q,dominio_sintetico,True,json_estricto,json,7,2443,6979,6979,True,8634,0,50,17,0,0,0,0,0,0,0.0,0.0,,json.loads: JSONDecodeError,False
q,dominio_sintetico,True,json_estricto,json,8,2792,6979,6979,True,9900,0,50,19,0,0,0,0,0,0,0.0,0.0,,json.loads: JSONDecodeError,False
q,dominio_sintetico,True,json_estricto,json,9,3141,6979,6979,True,11110,0,50,22,0,0,0,0,0,0,0.0,0.0,,json.loads: JSONDecodeError,False
q,dominio_sintetico,True,json_estricto,json,10,3490,6979,6979,True,12260,0,50,24,0,0,0,0,0,0,0.0,0.0,,json.loads: JSONDecodeError,False
q,dominio_sintetico,True,json_estricto,json,11,3838,6979,6979,True,13547,0,50,27,0,0,0,0,0,0,0.0,0.0,,json.loads: JSONDecodeError,False
q,dominio_sintetico,True,json_estricto,json,12,4187,6979,6979,True,14727,0,50,29,0,0,0,0,0,0,0.0,0.0,,json.loads: JSONDecodeError,False
q,dominio_sintetico,True,json_estricto,json,13,4536,6979,6979,True,16083,0,50,32,0,0,0,0,0,0,0.0,0.0,,json.loads: JSONDecodeError,False
q,dominio_sintetico,True,json_estricto,json,14,4885,6979,6979,True,17297,0,50,34,0,0,0,0,0,0,0.0,0.0,,json.loads: JSONDecodeError,False
q,dominio_sintetico,True,json_estricto,json,15,5234,6979,6979,True,18409,0,50,37,0,0,0,0,0,0,0.0,0.0,,json.loads: JSONDecodeError,False
q,dominio_sintetico,True,json_estricto,json,16,5583,6979,6979,True,19677,0,50,39,0,0,0,0,0,0,0.0,0.0,,json.loads: JSONDecodeError,False
q,dominio_sintetico,True,json_estricto,json,17,5932,6979,6979,True,20922,0,50,42,0,0,0,0,0,0,0.0,0.0,,json.loads: JSONDecodeError,False
q,dominio_sintetico,True,json_estricto,json,18,6281,6979,6979,True,22139,0,50,45,0,0,0,0,0,0,0.0,0.0,,json.loads: JSONDecodeError,False
q,dominio_sintetico,True,json_estricto,json,19,6630,6979,6979,True,23408,0,50,47,0,0,0,0,0,0,0.0,0.0,,json.loads: JSONDecodeError,False
q,dominio_sintetico,True,json_estricto,json,20,6979,6979,6979,False,24686,0,50,50,50,50,50,0,0,0,1.0,1.0,1.0,,False
q,dominio_sintetico,True,json_parcial_jiter,json,1,349,6979,6979,True,1103,0,50,1,2,1,1,0,0,1,1.0,0.02,0.5,,False
q,dominio_sintetico,True,json_parcial_jiter,json,2,698,6979,6979,True,2252,0,50,4,5,4,4,0,0,1,1.0,0.08,0.8,,False
q,dominio_sintetico,True,json_parcial_jiter,json,3,1047,6979,6979,True,3531,0,50,7,8,7,7,0,0,1,1.0,0.14,0.875,,False
q,dominio_sintetico,True,json_parcial_jiter,json,4,1396,6979,6979,True,4752,0,50,9,10,9,9,0,0,1,1.0,0.18,0.9,,False
q,dominio_sintetico,True,json_parcial_jiter,json,5,1745,6979,6979,True,6092,0,50,12,13,12,12,0,0,1,1.0,0.24,0.923077,,False
q,dominio_sintetico,True,json_parcial_jiter,json,6,2094,6979,6979,True,7401,0,50,14,15,14,14,0,0,1,1.0,0.28,0.933333,,False
q,dominio_sintetico,True,json_parcial_jiter,json,7,2443,6979,6979,True,8634,0,50,17,18,17,17,0,0,1,1.0,0.34,0.944444,,False
q,dominio_sintetico,True,json_parcial_jiter,json,8,2792,6979,6979,True,9900,0,50,19,20,19,19,0,0,1,1.0,0.38,0.95,,False
q,dominio_sintetico,True,json_parcial_jiter,json,9,3141,6979,6979,True,11110,0,50,22,23,22,22,0,0,1,1.0,0.44,0.956522,,False
q,dominio_sintetico,True,json_parcial_jiter,json,10,3490,6979,6979,True,12260,0,50,24,25,24,24,0,0,1,1.0,0.48,0.96,,False
q,dominio_sintetico,True,json_parcial_jiter,json,11,3838,6979,6979,True,13547,0,50,27,28,27,27,0,0,1,1.0,0.54,0.964286,,False
q,dominio_sintetico,True,json_parcial_jiter,json,12,4187,6979,6979,True,14727,0,50,29,30,29,29,0,0,1,1.0,0.58,0.966667,,False
q,dominio_sintetico,True,json_parcial_jiter,json,13,4536,6979,6979,True,16083,0,50,32,33,32,32,0,0,1,1.0,0.64,0.969697,,False
q,dominio_sintetico,True,json_parcial_jiter,json,14,4885,6979,6979,True,17297,0,50,34,35,34,34,0,0,1,1.0,0.68,0.971429,,False
q,dominio_sintetico,True,json_parcial_jiter,json,15,5234,6979,6979,True,18409,0,50,37,38,37,37,0,0,1,1.0,0.74,0.973684,,False
q,dominio_sintetico,True,json_parcial_jiter,json,16,5583,6979,6979,True,19677,0,50,39,40,39,39,0,0,1,1.0,0.78,0.975,,False
q,dominio_sintetico,True,json_parcial_jiter,json,17,5932,6979,6979,True,20922,0,50,42,43,42,42,0,0,1,1.0,0.84,0.976744,,False
q,dominio_sintetico,True,json_parcial_jiter,json,18,6281,6979,6979,True,22139,0,50,45,46,45,45,0,0,1,1.0,0.9,0.978261,,False
q,dominio_sintetico,True,json_parcial_jiter,json,19,6630,6979,6979,True,23408,0,50,47,48,47,47,0,0,1,1.0,0.94,0.979167,,False
q,dominio_sintetico,True,json_parcial_jiter,json,20,6979,6979,6979,False,24686,0,50,50,50,50,50,0,0,0,1.0,1.0,1.0,,False
q,dominio_sintetico,True,jsonl,jsonl,1,349,6979,7025,True,1103,0,50,1,1,1,1,0,0,0,1.0,0.02,1.0,,False
q,dominio_sintetico,True,jsonl,jsonl,2,698,6979,7025,True,2237,0,50,4,4,4,4,0,0,0,1.0,0.08,1.0,,False
q,dominio_sintetico,True,jsonl,jsonl,3,1047,6979,7025,True,3514,0,50,7,7,7,7,0,0,0,1.0,0.14,1.0,,False
q,dominio_sintetico,True,jsonl,jsonl,4,1396,6979,7025,True,4735,0,50,9,9,9,9,0,0,0,1.0,0.18,1.0,,False
q,dominio_sintetico,True,jsonl,jsonl,5,1745,6979,7025,True,6062,0,50,12,12,12,12,0,0,0,1.0,0.24,1.0,,False
q,dominio_sintetico,True,jsonl,jsonl,6,2094,6979,7025,True,7377,0,50,14,14,14,14,0,0,0,1.0,0.28,1.0,,False
q,dominio_sintetico,True,jsonl,jsonl,7,2443,6979,7025,True,8577,0,50,16,16,16,16,0,0,0,1.0,0.32,1.0,,False
q,dominio_sintetico,True,jsonl,jsonl,8,2792,6979,7025,True,9858,0,50,19,19,19,19,0,0,0,1.0,0.38,1.0,,False
q,dominio_sintetico,True,jsonl,jsonl,9,3141,6979,7025,True,11003,0,50,22,22,22,22,0,0,0,1.0,0.44,1.0,,False
q,dominio_sintetico,True,jsonl,jsonl,10,3490,6979,7025,True,12185,0,50,24,24,24,24,0,0,0,1.0,0.48,1.0,,False
q,dominio_sintetico,True,jsonl,jsonl,11,3838,6979,7025,True,13476,0,50,27,27,27,27,0,0,0,1.0,0.54,1.0,,False
q,dominio_sintetico,True,jsonl,jsonl,12,4187,6979,7025,True,14642,0,50,29,29,29,29,0,0,0,1.0,0.58,1.0,,False
q,dominio_sintetico,True,jsonl,jsonl,13,4536,6979,7025,True,15963,0,50,32,32,32,32,0,0,0,1.0,0.64,1.0,,False
q,dominio_sintetico,True,jsonl,jsonl,14,4885,6979,7025,True,17179,0,50,34,34,34,34,0,0,0,1.0,0.68,1.0,,False
q,dominio_sintetico,True,jsonl,jsonl,15,5234,6979,7025,True,18315,0,50,37,37,37,37,0,0,0,1.0,0.74,1.0,,False
q,dominio_sintetico,True,jsonl,jsonl,16,5583,6979,7025,True,19521,0,50,39,39,39,39,0,0,0,1.0,0.78,1.0,,False
q,dominio_sintetico,True,jsonl,jsonl,17,5932,6979,7025,True,20742,0,50,42,42,42,42,0,0,0,1.0,0.84,1.0,,False
q,dominio_sintetico,True,jsonl,jsonl,18,6281,6979,7025,True,21966,0,50,44,44,44,44,0,0,0,1.0,0.88,1.0,,False
q,dominio_sintetico,True,jsonl,jsonl,19,6630,6979,7025,True,23243,0,50,47,47,47,47,0,0,0,1.0,0.94,1.0,,False
q,dominio_sintetico,True,jsonl,jsonl,20,6979,6979,7025,True,24487,0,50,49,49,49,49,0,0,0,1.0,0.98,1.0,,False
q,dominio_sintetico,True,mini_tolerante,mini,1,349,6979,4653,True,926,0,50,3,3,3,3,0,0,0,1.0,0.06,1.0,,False
q,dominio_sintetico,True,mini_tolerante,mini,2,698,6979,4653,True,2089,0,50,6,7,6,6,0,0,1,1.0,0.12,0.857143,,False
q,dominio_sintetico,True,mini_tolerante,mini,3,1047,6979,4653,True,3258,0,50,10,11,10,10,0,0,1,1.0,0.2,0.909091,,False
q,dominio_sintetico,True,mini_tolerante,mini,4,1396,6979,4653,True,4574,0,50,14,14,14,14,0,0,0,1.0,0.28,1.0,,False
q,dominio_sintetico,True,mini_tolerante,mini,5,1745,6979,4653,True,5755,0,50,18,18,18,18,0,0,0,1.0,0.36,1.0,,False
q,dominio_sintetico,True,mini_tolerante,mini,6,2094,6979,4653,True,6837,0,50,22,22,22,22,0,0,0,1.0,0.44,1.0,,False
q,dominio_sintetico,True,mini_tolerante,mini,7,2443,6979,4653,True,7941,0,50,25,26,25,25,0,0,1,1.0,0.5,0.961538,,False
q,dominio_sintetico,True,mini_tolerante,mini,8,2792,6979,4653,True,9054,0,50,29,29,29,29,0,0,0,1.0,0.58,1.0,,False
q,dominio_sintetico,True,mini_tolerante,mini,9,3141,6979,4653,True,10301,0,50,33,33,33,33,0,0,0,1.0,0.66,1.0,,False
q,dominio_sintetico,True,mini_tolerante,mini,10,3490,6979,4653,True,11309,0,50,37,37,37,37,0,0,0,1.0,0.74,1.0,,False
q,dominio_sintetico,True,mini_tolerante,mini,11,3838,6979,4653,True,12445,0,50,41,41,41,41,0,0,0,1.0,0.82,1.0,,False
q,dominio_sintetico,True,mini_tolerante,mini,12,4187,6979,4653,True,13615,0,50,45,45,45,45,0,0,0,1.0,0.9,1.0,,False
q,dominio_sintetico,True,mini_tolerante,mini,13,4536,6979,4653,True,14803,0,50,48,49,48,48,0,0,1,1.0,0.96,0.979592,,False
q,dominio_sintetico,True,mini_tolerante,mini,14,4885,6979,4653,False,15239,0,50,50,50,50,50,0,0,0,1.0,1.0,1.0,,False
q,dominio_sintetico,True,mini_tolerante,mini,15,5234,6979,4653,False,15239,0,50,50,50,50,50,0,0,0,1.0,1.0,1.0,,False
q,dominio_sintetico,True,mini_tolerante,mini,16,5583,6979,4653,False,15239,0,50,50,50,50,50,0,0,0,1.0,1.0,1.0,,False
q,dominio_sintetico,True,mini_tolerante,mini,17,5932,6979,4653,False,15239,0,50,50,50,50,50,0,0,0,1.0,1.0,1.0,,False
q,dominio_sintetico,True,mini_tolerante,mini,18,6281,6979,4653,False,15239,0,50,50,50,50,50,0,0,0,1.0,1.0,1.0,,False
q,dominio_sintetico,True,mini_tolerante,mini,19,6630,6979,4653,False,15239,0,50,50,50,50,50,0,0,0,1.0,1.0,1.0,,False
q,dominio_sintetico,True,mini_tolerante,mini,20,6979,6979,4653,False,15239,0,50,50,50,50,50,0,0,0,1.0,1.0,1.0,,False
q,dominio_sintetico,True,json_objetos_completos,json,1,349,6979,6979,True,1103,0,50,1,1,1,1,0,0,0,1.0,0.02,1.0,,False
q,dominio_sintetico,True,json_objetos_completos,json,2,698,6979,6979,True,2252,0,50,4,4,4,4,0,0,0,1.0,0.08,1.0,,False
q,dominio_sintetico,True,json_objetos_completos,json,3,1047,6979,6979,True,3531,0,50,7,7,7,7,0,0,0,1.0,0.14,1.0,,False
q,dominio_sintetico,True,json_objetos_completos,json,4,1396,6979,6979,True,4752,0,50,9,9,9,9,0,0,0,1.0,0.18,1.0,,False
q,dominio_sintetico,True,json_objetos_completos,json,5,1745,6979,6979,True,6092,0,50,12,12,12,12,0,0,0,1.0,0.24,1.0,,False
q,dominio_sintetico,True,json_objetos_completos,json,6,2094,6979,6979,True,7401,0,50,14,14,14,14,0,0,0,1.0,0.28,1.0,,False
q,dominio_sintetico,True,json_objetos_completos,json,7,2443,6979,6979,True,8634,0,50,17,17,17,17,0,0,0,1.0,0.34,1.0,,False
q,dominio_sintetico,True,json_objetos_completos,json,8,2792,6979,6979,True,9900,0,50,19,19,19,19,0,0,0,1.0,0.38,1.0,,False
q,dominio_sintetico,True,json_objetos_completos,json,9,3141,6979,6979,True,11110,0,50,22,22,22,22,0,0,0,1.0,0.44,1.0,,False
q,dominio_sintetico,True,json_objetos_completos,json,10,3490,6979,6979,True,12260,0,50,24,24,24,24,0,0,0,1.0,0.48,1.0,,False
q,dominio_sintetico,True,json_objetos_completos,json,11,3838,6979,6979,True,13547,0,50,27,27,27,27,0,0,0,1.0,0.54,1.0,,False
q,dominio_sintetico,True,json_objetos_completos,json,12,4187,6979,6979,True,14727,0,50,29,29,29,29,0,0,0,1.0,0.58,1.0,,False
q,dominio_sintetico,True,json_objetos_completos,json,13,4536,6979,6979,True,16083,0,50,32,32,32,32,0,0,0,1.0,0.64,1.0,,False
q,dominio_sintetico,True,json_objetos_completos,json,14,4885,6979,6979,True,17297,0,50,34,34,34,34,0,0,0,1.0,0.68,1.0,,False
q,dominio_sintetico,True,json_objetos_completos,json,15,5234,6979,6979,True,18409,0,50,37,37,37,37,0,0,0,1.0,0.74,1.0,,False
q,dominio_sintetico,True,json_objetos_completos,json,16,5583,6979,6979,True,19677,0,50,39,39,39,39,0,0,0,1.0,0.78,1.0,,False
q,dominio_sintetico,True,json_objetos_completos,json,17,5932,6979,6979,True,20922,0,50,42,42,42,42,0,0,0,1.0,0.84,1.0,,False
q,dominio_sintetico,True,json_objetos_completos,json,18,6281,6979,6979,True,22139,0,50,45,45,45,45,0,0,0,1.0,0.9,1.0,,False
q,dominio_sintetico,True,json_objetos_completos,json,19,6630,6979,6979,True,23408,0,50,47,47,47,47,0,0,0,1.0,0.94,1.0,,False
q,dominio_sintetico,True,json_objetos_completos,json,20,6979,6979,6979,False,24686,0,50,50,50,50,50,0,0,0,1.0,1.0,1.0,,False
q,dominio_sintetico,True,mini_tolerante_sin_cola,mini,1,349,6979,4653,True,926,0,50,3,3,3,3,0,0,0,1.0,0.06,1.0,,False
q,dominio_sintetico,True,mini_tolerante_sin_cola,mini,2,698,6979,4653,True,2089,0,50,6,6,6,6,0,0,0,1.0,0.12,1.0,,False
q,dominio_sintetico,True,mini_tolerante_sin_cola,mini,3,1047,6979,4653,True,3258,0,50,10,10,10,10,0,0,0,1.0,0.2,1.0,,False
q,dominio_sintetico,True,mini_tolerante_sin_cola,mini,4,1396,6979,4653,True,4574,0,50,14,14,14,14,0,0,0,1.0,0.28,1.0,,False
q,dominio_sintetico,True,mini_tolerante_sin_cola,mini,5,1745,6979,4653,True,5755,0,50,18,18,18,18,0,0,0,1.0,0.36,1.0,,False
q,dominio_sintetico,True,mini_tolerante_sin_cola,mini,6,2094,6979,4653,True,6837,0,50,22,22,22,22,0,0,0,1.0,0.44,1.0,,False
q,dominio_sintetico,True,mini_tolerante_sin_cola,mini,7,2443,6979,4653,True,7941,0,50,25,25,25,25,0,0,0,1.0,0.5,1.0,,False
q,dominio_sintetico,True,mini_tolerante_sin_cola,mini,8,2792,6979,4653,True,9054,0,50,29,29,29,29,0,0,0,1.0,0.58,1.0,,False
q,dominio_sintetico,True,mini_tolerante_sin_cola,mini,9,3141,6979,4653,True,10301,0,50,33,33,33,33,0,0,0,1.0,0.66,1.0,,False
q,dominio_sintetico,True,mini_tolerante_sin_cola,mini,10,3490,6979,4653,True,11309,0,50,37,37,37,37,0,0,0,1.0,0.74,1.0,,False
q,dominio_sintetico,True,mini_tolerante_sin_cola,mini,11,3838,6979,4653,True,12445,0,50,41,41,41,41,0,0,0,1.0,0.82,1.0,,False
q,dominio_sintetico,True,mini_tolerante_sin_cola,mini,12,4187,6979,4653,True,13615,0,50,45,45,45,45,0,0,0,1.0,0.9,1.0,,False
q,dominio_sintetico,True,mini_tolerante_sin_cola,mini,13,4536,6979,4653,True,14803,0,50,48,48,48,48,0,0,0,1.0,0.96,1.0,,False
q,dominio_sintetico,True,mini_tolerante_sin_cola,mini,14,4885,6979,4653,False,15239,0,50,50,50,50,50,0,0,0,1.0,1.0,1.0,,False
q,dominio_sintetico,True,mini_tolerante_sin_cola,mini,15,5234,6979,4653,False,15239,0,50,50,50,50,50,0,0,0,1.0,1.0,1.0,,False
q,dominio_sintetico,True,mini_tolerante_sin_cola,mini,16,5583,6979,4653,False,15239,0,50,50,50,50,50,0,0,0,1.0,1.0,1.0,,False
q,dominio_sintetico,True,mini_tolerante_sin_cola,mini,17,5932,6979,4653,False,15239,0,50,50,50,50,50,0,0,0,1.0,1.0,1.0,,False
q,dominio_sintetico,True,mini_tolerante_sin_cola,mini,18,6281,6979,4653,False,15239,0,50,50,50,50,50,0,0,0,1.0,1.0,1.0,,False
q,dominio_sintetico,True,mini_tolerante_sin_cola,mini,19,6630,6979,4653,False,15239,0,50,50,50,50,50,0,0,0,1.0,1.0,1.0,,False
q,dominio_sintetico,True,mini_tolerante_sin_cola,mini,20,6979,6979,4653,False,15239,0,50,50,50,50,50,0,0,0,1.0,1.0,1.0,,False
r,dominio_sintetico,True,json_estricto,json,1,112,2241,2241,True,438,0,50,1,0,0,0,0,0,0,0.0,0.0,,json.loads: JSONDecodeError,False
r,dominio_sintetico,True,json_estricto,json,2,224,2241,2241,True,928,0,50,4,0,0,0,0,0,0,0.0,0.0,,json.loads: JSONDecodeError,False
r,dominio_sintetico,True,json_estricto,json,3,336,2241,2241,True,1395,0,50,6,0,0,0,0,0,0,0.0,0.0,,json.loads: JSONDecodeError,False
r,dominio_sintetico,True,json_estricto,json,4,448,2241,2241,True,1881,0,50,9,0,0,0,0,0,0,0.0,0.0,,json.loads: JSONDecodeError,False
r,dominio_sintetico,True,json_estricto,json,5,560,2241,2241,True,2360,0,50,11,0,0,0,0,0,0,0.0,0.0,,json.loads: JSONDecodeError,False
r,dominio_sintetico,True,json_estricto,json,6,672,2241,2241,True,2847,0,50,14,0,0,0,0,0,0,0.0,0.0,,json.loads: JSONDecodeError,False
r,dominio_sintetico,True,json_estricto,json,7,784,2241,2241,True,3307,0,50,16,0,0,0,0,0,0,0.0,0.0,,json.loads: JSONDecodeError,False
r,dominio_sintetico,True,json_estricto,json,8,896,2241,2241,True,3794,0,50,19,0,0,0,0,0,0,0.0,0.0,,json.loads: JSONDecodeError,False
r,dominio_sintetico,True,json_estricto,json,9,1008,2241,2241,True,4288,0,50,22,0,0,0,0,0,0,0.0,0.0,,json.loads: JSONDecodeError,False
r,dominio_sintetico,True,json_estricto,json,10,1121,2241,2241,True,4785,0,50,24,0,0,0,0,0,0,0.0,0.0,,json.loads: JSONDecodeError,False
r,dominio_sintetico,True,json_estricto,json,11,1233,2241,2241,True,5243,0,50,27,0,0,0,0,0,0,0.0,0.0,,json.loads: JSONDecodeError,False
r,dominio_sintetico,True,json_estricto,json,12,1345,2241,2241,True,5738,0,50,29,0,0,0,0,0,0,0.0,0.0,,json.loads: JSONDecodeError,False
r,dominio_sintetico,True,json_estricto,json,13,1457,2241,2241,True,6204,0,50,32,0,0,0,0,0,0,0.0,0.0,,json.loads: JSONDecodeError,False
r,dominio_sintetico,True,json_estricto,json,14,1569,2241,2241,True,6698,0,50,34,0,0,0,0,0,0,0.0,0.0,,json.loads: JSONDecodeError,False
r,dominio_sintetico,True,json_estricto,json,15,1681,2241,2241,True,7209,0,50,37,0,0,0,0,0,0,0.0,0.0,,json.loads: JSONDecodeError,False
r,dominio_sintetico,True,json_estricto,json,16,1793,2241,2241,True,7674,0,50,40,0,0,0,0,0,0,0.0,0.0,,json.loads: JSONDecodeError,False
r,dominio_sintetico,True,json_estricto,json,17,1905,2241,2241,True,8173,0,50,42,0,0,0,0,0,0,0.0,0.0,,json.loads: JSONDecodeError,False
r,dominio_sintetico,True,json_estricto,json,18,2017,2241,2241,True,8636,0,50,45,0,0,0,0,0,0,0.0,0.0,,json.loads: JSONDecodeError,False
r,dominio_sintetico,True,json_estricto,json,19,2129,2241,2241,True,9145,0,50,47,0,0,0,0,0,0,0.0,0.0,,json.loads: JSONDecodeError,False
r,dominio_sintetico,True,json_estricto,json,20,2241,2241,2241,False,9608,0,50,50,50,50,50,0,0,0,1.0,1.0,1.0,,False
r,dominio_sintetico,True,json_parcial_jiter,json,1,112,2241,2241,True,438,0,50,1,2,1,1,0,0,1,1.0,0.02,0.5,,False
r,dominio_sintetico,True,json_parcial_jiter,json,2,224,2241,2241,True,928,0,50,4,5,4,4,0,0,1,1.0,0.08,0.8,,False
r,dominio_sintetico,True,json_parcial_jiter,json,3,336,2241,2241,True,1395,0,50,6,7,6,6,0,0,1,1.0,0.12,0.857143,,False
r,dominio_sintetico,True,json_parcial_jiter,json,4,448,2241,2241,True,1881,0,50,9,10,9,9,0,0,1,1.0,0.18,0.9,,False
r,dominio_sintetico,True,json_parcial_jiter,json,5,560,2241,2241,True,2360,0,50,11,12,11,11,0,0,1,1.0,0.22,0.916667,,False
r,dominio_sintetico,True,json_parcial_jiter,json,6,672,2241,2241,True,2847,0,50,14,15,14,14,0,0,1,1.0,0.28,0.933333,,False
r,dominio_sintetico,True,json_parcial_jiter,json,7,784,2241,2241,True,3307,0,50,16,17,16,16,0,0,1,1.0,0.32,0.941176,,False
r,dominio_sintetico,True,json_parcial_jiter,json,8,896,2241,2241,True,3794,0,50,19,20,19,19,0,0,1,1.0,0.38,0.95,,False
r,dominio_sintetico,True,json_parcial_jiter,json,9,1008,2241,2241,True,4288,0,50,22,23,22,22,0,0,1,1.0,0.44,0.956522,,False
r,dominio_sintetico,True,json_parcial_jiter,json,10,1121,2241,2241,True,4785,0,50,24,25,24,24,0,0,1,1.0,0.48,0.96,,False
r,dominio_sintetico,True,json_parcial_jiter,json,11,1233,2241,2241,True,5243,0,50,27,28,27,27,0,0,1,1.0,0.54,0.964286,,False
r,dominio_sintetico,True,json_parcial_jiter,json,12,1345,2241,2241,True,5738,0,50,29,30,29,29,0,0,1,1.0,0.58,0.966667,,False
r,dominio_sintetico,True,json_parcial_jiter,json,13,1457,2241,2241,True,6204,0,50,32,33,32,32,0,0,1,1.0,0.64,0.969697,,False
r,dominio_sintetico,True,json_parcial_jiter,json,14,1569,2241,2241,True,6698,0,50,34,35,34,34,0,0,1,1.0,0.68,0.971429,,False
r,dominio_sintetico,True,json_parcial_jiter,json,15,1681,2241,2241,True,7209,0,50,37,38,37,37,0,0,1,1.0,0.74,0.973684,,False
r,dominio_sintetico,True,json_parcial_jiter,json,16,1793,2241,2241,True,7674,0,50,40,41,40,40,0,0,1,1.0,0.8,0.97561,,False
r,dominio_sintetico,True,json_parcial_jiter,json,17,1905,2241,2241,True,8173,0,50,42,43,42,42,0,0,1,1.0,0.84,0.976744,,False
r,dominio_sintetico,True,json_parcial_jiter,json,18,2017,2241,2241,True,8636,0,50,45,46,45,45,0,0,1,1.0,0.9,0.978261,,False
r,dominio_sintetico,True,json_parcial_jiter,json,19,2129,2241,2241,True,9145,0,50,47,48,47,47,0,0,1,1.0,0.94,0.979167,,False
r,dominio_sintetico,True,json_parcial_jiter,json,20,2241,2241,2241,False,9608,0,50,50,50,50,50,0,0,0,1.0,1.0,1.0,,False
r,dominio_sintetico,True,jsonl,jsonl,1,112,2241,2287,True,429,0,50,1,1,1,1,0,0,0,1.0,0.02,1.0,,False
r,dominio_sintetico,True,jsonl,jsonl,2,224,2241,2287,True,911,0,50,4,4,4,4,0,0,0,1.0,0.08,1.0,,False
r,dominio_sintetico,True,jsonl,jsonl,3,336,2241,2287,True,1374,0,50,6,6,6,6,0,0,0,1.0,0.12,1.0,,False
r,dominio_sintetico,True,jsonl,jsonl,4,448,2241,2287,True,1833,0,50,9,9,9,9,0,0,0,1.0,0.18,1.0,,False
r,dominio_sintetico,True,jsonl,jsonl,5,560,2241,2287,True,2311,0,50,11,11,11,11,0,0,0,1.0,0.22,1.0,,False
r,dominio_sintetico,True,jsonl,jsonl,6,672,2241,2287,True,2772,0,50,14,14,14,14,0,0,0,1.0,0.28,1.0,,False
r,dominio_sintetico,True,jsonl,jsonl,7,784,2241,2287,True,3252,0,50,16,16,16,16,0,0,0,1.0,0.32,1.0,,False
r,dominio_sintetico,True,jsonl,jsonl,8,896,2241,2287,True,3699,0,50,19,19,19,19,0,0,0,1.0,0.38,1.0,,False
r,dominio_sintetico,True,jsonl,jsonl,9,1008,2241,2287,True,4210,0,50,21,21,21,21,0,0,0,1.0,0.42,1.0,,False
r,dominio_sintetico,True,jsonl,jsonl,10,1121,2241,2287,True,4675,0,50,24,24,24,24,0,0,0,1.0,0.48,1.0,,False
r,dominio_sintetico,True,jsonl,jsonl,11,1233,2241,2287,True,5139,0,50,26,26,26,26,0,0,0,1.0,0.52,1.0,,False
r,dominio_sintetico,True,jsonl,jsonl,12,1345,2241,2287,True,5595,0,50,29,29,29,29,0,0,0,1.0,0.58,1.0,,False
r,dominio_sintetico,True,jsonl,jsonl,13,1457,2241,2287,True,6080,0,50,31,31,31,31,0,0,0,1.0,0.62,1.0,,False
r,dominio_sintetico,True,jsonl,jsonl,14,1569,2241,2287,True,6536,0,50,34,34,34,34,0,0,0,1.0,0.68,1.0,,False
r,dominio_sintetico,True,jsonl,jsonl,15,1681,2241,2287,True,7058,0,50,36,36,36,36,0,0,0,1.0,0.72,1.0,,False
r,dominio_sintetico,True,jsonl,jsonl,16,1793,2241,2287,True,7501,0,50,39,39,39,39,0,0,0,1.0,0.78,1.0,,False
r,dominio_sintetico,True,jsonl,jsonl,17,1905,2241,2287,True,8001,0,50,41,41,41,41,0,0,0,1.0,0.82,1.0,,False
r,dominio_sintetico,True,jsonl,jsonl,18,2017,2241,2287,True,8451,0,50,44,44,44,44,0,0,0,1.0,0.88,1.0,,False
r,dominio_sintetico,True,jsonl,jsonl,19,2129,2241,2287,True,8945,0,50,46,46,46,46,0,0,0,1.0,0.92,1.0,,False
r,dominio_sintetico,True,jsonl,jsonl,20,2241,2241,2287,True,9400,0,50,49,49,49,49,0,0,0,1.0,0.98,1.0,,False
r,dominio_sintetico,True,mini_tolerante,mini,1,112,2241,1496,True,359,0,50,2,2,2,2,0,0,0,1.0,0.04,1.0,,False
r,dominio_sintetico,True,mini_tolerante,mini,2,224,2241,1496,True,802,0,50,6,6,6,6,0,0,0,1.0,0.12,1.0,,False
r,dominio_sintetico,True,mini_tolerante,mini,3,336,2241,1496,True,1233,0,50,10,10,10,10,0,0,0,1.0,0.2,1.0,,False
r,dominio_sintetico,True,mini_tolerante,mini,4,448,2241,1496,True,1650,0,50,14,14,14,14,0,0,0,1.0,0.28,1.0,,False
r,dominio_sintetico,True,mini_tolerante,mini,5,560,2241,1496,True,2078,0,50,17,17,17,17,0,0,0,1.0,0.34,1.0,,False
r,dominio_sintetico,True,mini_tolerante,mini,6,672,2241,1496,True,2513,0,50,21,21,21,21,0,0,0,1.0,0.42,1.0,,False
r,dominio_sintetico,True,mini_tolerante,mini,7,784,2241,1496,True,2927,0,50,25,25,25,25,0,0,0,1.0,0.5,1.0,,False
r,dominio_sintetico,True,mini_tolerante,mini,8,896,2241,1496,True,3375,0,50,29,29,29,29,0,0,0,1.0,0.58,1.0,,False
r,dominio_sintetico,True,mini_tolerante,mini,9,1008,2241,1496,True,3789,0,50,33,33,33,33,0,0,0,1.0,0.66,1.0,,False
r,dominio_sintetico,True,mini_tolerante,mini,10,1121,2241,1496,True,4241,0,50,37,37,37,37,0,0,0,1.0,0.74,1.0,,False
r,dominio_sintetico,True,mini_tolerante,mini,11,1233,2241,1496,True,4639,0,50,41,41,41,41,0,0,0,1.0,0.82,1.0,,False
r,dominio_sintetico,True,mini_tolerante,mini,12,1345,2241,1496,True,5091,0,50,45,45,45,45,0,0,0,1.0,0.9,1.0,,False
r,dominio_sintetico,True,mini_tolerante,mini,13,1457,2241,1496,True,5522,0,50,48,48,48,48,0,0,0,1.0,0.96,1.0,,False
r,dominio_sintetico,True,mini_tolerante,mini,14,1569,2241,1496,False,5680,0,50,50,50,50,50,0,0,0,1.0,1.0,1.0,,False
r,dominio_sintetico,True,mini_tolerante,mini,15,1681,2241,1496,False,5680,0,50,50,50,50,50,0,0,0,1.0,1.0,1.0,,False
r,dominio_sintetico,True,mini_tolerante,mini,16,1793,2241,1496,False,5680,0,50,50,50,50,50,0,0,0,1.0,1.0,1.0,,False
r,dominio_sintetico,True,mini_tolerante,mini,17,1905,2241,1496,False,5680,0,50,50,50,50,50,0,0,0,1.0,1.0,1.0,,False
r,dominio_sintetico,True,mini_tolerante,mini,18,2017,2241,1496,False,5680,0,50,50,50,50,50,0,0,0,1.0,1.0,1.0,,False
r,dominio_sintetico,True,mini_tolerante,mini,19,2129,2241,1496,False,5680,0,50,50,50,50,50,0,0,0,1.0,1.0,1.0,,False
r,dominio_sintetico,True,mini_tolerante,mini,20,2241,2241,1496,False,5680,0,50,50,50,50,50,0,0,0,1.0,1.0,1.0,,False
r,dominio_sintetico,True,json_objetos_completos,json,1,112,2241,2241,True,438,0,50,1,1,1,1,0,0,0,1.0,0.02,1.0,,False
r,dominio_sintetico,True,json_objetos_completos,json,2,224,2241,2241,True,928,0,50,4,4,4,4,0,0,0,1.0,0.08,1.0,,False
r,dominio_sintetico,True,json_objetos_completos,json,3,336,2241,2241,True,1395,0,50,6,6,6,6,0,0,0,1.0,0.12,1.0,,False
r,dominio_sintetico,True,json_objetos_completos,json,4,448,2241,2241,True,1881,0,50,9,9,9,9,0,0,0,1.0,0.18,1.0,,False
r,dominio_sintetico,True,json_objetos_completos,json,5,560,2241,2241,True,2360,0,50,11,11,11,11,0,0,0,1.0,0.22,1.0,,False
r,dominio_sintetico,True,json_objetos_completos,json,6,672,2241,2241,True,2847,0,50,14,14,14,14,0,0,0,1.0,0.28,1.0,,False
r,dominio_sintetico,True,json_objetos_completos,json,7,784,2241,2241,True,3307,0,50,16,16,16,16,0,0,0,1.0,0.32,1.0,,False
r,dominio_sintetico,True,json_objetos_completos,json,8,896,2241,2241,True,3794,0,50,19,19,19,19,0,0,0,1.0,0.38,1.0,,False
r,dominio_sintetico,True,json_objetos_completos,json,9,1008,2241,2241,True,4288,0,50,22,22,22,22,0,0,0,1.0,0.44,1.0,,False
r,dominio_sintetico,True,json_objetos_completos,json,10,1121,2241,2241,True,4785,0,50,24,24,24,24,0,0,0,1.0,0.48,1.0,,False
r,dominio_sintetico,True,json_objetos_completos,json,11,1233,2241,2241,True,5243,0,50,27,27,27,27,0,0,0,1.0,0.54,1.0,,False
r,dominio_sintetico,True,json_objetos_completos,json,12,1345,2241,2241,True,5738,0,50,29,29,29,29,0,0,0,1.0,0.58,1.0,,False
r,dominio_sintetico,True,json_objetos_completos,json,13,1457,2241,2241,True,6204,0,50,32,32,32,32,0,0,0,1.0,0.64,1.0,,False
r,dominio_sintetico,True,json_objetos_completos,json,14,1569,2241,2241,True,6698,0,50,34,34,34,34,0,0,0,1.0,0.68,1.0,,False
r,dominio_sintetico,True,json_objetos_completos,json,15,1681,2241,2241,True,7209,0,50,37,37,37,37,0,0,0,1.0,0.74,1.0,,False
r,dominio_sintetico,True,json_objetos_completos,json,16,1793,2241,2241,True,7674,0,50,40,40,40,40,0,0,0,1.0,0.8,1.0,,False
r,dominio_sintetico,True,json_objetos_completos,json,17,1905,2241,2241,True,8173,0,50,42,42,42,42,0,0,0,1.0,0.84,1.0,,False
r,dominio_sintetico,True,json_objetos_completos,json,18,2017,2241,2241,True,8636,0,50,45,45,45,45,0,0,0,1.0,0.9,1.0,,False
r,dominio_sintetico,True,json_objetos_completos,json,19,2129,2241,2241,True,9145,0,50,47,47,47,47,0,0,0,1.0,0.94,1.0,,False
r,dominio_sintetico,True,json_objetos_completos,json,20,2241,2241,2241,False,9608,0,50,50,50,50,50,0,0,0,1.0,1.0,1.0,,False
r,dominio_sintetico,True,mini_tolerante_sin_cola,mini,1,112,2241,1496,True,359,0,50,2,2,2,2,0,0,0,1.0,0.04,1.0,,False
r,dominio_sintetico,True,mini_tolerante_sin_cola,mini,2,224,2241,1496,True,802,0,50,6,6,6,6,0,0,0,1.0,0.12,1.0,,False
r,dominio_sintetico,True,mini_tolerante_sin_cola,mini,3,336,2241,1496,True,1233,0,50,10,10,10,10,0,0,0,1.0,0.2,1.0,,False
r,dominio_sintetico,True,mini_tolerante_sin_cola,mini,4,448,2241,1496,True,1650,0,50,14,14,14,14,0,0,0,1.0,0.28,1.0,,False
r,dominio_sintetico,True,mini_tolerante_sin_cola,mini,5,560,2241,1496,True,2078,0,50,17,17,17,17,0,0,0,1.0,0.34,1.0,,False
r,dominio_sintetico,True,mini_tolerante_sin_cola,mini,6,672,2241,1496,True,2513,0,50,21,21,21,21,0,0,0,1.0,0.42,1.0,,False
r,dominio_sintetico,True,mini_tolerante_sin_cola,mini,7,784,2241,1496,True,2927,0,50,25,25,25,25,0,0,0,1.0,0.5,1.0,,False
r,dominio_sintetico,True,mini_tolerante_sin_cola,mini,8,896,2241,1496,True,3375,0,50,29,29,29,29,0,0,0,1.0,0.58,1.0,,False
r,dominio_sintetico,True,mini_tolerante_sin_cola,mini,9,1008,2241,1496,True,3789,0,50,33,33,33,33,0,0,0,1.0,0.66,1.0,,False
r,dominio_sintetico,True,mini_tolerante_sin_cola,mini,10,1121,2241,1496,True,4241,0,50,37,37,37,37,0,0,0,1.0,0.74,1.0,,False
r,dominio_sintetico,True,mini_tolerante_sin_cola,mini,11,1233,2241,1496,True,4639,0,50,41,41,41,41,0,0,0,1.0,0.82,1.0,,False
r,dominio_sintetico,True,mini_tolerante_sin_cola,mini,12,1345,2241,1496,True,5091,0,50,45,45,45,45,0,0,0,1.0,0.9,1.0,,False
r,dominio_sintetico,True,mini_tolerante_sin_cola,mini,13,1457,2241,1496,True,5522,0,50,48,48,48,48,0,0,0,1.0,0.96,1.0,,False
r,dominio_sintetico,True,mini_tolerante_sin_cola,mini,14,1569,2241,1496,False,5680,0,50,50,50,50,50,0,0,0,1.0,1.0,1.0,,False
r,dominio_sintetico,True,mini_tolerante_sin_cola,mini,15,1681,2241,1496,False,5680,0,50,50,50,50,50,0,0,0,1.0,1.0,1.0,,False
r,dominio_sintetico,True,mini_tolerante_sin_cola,mini,16,1793,2241,1496,False,5680,0,50,50,50,50,50,0,0,0,1.0,1.0,1.0,,False
r,dominio_sintetico,True,mini_tolerante_sin_cola,mini,17,1905,2241,1496,False,5680,0,50,50,50,50,50,0,0,0,1.0,1.0,1.0,,False
r,dominio_sintetico,True,mini_tolerante_sin_cola,mini,18,2017,2241,1496,False,5680,0,50,50,50,50,50,0,0,0,1.0,1.0,1.0,,False
r,dominio_sintetico,True,mini_tolerante_sin_cola,mini,19,2129,2241,1496,False,5680,0,50,50,50,50,50,0,0,0,1.0,1.0,1.0,,False
r,dominio_sintetico,True,mini_tolerante_sin_cola,mini,20,2241,2241,1496,False,5680,0,50,50,50,50,50,0,0,0,1.0,1.0,1.0,,False
s,dominio_sintetico,True,json_estricto,json,1,96,1916,1916,True,377,0,50,1,0,0,0,0,0,0,0.0,0.0,,json.loads: JSONDecodeError,False
s,dominio_sintetico,True,json_estricto,json,2,192,1916,1916,True,773,0,50,4,0,0,0,0,0,0,0.0,0.0,,json.loads: JSONDecodeError,False
s,dominio_sintetico,True,json_estricto,json,3,287,1916,1916,True,1194,0,50,6,0,0,0,0,0,0,0.0,0.0,,json.loads: JSONDecodeError,False
s,dominio_sintetico,True,json_estricto,json,4,383,1916,1916,True,1582,0,50,9,0,0,0,0,0,0,0.0,0.0,,json.loads: JSONDecodeError,False
s,dominio_sintetico,True,json_estricto,json,5,479,1916,1916,True,2002,0,50,11,0,0,0,0,0,0,0.0,0.0,,json.loads: JSONDecodeError,False
s,dominio_sintetico,True,json_estricto,json,6,575,1916,1916,True,2405,0,50,14,0,0,0,0,0,0,0.0,0.0,,json.loads: JSONDecodeError,False
s,dominio_sintetico,True,json_estricto,json,7,671,1916,1916,True,2819,0,50,16,0,0,0,0,0,0,0.0,0.0,,json.loads: JSONDecodeError,False
s,dominio_sintetico,True,json_estricto,json,8,766,1916,1916,True,3213,0,50,19,0,0,0,0,0,0,0.0,0.0,,json.loads: JSONDecodeError,False
s,dominio_sintetico,True,json_estricto,json,9,862,1916,1916,True,3633,0,50,21,0,0,0,0,0,0,0.0,0.0,,json.loads: JSONDecodeError,False
s,dominio_sintetico,True,json_estricto,json,10,958,1916,1916,True,4046,0,50,24,0,0,0,0,0,0,0.0,0.0,,json.loads: JSONDecodeError,False
s,dominio_sintetico,True,json_estricto,json,11,1054,1916,1916,True,4439,0,50,27,0,0,0,0,0,0,0.0,0.0,,json.loads: JSONDecodeError,False
s,dominio_sintetico,True,json_estricto,json,12,1150,1916,1916,True,4860,0,50,29,0,0,0,0,0,0,0.0,0.0,,json.loads: JSONDecodeError,False
s,dominio_sintetico,True,json_estricto,json,13,1245,1916,1916,True,5248,0,50,32,0,0,0,0,0,0,0.0,0.0,,json.loads: JSONDecodeError,False
s,dominio_sintetico,True,json_estricto,json,14,1341,1916,1916,True,5667,0,50,34,0,0,0,0,0,0,0.0,0.0,,json.loads: JSONDecodeError,False
s,dominio_sintetico,True,json_estricto,json,15,1437,1916,1916,True,6076,0,50,37,0,0,0,0,0,0,0.0,0.0,,json.loads: JSONDecodeError,False
s,dominio_sintetico,True,json_estricto,json,16,1533,1916,1916,True,6490,0,50,40,0,0,0,0,0,0,0.0,0.0,,json.loads: JSONDecodeError,False
s,dominio_sintetico,True,json_estricto,json,17,1629,1916,1916,True,6903,0,50,42,0,0,0,0,0,0,0.0,0.0,,json.loads: JSONDecodeError,False
s,dominio_sintetico,True,json_estricto,json,18,1724,1916,1916,True,7301,0,50,44,0,0,0,0,0,0,0.0,0.0,,json.loads: JSONDecodeError,False
s,dominio_sintetico,True,json_estricto,json,19,1820,1916,1916,True,7716,0,50,47,0,0,0,0,0,0,0.0,0.0,,json.loads: JSONDecodeError,False
s,dominio_sintetico,True,json_estricto,json,20,1916,1916,1916,False,8107,0,50,50,50,50,50,0,0,0,1.0,1.0,1.0,,False
s,dominio_sintetico,True,json_parcial_jiter,json,1,96,1916,1916,True,377,0,50,1,2,1,1,0,0,1,1.0,0.02,0.5,,False
s,dominio_sintetico,True,json_parcial_jiter,json,2,192,1916,1916,True,773,0,50,4,5,4,4,0,0,1,1.0,0.08,0.8,,False
s,dominio_sintetico,True,json_parcial_jiter,json,3,287,1916,1916,True,1194,0,50,6,7,6,6,0,0,1,1.0,0.12,0.857143,,False
s,dominio_sintetico,True,json_parcial_jiter,json,4,383,1916,1916,True,1582,0,50,9,10,9,9,0,0,1,1.0,0.18,0.9,,False
s,dominio_sintetico,True,json_parcial_jiter,json,5,479,1916,1916,True,2002,0,50,11,12,11,11,0,0,1,1.0,0.22,0.916667,,False
s,dominio_sintetico,True,json_parcial_jiter,json,6,575,1916,1916,True,2405,0,50,14,15,14,14,0,0,1,1.0,0.28,0.933333,,False
s,dominio_sintetico,True,json_parcial_jiter,json,7,671,1916,1916,True,2819,0,50,16,17,16,16,0,0,1,1.0,0.32,0.941176,,False
s,dominio_sintetico,True,json_parcial_jiter,json,8,766,1916,1916,True,3213,0,50,19,20,19,19,0,0,1,1.0,0.38,0.95,,False
s,dominio_sintetico,True,json_parcial_jiter,json,9,862,1916,1916,True,3633,0,50,21,22,22,21,1,0,0,1.0,0.42,0.954545,,False
s,dominio_sintetico,True,json_parcial_jiter,json,10,958,1916,1916,True,4046,0,50,24,25,24,24,0,0,1,1.0,0.48,0.96,,False
s,dominio_sintetico,True,json_parcial_jiter,json,11,1054,1916,1916,True,4439,0,50,27,28,27,27,0,0,1,1.0,0.54,0.964286,,False
s,dominio_sintetico,True,json_parcial_jiter,json,12,1150,1916,1916,True,4860,0,50,29,30,29,29,0,0,1,1.0,0.58,0.966667,,False
s,dominio_sintetico,True,json_parcial_jiter,json,13,1245,1916,1916,True,5248,0,50,32,33,32,32,0,0,1,1.0,0.64,0.969697,,False
s,dominio_sintetico,True,json_parcial_jiter,json,14,1341,1916,1916,True,5667,0,50,34,35,34,34,0,0,1,1.0,0.68,0.971429,,False
s,dominio_sintetico,True,json_parcial_jiter,json,15,1437,1916,1916,True,6076,0,50,37,38,37,37,0,0,1,1.0,0.74,0.973684,,False
s,dominio_sintetico,True,json_parcial_jiter,json,16,1533,1916,1916,True,6490,0,50,40,41,40,40,0,0,1,1.0,0.8,0.97561,,False
s,dominio_sintetico,True,json_parcial_jiter,json,17,1629,1916,1916,True,6903,0,50,42,43,42,42,0,0,1,1.0,0.84,0.976744,,False
s,dominio_sintetico,True,json_parcial_jiter,json,18,1724,1916,1916,True,7301,0,50,44,45,44,44,0,0,1,1.0,0.88,0.977778,,False
s,dominio_sintetico,True,json_parcial_jiter,json,19,1820,1916,1916,True,7716,0,50,47,48,47,47,0,0,1,1.0,0.94,0.979167,,False
s,dominio_sintetico,True,json_parcial_jiter,json,20,1916,1916,1916,False,8107,0,50,50,50,50,50,0,0,0,1.0,1.0,1.0,,False
s,dominio_sintetico,True,jsonl,jsonl,1,96,1916,1962,True,378,0,50,1,1,1,1,0,0,0,1.0,0.02,1.0,,False
s,dominio_sintetico,True,jsonl,jsonl,2,192,1916,1962,True,758,0,50,4,4,4,4,0,0,0,1.0,0.08,1.0,,False
s,dominio_sintetico,True,jsonl,jsonl,3,287,1916,1962,True,1166,0,50,6,6,6,6,0,0,0,1.0,0.12,1.0,,False
s,dominio_sintetico,True,jsonl,jsonl,4,383,1916,1962,True,1543,0,50,9,9,9,9,0,0,0,1.0,0.18,1.0,,False
s,dominio_sintetico,True,jsonl,jsonl,5,479,1916,1962,True,1955,0,50,11,11,11,11,0,0,0,1.0,0.22,1.0,,False
s,dominio_sintetico,True,jsonl,jsonl,6,575,1916,1962,True,2345,0,50,14,14,14,14,0,0,0,1.0,0.28,1.0,,False
s,dominio_sintetico,True,jsonl,jsonl,7,671,1916,1962,True,2751,0,50,16,16,16,16,0,0,0,1.0,0.32,1.0,,False
s,dominio_sintetico,True,jsonl,jsonl,8,766,1916,1962,True,3144,0,50,18,18,18,18,0,0,0,1.0,0.36,1.0,,False
s,dominio_sintetico,True,jsonl,jsonl,9,862,1916,1962,True,3548,0,50,21,21,21,21,0,0,0,1.0,0.42,1.0,,False
s,dominio_sintetico,True,jsonl,jsonl,10,958,1916,1962,True,3936,0,50,24,24,24,24,0,0,0,1.0,0.48,1.0,,False
s,dominio_sintetico,True,jsonl,jsonl,11,1054,1916,1962,True,4339,0,50,26,26,26,26,0,0,0,1.0,0.52,1.0,,False
s,dominio_sintetico,True,jsonl,jsonl,12,1150,1916,1962,True,4735,0,50,29,29,29,29,0,0,0,1.0,0.58,1.0,,False
s,dominio_sintetico,True,jsonl,jsonl,13,1245,1916,1962,True,5127,0,50,31,31,31,31,0,0,0,1.0,0.62,1.0,,False
s,dominio_sintetico,True,jsonl,jsonl,14,1341,1916,1962,True,5511,0,50,34,34,34,34,0,0,0,1.0,0.68,1.0,,False
s,dominio_sintetico,True,jsonl,jsonl,15,1437,1916,1962,True,5929,0,50,36,36,36,36,0,0,0,1.0,0.72,1.0,,False
s,dominio_sintetico,True,jsonl,jsonl,16,1533,1916,1962,True,6323,0,50,39,39,39,39,0,0,0,1.0,0.78,1.0,,False
s,dominio_sintetico,True,jsonl,jsonl,17,1629,1916,1962,True,6713,0,50,41,41,41,41,0,0,0,1.0,0.82,1.0,,False
s,dominio_sintetico,True,jsonl,jsonl,18,1724,1916,1962,True,7128,0,50,43,43,43,43,0,0,0,1.0,0.86,1.0,,False
s,dominio_sintetico,True,jsonl,jsonl,19,1820,1916,1962,True,7509,0,50,46,46,46,46,0,0,0,1.0,0.92,1.0,,False
s,dominio_sintetico,True,jsonl,jsonl,20,1916,1916,1962,True,7916,0,50,48,48,48,48,0,0,0,1.0,0.96,1.0,,False
s,dominio_sintetico,True,mini_tolerante,mini,1,96,1916,1226,True,314,0,50,2,2,2,2,0,0,0,1.0,0.04,1.0,,False
s,dominio_sintetico,True,mini_tolerante,mini,2,192,1916,1226,True,681,0,50,6,6,6,6,0,0,0,1.0,0.12,1.0,,False
s,dominio_sintetico,True,mini_tolerante,mini,3,287,1916,1226,True,1029,0,50,10,10,10,10,0,0,0,1.0,0.2,1.0,,False
s,dominio_sintetico,True,mini_tolerante,mini,4,383,1916,1226,True,1379,0,50,14,14,14,14,0,0,0,1.0,0.28,1.0,,False
s,dominio_sintetico,True,mini_tolerante,mini,5,479,1916,1226,True,1743,0,50,18,18,18,18,0,0,0,1.0,0.36,1.0,,False
s,dominio_sintetico,True,mini_tolerante,mini,6,575,1916,1226,True,2101,0,50,22,22,22,22,0,0,0,1.0,0.44,1.0,,False
s,dominio_sintetico,True,mini_tolerante,mini,7,671,1916,1226,True,2457,0,50,26,26,26,26,0,0,0,1.0,0.52,1.0,,False
s,dominio_sintetico,True,mini_tolerante,mini,8,766,1916,1226,True,2812,0,50,30,30,30,30,0,0,0,1.0,0.6,1.0,,False
s,dominio_sintetico,True,mini_tolerante,mini,9,862,1916,1226,True,3167,0,50,34,34,34,34,0,0,0,1.0,0.68,1.0,,False
s,dominio_sintetico,True,mini_tolerante,mini,10,958,1916,1226,True,3528,0,50,38,38,38,38,0,0,0,1.0,0.76,1.0,,False
s,dominio_sintetico,True,mini_tolerante,mini,11,1054,1916,1226,True,3904,0,50,42,42,42,42,0,0,0,1.0,0.84,1.0,,False
s,dominio_sintetico,True,mini_tolerante,mini,12,1150,1916,1226,True,4250,0,50,46,46,46,46,0,0,0,1.0,0.92,1.0,,False
s,dominio_sintetico,True,mini_tolerante,mini,13,1245,1916,1226,False,4527,0,50,50,50,50,50,0,0,0,1.0,1.0,1.0,,False
s,dominio_sintetico,True,mini_tolerante,mini,14,1341,1916,1226,False,4527,0,50,50,50,50,50,0,0,0,1.0,1.0,1.0,,False
s,dominio_sintetico,True,mini_tolerante,mini,15,1437,1916,1226,False,4527,0,50,50,50,50,50,0,0,0,1.0,1.0,1.0,,False
s,dominio_sintetico,True,mini_tolerante,mini,16,1533,1916,1226,False,4527,0,50,50,50,50,50,0,0,0,1.0,1.0,1.0,,False
s,dominio_sintetico,True,mini_tolerante,mini,17,1629,1916,1226,False,4527,0,50,50,50,50,50,0,0,0,1.0,1.0,1.0,,False
s,dominio_sintetico,True,mini_tolerante,mini,18,1724,1916,1226,False,4527,0,50,50,50,50,50,0,0,0,1.0,1.0,1.0,,False
s,dominio_sintetico,True,mini_tolerante,mini,19,1820,1916,1226,False,4527,0,50,50,50,50,50,0,0,0,1.0,1.0,1.0,,False
s,dominio_sintetico,True,mini_tolerante,mini,20,1916,1916,1226,False,4527,0,50,50,50,50,50,0,0,0,1.0,1.0,1.0,,False
s,dominio_sintetico,True,json_objetos_completos,json,1,96,1916,1916,True,377,0,50,1,1,1,1,0,0,0,1.0,0.02,1.0,,False
s,dominio_sintetico,True,json_objetos_completos,json,2,192,1916,1916,True,773,0,50,4,4,4,4,0,0,0,1.0,0.08,1.0,,False
s,dominio_sintetico,True,json_objetos_completos,json,3,287,1916,1916,True,1194,0,50,6,6,6,6,0,0,0,1.0,0.12,1.0,,False
s,dominio_sintetico,True,json_objetos_completos,json,4,383,1916,1916,True,1582,0,50,9,9,9,9,0,0,0,1.0,0.18,1.0,,False
s,dominio_sintetico,True,json_objetos_completos,json,5,479,1916,1916,True,2002,0,50,11,11,11,11,0,0,0,1.0,0.22,1.0,,False
s,dominio_sintetico,True,json_objetos_completos,json,6,575,1916,1916,True,2405,0,50,14,14,14,14,0,0,0,1.0,0.28,1.0,,False
s,dominio_sintetico,True,json_objetos_completos,json,7,671,1916,1916,True,2819,0,50,16,16,16,16,0,0,0,1.0,0.32,1.0,,False
s,dominio_sintetico,True,json_objetos_completos,json,8,766,1916,1916,True,3213,0,50,19,19,19,19,0,0,0,1.0,0.38,1.0,,False
s,dominio_sintetico,True,json_objetos_completos,json,9,862,1916,1916,True,3633,0,50,21,21,21,21,0,0,0,1.0,0.42,1.0,,False
s,dominio_sintetico,True,json_objetos_completos,json,10,958,1916,1916,True,4046,0,50,24,24,24,24,0,0,0,1.0,0.48,1.0,,False
s,dominio_sintetico,True,json_objetos_completos,json,11,1054,1916,1916,True,4439,0,50,27,27,27,27,0,0,0,1.0,0.54,1.0,,False
s,dominio_sintetico,True,json_objetos_completos,json,12,1150,1916,1916,True,4860,0,50,29,29,29,29,0,0,0,1.0,0.58,1.0,,False
s,dominio_sintetico,True,json_objetos_completos,json,13,1245,1916,1916,True,5248,0,50,32,32,32,32,0,0,0,1.0,0.64,1.0,,False
s,dominio_sintetico,True,json_objetos_completos,json,14,1341,1916,1916,True,5667,0,50,34,34,34,34,0,0,0,1.0,0.68,1.0,,False
s,dominio_sintetico,True,json_objetos_completos,json,15,1437,1916,1916,True,6076,0,50,37,37,37,37,0,0,0,1.0,0.74,1.0,,False
s,dominio_sintetico,True,json_objetos_completos,json,16,1533,1916,1916,True,6490,0,50,40,40,40,40,0,0,0,1.0,0.8,1.0,,False
s,dominio_sintetico,True,json_objetos_completos,json,17,1629,1916,1916,True,6903,0,50,42,42,42,42,0,0,0,1.0,0.84,1.0,,False
s,dominio_sintetico,True,json_objetos_completos,json,18,1724,1916,1916,True,7301,0,50,44,44,44,44,0,0,0,1.0,0.88,1.0,,False
s,dominio_sintetico,True,json_objetos_completos,json,19,1820,1916,1916,True,7716,0,50,47,47,47,47,0,0,0,1.0,0.94,1.0,,False
s,dominio_sintetico,True,json_objetos_completos,json,20,1916,1916,1916,False,8107,0,50,50,50,50,50,0,0,0,1.0,1.0,1.0,,False
s,dominio_sintetico,True,mini_tolerante_sin_cola,mini,1,96,1916,1226,True,314,0,50,2,2,2,2,0,0,0,1.0,0.04,1.0,,False
s,dominio_sintetico,True,mini_tolerante_sin_cola,mini,2,192,1916,1226,True,681,0,50,6,6,6,6,0,0,0,1.0,0.12,1.0,,False
s,dominio_sintetico,True,mini_tolerante_sin_cola,mini,3,287,1916,1226,True,1029,0,50,10,10,10,10,0,0,0,1.0,0.2,1.0,,False
s,dominio_sintetico,True,mini_tolerante_sin_cola,mini,4,383,1916,1226,True,1379,0,50,14,14,14,14,0,0,0,1.0,0.28,1.0,,False
s,dominio_sintetico,True,mini_tolerante_sin_cola,mini,5,479,1916,1226,True,1743,0,50,18,18,18,18,0,0,0,1.0,0.36,1.0,,False
s,dominio_sintetico,True,mini_tolerante_sin_cola,mini,6,575,1916,1226,True,2101,0,50,22,22,22,22,0,0,0,1.0,0.44,1.0,,False
s,dominio_sintetico,True,mini_tolerante_sin_cola,mini,7,671,1916,1226,True,2457,0,50,26,26,26,26,0,0,0,1.0,0.52,1.0,,False
s,dominio_sintetico,True,mini_tolerante_sin_cola,mini,8,766,1916,1226,True,2812,0,50,30,30,30,30,0,0,0,1.0,0.6,1.0,,False
s,dominio_sintetico,True,mini_tolerante_sin_cola,mini,9,862,1916,1226,True,3167,0,50,34,34,34,34,0,0,0,1.0,0.68,1.0,,False
s,dominio_sintetico,True,mini_tolerante_sin_cola,mini,10,958,1916,1226,True,3528,0,50,38,38,38,38,0,0,0,1.0,0.76,1.0,,False
s,dominio_sintetico,True,mini_tolerante_sin_cola,mini,11,1054,1916,1226,True,3904,0,50,42,42,42,42,0,0,0,1.0,0.84,1.0,,False
s,dominio_sintetico,True,mini_tolerante_sin_cola,mini,12,1150,1916,1226,True,4250,0,50,46,46,46,46,0,0,0,1.0,0.92,1.0,,False
s,dominio_sintetico,True,mini_tolerante_sin_cola,mini,13,1245,1916,1226,False,4527,0,50,50,50,50,50,0,0,0,1.0,1.0,1.0,,False
s,dominio_sintetico,True,mini_tolerante_sin_cola,mini,14,1341,1916,1226,False,4527,0,50,50,50,50,50,0,0,0,1.0,1.0,1.0,,False
s,dominio_sintetico,True,mini_tolerante_sin_cola,mini,15,1437,1916,1226,False,4527,0,50,50,50,50,50,0,0,0,1.0,1.0,1.0,,False
s,dominio_sintetico,True,mini_tolerante_sin_cola,mini,16,1533,1916,1226,False,4527,0,50,50,50,50,50,0,0,0,1.0,1.0,1.0,,False
s,dominio_sintetico,True,mini_tolerante_sin_cola,mini,17,1629,1916,1226,False,4527,0,50,50,50,50,50,0,0,0,1.0,1.0,1.0,,False
s,dominio_sintetico,True,mini_tolerante_sin_cola,mini,18,1724,1916,1226,False,4527,0,50,50,50,50,50,0,0,0,1.0,1.0,1.0,,False
s,dominio_sintetico,True,mini_tolerante_sin_cola,mini,19,1820,1916,1226,False,4527,0,50,50,50,50,50,0,0,0,1.0,1.0,1.0,,False
s,dominio_sintetico,True,mini_tolerante_sin_cola,mini,20,1916,1916,1226,False,4527,0,50,50,50,50,50,0,0,0,1.0,1.0,1.0,,False
sum,dominio_sintetico,True,json_estricto,json,1,164,3271,3271,True,541,0,50,1,0,0,0,0,0,0,0.0,0.0,,json.loads: JSONDecodeError,False
sum,dominio_sintetico,True,json_estricto,json,2,327,3271,3271,True,1091,0,50,4,0,0,0,0,0,0,0.0,0.0,,json.loads: JSONDecodeError,False
sum,dominio_sintetico,True,json_estricto,json,3,491,3271,3271,True,1661,0,50,7,0,0,0,0,0,0,0.0,0.0,,json.loads: JSONDecodeError,False
sum,dominio_sintetico,True,json_estricto,json,4,654,3271,3271,True,2229,0,50,9,0,0,0,0,0,0,0.0,0.0,,json.loads: JSONDecodeError,False
sum,dominio_sintetico,True,json_estricto,json,5,818,3271,3271,True,2777,0,50,12,0,0,0,0,0,0,0.0,0.0,,json.loads: JSONDecodeError,False
sum,dominio_sintetico,True,json_estricto,json,6,981,3271,3271,True,3298,0,50,14,0,0,0,0,0,0,0.0,0.0,,json.loads: JSONDecodeError,False
sum,dominio_sintetico,True,json_estricto,json,7,1145,3271,3271,True,3888,0,50,17,0,0,0,0,0,0,0.0,0.0,,json.loads: JSONDecodeError,False
sum,dominio_sintetico,True,json_estricto,json,8,1308,3271,3271,True,4443,0,50,19,0,0,0,0,0,0,0.0,0.0,,json.loads: JSONDecodeError,False
sum,dominio_sintetico,True,json_estricto,json,9,1472,3271,3271,True,5002,0,50,22,0,0,0,0,0,0,0.0,0.0,,json.loads: JSONDecodeError,False
sum,dominio_sintetico,True,json_estricto,json,10,1636,3271,3271,True,5584,0,50,24,0,0,0,0,0,0,0.0,0.0,,json.loads: JSONDecodeError,False
sum,dominio_sintetico,True,json_estricto,json,11,1799,3271,3271,True,6160,0,50,27,0,0,0,0,0,0,0.0,0.0,,json.loads: JSONDecodeError,False
sum,dominio_sintetico,True,json_estricto,json,12,1963,3271,3271,True,6745,0,50,29,0,0,0,0,0,0,0.0,0.0,,json.loads: JSONDecodeError,False
sum,dominio_sintetico,True,json_estricto,json,13,2126,3271,3271,True,7299,0,50,32,0,0,0,0,0,0,0.0,0.0,,json.loads: JSONDecodeError,False
sum,dominio_sintetico,True,json_estricto,json,14,2290,3271,3271,True,7875,0,50,34,0,0,0,0,0,0,0.0,0.0,,json.loads: JSONDecodeError,False
sum,dominio_sintetico,True,json_estricto,json,15,2453,3271,3271,True,8363,0,50,37,0,0,0,0,0,0,0.0,0.0,,json.loads: JSONDecodeError,False
sum,dominio_sintetico,True,json_estricto,json,16,2617,3271,3271,True,8949,0,50,39,0,0,0,0,0,0,0.0,0.0,,json.loads: JSONDecodeError,False
sum,dominio_sintetico,True,json_estricto,json,17,2780,3271,3271,True,9441,0,50,42,0,0,0,0,0,0,0.0,0.0,,json.loads: JSONDecodeError,False
sum,dominio_sintetico,True,json_estricto,json,18,2944,3271,3271,True,10016,0,50,44,0,0,0,0,0,0,0.0,0.0,,json.loads: JSONDecodeError,False
sum,dominio_sintetico,True,json_estricto,json,19,3107,3271,3271,True,10609,0,50,47,0,0,0,0,0,0,0.0,0.0,,json.loads: JSONDecodeError,False
sum,dominio_sintetico,True,json_estricto,json,20,3271,3271,3271,False,11190,0,50,50,50,50,50,0,0,0,1.0,1.0,1.0,,False
sum,dominio_sintetico,True,json_parcial_jiter,json,1,164,3271,3271,True,541,0,50,1,2,1,1,0,0,1,1.0,0.02,0.5,,False
sum,dominio_sintetico,True,json_parcial_jiter,json,2,327,3271,3271,True,1091,0,50,4,5,4,4,0,0,1,1.0,0.08,0.8,,False
sum,dominio_sintetico,True,json_parcial_jiter,json,3,491,3271,3271,True,1661,0,50,7,8,7,7,0,0,1,1.0,0.14,0.875,,False
sum,dominio_sintetico,True,json_parcial_jiter,json,4,654,3271,3271,True,2229,0,50,9,10,9,9,0,0,1,1.0,0.18,0.9,,False
sum,dominio_sintetico,True,json_parcial_jiter,json,5,818,3271,3271,True,2777,0,50,12,13,12,12,0,0,1,1.0,0.24,0.923077,,False
sum,dominio_sintetico,True,json_parcial_jiter,json,6,981,3271,3271,True,3298,0,50,14,15,14,14,0,0,1,1.0,0.28,0.933333,,False
sum,dominio_sintetico,True,json_parcial_jiter,json,7,1145,3271,3271,True,3888,0,50,17,18,17,17,0,0,1,1.0,0.34,0.944444,,False
sum,dominio_sintetico,True,json_parcial_jiter,json,8,1308,3271,3271,True,4443,0,50,19,20,19,19,0,0,1,1.0,0.38,0.95,,False
sum,dominio_sintetico,True,json_parcial_jiter,json,9,1472,3271,3271,True,5002,0,50,22,23,22,22,0,0,1,1.0,0.44,0.956522,,False
sum,dominio_sintetico,True,json_parcial_jiter,json,10,1636,3271,3271,True,5584,0,50,24,25,24,24,0,0,1,1.0,0.48,0.96,,False
sum,dominio_sintetico,True,json_parcial_jiter,json,11,1799,3271,3271,True,6160,0,50,27,28,27,27,0,0,1,1.0,0.54,0.964286,,False
sum,dominio_sintetico,True,json_parcial_jiter,json,12,1963,3271,3271,True,6745,0,50,29,30,29,29,0,0,1,1.0,0.58,0.966667,,False
sum,dominio_sintetico,True,json_parcial_jiter,json,13,2126,3271,3271,True,7299,0,50,32,33,32,32,0,0,1,1.0,0.64,0.969697,,False
sum,dominio_sintetico,True,json_parcial_jiter,json,14,2290,3271,3271,True,7875,0,50,34,35,34,34,0,0,1,1.0,0.68,0.971429,,False
sum,dominio_sintetico,True,json_parcial_jiter,json,15,2453,3271,3271,True,8363,0,50,37,38,37,37,0,0,1,1.0,0.74,0.973684,,False
sum,dominio_sintetico,True,json_parcial_jiter,json,16,2617,3271,3271,True,8949,0,50,39,40,39,39,0,0,1,1.0,0.78,0.975,,False
sum,dominio_sintetico,True,json_parcial_jiter,json,17,2780,3271,3271,True,9441,0,50,42,43,42,42,0,0,1,1.0,0.84,0.976744,,False
sum,dominio_sintetico,True,json_parcial_jiter,json,18,2944,3271,3271,True,10016,0,50,44,45,44,44,0,0,1,1.0,0.88,0.977778,,False
sum,dominio_sintetico,True,json_parcial_jiter,json,19,3107,3271,3271,True,10609,0,50,47,48,47,47,0,0,1,1.0,0.94,0.979167,,False
sum,dominio_sintetico,True,json_parcial_jiter,json,20,3271,3271,3271,False,11190,0,50,50,50,50,50,0,0,0,1.0,1.0,1.0,,False
sum,dominio_sintetico,True,jsonl,jsonl,1,164,3271,3317,True,531,0,50,1,1,1,1,0,0,0,1.0,0.02,1.0,,False
sum,dominio_sintetico,True,jsonl,jsonl,2,327,3271,3317,True,1067,0,50,4,4,4,4,0,0,0,1.0,0.08,1.0,,False
sum,dominio_sintetico,True,jsonl,jsonl,3,491,3271,3317,True,1641,0,50,7,7,7,7,0,0,0,1.0,0.14,1.0,,False
sum,dominio_sintetico,True,jsonl,jsonl,4,654,3271,3317,True,2182,0,50,9,9,9,9,0,0,0,1.0,0.18,1.0,,False
sum,dominio_sintetico,True,jsonl,jsonl,5,818,3271,3317,True,2747,0,50,11,11,11,11,0,0,0,1.0,0.22,1.0,,False
sum,dominio_sintetico,True,jsonl,jsonl,6,981,3271,3317,True,3242,0,50,14,14,14,14,0,0,0,1.0,0.28,1.0,,False
sum,dominio_sintetico,True,jsonl,jsonl,7,1145,3271,3317,True,3845,0,50,16,16,16,16,0,0,0,1.0,0.32,1.0,,False
sum,dominio_sintetico,True,jsonl,jsonl,8,1308,3271,3317,True,4355,0,50,19,19,19,19,0,0,0,1.0,0.38,1.0,,False
sum,dominio_sintetico,True,jsonl,jsonl,9,1472,3271,3317,True,4938,0,50,21,21,21,21,0,0,0,1.0,0.42,1.0,,False
sum,dominio_sintetico,True,jsonl,jsonl,10,1636,3271,3317,True,5496,0,50,24,24,24,24,0,0,0,1.0,0.48,1.0,,False
sum,dominio_sintetico,True,jsonl,jsonl,11,1799,3271,3317,True,6079,0,50,26,26,26,26,0,0,0,1.0,0.52,1.0,,False
sum,dominio_sintetico,True,jsonl,jsonl,12,1963,3271,3317,True,6637,0,50,29,29,29,29,0,0,0,1.0,0.58,1.0,,False
sum,dominio_sintetico,True,jsonl,jsonl,13,2126,3271,3317,True,7202,0,50,31,31,31,31,0,0,0,1.0,0.62,1.0,,False
sum,dominio_sintetico,True,jsonl,jsonl,14,2290,3271,3317,True,7745,0,50,34,34,34,34,0,0,0,1.0,0.68,1.0,,False
sum,dominio_sintetico,True,jsonl,jsonl,15,2453,3271,3317,True,8270,0,50,36,36,36,36,0,0,0,1.0,0.72,1.0,,False
sum,dominio_sintetico,True,jsonl,jsonl,16,2617,3271,3317,True,8782,0,50,39,39,39,39,0,0,0,1.0,0.78,1.0,,False
sum,dominio_sintetico,True,jsonl,jsonl,17,2780,3271,3317,True,9326,0,50,41,41,41,41,0,0,0,1.0,0.82,1.0,,False
sum,dominio_sintetico,True,jsonl,jsonl,18,2944,3271,3317,True,9857,0,50,44,44,44,44,0,0,0,1.0,0.88,1.0,,False
sum,dominio_sintetico,True,jsonl,jsonl,19,3107,3271,3317,True,10454,0,50,46,46,46,46,0,0,0,1.0,0.92,1.0,,False
sum,dominio_sintetico,True,jsonl,jsonl,20,3271,3271,3317,True,11031,0,50,49,49,49,49,0,0,0,1.0,0.98,1.0,,False
sum,dominio_sintetico,True,mini_tolerante,mini,1,164,3271,2353,True,486,0,50,2,2,2,2,0,0,0,1.0,0.04,1.0,,False
sum,dominio_sintetico,True,mini_tolerante,mini,2,327,3271,2353,True,997,0,50,6,6,6,6,0,0,0,1.0,0.12,1.0,,False
sum,dominio_sintetico,True,mini_tolerante,mini,3,491,3271,2353,True,1495,0,50,9,9,9,9,0,0,0,1.0,0.18,1.0,,False
sum,dominio_sintetico,True,mini_tolerante,mini,4,654,3271,2353,True,1970,0,50,13,13,13,13,0,0,0,1.0,0.26,1.0,,False
sum,dominio_sintetico,True,mini_tolerante,mini,5,818,3271,2353,True,2513,0,50,16,16,16,16,0,0,0,1.0,0.32,1.0,,False
sum,dominio_sintetico,True,mini_tolerante,mini,6,981,3271,2353,True,3005,0,50,20,20,20,20,0,0,0,1.0,0.4,1.0,,False
sum,dominio_sintetico,True,mini_tolerante,mini,7,1145,3271,2353,True,3551,0,50,23,23,23,23,0,0,0,1.0,0.46,1.0,,False
sum,dominio_sintetico,True,mini_tolerante,mini,8,1308,3271,2353,True,4077,0,50,27,27,27,27,0,0,0,1.0,0.54,1.0,,False
sum,dominio_sintetico,True,mini_tolerante,mini,9,1472,3271,2353,True,4580,0,50,31,31,31,31,0,0,0,1.0,0.62,1.0,,False
sum,dominio_sintetico,True,mini_tolerante,mini,10,1636,3271,2353,True,5120,0,50,34,34,34,34,0,0,0,1.0,0.68,1.0,,False
sum,dominio_sintetico,True,mini_tolerante,mini,11,1799,3271,2353,True,5573,0,50,37,37,37,37,0,0,0,1.0,0.74,1.0,,False
sum,dominio_sintetico,True,mini_tolerante,mini,12,1963,3271,2353,True,6061,0,50,41,41,41,41,0,0,0,1.0,0.82,1.0,,False
sum,dominio_sintetico,True,mini_tolerante,mini,13,2126,3271,2353,True,6572,0,50,44,44,44,44,0,0,0,1.0,0.88,1.0,,False
sum,dominio_sintetico,True,mini_tolerante,mini,14,2290,3271,2353,True,7137,0,50,48,48,48,48,0,0,0,1.0,0.96,1.0,,False
sum,dominio_sintetico,True,mini_tolerante,mini,15,2453,3271,2353,False,7315,0,50,50,50,50,50,0,0,0,1.0,1.0,1.0,,False
sum,dominio_sintetico,True,mini_tolerante,mini,16,2617,3271,2353,False,7315,0,50,50,50,50,50,0,0,0,1.0,1.0,1.0,,False
sum,dominio_sintetico,True,mini_tolerante,mini,17,2780,3271,2353,False,7315,0,50,50,50,50,50,0,0,0,1.0,1.0,1.0,,False
sum,dominio_sintetico,True,mini_tolerante,mini,18,2944,3271,2353,False,7315,0,50,50,50,50,50,0,0,0,1.0,1.0,1.0,,False
sum,dominio_sintetico,True,mini_tolerante,mini,19,3107,3271,2353,False,7315,0,50,50,50,50,50,0,0,0,1.0,1.0,1.0,,False
sum,dominio_sintetico,True,mini_tolerante,mini,20,3271,3271,2353,False,7315,0,50,50,50,50,50,0,0,0,1.0,1.0,1.0,,False
sum,dominio_sintetico,True,json_objetos_completos,json,1,164,3271,3271,True,541,0,50,1,1,1,1,0,0,0,1.0,0.02,1.0,,False
sum,dominio_sintetico,True,json_objetos_completos,json,2,327,3271,3271,True,1091,0,50,4,4,4,4,0,0,0,1.0,0.08,1.0,,False
sum,dominio_sintetico,True,json_objetos_completos,json,3,491,3271,3271,True,1661,0,50,7,7,7,7,0,0,0,1.0,0.14,1.0,,False
sum,dominio_sintetico,True,json_objetos_completos,json,4,654,3271,3271,True,2229,0,50,9,9,9,9,0,0,0,1.0,0.18,1.0,,False
sum,dominio_sintetico,True,json_objetos_completos,json,5,818,3271,3271,True,2777,0,50,12,12,12,12,0,0,0,1.0,0.24,1.0,,False
sum,dominio_sintetico,True,json_objetos_completos,json,6,981,3271,3271,True,3298,0,50,14,14,14,14,0,0,0,1.0,0.28,1.0,,False
sum,dominio_sintetico,True,json_objetos_completos,json,7,1145,3271,3271,True,3888,0,50,17,17,17,17,0,0,0,1.0,0.34,1.0,,False
sum,dominio_sintetico,True,json_objetos_completos,json,8,1308,3271,3271,True,4443,0,50,19,19,19,19,0,0,0,1.0,0.38,1.0,,False
sum,dominio_sintetico,True,json_objetos_completos,json,9,1472,3271,3271,True,5002,0,50,22,22,22,22,0,0,0,1.0,0.44,1.0,,False
sum,dominio_sintetico,True,json_objetos_completos,json,10,1636,3271,3271,True,5584,0,50,24,24,24,24,0,0,0,1.0,0.48,1.0,,False
sum,dominio_sintetico,True,json_objetos_completos,json,11,1799,3271,3271,True,6160,0,50,27,27,27,27,0,0,0,1.0,0.54,1.0,,False
sum,dominio_sintetico,True,json_objetos_completos,json,12,1963,3271,3271,True,6745,0,50,29,29,29,29,0,0,0,1.0,0.58,1.0,,False
sum,dominio_sintetico,True,json_objetos_completos,json,13,2126,3271,3271,True,7299,0,50,32,32,32,32,0,0,0,1.0,0.64,1.0,,False
sum,dominio_sintetico,True,json_objetos_completos,json,14,2290,3271,3271,True,7875,0,50,34,34,34,34,0,0,0,1.0,0.68,1.0,,False
sum,dominio_sintetico,True,json_objetos_completos,json,15,2453,3271,3271,True,8363,0,50,37,37,37,37,0,0,0,1.0,0.74,1.0,,False
sum,dominio_sintetico,True,json_objetos_completos,json,16,2617,3271,3271,True,8949,0,50,39,39,39,39,0,0,0,1.0,0.78,1.0,,False
sum,dominio_sintetico,True,json_objetos_completos,json,17,2780,3271,3271,True,9441,0,50,42,42,42,42,0,0,0,1.0,0.84,1.0,,False
sum,dominio_sintetico,True,json_objetos_completos,json,18,2944,3271,3271,True,10016,0,50,44,44,44,44,0,0,0,1.0,0.88,1.0,,False
sum,dominio_sintetico,True,json_objetos_completos,json,19,3107,3271,3271,True,10609,0,50,47,47,47,47,0,0,0,1.0,0.94,1.0,,False
sum,dominio_sintetico,True,json_objetos_completos,json,20,3271,3271,3271,False,11190,0,50,50,50,50,50,0,0,0,1.0,1.0,1.0,,False
sum,dominio_sintetico,True,mini_tolerante_sin_cola,mini,1,164,3271,2353,True,486,0,50,2,2,2,2,0,0,0,1.0,0.04,1.0,,False
sum,dominio_sintetico,True,mini_tolerante_sin_cola,mini,2,327,3271,2353,True,997,0,50,6,6,6,6,0,0,0,1.0,0.12,1.0,,False
sum,dominio_sintetico,True,mini_tolerante_sin_cola,mini,3,491,3271,2353,True,1495,0,50,9,9,9,9,0,0,0,1.0,0.18,1.0,,False
sum,dominio_sintetico,True,mini_tolerante_sin_cola,mini,4,654,3271,2353,True,1970,0,50,13,13,13,13,0,0,0,1.0,0.26,1.0,,False
sum,dominio_sintetico,True,mini_tolerante_sin_cola,mini,5,818,3271,2353,True,2513,0,50,16,16,16,16,0,0,0,1.0,0.32,1.0,,False
sum,dominio_sintetico,True,mini_tolerante_sin_cola,mini,6,981,3271,2353,True,3005,0,50,20,20,20,20,0,0,0,1.0,0.4,1.0,,False
sum,dominio_sintetico,True,mini_tolerante_sin_cola,mini,7,1145,3271,2353,True,3551,0,50,23,23,23,23,0,0,0,1.0,0.46,1.0,,False
sum,dominio_sintetico,True,mini_tolerante_sin_cola,mini,8,1308,3271,2353,True,4077,0,50,27,27,27,27,0,0,0,1.0,0.54,1.0,,False
sum,dominio_sintetico,True,mini_tolerante_sin_cola,mini,9,1472,3271,2353,True,4580,0,50,31,31,31,31,0,0,0,1.0,0.62,1.0,,False
sum,dominio_sintetico,True,mini_tolerante_sin_cola,mini,10,1636,3271,2353,True,5120,0,50,34,34,34,34,0,0,0,1.0,0.68,1.0,,False
sum,dominio_sintetico,True,mini_tolerante_sin_cola,mini,11,1799,3271,2353,True,5573,0,50,37,37,37,37,0,0,0,1.0,0.74,1.0,,False
sum,dominio_sintetico,True,mini_tolerante_sin_cola,mini,12,1963,3271,2353,True,6061,0,50,41,41,41,41,0,0,0,1.0,0.82,1.0,,False
sum,dominio_sintetico,True,mini_tolerante_sin_cola,mini,13,2126,3271,2353,True,6572,0,50,44,44,44,44,0,0,0,1.0,0.88,1.0,,False
sum,dominio_sintetico,True,mini_tolerante_sin_cola,mini,14,2290,3271,2353,True,7137,0,50,48,48,48,48,0,0,0,1.0,0.96,1.0,,False
sum,dominio_sintetico,True,mini_tolerante_sin_cola,mini,15,2453,3271,2353,False,7315,0,50,50,50,50,50,0,0,0,1.0,1.0,1.0,,False
sum,dominio_sintetico,True,mini_tolerante_sin_cola,mini,16,2617,3271,2353,False,7315,0,50,50,50,50,50,0,0,0,1.0,1.0,1.0,,False
sum,dominio_sintetico,True,mini_tolerante_sin_cola,mini,17,2780,3271,2353,False,7315,0,50,50,50,50,50,0,0,0,1.0,1.0,1.0,,False
sum,dominio_sintetico,True,mini_tolerante_sin_cola,mini,18,2944,3271,2353,False,7315,0,50,50,50,50,50,0,0,0,1.0,1.0,1.0,,False
sum,dominio_sintetico,True,mini_tolerante_sin_cola,mini,19,3107,3271,2353,False,7315,0,50,50,50,50,50,0,0,0,1.0,1.0,1.0,,False
sum,dominio_sintetico,True,mini_tolerante_sin_cola,mini,20,3271,3271,2353,False,7315,0,50,50,50,50,50,0,0,0,1.0,1.0,1.0,,False
tc,dominio_sintetico,True,json_estricto,json,1,152,3045,3045,True,626,0,50,2,0,0,0,0,0,0,0.0,0.0,,json.loads: JSONDecodeError,False
tc,dominio_sintetico,True,json_estricto,json,2,305,3045,3045,True,1295,0,50,4,0,0,0,0,0,0,0.0,0.0,,json.loads: JSONDecodeError,False
tc,dominio_sintetico,True,json_estricto,json,3,457,3045,3045,True,1973,0,50,6,0,0,0,0,0,0,0.0,0.0,,json.loads: JSONDecodeError,False
tc,dominio_sintetico,True,json_estricto,json,4,609,3045,3045,True,2655,0,50,9,0,0,0,0,0,0,0.0,0.0,,json.loads: JSONDecodeError,False
tc,dominio_sintetico,True,json_estricto,json,5,761,3045,3045,True,3341,0,50,12,0,0,0,0,0,0,0.0,0.0,,json.loads: JSONDecodeError,False
tc,dominio_sintetico,True,json_estricto,json,6,914,3045,3045,True,4030,0,50,14,0,0,0,0,0,0,0.0,0.0,,json.loads: JSONDecodeError,False
tc,dominio_sintetico,True,json_estricto,json,7,1066,3045,3045,True,4695,0,50,17,0,0,0,0,0,0,0.0,0.0,,json.loads: JSONDecodeError,False
tc,dominio_sintetico,True,json_estricto,json,8,1218,3045,3045,True,5378,0,50,19,0,0,0,0,0,0,0.0,0.0,,json.loads: JSONDecodeError,False
tc,dominio_sintetico,True,json_estricto,json,9,1370,3045,3045,True,6078,0,50,22,0,0,0,0,0,0,0.0,0.0,,json.loads: JSONDecodeError,False
tc,dominio_sintetico,True,json_estricto,json,10,1523,3045,3045,True,6779,0,50,24,0,0,0,0,0,0,0.0,0.0,,json.loads: JSONDecodeError,False
tc,dominio_sintetico,True,json_estricto,json,11,1675,3045,3045,True,7452,0,50,27,0,0,0,0,0,0,0.0,0.0,,json.loads: JSONDecodeError,False
tc,dominio_sintetico,True,json_estricto,json,12,1827,3045,3045,True,8108,0,50,29,0,0,0,0,0,0,0.0,0.0,,json.loads: JSONDecodeError,False
tc,dominio_sintetico,True,json_estricto,json,13,1979,3045,3045,True,8800,0,50,32,0,0,0,0,0,0,0.0,0.0,,json.loads: JSONDecodeError,False
tc,dominio_sintetico,True,json_estricto,json,14,2132,3045,3045,True,9489,0,50,34,0,0,0,0,0,0,0.0,0.0,,json.loads: JSONDecodeError,False
tc,dominio_sintetico,True,json_estricto,json,15,2284,3045,3045,True,10154,0,50,37,0,0,0,0,0,0,0.0,0.0,,json.loads: JSONDecodeError,False
tc,dominio_sintetico,True,json_estricto,json,16,2436,3045,3045,True,10861,0,50,39,0,0,0,0,0,0,0.0,0.0,,json.loads: JSONDecodeError,False
tc,dominio_sintetico,True,json_estricto,json,17,2588,3045,3045,True,11544,0,50,42,0,0,0,0,0,0,0.0,0.0,,json.loads: JSONDecodeError,False
tc,dominio_sintetico,True,json_estricto,json,18,2741,3045,3045,True,12219,0,50,44,0,0,0,0,0,0,0.0,0.0,,json.loads: JSONDecodeError,False
tc,dominio_sintetico,True,json_estricto,json,19,2893,3045,3045,True,12870,0,50,47,0,0,0,0,0,0,0.0,0.0,,json.loads: JSONDecodeError,False
tc,dominio_sintetico,True,json_estricto,json,20,3045,3045,3045,False,13550,0,50,50,50,50,50,0,0,0,1.0,1.0,1.0,,False
tc,dominio_sintetico,True,json_parcial_jiter,json,1,152,3045,3045,True,626,0,50,2,3,2,2,0,0,1,1.0,0.04,0.666667,,False
tc,dominio_sintetico,True,json_parcial_jiter,json,2,305,3045,3045,True,1295,0,50,4,5,4,4,0,0,1,1.0,0.08,0.8,,False
tc,dominio_sintetico,True,json_parcial_jiter,json,3,457,3045,3045,True,1973,0,50,6,7,6,6,0,0,1,1.0,0.12,0.857143,,False
tc,dominio_sintetico,True,json_parcial_jiter,json,4,609,3045,3045,True,2655,0,50,9,10,9,9,0,0,1,1.0,0.18,0.9,,False
tc,dominio_sintetico,True,json_parcial_jiter,json,5,761,3045,3045,True,3341,0,50,12,13,12,12,0,0,1,1.0,0.24,0.923077,,False
tc,dominio_sintetico,True,json_parcial_jiter,json,6,914,3045,3045,True,4030,0,50,14,15,14,14,0,0,1,1.0,0.28,0.933333,,False
tc,dominio_sintetico,True,json_parcial_jiter,json,7,1066,3045,3045,True,4695,0,50,17,18,17,17,0,0,1,1.0,0.34,0.944444,,False
tc,dominio_sintetico,True,json_parcial_jiter,json,8,1218,3045,3045,True,5378,0,50,19,20,19,19,0,0,1,1.0,0.38,0.95,,False
tc,dominio_sintetico,True,json_parcial_jiter,json,9,1370,3045,3045,True,6078,0,50,22,23,22,22,0,0,1,1.0,0.44,0.956522,,False
tc,dominio_sintetico,True,json_parcial_jiter,json,10,1523,3045,3045,True,6779,0,50,24,25,24,24,0,0,1,1.0,0.48,0.96,,False
tc,dominio_sintetico,True,json_parcial_jiter,json,11,1675,3045,3045,True,7452,0,50,27,28,27,27,0,0,1,1.0,0.54,0.964286,,False
tc,dominio_sintetico,True,json_parcial_jiter,json,12,1827,3045,3045,True,8108,0,50,29,30,29,29,0,0,1,1.0,0.58,0.966667,,False
tc,dominio_sintetico,True,json_parcial_jiter,json,13,1979,3045,3045,True,8800,0,50,32,33,32,32,0,0,1,1.0,0.64,0.969697,,False
tc,dominio_sintetico,True,json_parcial_jiter,json,14,2132,3045,3045,True,9489,0,50,34,35,34,34,0,0,1,1.0,0.68,0.971429,,False
tc,dominio_sintetico,True,json_parcial_jiter,json,15,2284,3045,3045,True,10154,0,50,37,38,37,37,0,0,1,1.0,0.74,0.973684,,False
tc,dominio_sintetico,True,json_parcial_jiter,json,16,2436,3045,3045,True,10861,0,50,39,40,39,39,0,0,1,1.0,0.78,0.975,,False
tc,dominio_sintetico,True,json_parcial_jiter,json,17,2588,3045,3045,True,11544,0,50,42,43,42,42,0,0,1,1.0,0.84,0.976744,,False
tc,dominio_sintetico,True,json_parcial_jiter,json,18,2741,3045,3045,True,12219,0,50,44,45,44,44,0,0,1,1.0,0.88,0.977778,,False
tc,dominio_sintetico,True,json_parcial_jiter,json,19,2893,3045,3045,True,12870,0,50,47,48,47,47,0,0,1,1.0,0.94,0.979167,,False
tc,dominio_sintetico,True,json_parcial_jiter,json,20,3045,3045,3045,False,13550,0,50,50,50,50,50,0,0,0,1.0,1.0,1.0,,False
tc,dominio_sintetico,True,jsonl,jsonl,1,152,3045,3091,True,618,0,50,2,2,2,2,0,0,0,1.0,0.04,1.0,,False
tc,dominio_sintetico,True,jsonl,jsonl,2,305,3045,3091,True,1274,0,50,4,4,4,4,0,0,0,1.0,0.08,1.0,,False
tc,dominio_sintetico,True,jsonl,jsonl,3,457,3045,3091,True,1942,0,50,6,6,6,6,0,0,0,1.0,0.12,1.0,,False
tc,dominio_sintetico,True,jsonl,jsonl,4,609,3045,3091,True,2603,0,50,9,9,9,9,0,0,0,1.0,0.18,1.0,,False
tc,dominio_sintetico,True,jsonl,jsonl,5,761,3045,3091,True,3305,0,50,11,11,11,11,0,0,0,1.0,0.22,1.0,,False
tc,dominio_sintetico,True,jsonl,jsonl,6,914,3045,3091,True,3961,0,50,14,14,14,14,0,0,0,1.0,0.28,1.0,,False
tc,dominio_sintetico,True,jsonl,jsonl,7,1066,3045,3091,True,4637,0,50,16,16,16,16,0,0,0,1.0,0.32,1.0,,False
tc,dominio_sintetico,True,jsonl,jsonl,8,1218,3045,3091,True,5308,0,50,19,19,19,19,0,0,0,1.0,0.38,1.0,,False
tc,dominio_sintetico,True,jsonl,jsonl,9,1370,3045,3091,True,5995,0,50,21,21,21,21,0,0,0,1.0,0.42,1.0,,False
tc,dominio_sintetico,True,jsonl,jsonl,10,1523,3045,3091,True,6652,0,50,24,24,24,24,0,0,0,1.0,0.48,1.0,,False
tc,dominio_sintetico,True,jsonl,jsonl,11,1675,3045,3091,True,7344,0,50,26,26,26,26,0,0,0,1.0,0.52,1.0,,False
tc,dominio_sintetico,True,jsonl,jsonl,12,1827,3045,3091,True,7977,0,50,29,29,29,29,0,0,0,1.0,0.58,1.0,,False
tc,dominio_sintetico,True,jsonl,jsonl,13,1979,3045,3091,True,8661,0,50,31,31,31,31,0,0,0,1.0,0.62,1.0,,False
tc,dominio_sintetico,True,jsonl,jsonl,14,2132,3045,3091,True,9340,0,50,34,34,34,34,0,0,0,1.0,0.68,1.0,,False
tc,dominio_sintetico,True,jsonl,jsonl,15,2284,3045,3091,True,10003,0,50,36,36,36,36,0,0,0,1.0,0.72,1.0,,False
tc,dominio_sintetico,True,jsonl,jsonl,16,2436,3045,3091,True,10656,0,50,39,39,39,39,0,0,0,1.0,0.78,1.0,,False
tc,dominio_sintetico,True,jsonl,jsonl,17,2588,3045,3091,True,11363,0,50,41,41,41,41,0,0,0,1.0,0.82,1.0,,False
tc,dominio_sintetico,True,jsonl,jsonl,18,2741,3045,3091,True,12018,0,50,44,44,44,44,0,0,0,1.0,0.88,1.0,,False
tc,dominio_sintetico,True,jsonl,jsonl,19,2893,3045,3091,True,12669,0,50,46,46,46,46,0,0,0,1.0,0.92,1.0,,False
tc,dominio_sintetico,True,jsonl,jsonl,20,3045,3045,3091,True,13330,0,50,49,49,49,49,0,0,0,1.0,0.98,1.0,,False
tc,dominio_sintetico,True,mini_tolerante,mini,1,152,3045,1985,True,571,0,50,2,2,2,2,0,0,0,1.0,0.04,1.0,,False
tc,dominio_sintetico,True,mini_tolerante,mini,2,305,3045,1985,True,1176,0,50,6,6,6,6,0,0,0,1.0,0.12,1.0,,False
tc,dominio_sintetico,True,mini_tolerante,mini,3,457,3045,1985,True,1827,0,50,10,10,10,10,0,0,0,1.0,0.2,1.0,,False
tc,dominio_sintetico,True,mini_tolerante,mini,4,609,3045,1985,True,2447,0,50,14,14,14,14,0,0,0,1.0,0.28,1.0,,False
tc,dominio_sintetico,True,mini_tolerante,mini,5,761,3045,1985,True,3069,0,50,18,18,18,18,0,0,0,1.0,0.36,1.0,,False
tc,dominio_sintetico,True,mini_tolerante,mini,6,914,3045,1985,True,3713,0,50,22,22,22,22,0,0,0,1.0,0.44,1.0,,False
tc,dominio_sintetico,True,mini_tolerante,mini,7,1066,3045,1985,True,4350,0,50,26,26,26,26,0,0,0,1.0,0.52,1.0,,False
tc,dominio_sintetico,True,mini_tolerante,mini,8,1218,3045,1985,True,4932,0,50,30,30,30,30,0,0,0,1.0,0.6,1.0,,False
tc,dominio_sintetico,True,mini_tolerante,mini,9,1370,3045,1985,True,5583,0,50,34,34,34,34,0,0,0,1.0,0.68,1.0,,False
tc,dominio_sintetico,True,mini_tolerante,mini,10,1523,3045,1985,True,6207,0,50,37,37,37,37,0,0,0,1.0,0.74,1.0,,False
tc,dominio_sintetico,True,mini_tolerante,mini,11,1675,3045,1985,True,6858,0,50,42,42,42,42,0,0,0,1.0,0.84,1.0,,False
tc,dominio_sintetico,True,mini_tolerante,mini,12,1827,3045,1985,True,7458,0,50,45,45,45,45,0,0,0,1.0,0.9,1.0,,False
tc,dominio_sintetico,True,mini_tolerante,mini,13,1979,3045,1985,True,8070,0,50,49,49,49,49,0,0,0,1.0,0.98,1.0,,False
tc,dominio_sintetico,True,mini_tolerante,mini,14,2132,3045,1985,False,8091,0,50,50,50,50,50,0,0,0,1.0,1.0,1.0,,False
tc,dominio_sintetico,True,mini_tolerante,mini,15,2284,3045,1985,False,8091,0,50,50,50,50,50,0,0,0,1.0,1.0,1.0,,False
tc,dominio_sintetico,True,mini_tolerante,mini,16,2436,3045,1985,False,8091,0,50,50,50,50,50,0,0,0,1.0,1.0,1.0,,False
tc,dominio_sintetico,True,mini_tolerante,mini,17,2588,3045,1985,False,8091,0,50,50,50,50,50,0,0,0,1.0,1.0,1.0,,False
tc,dominio_sintetico,True,mini_tolerante,mini,18,2741,3045,1985,False,8091,0,50,50,50,50,50,0,0,0,1.0,1.0,1.0,,False
tc,dominio_sintetico,True,mini_tolerante,mini,19,2893,3045,1985,False,8091,0,50,50,50,50,50,0,0,0,1.0,1.0,1.0,,False
tc,dominio_sintetico,True,mini_tolerante,mini,20,3045,3045,1985,False,8091,0,50,50,50,50,50,0,0,0,1.0,1.0,1.0,,False
tc,dominio_sintetico,True,json_objetos_completos,json,1,152,3045,3045,True,626,0,50,2,2,2,2,0,0,0,1.0,0.04,1.0,,False
tc,dominio_sintetico,True,json_objetos_completos,json,2,305,3045,3045,True,1295,0,50,4,4,4,4,0,0,0,1.0,0.08,1.0,,False
tc,dominio_sintetico,True,json_objetos_completos,json,3,457,3045,3045,True,1973,0,50,6,6,6,6,0,0,0,1.0,0.12,1.0,,False
tc,dominio_sintetico,True,json_objetos_completos,json,4,609,3045,3045,True,2655,0,50,9,9,9,9,0,0,0,1.0,0.18,1.0,,False
tc,dominio_sintetico,True,json_objetos_completos,json,5,761,3045,3045,True,3341,0,50,12,12,12,12,0,0,0,1.0,0.24,1.0,,False
tc,dominio_sintetico,True,json_objetos_completos,json,6,914,3045,3045,True,4030,0,50,14,14,14,14,0,0,0,1.0,0.28,1.0,,False
tc,dominio_sintetico,True,json_objetos_completos,json,7,1066,3045,3045,True,4695,0,50,17,17,17,17,0,0,0,1.0,0.34,1.0,,False
tc,dominio_sintetico,True,json_objetos_completos,json,8,1218,3045,3045,True,5378,0,50,19,19,19,19,0,0,0,1.0,0.38,1.0,,False
tc,dominio_sintetico,True,json_objetos_completos,json,9,1370,3045,3045,True,6078,0,50,22,22,22,22,0,0,0,1.0,0.44,1.0,,False
tc,dominio_sintetico,True,json_objetos_completos,json,10,1523,3045,3045,True,6779,0,50,24,24,24,24,0,0,0,1.0,0.48,1.0,,False
tc,dominio_sintetico,True,json_objetos_completos,json,11,1675,3045,3045,True,7452,0,50,27,27,27,27,0,0,0,1.0,0.54,1.0,,False
tc,dominio_sintetico,True,json_objetos_completos,json,12,1827,3045,3045,True,8108,0,50,29,29,29,29,0,0,0,1.0,0.58,1.0,,False
tc,dominio_sintetico,True,json_objetos_completos,json,13,1979,3045,3045,True,8800,0,50,32,32,32,32,0,0,0,1.0,0.64,1.0,,False
tc,dominio_sintetico,True,json_objetos_completos,json,14,2132,3045,3045,True,9489,0,50,34,34,34,34,0,0,0,1.0,0.68,1.0,,False
tc,dominio_sintetico,True,json_objetos_completos,json,15,2284,3045,3045,True,10154,0,50,37,37,37,37,0,0,0,1.0,0.74,1.0,,False
tc,dominio_sintetico,True,json_objetos_completos,json,16,2436,3045,3045,True,10861,0,50,39,39,39,39,0,0,0,1.0,0.78,1.0,,False
tc,dominio_sintetico,True,json_objetos_completos,json,17,2588,3045,3045,True,11544,0,50,42,42,42,42,0,0,0,1.0,0.84,1.0,,False
tc,dominio_sintetico,True,json_objetos_completos,json,18,2741,3045,3045,True,12219,0,50,44,44,44,44,0,0,0,1.0,0.88,1.0,,False
tc,dominio_sintetico,True,json_objetos_completos,json,19,2893,3045,3045,True,12870,0,50,47,47,47,47,0,0,0,1.0,0.94,1.0,,False
tc,dominio_sintetico,True,json_objetos_completos,json,20,3045,3045,3045,False,13550,0,50,50,50,50,50,0,0,0,1.0,1.0,1.0,,False
tc,dominio_sintetico,True,mini_tolerante_sin_cola,mini,1,152,3045,1985,True,571,0,50,2,2,2,2,0,0,0,1.0,0.04,1.0,,False
tc,dominio_sintetico,True,mini_tolerante_sin_cola,mini,2,305,3045,1985,True,1176,0,50,6,6,6,6,0,0,0,1.0,0.12,1.0,,False
tc,dominio_sintetico,True,mini_tolerante_sin_cola,mini,3,457,3045,1985,True,1827,0,50,10,10,10,10,0,0,0,1.0,0.2,1.0,,False
tc,dominio_sintetico,True,mini_tolerante_sin_cola,mini,4,609,3045,1985,True,2447,0,50,14,14,14,14,0,0,0,1.0,0.28,1.0,,False
tc,dominio_sintetico,True,mini_tolerante_sin_cola,mini,5,761,3045,1985,True,3069,0,50,18,18,18,18,0,0,0,1.0,0.36,1.0,,False
tc,dominio_sintetico,True,mini_tolerante_sin_cola,mini,6,914,3045,1985,True,3713,0,50,22,22,22,22,0,0,0,1.0,0.44,1.0,,False
tc,dominio_sintetico,True,mini_tolerante_sin_cola,mini,7,1066,3045,1985,True,4350,0,50,26,26,26,26,0,0,0,1.0,0.52,1.0,,False
tc,dominio_sintetico,True,mini_tolerante_sin_cola,mini,8,1218,3045,1985,True,4932,0,50,30,30,30,30,0,0,0,1.0,0.6,1.0,,False
tc,dominio_sintetico,True,mini_tolerante_sin_cola,mini,9,1370,3045,1985,True,5583,0,50,34,34,34,34,0,0,0,1.0,0.68,1.0,,False
tc,dominio_sintetico,True,mini_tolerante_sin_cola,mini,10,1523,3045,1985,True,6207,0,50,37,37,37,37,0,0,0,1.0,0.74,1.0,,False
tc,dominio_sintetico,True,mini_tolerante_sin_cola,mini,11,1675,3045,1985,True,6858,0,50,42,41,41,41,0,0,0,0.97619,0.82,1.0,,False
tc,dominio_sintetico,True,mini_tolerante_sin_cola,mini,12,1827,3045,1985,True,7458,0,50,45,45,45,45,0,0,0,1.0,0.9,1.0,,False
tc,dominio_sintetico,True,mini_tolerante_sin_cola,mini,13,1979,3045,1985,True,8070,0,50,49,49,49,49,0,0,0,1.0,0.98,1.0,,False
tc,dominio_sintetico,True,mini_tolerante_sin_cola,mini,14,2132,3045,1985,False,8091,0,50,50,50,50,50,0,0,0,1.0,1.0,1.0,,False
tc,dominio_sintetico,True,mini_tolerante_sin_cola,mini,15,2284,3045,1985,False,8091,0,50,50,50,50,50,0,0,0,1.0,1.0,1.0,,False
tc,dominio_sintetico,True,mini_tolerante_sin_cola,mini,16,2436,3045,1985,False,8091,0,50,50,50,50,50,0,0,0,1.0,1.0,1.0,,False
tc,dominio_sintetico,True,mini_tolerante_sin_cola,mini,17,2588,3045,1985,False,8091,0,50,50,50,50,50,0,0,0,1.0,1.0,1.0,,False
tc,dominio_sintetico,True,mini_tolerante_sin_cola,mini,18,2741,3045,1985,False,8091,0,50,50,50,50,50,0,0,0,1.0,1.0,1.0,,False
tc,dominio_sintetico,True,mini_tolerante_sin_cola,mini,19,2893,3045,1985,False,8091,0,50,50,50,50,50,0,0,0,1.0,1.0,1.0,,False
tc,dominio_sintetico,True,mini_tolerante_sin_cola,mini,20,3045,3045,1985,False,8091,0,50,50,50,50,50,0,0,0,1.0,1.0,1.0,,False
us,dominio_sintetico,True,json_estricto,json,1,142,2846,2846,True,521,0,50,1,0,0,0,0,0,0,0.0,0.0,,json.loads: JSONDecodeError,False
us,dominio_sintetico,True,json_estricto,json,2,285,2846,2846,True,1082,0,50,4,0,0,0,0,0,0,0.0,0.0,,json.loads: JSONDecodeError,False
us,dominio_sintetico,True,json_estricto,json,3,427,2846,2846,True,1633,0,50,6,0,0,0,0,0,0,0.0,0.0,,json.loads: JSONDecodeError,False
us,dominio_sintetico,True,json_estricto,json,4,569,2846,2846,True,2164,0,50,9,0,0,0,0,0,0,0.0,0.0,,json.loads: JSONDecodeError,False
us,dominio_sintetico,True,json_estricto,json,5,712,2846,2846,True,2707,0,50,12,0,0,0,0,0,0,0.0,0.0,,json.loads: JSONDecodeError,False
us,dominio_sintetico,True,json_estricto,json,6,854,2846,2846,True,3265,0,50,14,0,0,0,0,0,0,0.0,0.0,,json.loads: JSONDecodeError,False
us,dominio_sintetico,True,json_estricto,json,7,996,2846,2846,True,3782,0,50,17,0,0,0,0,0,0,0.0,0.0,,json.loads: JSONDecodeError,False
us,dominio_sintetico,True,json_estricto,json,8,1138,2846,2846,True,4364,0,50,19,0,0,0,0,0,0,0.0,0.0,,json.loads: JSONDecodeError,False
us,dominio_sintetico,True,json_estricto,json,9,1281,2846,2846,True,4903,0,50,22,0,0,0,0,0,0,0.0,0.0,,json.loads: JSONDecodeError,False
us,dominio_sintetico,True,json_estricto,json,10,1423,2846,2846,True,5461,0,50,24,0,0,0,0,0,0,0.0,0.0,,json.loads: JSONDecodeError,False
us,dominio_sintetico,True,json_estricto,json,11,1565,2846,2846,True,5999,0,50,27,0,0,0,0,0,0,0.0,0.0,,json.loads: JSONDecodeError,False
us,dominio_sintetico,True,json_estricto,json,12,1708,2846,2846,True,6569,0,50,29,0,0,0,0,0,0,0.0,0.0,,json.loads: JSONDecodeError,False
us,dominio_sintetico,True,json_estricto,json,13,1850,2846,2846,True,7087,0,50,32,0,0,0,0,0,0,0.0,0.0,,json.loads: JSONDecodeError,False
us,dominio_sintetico,True,json_estricto,json,14,1992,2846,2846,True,7644,0,50,34,0,0,0,0,0,0,0.0,0.0,,json.loads: JSONDecodeError,False
us,dominio_sintetico,True,json_estricto,json,15,2135,2846,2846,True,8198,0,50,37,0,0,0,0,0,0,0.0,0.0,,json.loads: JSONDecodeError,False
us,dominio_sintetico,True,json_estricto,json,16,2277,2846,2846,True,8764,0,50,39,0,0,0,0,0,0,0.0,0.0,,json.loads: JSONDecodeError,False
us,dominio_sintetico,True,json_estricto,json,17,2419,2846,2846,True,9290,0,50,42,0,0,0,0,0,0,0.0,0.0,,json.loads: JSONDecodeError,False
us,dominio_sintetico,True,json_estricto,json,18,2561,2846,2846,True,9863,0,50,44,0,0,0,0,0,0,0.0,0.0,,json.loads: JSONDecodeError,False
us,dominio_sintetico,True,json_estricto,json,19,2704,2846,2846,True,10412,0,50,47,0,0,0,0,0,0,0.0,0.0,,json.loads: JSONDecodeError,False
us,dominio_sintetico,True,json_estricto,json,20,2846,2846,2846,False,10983,0,50,50,50,50,50,0,0,0,1.0,1.0,1.0,,False
us,dominio_sintetico,True,json_parcial_jiter,json,1,142,2846,2846,True,521,0,50,1,2,1,1,0,0,1,1.0,0.02,0.5,,False
us,dominio_sintetico,True,json_parcial_jiter,json,2,285,2846,2846,True,1082,0,50,4,5,4,4,0,0,1,1.0,0.08,0.8,,False
us,dominio_sintetico,True,json_parcial_jiter,json,3,427,2846,2846,True,1633,0,50,6,7,6,6,0,0,1,1.0,0.12,0.857143,,False
us,dominio_sintetico,True,json_parcial_jiter,json,4,569,2846,2846,True,2164,0,50,9,10,9,9,0,0,1,1.0,0.18,0.9,,False
us,dominio_sintetico,True,json_parcial_jiter,json,5,712,2846,2846,True,2707,0,50,12,13,12,12,0,0,1,1.0,0.24,0.923077,,False
us,dominio_sintetico,True,json_parcial_jiter,json,6,854,2846,2846,True,3265,0,50,14,15,14,14,0,0,1,1.0,0.28,0.933333,,False
us,dominio_sintetico,True,json_parcial_jiter,json,7,996,2846,2846,True,3782,0,50,17,18,17,17,0,0,1,1.0,0.34,0.944444,,False
us,dominio_sintetico,True,json_parcial_jiter,json,8,1138,2846,2846,True,4364,0,50,19,20,19,19,0,0,1,1.0,0.38,0.95,,False
us,dominio_sintetico,True,json_parcial_jiter,json,9,1281,2846,2846,True,4903,0,50,22,23,22,22,0,0,1,1.0,0.44,0.956522,,False
us,dominio_sintetico,True,json_parcial_jiter,json,10,1423,2846,2846,True,5461,0,50,24,25,24,24,0,0,1,1.0,0.48,0.96,,False
us,dominio_sintetico,True,json_parcial_jiter,json,11,1565,2846,2846,True,5999,0,50,27,28,27,27,0,0,1,1.0,0.54,0.964286,,False
us,dominio_sintetico,True,json_parcial_jiter,json,12,1708,2846,2846,True,6569,0,50,29,30,29,29,0,0,1,1.0,0.58,0.966667,,False
us,dominio_sintetico,True,json_parcial_jiter,json,13,1850,2846,2846,True,7087,0,50,32,33,32,32,0,0,1,1.0,0.64,0.969697,,False
us,dominio_sintetico,True,json_parcial_jiter,json,14,1992,2846,2846,True,7644,0,50,34,35,34,34,0,0,1,1.0,0.68,0.971429,,False
us,dominio_sintetico,True,json_parcial_jiter,json,15,2135,2846,2846,True,8198,0,50,37,38,37,37,0,0,1,1.0,0.74,0.973684,,False
us,dominio_sintetico,True,json_parcial_jiter,json,16,2277,2846,2846,True,8764,0,50,39,40,39,39,0,0,1,1.0,0.78,0.975,,False
us,dominio_sintetico,True,json_parcial_jiter,json,17,2419,2846,2846,True,9290,0,50,42,43,42,42,0,0,1,1.0,0.84,0.976744,,False
us,dominio_sintetico,True,json_parcial_jiter,json,18,2561,2846,2846,True,9863,0,50,44,45,44,44,0,0,1,1.0,0.88,0.977778,,False
us,dominio_sintetico,True,json_parcial_jiter,json,19,2704,2846,2846,True,10412,0,50,47,48,47,47,0,0,1,1.0,0.94,0.979167,,False
us,dominio_sintetico,True,json_parcial_jiter,json,20,2846,2846,2846,False,10983,0,50,50,50,50,50,0,0,0,1.0,1.0,1.0,,False
us,dominio_sintetico,True,jsonl,jsonl,1,142,2846,2892,True,513,0,50,1,1,1,1,0,0,0,1.0,0.02,1.0,,False
us,dominio_sintetico,True,jsonl,jsonl,2,285,2846,2892,True,1065,0,50,4,4,4,4,0,0,0,1.0,0.08,1.0,,False
us,dominio_sintetico,True,jsonl,jsonl,3,427,2846,2892,True,1609,0,50,6,6,6,6,0,0,0,1.0,0.12,1.0,,False
us,dominio_sintetico,True,jsonl,jsonl,4,569,2846,2892,True,2125,0,50,9,9,9,9,0,0,0,1.0,0.18,1.0,,False
us,dominio_sintetico,True,jsonl,jsonl,5,712,2846,2892,True,2675,0,50,11,11,11,11,0,0,0,1.0,0.22,1.0,,False
us,dominio_sintetico,True,jsonl,jsonl,6,854,2846,2892,True,3199,0,50,14,14,14,14,0,0,0,1.0,0.28,1.0,,False
us,dominio_sintetico,True,jsonl,jsonl,7,996,2846,2892,True,3739,0,50,16,16,16,16,0,0,0,1.0,0.32,1.0,,False
us,dominio_sintetico,True,jsonl,jsonl,8,1138,2846,2892,True,4274,0,50,19,19,19,19,0,0,0,1.0,0.38,1.0,,False
us,dominio_sintetico,True,jsonl,jsonl,9,1281,2846,2892,True,4843,0,50,21,21,21,21,0,0,0,1.0,0.42,1.0,,False
us,dominio_sintetico,True,jsonl,jsonl,10,1423,2846,2892,True,5362,0,50,24,24,24,24,0,0,0,1.0,0.48,1.0,,False
us,dominio_sintetico,True,jsonl,jsonl,11,1565,2846,2892,True,5908,0,50,27,27,27,27,0,0,0,1.0,0.54,1.0,,False
us,dominio_sintetico,True,jsonl,jsonl,12,1708,2846,2892,True,6445,0,50,29,29,29,29,0,0,0,1.0,0.58,1.0,,False
us,dominio_sintetico,True,jsonl,jsonl,13,1850,2846,2892,True,6981,0,50,31,31,31,31,0,0,0,1.0,0.62,1.0,,False
us,dominio_sintetico,True,jsonl,jsonl,14,1992,2846,2892,True,7498,0,50,34,34,34,34,0,0,0,1.0,0.68,1.0,,False
us,dominio_sintetico,True,jsonl,jsonl,15,2135,2846,2892,True,8081,0,50,36,36,36,36,0,0,0,1.0,0.72,1.0,,False
us,dominio_sintetico,True,jsonl,jsonl,16,2277,2846,2892,True,8591,0,50,39,39,39,39,0,0,0,1.0,0.78,1.0,,False
us,dominio_sintetico,True,jsonl,jsonl,17,2419,2846,2892,True,9146,0,50,41,41,41,41,0,0,0,1.0,0.82,1.0,,False
us,dominio_sintetico,True,jsonl,jsonl,18,2561,2846,2892,True,9652,0,50,44,44,44,44,0,0,0,1.0,0.88,1.0,,False
us,dominio_sintetico,True,jsonl,jsonl,19,2704,2846,2892,True,10244,0,50,46,46,46,46,0,0,0,1.0,0.92,1.0,,False
us,dominio_sintetico,True,jsonl,jsonl,20,2846,2846,2892,True,10752,0,50,49,49,49,49,0,0,0,1.0,0.98,1.0,,False
us,dominio_sintetico,True,mini_tolerante,mini,1,142,2846,1840,True,505,0,50,2,2,2,2,0,0,0,1.0,0.04,1.0,,False
us,dominio_sintetico,True,mini_tolerante,mini,2,285,2846,1840,True,1015,0,50,7,7,7,7,0,0,0,1.0,0.14,1.0,,False
us,dominio_sintetico,True,mini_tolerante,mini,3,427,2846,1840,True,1516,0,50,11,11,11,11,0,0,0,1.0,0.22,1.0,,False
us,dominio_sintetico,True,mini_tolerante,mini,4,569,2846,1840,True,2013,0,50,15,15,15,15,0,0,0,1.0,0.3,1.0,,False
us,dominio_sintetico,True,mini_tolerante,mini,5,712,2846,1840,True,2570,0,50,18,18,18,18,0,0,0,1.0,0.36,1.0,,False
us,dominio_sintetico,True,mini_tolerante,mini,6,854,2846,1840,True,3089,0,50,22,22,22,22,0,0,0,1.0,0.44,1.0,,False
us,dominio_sintetico,True,mini_tolerante,mini,7,996,2846,1840,True,3590,0,50,27,27,27,27,0,0,0,1.0,0.54,1.0,,False
us,dominio_sintetico,True,mini_tolerante,mini,8,1138,2846,1840,True,4105,0,50,30,30,30,30,0,0,0,1.0,0.6,1.0,,False
us,dominio_sintetico,True,mini_tolerante,mini,9,1281,2846,1840,True,4613,0,50,34,34,34,34,0,0,0,1.0,0.68,1.0,,False
us,dominio_sintetico,True,mini_tolerante,mini,10,1423,2846,1840,True,5149,0,50,38,38,38,38,0,0,0,1.0,0.76,1.0,,False
us,dominio_sintetico,True,mini_tolerante,mini,11,1565,2846,1840,True,5648,0,50,42,42,42,42,0,0,0,1.0,0.84,1.0,,False
us,dominio_sintetico,True,mini_tolerante,mini,12,1708,2846,1840,True,6182,0,50,46,46,46,46,0,0,0,1.0,0.92,1.0,,False
us,dominio_sintetico,True,mini_tolerante,mini,13,1850,2846,1840,False,6700,0,50,50,50,50,50,0,0,0,1.0,1.0,1.0,,False
us,dominio_sintetico,True,mini_tolerante,mini,14,1992,2846,1840,False,6700,0,50,50,50,50,50,0,0,0,1.0,1.0,1.0,,False
us,dominio_sintetico,True,mini_tolerante,mini,15,2135,2846,1840,False,6700,0,50,50,50,50,50,0,0,0,1.0,1.0,1.0,,False
us,dominio_sintetico,True,mini_tolerante,mini,16,2277,2846,1840,False,6700,0,50,50,50,50,50,0,0,0,1.0,1.0,1.0,,False
us,dominio_sintetico,True,mini_tolerante,mini,17,2419,2846,1840,False,6700,0,50,50,50,50,50,0,0,0,1.0,1.0,1.0,,False
us,dominio_sintetico,True,mini_tolerante,mini,18,2561,2846,1840,False,6700,0,50,50,50,50,50,0,0,0,1.0,1.0,1.0,,False
us,dominio_sintetico,True,mini_tolerante,mini,19,2704,2846,1840,False,6700,0,50,50,50,50,50,0,0,0,1.0,1.0,1.0,,False
us,dominio_sintetico,True,mini_tolerante,mini,20,2846,2846,1840,False,6700,0,50,50,50,50,50,0,0,0,1.0,1.0,1.0,,False
us,dominio_sintetico,True,json_objetos_completos,json,1,142,2846,2846,True,521,0,50,1,1,1,1,0,0,0,1.0,0.02,1.0,,False
us,dominio_sintetico,True,json_objetos_completos,json,2,285,2846,2846,True,1082,0,50,4,4,4,4,0,0,0,1.0,0.08,1.0,,False
us,dominio_sintetico,True,json_objetos_completos,json,3,427,2846,2846,True,1633,0,50,6,6,6,6,0,0,0,1.0,0.12,1.0,,False
us,dominio_sintetico,True,json_objetos_completos,json,4,569,2846,2846,True,2164,0,50,9,9,9,9,0,0,0,1.0,0.18,1.0,,False
us,dominio_sintetico,True,json_objetos_completos,json,5,712,2846,2846,True,2707,0,50,12,12,12,12,0,0,0,1.0,0.24,1.0,,False
us,dominio_sintetico,True,json_objetos_completos,json,6,854,2846,2846,True,3265,0,50,14,14,14,14,0,0,0,1.0,0.28,1.0,,False
us,dominio_sintetico,True,json_objetos_completos,json,7,996,2846,2846,True,3782,0,50,17,17,17,17,0,0,0,1.0,0.34,1.0,,False
us,dominio_sintetico,True,json_objetos_completos,json,8,1138,2846,2846,True,4364,0,50,19,19,19,19,0,0,0,1.0,0.38,1.0,,False
us,dominio_sintetico,True,json_objetos_completos,json,9,1281,2846,2846,True,4903,0,50,22,22,22,22,0,0,0,1.0,0.44,1.0,,False
us,dominio_sintetico,True,json_objetos_completos,json,10,1423,2846,2846,True,5461,0,50,24,24,24,24,0,0,0,1.0,0.48,1.0,,False
us,dominio_sintetico,True,json_objetos_completos,json,11,1565,2846,2846,True,5999,0,50,27,27,27,27,0,0,0,1.0,0.54,1.0,,False
us,dominio_sintetico,True,json_objetos_completos,json,12,1708,2846,2846,True,6569,0,50,29,29,29,29,0,0,0,1.0,0.58,1.0,,False
us,dominio_sintetico,True,json_objetos_completos,json,13,1850,2846,2846,True,7087,0,50,32,32,32,32,0,0,0,1.0,0.64,1.0,,False
us,dominio_sintetico,True,json_objetos_completos,json,14,1992,2846,2846,True,7644,0,50,34,34,34,34,0,0,0,1.0,0.68,1.0,,False
us,dominio_sintetico,True,json_objetos_completos,json,15,2135,2846,2846,True,8198,0,50,37,37,37,37,0,0,0,1.0,0.74,1.0,,False
us,dominio_sintetico,True,json_objetos_completos,json,16,2277,2846,2846,True,8764,0,50,39,39,39,39,0,0,0,1.0,0.78,1.0,,False
us,dominio_sintetico,True,json_objetos_completos,json,17,2419,2846,2846,True,9290,0,50,42,42,42,42,0,0,0,1.0,0.84,1.0,,False
us,dominio_sintetico,True,json_objetos_completos,json,18,2561,2846,2846,True,9863,0,50,44,44,44,44,0,0,0,1.0,0.88,1.0,,False
us,dominio_sintetico,True,json_objetos_completos,json,19,2704,2846,2846,True,10412,0,50,47,47,47,47,0,0,0,1.0,0.94,1.0,,False
us,dominio_sintetico,True,json_objetos_completos,json,20,2846,2846,2846,False,10983,0,50,50,50,50,50,0,0,0,1.0,1.0,1.0,,False
us,dominio_sintetico,True,mini_tolerante_sin_cola,mini,1,142,2846,1840,True,505,0,50,2,2,2,2,0,0,0,1.0,0.04,1.0,,False
us,dominio_sintetico,True,mini_tolerante_sin_cola,mini,2,285,2846,1840,True,1015,0,50,7,7,7,7,0,0,0,1.0,0.14,1.0,,False
us,dominio_sintetico,True,mini_tolerante_sin_cola,mini,3,427,2846,1840,True,1516,0,50,11,11,11,11,0,0,0,1.0,0.22,1.0,,False
us,dominio_sintetico,True,mini_tolerante_sin_cola,mini,4,569,2846,1840,True,2013,0,50,15,15,15,15,0,0,0,1.0,0.3,1.0,,False
us,dominio_sintetico,True,mini_tolerante_sin_cola,mini,5,712,2846,1840,True,2570,0,50,18,18,18,18,0,0,0,1.0,0.36,1.0,,False
us,dominio_sintetico,True,mini_tolerante_sin_cola,mini,6,854,2846,1840,True,3089,0,50,22,22,22,22,0,0,0,1.0,0.44,1.0,,False
us,dominio_sintetico,True,mini_tolerante_sin_cola,mini,7,996,2846,1840,True,3590,0,50,27,27,27,27,0,0,0,1.0,0.54,1.0,,False
us,dominio_sintetico,True,mini_tolerante_sin_cola,mini,8,1138,2846,1840,True,4105,0,50,30,30,30,30,0,0,0,1.0,0.6,1.0,,False
us,dominio_sintetico,True,mini_tolerante_sin_cola,mini,9,1281,2846,1840,True,4613,0,50,34,34,34,34,0,0,0,1.0,0.68,1.0,,False
us,dominio_sintetico,True,mini_tolerante_sin_cola,mini,10,1423,2846,1840,True,5149,0,50,38,38,38,38,0,0,0,1.0,0.76,1.0,,False
us,dominio_sintetico,True,mini_tolerante_sin_cola,mini,11,1565,2846,1840,True,5648,0,50,42,42,42,42,0,0,0,1.0,0.84,1.0,,False
us,dominio_sintetico,True,mini_tolerante_sin_cola,mini,12,1708,2846,1840,True,6182,0,50,46,46,46,46,0,0,0,1.0,0.92,1.0,,False
us,dominio_sintetico,True,mini_tolerante_sin_cola,mini,13,1850,2846,1840,False,6700,0,50,50,50,50,50,0,0,0,1.0,1.0,1.0,,False
us,dominio_sintetico,True,mini_tolerante_sin_cola,mini,14,1992,2846,1840,False,6700,0,50,50,50,50,50,0,0,0,1.0,1.0,1.0,,False
us,dominio_sintetico,True,mini_tolerante_sin_cola,mini,15,2135,2846,1840,False,6700,0,50,50,50,50,50,0,0,0,1.0,1.0,1.0,,False
us,dominio_sintetico,True,mini_tolerante_sin_cola,mini,16,2277,2846,1840,False,6700,0,50,50,50,50,50,0,0,0,1.0,1.0,1.0,,False
us,dominio_sintetico,True,mini_tolerante_sin_cola,mini,17,2419,2846,1840,False,6700,0,50,50,50,50,50,0,0,0,1.0,1.0,1.0,,False
us,dominio_sintetico,True,mini_tolerante_sin_cola,mini,18,2561,2846,1840,False,6700,0,50,50,50,50,50,0,0,0,1.0,1.0,1.0,,False
us,dominio_sintetico,True,mini_tolerante_sin_cola,mini,19,2704,2846,1840,False,6700,0,50,50,50,50,50,0,0,0,1.0,1.0,1.0,,False
us,dominio_sintetico,True,mini_tolerante_sin_cola,mini,20,2846,2846,1840,False,6700,0,50,50,50,50,50,0,0,0,1.0,1.0,1.0,,False
products,snapshot_prueba_publica,True,json_estricto,json,1,1076,21512,21512,True,3715,0,50,2,0,0,0,0,0,0,0.0,0.0,,json.loads: JSONDecodeError,False
products,snapshot_prueba_publica,True,json_estricto,json,2,2151,21512,21512,True,7255,0,50,4,0,0,0,0,0,0,0.0,0.0,,json.loads: JSONDecodeError,False
products,snapshot_prueba_publica,True,json_estricto,json,3,3227,21512,21512,True,10931,0,50,7,0,0,0,0,0,0,0.0,0.0,,json.loads: JSONDecodeError,False
products,snapshot_prueba_publica,True,json_estricto,json,4,4302,21512,21512,True,14519,0,50,9,0,0,0,0,0,0,0.0,0.0,,json.loads: JSONDecodeError,False
products,snapshot_prueba_publica,True,json_estricto,json,5,5378,21512,21512,True,18162,0,50,11,0,0,0,0,0,0,0.0,0.0,,json.loads: JSONDecodeError,False
products,snapshot_prueba_publica,True,json_estricto,json,6,6454,21512,21512,True,21869,0,50,13,0,0,0,0,0,0,0.0,0.0,,json.loads: JSONDecodeError,False
products,snapshot_prueba_publica,True,json_estricto,json,7,7529,21512,21512,True,25588,0,50,16,0,0,0,0,0,0,0.0,0.0,,json.loads: JSONDecodeError,False
products,snapshot_prueba_publica,True,json_estricto,json,8,8605,21512,21512,True,29114,0,50,18,0,0,0,0,0,0,0.0,0.0,,json.loads: JSONDecodeError,False
products,snapshot_prueba_publica,True,json_estricto,json,9,9680,21512,21512,True,32730,0,50,21,0,0,0,0,0,0,0.0,0.0,,json.loads: JSONDecodeError,False
products,snapshot_prueba_publica,True,json_estricto,json,10,10756,21512,21512,True,36298,0,50,24,0,0,0,0,0,0,0.0,0.0,,json.loads: JSONDecodeError,False
products,snapshot_prueba_publica,True,json_estricto,json,11,11832,21512,21512,True,39826,0,50,26,0,0,0,0,0,0,0.0,0.0,,json.loads: JSONDecodeError,False
products,snapshot_prueba_publica,True,json_estricto,json,12,12907,21512,21512,True,43419,0,50,29,0,0,0,0,0,0,0.0,0.0,,json.loads: JSONDecodeError,False
products,snapshot_prueba_publica,True,json_estricto,json,13,13983,21512,21512,True,46967,0,50,32,0,0,0,0,0,0,0.0,0.0,,json.loads: JSONDecodeError,False
products,snapshot_prueba_publica,True,json_estricto,json,14,15058,21512,21512,True,50434,0,50,34,0,0,0,0,0,0,0.0,0.0,,json.loads: JSONDecodeError,False
products,snapshot_prueba_publica,True,json_estricto,json,15,16134,21512,21512,True,54055,0,50,37,0,0,0,0,0,0,0.0,0.0,,json.loads: JSONDecodeError,False
products,snapshot_prueba_publica,True,json_estricto,json,16,17210,21512,21512,True,57632,0,50,40,0,0,0,0,0,0,0.0,0.0,,json.loads: JSONDecodeError,False
products,snapshot_prueba_publica,True,json_estricto,json,17,18285,21512,21512,True,61254,0,50,42,0,0,0,0,0,0,0.0,0.0,,json.loads: JSONDecodeError,False
products,snapshot_prueba_publica,True,json_estricto,json,18,19361,21512,21512,True,65151,0,50,45,0,0,0,0,0,0,0.0,0.0,,json.loads: JSONDecodeError,False
products,snapshot_prueba_publica,True,json_estricto,json,19,20436,21512,21512,True,68879,0,50,47,0,0,0,0,0,0,0.0,0.0,,json.loads: JSONDecodeError,False
products,snapshot_prueba_publica,True,json_estricto,json,20,21512,21512,21512,False,72575,0,50,50,50,50,50,0,0,0,1.0,1.0,1.0,,False
products,snapshot_prueba_publica,True,json_parcial_jiter,json,1,1076,21512,21512,True,3715,0,50,2,3,2,2,0,0,1,1.0,0.04,0.666667,,False
products,snapshot_prueba_publica,True,json_parcial_jiter,json,2,2151,21512,21512,True,7255,0,50,4,5,4,4,0,0,1,1.0,0.08,0.8,,False
products,snapshot_prueba_publica,True,json_parcial_jiter,json,3,3227,21512,21512,True,10931,0,50,7,8,7,7,0,0,1,1.0,0.14,0.875,,False
products,snapshot_prueba_publica,True,json_parcial_jiter,json,4,4302,21512,21512,True,14519,0,50,9,10,9,9,0,0,1,1.0,0.18,0.9,,False
products,snapshot_prueba_publica,True,json_parcial_jiter,json,5,5378,21512,21512,True,18162,0,50,11,12,11,11,0,0,1,1.0,0.22,0.916667,,False
products,snapshot_prueba_publica,True,json_parcial_jiter,json,6,6454,21512,21512,True,21869,0,50,13,14,13,13,0,0,1,1.0,0.26,0.928571,,False
products,snapshot_prueba_publica,True,json_parcial_jiter,json,7,7529,21512,21512,True,25588,0,50,16,17,16,16,0,0,1,1.0,0.32,0.941176,,False
products,snapshot_prueba_publica,True,json_parcial_jiter,json,8,8605,21512,21512,True,29114,0,50,18,19,18,18,0,0,1,1.0,0.36,0.947368,,False
products,snapshot_prueba_publica,True,json_parcial_jiter,json,9,9680,21512,21512,True,32730,0,50,21,22,21,21,0,0,1,1.0,0.42,0.954545,,False
products,snapshot_prueba_publica,True,json_parcial_jiter,json,10,10756,21512,21512,True,36298,0,50,24,25,24,24,0,0,1,1.0,0.48,0.96,,False
products,snapshot_prueba_publica,True,json_parcial_jiter,json,11,11832,21512,21512,True,39826,0,50,26,27,26,26,0,0,1,1.0,0.52,0.962963,,False
products,snapshot_prueba_publica,True,json_parcial_jiter,json,12,12907,21512,21512,True,43419,0,50,29,30,29,29,0,0,1,1.0,0.58,0.966667,,False
products,snapshot_prueba_publica,True,json_parcial_jiter,json,13,13983,21512,21512,True,46967,0,50,32,33,32,32,0,0,1,1.0,0.64,0.969697,,False
products,snapshot_prueba_publica,True,json_parcial_jiter,json,14,15058,21512,21512,True,50434,0,50,34,35,34,34,0,0,1,1.0,0.68,0.971429,,False
products,snapshot_prueba_publica,True,json_parcial_jiter,json,15,16134,21512,21512,True,54055,0,50,37,38,37,37,0,0,1,1.0,0.74,0.973684,,False
products,snapshot_prueba_publica,True,json_parcial_jiter,json,16,17210,21512,21512,True,57632,0,50,40,41,40,40,0,0,1,1.0,0.8,0.97561,,False
products,snapshot_prueba_publica,True,json_parcial_jiter,json,17,18285,21512,21512,True,61254,0,50,42,43,42,42,0,0,1,1.0,0.84,0.976744,,False
products,snapshot_prueba_publica,True,json_parcial_jiter,json,18,19361,21512,21512,True,65151,0,50,45,46,45,45,0,0,1,1.0,0.9,0.978261,,False
products,snapshot_prueba_publica,True,json_parcial_jiter,json,19,20436,21512,21512,True,68879,0,50,47,48,47,47,0,0,1,1.0,0.94,0.979167,,False
products,snapshot_prueba_publica,True,json_parcial_jiter,json,20,21512,21512,21512,False,72575,0,50,50,50,50,50,0,0,0,1.0,1.0,1.0,,False
products,snapshot_prueba_publica,True,jsonl,jsonl,1,1076,21512,21558,True,3717,0,50,2,2,2,2,0,0,0,1.0,0.04,1.0,,False
products,snapshot_prueba_publica,True,jsonl,jsonl,2,2151,21512,21558,True,7219,0,50,4,4,4,4,0,0,0,1.0,0.08,1.0,,False
products,snapshot_prueba_publica,True,jsonl,jsonl,3,3227,21512,21558,True,10907,0,50,7,7,7,7,0,0,0,1.0,0.14,1.0,,False
products,snapshot_prueba_publica,True,jsonl,jsonl,4,4302,21512,21558,True,14494,0,50,9,9,9,9,0,0,0,1.0,0.18,1.0,,False
products,snapshot_prueba_publica,True,jsonl,jsonl,5,5378,21512,21558,True,18111,0,50,11,11,11,11,0,0,0,1.0,0.22,1.0,,False
products,snapshot_prueba_publica,True,jsonl,jsonl,6,6454,21512,21558,True,21799,0,50,13,13,13,13,0,0,0,1.0,0.26,1.0,,False
products,snapshot_prueba_publica,True,jsonl,jsonl,7,7529,21512,21558,True,25482,0,50,16,16,16,16,0,0,0,1.0,0.32,1.0,,False
products,snapshot_prueba_publica,True,jsonl,jsonl,8,8605,21512,21558,True,29033,0,50,18,18,18,18,0,0,0,1.0,0.36,1.0,,False
products,snapshot_prueba_publica,True,jsonl,jsonl,9,9680,21512,21558,True,32652,0,50,21,21,21,21,0,0,0,1.0,0.42,1.0,,False
products,snapshot_prueba_publica,True,jsonl,jsonl,10,10756,21512,21558,True,36200,0,50,24,24,24,24,0,0,0,1.0,0.48,1.0,,False
products,snapshot_prueba_publica,True,jsonl,jsonl,11,11832,21512,21558,True,39721,0,50,26,26,26,26,0,0,0,1.0,0.52,1.0,,False
products,snapshot_prueba_publica,True,jsonl,jsonl,12,12907,21512,21558,True,43331,0,50,29,29,29,29,0,0,0,1.0,0.58,1.0,,False
products,snapshot_prueba_publica,True,jsonl,jsonl,13,13983,21512,21558,True,46869,0,50,32,32,32,32,0,0,0,1.0,0.64,1.0,,False
products,snapshot_prueba_publica,True,jsonl,jsonl,14,15058,21512,21558,True,50355,0,50,34,34,34,34,0,0,0,1.0,0.68,1.0,,False
products,snapshot_prueba_publica,True,jsonl,jsonl,15,16134,21512,21558,True,53941,0,50,37,37,37,37,0,0,0,1.0,0.74,1.0,,False
products,snapshot_prueba_publica,True,jsonl,jsonl,16,17210,21512,21558,True,57477,0,50,40,40,40,40,0,0,0,1.0,0.8,1.0,,False
products,snapshot_prueba_publica,True,jsonl,jsonl,17,18285,21512,21558,True,61095,0,50,42,42,42,42,0,0,0,1.0,0.84,1.0,,False
products,snapshot_prueba_publica,True,jsonl,jsonl,18,19361,21512,21558,True,64901,0,50,44,44,44,44,0,0,0,1.0,0.88,1.0,,False
products,snapshot_prueba_publica,True,jsonl,jsonl,19,20436,21512,21558,True,68731,0,50,47,47,47,47,0,0,0,1.0,0.94,1.0,,False
products,snapshot_prueba_publica,True,jsonl,jsonl,20,21512,21512,21558,True,72374,0,50,49,49,49,49,0,0,0,1.0,0.98,1.0,,False
products,snapshot_prueba_publica,True,mini_tolerante,mini,1,1076,21512,15198,True,3081,0,50,2,2,2,2,0,0,0,1.0,0.04,1.0,,False
products,snapshot_prueba_publica,True,mini_tolerante,mini,2,2151,21512,15198,True,6026,0,50,6,6,6,6,0,0,0,1.0,0.12,1.0,,False
products,snapshot_prueba_publica,True,mini_tolerante,mini,3,3227,21512,15198,True,8963,0,50,9,9,9,9,0,0,0,1.0,0.18,1.0,,False
products,snapshot_prueba_publica,True,mini_tolerante,mini,4,4302,21512,15198,True,12032,0,50,12,12,12,12,0,0,0,1.0,0.24,1.0,,False
products,snapshot_prueba_publica,True,mini_tolerante,mini,5,5378,21512,15198,True,15076,0,50,15,15,15,15,0,0,0,1.0,0.3,1.0,,False
products,snapshot_prueba_publica,True,mini_tolerante,mini,6,6454,21512,15198,True,17883,0,50,19,19,19,19,0,0,0,1.0,0.38,1.0,,False
products,snapshot_prueba_publica,True,mini_tolerante,mini,7,7529,21512,15198,True,20577,0,50,23,23,23,23,0,0,0,1.0,0.46,1.0,,False
products,snapshot_prueba_publica,True,mini_tolerante,mini,8,8605,21512,15198,True,23359,0,50,27,27,27,27,0,0,0,1.0,0.54,1.0,,False
products,snapshot_prueba_publica,True,mini_tolerante,mini,9,9680,21512,15198,True,26133,0,50,31,31,31,31,0,0,0,1.0,0.62,1.0,,False
products,snapshot_prueba_publica,True,mini_tolerante,mini,10,10756,21512,15198,True,28785,0,50,34,35,34,34,0,0,1,1.0,0.68,0.971429,,False
products,snapshot_prueba_publica,True,mini_tolerante,mini,11,11832,21512,15198,True,31505,0,50,38,38,38,38,0,0,0,1.0,0.76,1.0,,False
products,snapshot_prueba_publica,True,mini_tolerante,mini,12,12907,21512,15198,True,34363,0,50,42,42,42,42,0,0,0,1.0,0.84,1.0,,False
products,snapshot_prueba_publica,True,mini_tolerante,mini,13,13983,21512,15198,True,37578,0,50,45,46,45,45,0,0,1,1.0,0.9,0.978261,,False
products,snapshot_prueba_publica,True,mini_tolerante,mini,14,15058,21512,15198,True,40630,0,50,49,49,49,49,0,0,0,1.0,0.98,1.0,,False
products,snapshot_prueba_publica,True,mini_tolerante,mini,15,16134,21512,15198,False,41020,0,50,50,50,50,50,0,0,0,1.0,1.0,1.0,,False
products,snapshot_prueba_publica,True,mini_tolerante,mini,16,17210,21512,15198,False,41020,0,50,50,50,50,50,0,0,0,1.0,1.0,1.0,,False
products,snapshot_prueba_publica,True,mini_tolerante,mini,17,18285,21512,15198,False,41020,0,50,50,50,50,50,0,0,0,1.0,1.0,1.0,,False
products,snapshot_prueba_publica,True,mini_tolerante,mini,18,19361,21512,15198,False,41020,0,50,50,50,50,50,0,0,0,1.0,1.0,1.0,,False
products,snapshot_prueba_publica,True,mini_tolerante,mini,19,20436,21512,15198,False,41020,0,50,50,50,50,50,0,0,0,1.0,1.0,1.0,,False
products,snapshot_prueba_publica,True,mini_tolerante,mini,20,21512,21512,15198,False,41020,0,50,50,50,50,50,0,0,0,1.0,1.0,1.0,,False
products,snapshot_prueba_publica,True,json_objetos_completos,json,1,1076,21512,21512,True,3715,0,50,2,2,2,2,0,0,0,1.0,0.04,1.0,,False
products,snapshot_prueba_publica,True,json_objetos_completos,json,2,2151,21512,21512,True,7255,0,50,4,4,4,4,0,0,0,1.0,0.08,1.0,,False
products,snapshot_prueba_publica,True,json_objetos_completos,json,3,3227,21512,21512,True,10931,0,50,7,7,7,7,0,0,0,1.0,0.14,1.0,,False
products,snapshot_prueba_publica,True,json_objetos_completos,json,4,4302,21512,21512,True,14519,0,50,9,9,9,9,0,0,0,1.0,0.18,1.0,,False
products,snapshot_prueba_publica,True,json_objetos_completos,json,5,5378,21512,21512,True,18162,0,50,11,11,11,11,0,0,0,1.0,0.22,1.0,,False
products,snapshot_prueba_publica,True,json_objetos_completos,json,6,6454,21512,21512,True,21869,0,50,13,13,13,13,0,0,0,1.0,0.26,1.0,,False
products,snapshot_prueba_publica,True,json_objetos_completos,json,7,7529,21512,21512,True,25588,0,50,16,16,16,16,0,0,0,1.0,0.32,1.0,,False
products,snapshot_prueba_publica,True,json_objetos_completos,json,8,8605,21512,21512,True,29114,0,50,18,18,18,18,0,0,0,1.0,0.36,1.0,,False
products,snapshot_prueba_publica,True,json_objetos_completos,json,9,9680,21512,21512,True,32730,0,50,21,21,21,21,0,0,0,1.0,0.42,1.0,,False
products,snapshot_prueba_publica,True,json_objetos_completos,json,10,10756,21512,21512,True,36298,0,50,24,24,24,24,0,0,0,1.0,0.48,1.0,,False
products,snapshot_prueba_publica,True,json_objetos_completos,json,11,11832,21512,21512,True,39826,0,50,26,26,26,26,0,0,0,1.0,0.52,1.0,,False
products,snapshot_prueba_publica,True,json_objetos_completos,json,12,12907,21512,21512,True,43419,0,50,29,29,29,29,0,0,0,1.0,0.58,1.0,,False
products,snapshot_prueba_publica,True,json_objetos_completos,json,13,13983,21512,21512,True,46967,0,50,32,32,32,32,0,0,0,1.0,0.64,1.0,,False
products,snapshot_prueba_publica,True,json_objetos_completos,json,14,15058,21512,21512,True,50434,0,50,34,34,34,34,0,0,0,1.0,0.68,1.0,,False
products,snapshot_prueba_publica,True,json_objetos_completos,json,15,16134,21512,21512,True,54055,0,50,37,37,37,37,0,0,0,1.0,0.74,1.0,,False
products,snapshot_prueba_publica,True,json_objetos_completos,json,16,17210,21512,21512,True,57632,0,50,40,40,40,40,0,0,0,1.0,0.8,1.0,,False
products,snapshot_prueba_publica,True,json_objetos_completos,json,17,18285,21512,21512,True,61254,0,50,42,42,42,42,0,0,0,1.0,0.84,1.0,,False
products,snapshot_prueba_publica,True,json_objetos_completos,json,18,19361,21512,21512,True,65151,0,50,45,45,45,45,0,0,0,1.0,0.9,1.0,,False
products,snapshot_prueba_publica,True,json_objetos_completos,json,19,20436,21512,21512,True,68879,0,50,47,47,47,47,0,0,0,1.0,0.94,1.0,,False
products,snapshot_prueba_publica,True,json_objetos_completos,json,20,21512,21512,21512,False,72575,0,50,50,50,50,50,0,0,0,1.0,1.0,1.0,,False
products,snapshot_prueba_publica,True,mini_tolerante_sin_cola,mini,1,1076,21512,15198,True,3081,0,50,2,2,2,2,0,0,0,1.0,0.04,1.0,,False
products,snapshot_prueba_publica,True,mini_tolerante_sin_cola,mini,2,2151,21512,15198,True,6026,0,50,6,6,6,6,0,0,0,1.0,0.12,1.0,,False
products,snapshot_prueba_publica,True,mini_tolerante_sin_cola,mini,3,3227,21512,15198,True,8963,0,50,9,9,9,9,0,0,0,1.0,0.18,1.0,,False
products,snapshot_prueba_publica,True,mini_tolerante_sin_cola,mini,4,4302,21512,15198,True,12032,0,50,12,12,12,12,0,0,0,1.0,0.24,1.0,,False
products,snapshot_prueba_publica,True,mini_tolerante_sin_cola,mini,5,5378,21512,15198,True,15076,0,50,15,15,15,15,0,0,0,1.0,0.3,1.0,,False
products,snapshot_prueba_publica,True,mini_tolerante_sin_cola,mini,6,6454,21512,15198,True,17883,0,50,19,19,19,19,0,0,0,1.0,0.38,1.0,,False
products,snapshot_prueba_publica,True,mini_tolerante_sin_cola,mini,7,7529,21512,15198,True,20577,0,50,23,23,23,23,0,0,0,1.0,0.46,1.0,,False
products,snapshot_prueba_publica,True,mini_tolerante_sin_cola,mini,8,8605,21512,15198,True,23359,0,50,27,27,27,27,0,0,0,1.0,0.54,1.0,,False
products,snapshot_prueba_publica,True,mini_tolerante_sin_cola,mini,9,9680,21512,15198,True,26133,0,50,31,31,31,31,0,0,0,1.0,0.62,1.0,,False
products,snapshot_prueba_publica,True,mini_tolerante_sin_cola,mini,10,10756,21512,15198,True,28785,0,50,34,34,34,34,0,0,0,1.0,0.68,1.0,,False
products,snapshot_prueba_publica,True,mini_tolerante_sin_cola,mini,11,11832,21512,15198,True,31505,0,50,38,38,38,38,0,0,0,1.0,0.76,1.0,,False
products,snapshot_prueba_publica,True,mini_tolerante_sin_cola,mini,12,12907,21512,15198,True,34363,0,50,42,42,42,42,0,0,0,1.0,0.84,1.0,,False
products,snapshot_prueba_publica,True,mini_tolerante_sin_cola,mini,13,13983,21512,15198,True,37578,0,50,45,45,45,45,0,0,0,1.0,0.9,1.0,,False
products,snapshot_prueba_publica,True,mini_tolerante_sin_cola,mini,14,15058,21512,15198,True,40630,0,50,49,49,49,49,0,0,0,1.0,0.98,1.0,,False
products,snapshot_prueba_publica,True,mini_tolerante_sin_cola,mini,15,16134,21512,15198,False,41020,0,50,50,50,50,50,0,0,0,1.0,1.0,1.0,,False
products,snapshot_prueba_publica,True,mini_tolerante_sin_cola,mini,16,17210,21512,15198,False,41020,0,50,50,50,50,50,0,0,0,1.0,1.0,1.0,,False
products,snapshot_prueba_publica,True,mini_tolerante_sin_cola,mini,17,18285,21512,15198,False,41020,0,50,50,50,50,50,0,0,0,1.0,1.0,1.0,,False
products,snapshot_prueba_publica,True,mini_tolerante_sin_cola,mini,18,19361,21512,15198,False,41020,0,50,50,50,50,50,0,0,0,1.0,1.0,1.0,,False
products,snapshot_prueba_publica,True,mini_tolerante_sin_cola,mini,19,20436,21512,15198,False,41020,0,50,50,50,50,50,0,0,0,1.0,1.0,1.0,,False
products,snapshot_prueba_publica,True,mini_tolerante_sin_cola,mini,20,21512,21512,15198,False,41020,0,50,50,50,50,50,0,0,0,1.0,1.0,1.0,,False
users,snapshot_prueba_publica,True,json_estricto,json,1,1099,21984,21984,True,3502,0,50,2,0,0,0,0,0,0,0.0,0.0,,json.loads: JSONDecodeError,False
users,snapshot_prueba_publica,True,json_estricto,json,2,2198,21984,21984,True,7016,0,50,5,0,0,0,0,0,0,0.0,0.0,,json.loads: JSONDecodeError,False
users,snapshot_prueba_publica,True,json_estricto,json,3,3298,21984,21984,True,10548,0,50,7,0,0,0,0,0,0,0.0,0.0,,json.loads: JSONDecodeError,False
users,snapshot_prueba_publica,True,json_estricto,json,4,4397,21984,21984,True,13970,0,50,9,0,0,0,0,0,0,0.0,0.0,,json.loads: JSONDecodeError,False
users,snapshot_prueba_publica,True,json_estricto,json,5,5496,21984,21984,True,17439,0,50,12,0,0,0,0,0,0,0.0,0.0,,json.loads: JSONDecodeError,False
users,snapshot_prueba_publica,True,json_estricto,json,6,6595,21984,21984,True,20950,0,50,14,0,0,0,0,0,0,0.0,0.0,,json.loads: JSONDecodeError,False
users,snapshot_prueba_publica,True,json_estricto,json,7,7694,21984,21984,True,24406,0,50,17,0,0,0,0,0,0,0.0,0.0,,json.loads: JSONDecodeError,False
users,snapshot_prueba_publica,True,json_estricto,json,8,8794,21984,21984,True,27855,0,50,19,0,0,0,0,0,0,0.0,0.0,,json.loads: JSONDecodeError,False
users,snapshot_prueba_publica,True,json_estricto,json,9,9893,21984,21984,True,31348,0,50,22,0,0,0,0,0,0,0.0,0.0,,json.loads: JSONDecodeError,False
users,snapshot_prueba_publica,True,json_estricto,json,10,10992,21984,21984,True,34853,0,50,24,0,0,0,0,0,0,0.0,0.0,,json.loads: JSONDecodeError,False
users,snapshot_prueba_publica,True,json_estricto,json,11,12091,21984,21984,True,38280,0,50,27,0,0,0,0,0,0,0.0,0.0,,json.loads: JSONDecodeError,False
users,snapshot_prueba_publica,True,json_estricto,json,12,13190,21984,21984,True,41796,0,50,29,0,0,0,0,0,0,0.0,0.0,,json.loads: JSONDecodeError,False
users,snapshot_prueba_publica,True,json_estricto,json,13,14290,21984,21984,True,45283,0,50,32,0,0,0,0,0,0,0.0,0.0,,json.loads: JSONDecodeError,False
users,snapshot_prueba_publica,True,json_estricto,json,14,15389,21984,21984,True,48809,0,50,34,0,0,0,0,0,0,0.0,0.0,,json.loads: JSONDecodeError,False
users,snapshot_prueba_publica,True,json_estricto,json,15,16488,21984,21984,True,52229,0,50,37,0,0,0,0,0,0,0.0,0.0,,json.loads: JSONDecodeError,False
users,snapshot_prueba_publica,True,json_estricto,json,16,17587,21984,21984,True,55735,0,50,40,0,0,0,0,0,0,0.0,0.0,,json.loads: JSONDecodeError,False
users,snapshot_prueba_publica,True,json_estricto,json,17,18686,21984,21984,True,59222,0,50,42,0,0,0,0,0,0,0.0,0.0,,json.loads: JSONDecodeError,False
users,snapshot_prueba_publica,True,json_estricto,json,18,19786,21984,21984,True,62706,0,50,44,0,0,0,0,0,0,0.0,0.0,,json.loads: JSONDecodeError,False
users,snapshot_prueba_publica,True,json_estricto,json,19,20885,21984,21984,True,66224,0,50,47,0,0,0,0,0,0,0.0,0.0,,json.loads: JSONDecodeError,False
users,snapshot_prueba_publica,True,json_estricto,json,20,21984,21984,21984,False,69731,0,50,50,50,50,50,0,0,0,1.0,1.0,1.0,,False
users,snapshot_prueba_publica,True,json_parcial_jiter,json,1,1099,21984,21984,True,3502,0,50,2,3,2,2,0,0,1,1.0,0.04,0.666667,,False
users,snapshot_prueba_publica,True,json_parcial_jiter,json,2,2198,21984,21984,True,7016,0,50,5,6,5,5,0,0,1,1.0,0.1,0.833333,,False
users,snapshot_prueba_publica,True,json_parcial_jiter,json,3,3298,21984,21984,True,10548,0,50,7,8,7,7,0,0,1,1.0,0.14,0.875,,False
users,snapshot_prueba_publica,True,json_parcial_jiter,json,4,4397,21984,21984,True,13970,0,50,9,10,9,9,0,0,1,1.0,0.18,0.9,,False
users,snapshot_prueba_publica,True,json_parcial_jiter,json,5,5496,21984,21984,True,17439,0,50,12,13,12,12,0,0,1,1.0,0.24,0.923077,,False
users,snapshot_prueba_publica,True,json_parcial_jiter,json,6,6595,21984,21984,True,20950,0,50,14,15,14,14,0,0,1,1.0,0.28,0.933333,,False
users,snapshot_prueba_publica,True,json_parcial_jiter,json,7,7694,21984,21984,True,24406,0,50,17,18,17,17,0,0,1,1.0,0.34,0.944444,,False
users,snapshot_prueba_publica,True,json_parcial_jiter,json,8,8794,21984,21984,True,27855,0,50,19,20,19,19,0,0,1,1.0,0.38,0.95,,False
users,snapshot_prueba_publica,True,json_parcial_jiter,json,9,9893,21984,21984,True,31348,0,50,22,23,22,22,0,0,1,1.0,0.44,0.956522,,False
users,snapshot_prueba_publica,True,json_parcial_jiter,json,10,10992,21984,21984,True,34853,0,50,24,25,24,24,0,0,1,1.0,0.48,0.96,,False
users,snapshot_prueba_publica,True,json_parcial_jiter,json,11,12091,21984,21984,True,38280,0,50,27,28,27,27,0,0,1,1.0,0.54,0.964286,,False
users,snapshot_prueba_publica,True,json_parcial_jiter,json,12,13190,21984,21984,True,41796,0,50,29,30,29,29,0,0,1,1.0,0.58,0.966667,,False
users,snapshot_prueba_publica,True,json_parcial_jiter,json,13,14290,21984,21984,True,45283,0,50,32,33,32,32,0,0,1,1.0,0.64,0.969697,,False
users,snapshot_prueba_publica,True,json_parcial_jiter,json,14,15389,21984,21984,True,48809,0,50,34,35,34,34,0,0,1,1.0,0.68,0.971429,,False
users,snapshot_prueba_publica,True,json_parcial_jiter,json,15,16488,21984,21984,True,52229,0,50,37,38,37,37,0,0,1,1.0,0.74,0.973684,,False
users,snapshot_prueba_publica,True,json_parcial_jiter,json,16,17587,21984,21984,True,55735,0,50,40,41,40,40,0,0,1,1.0,0.8,0.97561,,False
users,snapshot_prueba_publica,True,json_parcial_jiter,json,17,18686,21984,21984,True,59222,0,50,42,43,42,42,0,0,1,1.0,0.84,0.976744,,False
users,snapshot_prueba_publica,True,json_parcial_jiter,json,18,19786,21984,21984,True,62706,0,50,44,45,44,44,0,0,1,1.0,0.88,0.977778,,False
users,snapshot_prueba_publica,True,json_parcial_jiter,json,19,20885,21984,21984,True,66224,0,50,47,48,47,47,0,0,1,1.0,0.94,0.979167,,False
users,snapshot_prueba_publica,True,json_parcial_jiter,json,20,21984,21984,21984,False,69731,0,50,50,50,50,50,0,0,0,1.0,1.0,1.0,,False
users,snapshot_prueba_publica,True,jsonl,jsonl,1,1099,21984,22030,True,3474,0,50,2,2,2,2,0,0,0,1.0,0.04,1.0,,False
users,snapshot_prueba_publica,True,jsonl,jsonl,2,2198,21984,22030,True,6993,0,50,5,5,5,5,0,0,0,1.0,0.1,1.0,,False
users,snapshot_prueba_publica,True,jsonl,jsonl,3,3298,21984,22030,True,10520,0,50,7,7,7,7,0,0,0,1.0,0.14,1.0,,False
users,snapshot_prueba_publica,True,jsonl,jsonl,4,4397,21984,22030,True,13962,0,50,9,9,9,9,0,0,0,1.0,0.18,1.0,,False
users,snapshot_prueba_publica,True,jsonl,jsonl,5,5496,21984,22030,True,17404,0,50,12,12,12,12,0,0,0,1.0,0.24,1.0,,False
users,snapshot_prueba_publica,True,jsonl,jsonl,6,6595,21984,22030,True,20907,0,50,14,14,14,14,0,0,0,1.0,0.28,1.0,,False
users,snapshot_prueba_publica,True,jsonl,jsonl,7,7694,21984,22030,True,24341,0,50,17,17,17,17,0,0,0,1.0,0.34,1.0,,False
users,snapshot_prueba_publica,True,jsonl,jsonl,8,8794,21984,22030,True,27807,0,50,19,19,19,19,0,0,0,1.0,0.38,1.0,,False
users,snapshot_prueba_publica,True,jsonl,jsonl,9,9893,21984,22030,True,31256,0,50,22,22,22,22,0,0,0,1.0,0.44,1.0,,False
users,snapshot_prueba_publica,True,jsonl,jsonl,10,10992,21984,22030,True,34791,0,50,24,24,24,24,0,0,0,1.0,0.48,1.0,,False
users,snapshot_prueba_publica,True,jsonl,jsonl,11,12091,21984,22030,True,38182,0,50,27,27,27,27,0,0,0,1.0,0.54,1.0,,False
users,snapshot_prueba_publica,True,jsonl,jsonl,12,13190,21984,22030,True,41715,0,50,29,29,29,29,0,0,0,1.0,0.58,1.0,,False
users,snapshot_prueba_publica,True,jsonl,jsonl,13,14290,21984,22030,True,45166,0,50,32,32,32,32,0,0,0,1.0,0.64,1.0,,False
users,snapshot_prueba_publica,True,jsonl,jsonl,14,15389,21984,22030,True,48720,0,50,34,34,34,34,0,0,0,1.0,0.68,1.0,,False
users,snapshot_prueba_publica,True,jsonl,jsonl,15,16488,21984,22030,True,52117,0,50,37,37,37,37,0,0,0,1.0,0.74,1.0,,False
users,snapshot_prueba_publica,True,jsonl,jsonl,16,17587,21984,22030,True,55630,0,50,39,39,39,39,0,0,0,1.0,0.78,1.0,,False
users,snapshot_prueba_publica,True,jsonl,jsonl,17,18686,21984,22030,True,59080,0,50,42,42,42,42,0,0,0,1.0,0.84,1.0,,False
users,snapshot_prueba_publica,True,jsonl,jsonl,18,19786,21984,22030,True,62596,0,50,44,44,44,44,0,0,0,1.0,0.88,1.0,,False
users,snapshot_prueba_publica,True,jsonl,jsonl,19,20885,21984,22030,True,66082,0,50,47,47,47,47,0,0,0,1.0,0.94,1.0,,False
users,snapshot_prueba_publica,True,jsonl,jsonl,20,21984,21984,22030,True,69607,0,50,49,49,49,49,0,0,0,1.0,0.98,1.0,,False
users,snapshot_prueba_publica,True,mini_tolerante,mini,1,1099,21984,11183,True,2768,0,50,1,1,1,1,0,0,0,1.0,0.02,1.0,,False
users,snapshot_prueba_publica,True,mini_tolerante,mini,2,2198,21984,11183,True,5410,0,50,6,6,6,6,0,0,0,1.0,0.12,1.0,,False
users,snapshot_prueba_publica,True,mini_tolerante,mini,3,3298,21984,11183,True,7932,0,50,12,12,12,12,0,0,0,1.0,0.24,1.0,,False
users,snapshot_prueba_publica,True,mini_tolerante,mini,4,4397,21984,11183,True,10488,0,50,17,17,17,17,0,0,0,1.0,0.34,1.0,,False
users,snapshot_prueba_publica,True,mini_tolerante,mini,5,5496,21984,11183,True,13049,0,50,22,22,22,22,0,0,0,1.0,0.44,1.0,,False
users,snapshot_prueba_publica,True,mini_tolerante,mini,6,6595,21984,11183,True,15637,0,50,27,27,27,27,0,0,0,1.0,0.54,1.0,,False
users,snapshot_prueba_publica,True,mini_tolerante,mini,7,7694,21984,11183,True,18230,0,50,33,33,33,33,0,0,0,1.0,0.66,1.0,,False
users,snapshot_prueba_publica,True,mini_tolerante,mini,8,8794,21984,11183,True,20772,0,50,38,38,38,38,0,0,0,1.0,0.76,1.0,,False
users,snapshot_prueba_publica,True,mini_tolerante,mini,9,9893,21984,11183,True,23325,0,50,43,43,43,43,0,0,0,1.0,0.86,1.0,,False
users,snapshot_prueba_publica,True,mini_tolerante,mini,10,10992,21984,11183,True,25933,0,50,49,49,49,49,0,0,0,1.0,0.98,1.0,,False
users,snapshot_prueba_publica,True,mini_tolerante,mini,11,12091,21984,11183,False,26418,0,50,50,50,50,50,0,0,0,1.0,1.0,1.0,,False
users,snapshot_prueba_publica,True,mini_tolerante,mini,12,13190,21984,11183,False,26418,0,50,50,50,50,50,0,0,0,1.0,1.0,1.0,,False
users,snapshot_prueba_publica,True,mini_tolerante,mini,13,14290,21984,11183,False,26418,0,50,50,50,50,50,0,0,0,1.0,1.0,1.0,,False
users,snapshot_prueba_publica,True,mini_tolerante,mini,14,15389,21984,11183,False,26418,0,50,50,50,50,50,0,0,0,1.0,1.0,1.0,,False
users,snapshot_prueba_publica,True,mini_tolerante,mini,15,16488,21984,11183,False,26418,0,50,50,50,50,50,0,0,0,1.0,1.0,1.0,,False
users,snapshot_prueba_publica,True,mini_tolerante,mini,16,17587,21984,11183,False,26418,0,50,50,50,50,50,0,0,0,1.0,1.0,1.0,,False
users,snapshot_prueba_publica,True,mini_tolerante,mini,17,18686,21984,11183,False,26418,0,50,50,50,50,50,0,0,0,1.0,1.0,1.0,,False
users,snapshot_prueba_publica,True,mini_tolerante,mini,18,19786,21984,11183,False,26418,0,50,50,50,50,50,0,0,0,1.0,1.0,1.0,,False
users,snapshot_prueba_publica,True,mini_tolerante,mini,19,20885,21984,11183,False,26418,0,50,50,50,50,50,0,0,0,1.0,1.0,1.0,,False
users,snapshot_prueba_publica,True,mini_tolerante,mini,20,21984,21984,11183,False,26418,0,50,50,50,50,50,0,0,0,1.0,1.0,1.0,,False
users,snapshot_prueba_publica,True,json_objetos_completos,json,1,1099,21984,21984,True,3502,0,50,2,2,2,2,0,0,0,1.0,0.04,1.0,,False
users,snapshot_prueba_publica,True,json_objetos_completos,json,2,2198,21984,21984,True,7016,0,50,5,5,5,5,0,0,0,1.0,0.1,1.0,,False
users,snapshot_prueba_publica,True,json_objetos_completos,json,3,3298,21984,21984,True,10548,0,50,7,7,7,7,0,0,0,1.0,0.14,1.0,,False
users,snapshot_prueba_publica,True,json_objetos_completos,json,4,4397,21984,21984,True,13970,0,50,9,9,9,9,0,0,0,1.0,0.18,1.0,,False
users,snapshot_prueba_publica,True,json_objetos_completos,json,5,5496,21984,21984,True,17439,0,50,12,12,12,12,0,0,0,1.0,0.24,1.0,,False
users,snapshot_prueba_publica,True,json_objetos_completos,json,6,6595,21984,21984,True,20950,0,50,14,14,14,14,0,0,0,1.0,0.28,1.0,,False
users,snapshot_prueba_publica,True,json_objetos_completos,json,7,7694,21984,21984,True,24406,0,50,17,17,17,17,0,0,0,1.0,0.34,1.0,,False
users,snapshot_prueba_publica,True,json_objetos_completos,json,8,8794,21984,21984,True,27855,0,50,19,19,19,19,0,0,0,1.0,0.38,1.0,,False
users,snapshot_prueba_publica,True,json_objetos_completos,json,9,9893,21984,21984,True,31348,0,50,22,22,22,22,0,0,0,1.0,0.44,1.0,,False
users,snapshot_prueba_publica,True,json_objetos_completos,json,10,10992,21984,21984,True,34853,0,50,24,24,24,24,0,0,0,1.0,0.48,1.0,,False
users,snapshot_prueba_publica,True,json_objetos_completos,json,11,12091,21984,21984,True,38280,0,50,27,27,27,27,0,0,0,1.0,0.54,1.0,,False
users,snapshot_prueba_publica,True,json_objetos_completos,json,12,13190,21984,21984,True,41796,0,50,29,29,29,29,0,0,0,1.0,0.58,1.0,,False
users,snapshot_prueba_publica,True,json_objetos_completos,json,13,14290,21984,21984,True,45283,0,50,32,32,32,32,0,0,0,1.0,0.64,1.0,,False
users,snapshot_prueba_publica,True,json_objetos_completos,json,14,15389,21984,21984,True,48809,0,50,34,34,34,34,0,0,0,1.0,0.68,1.0,,False
users,snapshot_prueba_publica,True,json_objetos_completos,json,15,16488,21984,21984,True,52229,0,50,37,37,37,37,0,0,0,1.0,0.74,1.0,,False
users,snapshot_prueba_publica,True,json_objetos_completos,json,16,17587,21984,21984,True,55735,0,50,40,40,40,40,0,0,0,1.0,0.8,1.0,,False
users,snapshot_prueba_publica,True,json_objetos_completos,json,17,18686,21984,21984,True,59222,0,50,42,42,42,42,0,0,0,1.0,0.84,1.0,,False
users,snapshot_prueba_publica,True,json_objetos_completos,json,18,19786,21984,21984,True,62706,0,50,44,44,44,44,0,0,0,1.0,0.88,1.0,,False
users,snapshot_prueba_publica,True,json_objetos_completos,json,19,20885,21984,21984,True,66224,0,50,47,47,47,47,0,0,0,1.0,0.94,1.0,,False
users,snapshot_prueba_publica,True,json_objetos_completos,json,20,21984,21984,21984,False,69731,0,50,50,50,50,50,0,0,0,1.0,1.0,1.0,,False
users,snapshot_prueba_publica,True,mini_tolerante_sin_cola,mini,1,1099,21984,11183,True,2768,0,50,1,1,1,1,0,0,0,1.0,0.02,1.0,,False
users,snapshot_prueba_publica,True,mini_tolerante_sin_cola,mini,2,2198,21984,11183,True,5410,0,50,6,6,6,6,0,0,0,1.0,0.12,1.0,,False
users,snapshot_prueba_publica,True,mini_tolerante_sin_cola,mini,3,3298,21984,11183,True,7932,0,50,12,12,12,12,0,0,0,1.0,0.24,1.0,,False
users,snapshot_prueba_publica,True,mini_tolerante_sin_cola,mini,4,4397,21984,11183,True,10488,0,50,17,17,17,17,0,0,0,1.0,0.34,1.0,,False
users,snapshot_prueba_publica,True,mini_tolerante_sin_cola,mini,5,5496,21984,11183,True,13049,0,50,22,22,22,22,0,0,0,1.0,0.44,1.0,,False
users,snapshot_prueba_publica,True,mini_tolerante_sin_cola,mini,6,6595,21984,11183,True,15637,0,50,27,27,27,27,0,0,0,1.0,0.54,1.0,,False
users,snapshot_prueba_publica,True,mini_tolerante_sin_cola,mini,7,7694,21984,11183,True,18230,0,50,33,33,33,33,0,0,0,1.0,0.66,1.0,,False
users,snapshot_prueba_publica,True,mini_tolerante_sin_cola,mini,8,8794,21984,11183,True,20772,0,50,38,38,38,38,0,0,0,1.0,0.76,1.0,,False
users,snapshot_prueba_publica,True,mini_tolerante_sin_cola,mini,9,9893,21984,11183,True,23325,0,50,43,43,43,43,0,0,0,1.0,0.86,1.0,,False
users,snapshot_prueba_publica,True,mini_tolerante_sin_cola,mini,10,10992,21984,11183,True,25933,0,50,49,49,49,49,0,0,0,1.0,0.98,1.0,,False
users,snapshot_prueba_publica,True,mini_tolerante_sin_cola,mini,11,12091,21984,11183,False,26418,0,50,50,50,50,50,0,0,0,1.0,1.0,1.0,,False
users,snapshot_prueba_publica,True,mini_tolerante_sin_cola,mini,12,13190,21984,11183,False,26418,0,50,50,50,50,50,0,0,0,1.0,1.0,1.0,,False
users,snapshot_prueba_publica,True,mini_tolerante_sin_cola,mini,13,14290,21984,11183,False,26418,0,50,50,50,50,50,0,0,0,1.0,1.0,1.0,,False
users,snapshot_prueba_publica,True,mini_tolerante_sin_cola,mini,14,15389,21984,11183,False,26418,0,50,50,50,50,50,0,0,0,1.0,1.0,1.0,,False
users,snapshot_prueba_publica,True,mini_tolerante_sin_cola,mini,15,16488,21984,11183,False,26418,0,50,50,50,50,50,0,0,0,1.0,1.0,1.0,,False
users,snapshot_prueba_publica,True,mini_tolerante_sin_cola,mini,16,17587,21984,11183,False,26418,0,50,50,50,50,50,0,0,0,1.0,1.0,1.0,,False
users,snapshot_prueba_publica,True,mini_tolerante_sin_cola,mini,17,18686,21984,11183,False,26418,0,50,50,50,50,50,0,0,0,1.0,1.0,1.0,,False
users,snapshot_prueba_publica,True,mini_tolerante_sin_cola,mini,18,19786,21984,11183,False,26418,0,50,50,50,50,50,0,0,0,1.0,1.0,1.0,,False
users,snapshot_prueba_publica,True,mini_tolerante_sin_cola,mini,19,20885,21984,11183,False,26418,0,50,50,50,50,50,0,0,0,1.0,1.0,1.0,,False
users,snapshot_prueba_publica,True,mini_tolerante_sin_cola,mini,20,21984,21984,11183,False,26418,0,50,50,50,50,50,0,0,0,1.0,1.0,1.0,,False
comments,snapshot_prueba_publica,True,json_estricto,json,1,173,3455,3455,True,658,0,50,2,0,0,0,0,0,0,0.0,0.0,,json.loads: JSONDecodeError,False
comments,snapshot_prueba_publica,True,json_estricto,json,2,346,3455,3455,True,1337,0,50,5,0,0,0,0,0,0,0.0,0.0,,json.loads: JSONDecodeError,False
comments,snapshot_prueba_publica,True,json_estricto,json,3,518,3455,3455,True,2040,0,50,7,0,0,0,0,0,0,0.0,0.0,,json.loads: JSONDecodeError,False
comments,snapshot_prueba_publica,True,json_estricto,json,4,691,3455,3455,True,2700,0,50,10,0,0,0,0,0,0,0.0,0.0,,json.loads: JSONDecodeError,False
comments,snapshot_prueba_publica,True,json_estricto,json,5,864,3455,3455,True,3351,0,50,12,0,0,0,0,0,0,0.0,0.0,,json.loads: JSONDecodeError,False
comments,snapshot_prueba_publica,True,json_estricto,json,6,1037,3455,3455,True,4020,0,50,14,0,0,0,0,0,0,0.0,0.0,,json.loads: JSONDecodeError,False
comments,snapshot_prueba_publica,True,json_estricto,json,7,1209,3455,3455,True,4691,0,50,17,0,0,0,0,0,0,0.0,0.0,,json.loads: JSONDecodeError,False
comments,snapshot_prueba_publica,True,json_estricto,json,8,1382,3455,3455,True,5357,0,50,19,0,0,0,0,0,0,0.0,0.0,,json.loads: JSONDecodeError,False
comments,snapshot_prueba_publica,True,json_estricto,json,9,1555,3455,3455,True,6094,0,50,22,0,0,0,0,0,0,0.0,0.0,,json.loads: JSONDecodeError,False
comments,snapshot_prueba_publica,True,json_estricto,json,10,1728,3455,3455,True,6731,0,50,24,0,0,0,0,0,0,0.0,0.0,,json.loads: JSONDecodeError,False
comments,snapshot_prueba_publica,True,json_estricto,json,11,1900,3455,3455,True,7373,0,50,27,0,0,0,0,0,0,0.0,0.0,,json.loads: JSONDecodeError,False
comments,snapshot_prueba_publica,True,json_estricto,json,12,2073,3455,3455,True,8060,0,50,29,0,0,0,0,0,0,0.0,0.0,,json.loads: JSONDecodeError,False
comments,snapshot_prueba_publica,True,json_estricto,json,13,2246,3455,3455,True,8730,0,50,32,0,0,0,0,0,0,0.0,0.0,,json.loads: JSONDecodeError,False
comments,snapshot_prueba_publica,True,json_estricto,json,14,2419,3455,3455,True,9380,0,50,35,0,0,0,0,0,0,0.0,0.0,,json.loads: JSONDecodeError,False
comments,snapshot_prueba_publica,True,json_estricto,json,15,2591,3455,3455,True,10040,0,50,37,0,0,0,0,0,0,0.0,0.0,,json.loads: JSONDecodeError,False
comments,snapshot_prueba_publica,True,json_estricto,json,16,2764,3455,3455,True,10701,0,50,40,0,0,0,0,0,0,0.0,0.0,,json.loads: JSONDecodeError,False
comments,snapshot_prueba_publica,True,json_estricto,json,17,2937,3455,3455,True,11330,0,50,42,0,0,0,0,0,0,0.0,0.0,,json.loads: JSONDecodeError,False
comments,snapshot_prueba_publica,True,json_estricto,json,18,3110,3455,3455,True,11984,0,50,45,0,0,0,0,0,0,0.0,0.0,,json.loads: JSONDecodeError,False
comments,snapshot_prueba_publica,True,json_estricto,json,19,3282,3455,3455,True,12640,0,50,47,0,0,0,0,0,0,0.0,0.0,,json.loads: JSONDecodeError,False
comments,snapshot_prueba_publica,True,json_estricto,json,20,3455,3455,3455,False,13289,0,50,50,50,50,50,0,0,0,1.0,1.0,1.0,,False
comments,snapshot_prueba_publica,True,json_parcial_jiter,json,1,173,3455,3455,True,658,0,50,2,3,2,2,0,0,1,1.0,0.04,0.666667,,False
comments,snapshot_prueba_publica,True,json_parcial_jiter,json,2,346,3455,3455,True,1337,0,50,5,6,5,5,0,0,1,1.0,0.1,0.833333,,False
comments,snapshot_prueba_publica,True,json_parcial_jiter,json,3,518,3455,3455,True,2040,0,50,7,8,7,7,0,0,1,1.0,0.14,0.875,,False
comments,snapshot_prueba_publica,True,json_parcial_jiter,json,4,691,3455,3455,True,2700,0,50,10,11,10,10,0,0,1,1.0,0.2,0.909091,,False
comments,snapshot_prueba_publica,True,json_parcial_jiter,json,5,864,3455,3455,True,3351,0,50,12,13,12,12,0,0,1,1.0,0.24,0.923077,,False
comments,snapshot_prueba_publica,True,json_parcial_jiter,json,6,1037,3455,3455,True,4020,0,50,14,15,14,14,0,0,1,1.0,0.28,0.933333,,False
comments,snapshot_prueba_publica,True,json_parcial_jiter,json,7,1209,3455,3455,True,4691,0,50,17,18,17,17,0,0,1,1.0,0.34,0.944444,,False
comments,snapshot_prueba_publica,True,json_parcial_jiter,json,8,1382,3455,3455,True,5357,0,50,19,20,19,19,0,0,1,1.0,0.38,0.95,,False
comments,snapshot_prueba_publica,True,json_parcial_jiter,json,9,1555,3455,3455,True,6094,0,50,22,23,22,22,0,0,1,1.0,0.44,0.956522,,False
comments,snapshot_prueba_publica,True,json_parcial_jiter,json,10,1728,3455,3455,True,6731,0,50,24,25,24,24,0,0,1,1.0,0.48,0.96,,False
comments,snapshot_prueba_publica,True,json_parcial_jiter,json,11,1900,3455,3455,True,7373,0,50,27,28,27,27,0,0,1,1.0,0.54,0.964286,,False
comments,snapshot_prueba_publica,True,json_parcial_jiter,json,12,2073,3455,3455,True,8060,0,50,29,30,29,29,0,0,1,1.0,0.58,0.966667,,False
comments,snapshot_prueba_publica,True,json_parcial_jiter,json,13,2246,3455,3455,True,8730,0,50,32,33,32,32,0,0,1,1.0,0.64,0.969697,,False
comments,snapshot_prueba_publica,True,json_parcial_jiter,json,14,2419,3455,3455,True,9380,0,50,35,36,35,35,0,0,1,1.0,0.7,0.972222,,False
comments,snapshot_prueba_publica,True,json_parcial_jiter,json,15,2591,3455,3455,True,10040,0,50,37,38,37,37,0,0,1,1.0,0.74,0.973684,,False
comments,snapshot_prueba_publica,True,json_parcial_jiter,json,16,2764,3455,3455,True,10701,0,50,40,41,40,40,0,0,1,1.0,0.8,0.97561,,False
comments,snapshot_prueba_publica,True,json_parcial_jiter,json,17,2937,3455,3455,True,11330,0,50,42,43,42,42,0,0,1,1.0,0.84,0.976744,,False
comments,snapshot_prueba_publica,True,json_parcial_jiter,json,18,3110,3455,3455,True,11984,0,50,45,46,45,45,0,0,1,1.0,0.9,0.978261,,False
comments,snapshot_prueba_publica,True,json_parcial_jiter,json,19,3282,3455,3455,True,12640,0,50,47,48,47,47,0,0,1,1.0,0.94,0.979167,,False
comments,snapshot_prueba_publica,True,json_parcial_jiter,json,20,3455,3455,3455,False,13289,0,50,50,50,50,50,0,0,0,1.0,1.0,1.0,,False
comments,snapshot_prueba_publica,True,jsonl,jsonl,1,173,3455,3502,True,643,0,50,2,2,2,2,0,0,0,1.0,0.04,1.0,,False
comments,snapshot_prueba_publica,True,jsonl,jsonl,2,346,3455,3502,True,1325,0,50,4,4,4,4,0,0,0,1.0,0.08,1.0,,False
comments,snapshot_prueba_publica,True,jsonl,jsonl,3,518,3455,3502,True,2008,0,50,7,7,7,7,0,0,0,1.0,0.14,1.0,,False
comments,snapshot_prueba_publica,True,jsonl,jsonl,4,691,3455,3502,True,2680,0,50,10,10,10,10,0,0,0,1.0,0.2,1.0,,False
comments,snapshot_prueba_publica,True,jsonl,jsonl,5,864,3455,3502,True,3317,0,50,12,12,12,12,0,0,0,1.0,0.24,1.0,,False
comments,snapshot_prueba_publica,True,jsonl,jsonl,6,1037,3455,3502,True,3968,0,50,14,14,14,14,0,0,0,1.0,0.28,1.0,,False
comments,snapshot_prueba_publica,True,jsonl,jsonl,7,1209,3455,3502,True,4640,0,50,17,17,17,17,0,0,0,1.0,0.34,1.0,,False
comments,snapshot_prueba_publica,True,jsonl,jsonl,8,1382,3455,3502,True,5289,0,50,19,19,19,19,0,0,0,1.0,0.38,1.0,,False
comments,snapshot_prueba_publica,True,jsonl,jsonl,9,1555,3455,3502,True,5976,0,50,21,21,21,21,0,0,0,1.0,0.42,1.0,,False
comments,snapshot_prueba_publica,True,jsonl,jsonl,10,1728,3455,3502,True,6654,0,50,24,24,24,24,0,0,0,1.0,0.48,1.0,,False
comments,snapshot_prueba_publica,True,jsonl,jsonl,11,1900,3455,3502,True,7287,0,50,26,26,26,26,0,0,0,1.0,0.52,1.0,,False
comments,snapshot_prueba_publica,True,jsonl,jsonl,12,2073,3455,3502,True,7938,0,50,29,29,29,29,0,0,0,1.0,0.58,1.0,,False
comments,snapshot_prueba_publica,True,jsonl,jsonl,13,2246,3455,3502,True,8606,0,50,31,31,31,31,0,0,0,1.0,0.62,1.0,,False
comments,snapshot_prueba_publica,True,jsonl,jsonl,14,2419,3455,3502,True,9242,0,50,34,34,34,34,0,0,0,1.0,0.68,1.0,,False
comments,snapshot_prueba_publica,True,jsonl,jsonl,15,2591,3455,3502,True,9885,0,50,37,37,37,37,0,0,0,1.0,0.74,1.0,,False
comments,snapshot_prueba_publica,True,jsonl,jsonl,16,2764,3455,3502,True,10547,0,50,39,39,39,39,0,0,0,1.0,0.78,1.0,,False
comments,snapshot_prueba_publica,True,jsonl,jsonl,17,2937,3455,3502,True,11161,0,50,42,42,42,42,0,0,0,1.0,0.84,1.0,,False
comments,snapshot_prueba_publica,True,jsonl,jsonl,18,3110,3455,3502,True,11819,0,50,44,44,44,44,0,0,0,1.0,0.88,1.0,,False
comments,snapshot_prueba_publica,True,jsonl,jsonl,19,3282,3455,3502,True,12455,0,50,47,47,47,47,0,0,0,1.0,0.94,1.0,,False
comments,snapshot_prueba_publica,True,jsonl,jsonl,20,3455,3455,3502,True,13105,0,50,49,49,49,49,0,0,0,1.0,0.98,1.0,,False
comments,snapshot_prueba_publica,True,mini_tolerante,mini,1,173,3455,2922,True,622,0,50,2,3,2,2,0,0,1,1.0,0.04,0.666667,,False
comments,snapshot_prueba_publica,True,mini_tolerante,mini,2,346,3455,2922,True,1289,0,50,5,6,5,5,0,0,1,1.0,0.1,0.833333,,False
comments,snapshot_prueba_publica,True,mini_tolerante,mini,3,518,3455,2922,True,1996,0,50,8,9,8,8,0,0,1,1.0,0.16,0.888889,,False
comments,snapshot_prueba_publica,True,mini_tolerante,mini,4,691,3455,2922,True,2637,0,50,11,12,11,11,0,0,1,1.0,0.22,0.916667,,False
comments,snapshot_prueba_publica,True,mini_tolerante,mini,5,864,3455,2922,True,3280,0,50,14,14,14,14,0,0,0,1.0,0.28,1.0,,False
comments,snapshot_prueba_publica,True,mini_tolerante,mini,6,1037,3455,2922,True,3962,0,50,17,17,17,17,0,0,0,1.0,0.34,1.0,,False
comments,snapshot_prueba_publica,True,mini_tolerante,mini,7,1209,3455,2922,True,4634,0,50,20,20,20,20,0,0,0,1.0,0.4,1.0,,False
comments,snapshot_prueba_publica,True,mini_tolerante,mini,8,1382,3455,2922,True,5354,0,50,22,23,22,22,0,0,1,1.0,0.44,0.956522,,False
comments,snapshot_prueba_publica,True,mini_tolerante,mini,9,1555,3455,2922,True,5985,0,50,25,26,25,25,0,0,1,1.0,0.5,0.961538,,False
comments,snapshot_prueba_publica,True,mini_tolerante,mini,10,1728,3455,2922,True,6633,0,50,29,29,29,29,0,0,0,1.0,0.58,1.0,,False
comments,snapshot_prueba_publica,True,mini_tolerante,mini,11,1900,3455,2922,True,7301,0,50,32,32,32,32,0,0,0,1.0,0.64,1.0,,False
comments,snapshot_prueba_publica,True,mini_tolerante,mini,12,2073,3455,2922,True,7921,0,50,35,35,35,35,0,0,0,1.0,0.7,1.0,,False
comments,snapshot_prueba_publica,True,mini_tolerante,mini,13,2246,3455,2922,True,8595,0,50,38,39,38,38,0,0,1,1.0,0.76,0.974359,,False
comments,snapshot_prueba_publica,True,mini_tolerante,mini,14,2419,3455,2922,True,9236,0,50,41,42,41,41,0,0,1,1.0,0.82,0.97619,,False
comments,snapshot_prueba_publica,True,mini_tolerante,mini,15,2591,3455,2922,True,9874,0,50,44,45,44,44,0,0,1,1.0,0.88,0.977778,,False
comments,snapshot_prueba_publica,True,mini_tolerante,mini,16,2764,3455,2922,True,10526,0,50,47,48,47,47,0,0,1,1.0,0.94,0.979167,,False
comments,snapshot_prueba_publica,True,mini_tolerante,mini,17,2937,3455,2922,False,11120,0,50,50,50,50,50,0,0,0,1.0,1.0,1.0,,False
comments,snapshot_prueba_publica,True,mini_tolerante,mini,18,3110,3455,2922,False,11120,0,50,50,50,50,50,0,0,0,1.0,1.0,1.0,,False
comments,snapshot_prueba_publica,True,mini_tolerante,mini,19,3282,3455,2922,False,11120,0,50,50,50,50,50,0,0,0,1.0,1.0,1.0,,False
comments,snapshot_prueba_publica,True,mini_tolerante,mini,20,3455,3455,2922,False,11120,0,50,50,50,50,50,0,0,0,1.0,1.0,1.0,,False
comments,snapshot_prueba_publica,True,json_objetos_completos,json,1,173,3455,3455,True,658,0,50,2,2,2,2,0,0,0,1.0,0.04,1.0,,False
comments,snapshot_prueba_publica,True,json_objetos_completos,json,2,346,3455,3455,True,1337,0,50,5,5,5,5,0,0,0,1.0,0.1,1.0,,False
comments,snapshot_prueba_publica,True,json_objetos_completos,json,3,518,3455,3455,True,2040,0,50,7,7,7,7,0,0,0,1.0,0.14,1.0,,False
comments,snapshot_prueba_publica,True,json_objetos_completos,json,4,691,3455,3455,True,2700,0,50,10,10,10,10,0,0,0,1.0,0.2,1.0,,False
comments,snapshot_prueba_publica,True,json_objetos_completos,json,5,864,3455,3455,True,3351,0,50,12,12,12,12,0,0,0,1.0,0.24,1.0,,False
comments,snapshot_prueba_publica,True,json_objetos_completos,json,6,1037,3455,3455,True,4020,0,50,14,14,14,14,0,0,0,1.0,0.28,1.0,,False
comments,snapshot_prueba_publica,True,json_objetos_completos,json,7,1209,3455,3455,True,4691,0,50,17,17,17,17,0,0,0,1.0,0.34,1.0,,False
comments,snapshot_prueba_publica,True,json_objetos_completos,json,8,1382,3455,3455,True,5357,0,50,19,19,19,19,0,0,0,1.0,0.38,1.0,,False
comments,snapshot_prueba_publica,True,json_objetos_completos,json,9,1555,3455,3455,True,6094,0,50,22,22,22,22,0,0,0,1.0,0.44,1.0,,False
comments,snapshot_prueba_publica,True,json_objetos_completos,json,10,1728,3455,3455,True,6731,0,50,24,24,24,24,0,0,0,1.0,0.48,1.0,,False
comments,snapshot_prueba_publica,True,json_objetos_completos,json,11,1900,3455,3455,True,7373,0,50,27,27,27,27,0,0,0,1.0,0.54,1.0,,False
comments,snapshot_prueba_publica,True,json_objetos_completos,json,12,2073,3455,3455,True,8060,0,50,29,29,29,29,0,0,0,1.0,0.58,1.0,,False
comments,snapshot_prueba_publica,True,json_objetos_completos,json,13,2246,3455,3455,True,8730,0,50,32,32,32,32,0,0,0,1.0,0.64,1.0,,False
comments,snapshot_prueba_publica,True,json_objetos_completos,json,14,2419,3455,3455,True,9380,0,50,35,35,35,35,0,0,0,1.0,0.7,1.0,,False
comments,snapshot_prueba_publica,True,json_objetos_completos,json,15,2591,3455,3455,True,10040,0,50,37,37,37,37,0,0,0,1.0,0.74,1.0,,False
comments,snapshot_prueba_publica,True,json_objetos_completos,json,16,2764,3455,3455,True,10701,0,50,40,40,40,40,0,0,0,1.0,0.8,1.0,,False
comments,snapshot_prueba_publica,True,json_objetos_completos,json,17,2937,3455,3455,True,11330,0,50,42,42,42,42,0,0,0,1.0,0.84,1.0,,False
comments,snapshot_prueba_publica,True,json_objetos_completos,json,18,3110,3455,3455,True,11984,0,50,45,45,45,45,0,0,0,1.0,0.9,1.0,,False
comments,snapshot_prueba_publica,True,json_objetos_completos,json,19,3282,3455,3455,True,12640,0,50,47,47,47,47,0,0,0,1.0,0.94,1.0,,False
comments,snapshot_prueba_publica,True,json_objetos_completos,json,20,3455,3455,3455,False,13289,0,50,50,50,50,50,0,0,0,1.0,1.0,1.0,,False
comments,snapshot_prueba_publica,True,mini_tolerante_sin_cola,mini,1,173,3455,2922,True,622,0,50,2,2,2,2,0,0,0,1.0,0.04,1.0,,False
comments,snapshot_prueba_publica,True,mini_tolerante_sin_cola,mini,2,346,3455,2922,True,1289,0,50,5,5,5,5,0,0,0,1.0,0.1,1.0,,False
comments,snapshot_prueba_publica,True,mini_tolerante_sin_cola,mini,3,518,3455,2922,True,1996,0,50,8,8,8,8,0,0,0,1.0,0.16,1.0,,False
comments,snapshot_prueba_publica,True,mini_tolerante_sin_cola,mini,4,691,3455,2922,True,2637,0,50,11,11,11,11,0,0,0,1.0,0.22,1.0,,False
comments,snapshot_prueba_publica,True,mini_tolerante_sin_cola,mini,5,864,3455,2922,True,3280,0,50,14,14,14,14,0,0,0,1.0,0.28,1.0,,False
comments,snapshot_prueba_publica,True,mini_tolerante_sin_cola,mini,6,1037,3455,2922,True,3962,0,50,17,17,17,17,0,0,0,1.0,0.34,1.0,,False
comments,snapshot_prueba_publica,True,mini_tolerante_sin_cola,mini,7,1209,3455,2922,True,4634,0,50,20,20,20,20,0,0,0,1.0,0.4,1.0,,False
comments,snapshot_prueba_publica,True,mini_tolerante_sin_cola,mini,8,1382,3455,2922,True,5354,0,50,22,22,22,22,0,0,0,1.0,0.44,1.0,,False
comments,snapshot_prueba_publica,True,mini_tolerante_sin_cola,mini,9,1555,3455,2922,True,5985,0,50,25,25,25,25,0,0,0,1.0,0.5,1.0,,False
comments,snapshot_prueba_publica,True,mini_tolerante_sin_cola,mini,10,1728,3455,2922,True,6633,0,50,29,29,29,29,0,0,0,1.0,0.58,1.0,,False
comments,snapshot_prueba_publica,True,mini_tolerante_sin_cola,mini,11,1900,3455,2922,True,7301,0,50,32,32,32,32,0,0,0,1.0,0.64,1.0,,False
comments,snapshot_prueba_publica,True,mini_tolerante_sin_cola,mini,12,2073,3455,2922,True,7921,0,50,35,35,35,35,0,0,0,1.0,0.7,1.0,,False
comments,snapshot_prueba_publica,True,mini_tolerante_sin_cola,mini,13,2246,3455,2922,True,8595,0,50,38,38,38,38,0,0,0,1.0,0.76,1.0,,False
comments,snapshot_prueba_publica,True,mini_tolerante_sin_cola,mini,14,2419,3455,2922,True,9236,0,50,41,41,41,41,0,0,0,1.0,0.82,1.0,,False
comments,snapshot_prueba_publica,True,mini_tolerante_sin_cola,mini,15,2591,3455,2922,True,9874,0,50,44,44,44,44,0,0,0,1.0,0.88,1.0,,False
comments,snapshot_prueba_publica,True,mini_tolerante_sin_cola,mini,16,2764,3455,2922,True,10526,0,50,47,47,47,47,0,0,0,1.0,0.94,1.0,,False
comments,snapshot_prueba_publica,True,mini_tolerante_sin_cola,mini,17,2937,3455,2922,False,11120,0,50,50,50,50,50,0,0,0,1.0,1.0,1.0,,False
comments,snapshot_prueba_publica,True,mini_tolerante_sin_cola,mini,18,3110,3455,2922,False,11120,0,50,50,50,50,50,0,0,0,1.0,1.0,1.0,,False
comments,snapshot_prueba_publica,True,mini_tolerante_sin_cola,mini,19,3282,3455,2922,False,11120,0,50,50,50,50,50,0,0,0,1.0,1.0,1.0,,False
comments,snapshot_prueba_publica,True,mini_tolerante_sin_cola,mini,20,3455,3455,2922,False,11120,0,50,50,50,50,50,0,0,0,1.0,1.0,1.0,,False
earthquakes,snapshot_real,False,json_estricto,json,1,635,12708,12708,True,1858,0,50,2,0,0,0,0,0,0,0.0,0.0,,json.loads: JSONDecodeError,False
earthquakes,snapshot_real,False,json_estricto,json,2,1271,12708,12708,True,3627,0,50,4,0,0,0,0,0,0,0.0,0.0,,json.loads: JSONDecodeError,False
earthquakes,snapshot_real,False,json_estricto,json,3,1906,12708,12708,True,5462,0,50,7,0,0,0,0,0,0,0.0,0.0,,json.loads: JSONDecodeError,False
earthquakes,snapshot_real,False,json_estricto,json,4,2542,12708,12708,True,7265,0,50,9,0,0,0,0,0,0,0.0,0.0,,json.loads: JSONDecodeError,False
earthquakes,snapshot_real,False,json_estricto,json,5,3177,12708,12708,True,9080,0,50,12,0,0,0,0,0,0,0.0,0.0,,json.loads: JSONDecodeError,False
earthquakes,snapshot_real,False,json_estricto,json,6,3812,12708,12708,True,10862,0,50,14,0,0,0,0,0,0,0.0,0.0,,json.loads: JSONDecodeError,False
earthquakes,snapshot_real,False,json_estricto,json,7,4448,12708,12708,True,12696,0,50,17,0,0,0,0,0,0,0.0,0.0,,json.loads: JSONDecodeError,False
earthquakes,snapshot_real,False,json_estricto,json,8,5083,12708,12708,True,14492,0,50,19,0,0,0,0,0,0,0.0,0.0,,json.loads: JSONDecodeError,False
earthquakes,snapshot_real,False,json_estricto,json,9,5719,12708,12708,True,16312,0,50,22,0,0,0,0,0,0,0.0,0.0,,json.loads: JSONDecodeError,False
earthquakes,snapshot_real,False,json_estricto,json,10,6354,12708,12708,True,18109,0,50,25,0,0,0,0,0,0,0.0,0.0,,json.loads: JSONDecodeError,False
earthquakes,snapshot_real,False,json_estricto,json,11,6989,12708,12708,True,19947,0,50,27,0,0,0,0,0,0,0.0,0.0,,json.loads: JSONDecodeError,False
earthquakes,snapshot_real,False,json_estricto,json,12,7625,12708,12708,True,21726,0,50,30,0,0,0,0,0,0,0.0,0.0,,json.loads: JSONDecodeError,False
earthquakes,snapshot_real,False,json_estricto,json,13,8260,12708,12708,True,23513,0,50,32,0,0,0,0,0,0,0.0,0.0,,json.loads: JSONDecodeError,False
earthquakes,snapshot_real,False,json_estricto,json,14,8896,12708,12708,True,25288,0,50,35,0,0,0,0,0,0,0.0,0.0,,json.loads: JSONDecodeError,False
earthquakes,snapshot_real,False,json_estricto,json,15,9531,12708,12708,True,27131,0,50,37,0,0,0,0,0,0,0.0,0.0,,json.loads: JSONDecodeError,False
earthquakes,snapshot_real,False,json_estricto,json,16,10166,12708,12708,True,28923,0,50,40,0,0,0,0,0,0,0.0,0.0,,json.loads: JSONDecodeError,False
earthquakes,snapshot_real,False,json_estricto,json,17,10802,12708,12708,True,30739,0,50,42,0,0,0,0,0,0,0.0,0.0,,json.loads: JSONDecodeError,False
earthquakes,snapshot_real,False,json_estricto,json,18,11437,12708,12708,True,32549,0,50,45,0,0,0,0,0,0,0.0,0.0,,json.loads: JSONDecodeError,False
earthquakes,snapshot_real,False,json_estricto,json,19,12073,12708,12708,True,34369,0,50,47,0,0,0,0,0,0,0.0,0.0,,json.loads: JSONDecodeError,False
earthquakes,snapshot_real,False,json_estricto,json,20,12708,12708,12708,False,36088,0,50,50,50,50,50,0,0,0,1.0,1.0,1.0,,False
earthquakes,snapshot_real,False,json_parcial_jiter,json,1,635,12708,12708,True,1858,0,50,2,3,2,2,0,0,1,1.0,0.04,0.666667,,False
earthquakes,snapshot_real,False,json_parcial_jiter,json,2,1271,12708,12708,True,3627,0,50,4,5,4,4,0,0,1,1.0,0.08,0.8,,False
earthquakes,snapshot_real,False,json_parcial_jiter,json,3,1906,12708,12708,True,5462,0,50,7,8,7,7,0,0,1,1.0,0.14,0.875,,False
earthquakes,snapshot_real,False,json_parcial_jiter,json,4,2542,12708,12708,True,7265,0,50,9,10,9,9,0,0,1,1.0,0.18,0.9,,False
earthquakes,snapshot_real,False,json_parcial_jiter,json,5,3177,12708,12708,True,9080,0,50,12,13,12,12,0,0,1,1.0,0.24,0.923077,,False
earthquakes,snapshot_real,False,json_parcial_jiter,json,6,3812,12708,12708,True,10862,0,50,14,15,14,14,0,0,1,1.0,0.28,0.933333,,False
earthquakes,snapshot_real,False,json_parcial_jiter,json,7,4448,12708,12708,True,12696,0,50,17,18,17,17,0,0,1,1.0,0.34,0.944444,,False
earthquakes,snapshot_real,False,json_parcial_jiter,json,8,5083,12708,12708,True,14492,0,50,19,20,19,19,0,0,1,1.0,0.38,0.95,,False
earthquakes,snapshot_real,False,json_parcial_jiter,json,9,5719,12708,12708,True,16312,0,50,22,23,22,22,0,0,1,1.0,0.44,0.956522,,False
earthquakes,snapshot_real,False,json_parcial_jiter,json,10,6354,12708,12708,True,18109,0,50,25,26,25,25,0,0,1,1.0,0.5,0.961538,,False
earthquakes,snapshot_real,False,json_parcial_jiter,json,11,6989,12708,12708,True,19947,0,50,27,28,27,27,0,0,1,1.0,0.54,0.964286,,False
earthquakes,snapshot_real,False,json_parcial_jiter,json,12,7625,12708,12708,True,21726,0,50,30,31,30,30,0,0,1,1.0,0.6,0.967742,,False
earthquakes,snapshot_real,False,json_parcial_jiter,json,13,8260,12708,12708,True,23513,0,50,32,33,32,32,0,0,1,1.0,0.64,0.969697,,False
earthquakes,snapshot_real,False,json_parcial_jiter,json,14,8896,12708,12708,True,25288,0,50,35,36,35,35,0,0,1,1.0,0.7,0.972222,,False
earthquakes,snapshot_real,False,json_parcial_jiter,json,15,9531,12708,12708,True,27131,0,50,37,38,37,37,0,0,1,1.0,0.74,0.973684,,False
earthquakes,snapshot_real,False,json_parcial_jiter,json,16,10166,12708,12708,True,28923,0,50,40,41,40,40,0,0,1,1.0,0.8,0.97561,,False
earthquakes,snapshot_real,False,json_parcial_jiter,json,17,10802,12708,12708,True,30739,0,50,42,43,42,42,0,0,1,1.0,0.84,0.976744,,False
earthquakes,snapshot_real,False,json_parcial_jiter,json,18,11437,12708,12708,True,32549,0,50,45,46,45,45,0,0,1,1.0,0.9,0.978261,,False
earthquakes,snapshot_real,False,json_parcial_jiter,json,19,12073,12708,12708,True,34369,0,50,47,48,47,47,0,0,1,1.0,0.94,0.979167,,False
earthquakes,snapshot_real,False,json_parcial_jiter,json,20,12708,12708,12708,False,36088,0,50,50,50,50,50,0,0,0,1.0,1.0,1.0,,False
earthquakes,snapshot_real,False,jsonl,jsonl,1,635,12708,12754,True,1820,0,50,2,2,2,2,0,0,0,1.0,0.04,1.0,,False
earthquakes,snapshot_real,False,jsonl,jsonl,2,1271,12708,12754,True,3596,0,50,4,4,4,4,0,0,0,1.0,0.08,1.0,,False
earthquakes,snapshot_real,False,jsonl,jsonl,3,1906,12708,12754,True,5398,0,50,7,7,7,7,0,0,0,1.0,0.14,1.0,,False
earthquakes,snapshot_real,False,jsonl,jsonl,4,2542,12708,12754,True,7222,0,50,9,9,9,9,0,0,0,1.0,0.18,1.0,,False
earthquakes,snapshot_real,False,jsonl,jsonl,5,3177,12708,12754,True,8999,0,50,12,12,12,12,0,0,0,1.0,0.24,1.0,,False
earthquakes,snapshot_real,False,jsonl,jsonl,6,3812,12708,12754,True,10808,0,50,14,14,14,14,0,0,0,1.0,0.28,1.0,,False
earthquakes,snapshot_real,False,jsonl,jsonl,7,4448,12708,12754,True,12614,0,50,17,17,17,17,0,0,0,1.0,0.34,1.0,,False
earthquakes,snapshot_real,False,jsonl,jsonl,8,5083,12708,12754,True,14395,0,50,19,19,19,19,0,0,0,1.0,0.38,1.0,,False
earthquakes,snapshot_real,False,jsonl,jsonl,9,5719,12708,12754,True,16218,0,50,22,22,22,22,0,0,0,1.0,0.44,1.0,,False
earthquakes,snapshot_real,False,jsonl,jsonl,10,6354,12708,12754,True,18004,0,50,24,24,24,24,0,0,0,1.0,0.48,1.0,,False
earthquakes,snapshot_real,False,jsonl,jsonl,11,6989,12708,12754,True,19844,0,50,27,27,27,27,0,0,0,1.0,0.54,1.0,,False
earthquakes,snapshot_real,False,jsonl,jsonl,12,7625,12708,12754,True,21611,0,50,29,29,29,29,0,0,0,1.0,0.58,1.0,,False
earthquakes,snapshot_real,False,jsonl,jsonl,13,8260,12708,12754,True,23386,0,50,32,32,32,32,0,0,0,1.0,0.64,1.0,,False
earthquakes,snapshot_real,False,jsonl,jsonl,14,8896,12708,12754,True,25167,0,50,34,34,34,34,0,0,0,1.0,0.68,1.0,,False
earthquakes,snapshot_real,False,jsonl,jsonl,15,9531,12708,12754,True,26996,0,50,37,37,37,37,0,0,0,1.0,0.74,1.0,,False
earthquakes,snapshot_real,False,jsonl,jsonl,16,10166,12708,12754,True,28767,0,50,39,39,39,39,0,0,0,1.0,0.78,1.0,,False
earthquakes,snapshot_real,False,jsonl,jsonl,17,10802,12708,12754,True,30607,0,50,42,42,42,42,0,0,0,1.0,0.84,1.0,,False
earthquakes,snapshot_real,False,jsonl,jsonl,18,11437,12708,12754,True,32376,0,50,44,44,44,44,0,0,0,1.0,0.88,1.0,,False
earthquakes,snapshot_real,False,jsonl,jsonl,19,12073,12708,12754,True,34201,0,50,47,47,47,47,0,0,0,1.0,0.94,1.0,,False
earthquakes,snapshot_real,False,jsonl,jsonl,20,12708,12708,12754,True,35954,0,50,49,49,49,49,0,0,0,1.0,0.98,1.0,,False
earthquakes,snapshot_real,False,mini_tolerante,mini,1,635,12708,8214,True,1547,0,50,2,2,2,2,0,0,0,1.0,0.04,1.0,,False
earthquakes,snapshot_real,False,mini_tolerante,mini,2,1271,12708,8214,True,2942,0,50,6,6,6,6,0,0,0,1.0,0.12,1.0,,False
earthquakes,snapshot_real,False,mini_tolerante,mini,3,1906,12708,8214,True,4362,0,50,10,10,10,10,0,0,0,1.0,0.2,1.0,,False
earthquakes,snapshot_real,False,mini_tolerante,mini,4,2542,12708,8214,True,5769,0,50,14,14,14,14,0,0,0,1.0,0.28,1.0,,False
earthquakes,snapshot_real,False,mini_tolerante,mini,5,3177,12708,8214,True,7169,0,50,18,18,18,18,0,0,0,1.0,0.36,1.0,,False
earthquakes,snapshot_real,False,mini_tolerante,mini,6,3812,12708,8214,True,8564,0,50,22,22,22,22,0,0,0,1.0,0.44,1.0,,False
earthquakes,snapshot_real,False,mini_tolerante,mini,7,4448,12708,8214,True,9988,0,50,26,26,26,26,0,0,0,1.0,0.52,1.0,,False
earthquakes,snapshot_real,False,mini_tolerante,mini,8,5083,12708,8214,True,11381,0,50,30,30,30,30,0,0,0,1.0,0.6,1.0,,False
earthquakes,snapshot_real,False,mini_tolerante,mini,9,5719,12708,8214,True,12748,0,50,34,34,34,34,0,0,0,1.0,0.68,1.0,,False
earthquakes,snapshot_real,False,mini_tolerante,mini,10,6354,12708,8214,True,14171,0,50,38,38,38,38,0,0,0,1.0,0.76,1.0,,False
earthquakes,snapshot_real,False,mini_tolerante,mini,11,6989,12708,8214,True,15587,0,50,42,42,42,42,0,0,0,1.0,0.84,1.0,,False
earthquakes,snapshot_real,False,mini_tolerante,mini,12,7625,12708,8214,True,16997,0,50,46,46,46,46,0,0,0,1.0,0.92,1.0,,False
earthquakes,snapshot_real,False,mini_tolerante,mini,13,8260,12708,8214,False,18235,0,50,50,50,50,50,0,0,0,1.0,1.0,1.0,,False
earthquakes,snapshot_real,False,mini_tolerante,mini,14,8896,12708,8214,False,18235,0,50,50,50,50,50,0,0,0,1.0,1.0,1.0,,False
earthquakes,snapshot_real,False,mini_tolerante,mini,15,9531,12708,8214,False,18235,0,50,50,50,50,50,0,0,0,1.0,1.0,1.0,,False
earthquakes,snapshot_real,False,mini_tolerante,mini,16,10166,12708,8214,False,18235,0,50,50,50,50,50,0,0,0,1.0,1.0,1.0,,False
earthquakes,snapshot_real,False,mini_tolerante,mini,17,10802,12708,8214,False,18235,0,50,50,50,50,50,0,0,0,1.0,1.0,1.0,,False
earthquakes,snapshot_real,False,mini_tolerante,mini,18,11437,12708,8214,False,18235,0,50,50,50,50,50,0,0,0,1.0,1.0,1.0,,False
earthquakes,snapshot_real,False,mini_tolerante,mini,19,12073,12708,8214,False,18235,0,50,50,50,50,50,0,0,0,1.0,1.0,1.0,,False
earthquakes,snapshot_real,False,mini_tolerante,mini,20,12708,12708,8214,False,18235,0,50,50,50,50,50,0,0,0,1.0,1.0,1.0,,False
earthquakes,snapshot_real,False,json_objetos_completos,json,1,635,12708,12708,True,1858,0,50,2,2,2,2,0,0,0,1.0,0.04,1.0,,False
earthquakes,snapshot_real,False,json_objetos_completos,json,2,1271,12708,12708,True,3627,0,50,4,4,4,4,0,0,0,1.0,0.08,1.0,,False
earthquakes,snapshot_real,False,json_objetos_completos,json,3,1906,12708,12708,True,5462,0,50,7,7,7,7,0,0,0,1.0,0.14,1.0,,False
earthquakes,snapshot_real,False,json_objetos_completos,json,4,2542,12708,12708,True,7265,0,50,9,9,9,9,0,0,0,1.0,0.18,1.0,,False
earthquakes,snapshot_real,False,json_objetos_completos,json,5,3177,12708,12708,True,9080,0,50,12,12,12,12,0,0,0,1.0,0.24,1.0,,False
earthquakes,snapshot_real,False,json_objetos_completos,json,6,3812,12708,12708,True,10862,0,50,14,14,14,14,0,0,0,1.0,0.28,1.0,,False
earthquakes,snapshot_real,False,json_objetos_completos,json,7,4448,12708,12708,True,12696,0,50,17,17,17,17,0,0,0,1.0,0.34,1.0,,False
earthquakes,snapshot_real,False,json_objetos_completos,json,8,5083,12708,12708,True,14492,0,50,19,19,19,19,0,0,0,1.0,0.38,1.0,,False
earthquakes,snapshot_real,False,json_objetos_completos,json,9,5719,12708,12708,True,16312,0,50,22,22,22,22,0,0,0,1.0,0.44,1.0,,False
earthquakes,snapshot_real,False,json_objetos_completos,json,10,6354,12708,12708,True,18109,0,50,25,25,25,25,0,0,0,1.0,0.5,1.0,,False
earthquakes,snapshot_real,False,json_objetos_completos,json,11,6989,12708,12708,True,19947,0,50,27,27,27,27,0,0,0,1.0,0.54,1.0,,False
earthquakes,snapshot_real,False,json_objetos_completos,json,12,7625,12708,12708,True,21726,0,50,30,30,30,30,0,0,0,1.0,0.6,1.0,,False
earthquakes,snapshot_real,False,json_objetos_completos,json,13,8260,12708,12708,True,23513,0,50,32,32,32,32,0,0,0,1.0,0.64,1.0,,False
earthquakes,snapshot_real,False,json_objetos_completos,json,14,8896,12708,12708,True,25288,0,50,35,35,35,35,0,0,0,1.0,0.7,1.0,,False
earthquakes,snapshot_real,False,json_objetos_completos,json,15,9531,12708,12708,True,27131,0,50,37,37,37,37,0,0,0,1.0,0.74,1.0,,False
earthquakes,snapshot_real,False,json_objetos_completos,json,16,10166,12708,12708,True,28923,0,50,40,40,40,40,0,0,0,1.0,0.8,1.0,,False
earthquakes,snapshot_real,False,json_objetos_completos,json,17,10802,12708,12708,True,30739,0,50,42,42,42,42,0,0,0,1.0,0.84,1.0,,False
earthquakes,snapshot_real,False,json_objetos_completos,json,18,11437,12708,12708,True,32549,0,50,45,45,45,45,0,0,0,1.0,0.9,1.0,,False
earthquakes,snapshot_real,False,json_objetos_completos,json,19,12073,12708,12708,True,34369,0,50,47,47,47,47,0,0,0,1.0,0.94,1.0,,False
earthquakes,snapshot_real,False,json_objetos_completos,json,20,12708,12708,12708,False,36088,0,50,50,50,50,50,0,0,0,1.0,1.0,1.0,,False
earthquakes,snapshot_real,False,mini_tolerante_sin_cola,mini,1,635,12708,8214,True,1547,0,50,2,2,2,2,0,0,0,1.0,0.04,1.0,,False
earthquakes,snapshot_real,False,mini_tolerante_sin_cola,mini,2,1271,12708,8214,True,2942,0,50,6,6,6,6,0,0,0,1.0,0.12,1.0,,False
earthquakes,snapshot_real,False,mini_tolerante_sin_cola,mini,3,1906,12708,8214,True,4362,0,50,10,10,10,10,0,0,0,1.0,0.2,1.0,,False
earthquakes,snapshot_real,False,mini_tolerante_sin_cola,mini,4,2542,12708,8214,True,5769,0,50,14,14,14,14,0,0,0,1.0,0.28,1.0,,False
earthquakes,snapshot_real,False,mini_tolerante_sin_cola,mini,5,3177,12708,8214,True,7169,0,50,18,18,18,18,0,0,0,1.0,0.36,1.0,,False
earthquakes,snapshot_real,False,mini_tolerante_sin_cola,mini,6,3812,12708,8214,True,8564,0,50,22,22,22,22,0,0,0,1.0,0.44,1.0,,False
earthquakes,snapshot_real,False,mini_tolerante_sin_cola,mini,7,4448,12708,8214,True,9988,0,50,26,26,26,26,0,0,0,1.0,0.52,1.0,,False
earthquakes,snapshot_real,False,mini_tolerante_sin_cola,mini,8,5083,12708,8214,True,11381,0,50,30,30,30,30,0,0,0,1.0,0.6,1.0,,False
earthquakes,snapshot_real,False,mini_tolerante_sin_cola,mini,9,5719,12708,8214,True,12748,0,50,34,34,34,34,0,0,0,1.0,0.68,1.0,,False
earthquakes,snapshot_real,False,mini_tolerante_sin_cola,mini,10,6354,12708,8214,True,14171,0,50,38,38,38,38,0,0,0,1.0,0.76,1.0,,False
earthquakes,snapshot_real,False,mini_tolerante_sin_cola,mini,11,6989,12708,8214,True,15587,0,50,42,42,42,42,0,0,0,1.0,0.84,1.0,,False
earthquakes,snapshot_real,False,mini_tolerante_sin_cola,mini,12,7625,12708,8214,True,16997,0,50,46,46,46,46,0,0,0,1.0,0.92,1.0,,False
earthquakes,snapshot_real,False,mini_tolerante_sin_cola,mini,13,8260,12708,8214,False,18235,0,50,50,50,50,50,0,0,0,1.0,1.0,1.0,,False
earthquakes,snapshot_real,False,mini_tolerante_sin_cola,mini,14,8896,12708,8214,False,18235,0,50,50,50,50,50,0,0,0,1.0,1.0,1.0,,False
earthquakes,snapshot_real,False,mini_tolerante_sin_cola,mini,15,9531,12708,8214,False,18235,0,50,50,50,50,50,0,0,0,1.0,1.0,1.0,,False
earthquakes,snapshot_real,False,mini_tolerante_sin_cola,mini,16,10166,12708,8214,False,18235,0,50,50,50,50,50,0,0,0,1.0,1.0,1.0,,False
earthquakes,snapshot_real,False,mini_tolerante_sin_cola,mini,17,10802,12708,8214,False,18235,0,50,50,50,50,50,0,0,0,1.0,1.0,1.0,,False
earthquakes,snapshot_real,False,mini_tolerante_sin_cola,mini,18,11437,12708,8214,False,18235,0,50,50,50,50,50,0,0,0,1.0,1.0,1.0,,False
earthquakes,snapshot_real,False,mini_tolerante_sin_cola,mini,19,12073,12708,8214,False,18235,0,50,50,50,50,50,0,0,0,1.0,1.0,1.0,,False
earthquakes,snapshot_real,False,mini_tolerante_sin_cola,mini,20,12708,12708,8214,False,18235,0,50,50,50,50,50,0,0,0,1.0,1.0,1.0,,False
