dominio,tokenizador,n,json_compacto.ninguna.salida,json_compacto.ninguna.total,json_compacto.schema_con_ejemplo.salida,json_compacto.schema_con_ejemplo.total,general_fromschema.con_ejemplo.salida,general_fromschema.con_ejemplo.total,general_dominio.con_ejemplo.salida,general_dominio.con_ejemplo.total,especializado.compacta_sin_ejemplo.salida,especializado.compacta_sin_ejemplo.total,especializado.compacta_con_ejemplo.salida,especializado.compacta_con_ejemplo.total
comentarios,cl100k_base,1,98,98,98,405,89,598,105,910,90,243,90,392
comentarios,cl100k_base,2,177,177,177,484,158,667,174,979,159,312,159,461
comentarios,cl100k_base,3,257,257,257,564,228,737,244,1049,229,382,229,531
comentarios,cl100k_base,4,335,335,335,642,296,805,312,1117,297,450,297,599
comentarios,cl100k_base,5,420,420,420,727,371,880,383,1188,372,525,372,674
comentarios,cl100k_base,6,506,506,506,813,447,956,463,1268,448,601,448,750
comentarios,cl100k_base,7,574,574,574,881,504,1013,520,1325,505,658,505,807
comentarios,cl100k_base,8,641,641,641,948,561,1070,577,1382,562,715,562,864
comentarios,cl100k_base,9,730,730,730,1037,640,1149,656,1461,641,794,641,943
comentarios,cl100k_base,10,816,816,816,1123,716,1225,732,1537,717,870,717,1019
comentarios,cl100k_base,11,894,894,894,1201,784,1293,800,1605,785,938,785,1087
comentarios,cl100k_base,12,978,978,978,1285,857,1366,873,1678,858,1011,858,1160
comentarios,cl100k_base,13,1070,1070,1070,1377,938,1447,954,1759,939,1092,939,1241
comentarios,cl100k_base,14,1157,1157,1157,1464,1015,1524,1031,1836,1016,1169,1016,1318
comentarios,cl100k_base,15,1242,1242,1242,1549,1090,1599,1106,1911,1091,1244,1091,1393
comentarios,cl100k_base,16,1323,1323,1323,1630,1161,1670,1177,1982,1162,1315,1162,1464
comentarios,cl100k_base,17,1391,1391,1391,1698,1218,1727,1234,2039,1219,1372,1219,1521
comentarios,cl100k_base,18,1472,1472,1472,1779,1289,1798,1305,2110,1290,1443,1290,1592
comentarios,cl100k_base,19,1539,1539,1539,1846,1346,1855,1362,2167,1347,1500,1347,1649
comentarios,cl100k_base,20,1608,1608,1608,1915,1405,1914,1421,2226,1406,1559,1406,1708
comentarios,cl100k_base,21,1694,1694,1694,2001,1481,1990,1497,2302,1482,1635,1482,1784
comentarios,cl100k_base,22,1763,1763,1763,2070,1540,2049,1556,2361,1541,1694,1541,1843
comentarios,cl100k_base,23,1850,1850,1850,2157,1616,2125,1632,2437,1617,1770,1617,1919
comentarios,cl100k_base,24,1921,1921,1921,2228,1676,2185,1692,2497,1677,1830,1677,1979
comentarios,cl100k_base,25,2002,2002,2002,2309,1747,2256,1763,2568,1748,1901,1748,2050
comentarios,cl100k_base,26,2076,2076,2076,2383,1811,2320,1827,2632,1812,1965,1812,2114
comentarios,cl100k_base,27,2142,2142,2142,2449,1867,2376,1883,2688,1868,2021,1868,2170
comentarios,cl100k_base,28,2228,2228,2228,2535,1943,2452,1959,2764,1944,2097,1944,2246
comentarios,cl100k_base,29,2290,2290,2290,2597,1995,2504,2011,2816,1996,2149,1996,2298
comentarios,cl100k_base,30,2370,2370,2370,2677,2065,2574,2081,2886,2066,2219,2066,2368
comentarios,cl100k_base,31,2452,2452,2452,2759,2137,2646,2153,2958,2138,2291,2138,2440
comentarios,cl100k_base,32,2531,2531,2531,2838,2206,2715,2222,3027,2207,2360,2207,2509
comentarios,cl100k_base,33,2604,2604,2604,2911,2269,2778,2285,3090,2270,2423,2270,2572
comentarios,cl100k_base,34,2696,2696,2696,3003,2351,2860,2367,3172,2352,2505,2352,2654
comentarios,cl100k_base,35,2767,2767,2767,3074,2412,2921,2428,3233,2413,2566,2413,2715
comentarios,cl100k_base,36,2851,2851,2851,3158,2486,2995,2502,3307,2487,2640,2487,2789
comentarios,cl100k_base,37,2939,2939,2939,3246,2564,3073,2580,3385,2565,2718,2565,2867
comentarios,cl100k_base,38,3032,3032,3032,3339,2647,3156,2663,3468,2648,2801,2648,2950
comentarios,cl100k_base,39,3120,3120,3120,3427,2725,3234,2741,3546,2726,2879,2726,3028
comentarios,cl100k_base,40,3198,3198,3198,3505,2793,3302,2809,3614,2794,2947,2794,3096
comentarios,cl100k_base,41,3284,3284,3284,3591,2869,3378,2885,3690,2870,3023,2870,3172
comentarios,cl100k_base,42,3369,3369,3369,3676,2944,3453,2960,3765,2945,3098,2945,3247
comentarios,cl100k_base,43,3444,3444,3444,3751,3009,3518,3025,3830,3010,3163,3010,3312
comentarios,cl100k_base,44,3522,3522,3522,3829,3077,3586,3093,3898,3078,3231,3078,3380
comentarios,cl100k_base,45,3598,3598,3598,3905,3143,3652,3159,3964,3144,3297,3144,3446
comentarios,cl100k_base,46,3695,3695,3695,4002,3230,3739,3246,4051,3231,3384,3231,3533
comentarios,cl100k_base,47,3780,3780,3780,4087,3305,3814,3321,4126,3306,3459,3306,3608
comentarios,cl100k_base,48,3872,3872,3872,4179,3387,3896,3403,4208,3388,3541,3388,3690
comentarios,cl100k_base,49,3953,3953,3953,4260,3458,3967,3474,4279,3459,3612,3459,3761
comentarios,cl100k_base,50,4020,4020,4020,4327,3515,4024,3531,4336,3516,3669,3516,3818
comentarios,cl100k_base,51,4098,4098,4098,4405,3583,4092,3599,4404,3584,3737,3584,3886
comentarios,cl100k_base,52,4170,4170,4170,4477,3645,4154,3661,4466,3646,3799,3646,3948
comentarios,cl100k_base,53,4248,4248,4248,4555,3713,4222,3729,4534,3714,3867,3714,4016
comentarios,cl100k_base,54,4327,4327,4327,4634,3782,4291,3798,4603,3783,3936,3783,4085
comentarios,cl100k_base,55,4403,4403,4403,4710,3848,4357,3864,4669,3849,4002,3849,4151
comentarios,cl100k_base,56,4473,4473,4473,4780,3908,4417,3924,4729,3909,4062,3909,4211
comentarios,cl100k_base,57,4542,4542,4542,4849,3966,4475,3982,4787,3967,4120,3967,4269
comentarios,cl100k_base,58,4633,4633,4633,4940,4047,4556,4063,4868,4048,4201,4048,4350
comentarios,cl100k_base,59,4711,4711,4711,5018,4115,4624,4131,4936,4116,4269,4116,4418
comentarios,cl100k_base,60,4791,4791,4791,5098,4185,4694,4201,5006,4186,4339,4186,4488
comentarios,cl100k_base,61,4871,4871,4871,5178,4255,4764,4271,5076,4256,4409,4256,4558
comentarios,cl100k_base,62,4952,4952,4952,5259,4326,4835,4342,5147,4327,4480,4327,4629
comentarios,cl100k_base,63,5033,5033,5033,5340,4397,4906,4413,5218,4398,4551,4398,4700
comentarios,cl100k_base,64,5106,5106,5106,5413,4460,4969,4476,5281,4461,4614,4461,4763
comentarios,cl100k_base,65,5188,5188,5188,5495,4532,5041,4548,5353,4533,4686,4533,4835
comentarios,cl100k_base,66,5261,5261,5261,5568,4594,5103,4610,5415,4595,4748,4595,4897
comentarios,cl100k_base,67,5342,5342,5342,5649,4665,5174,4681,5486,4666,4819,4666,4968
comentarios,cl100k_base,68,5430,5430,5430,5737,4743,5252,4759,5564,4744,4897,4744,5046
comentarios,cl100k_base,69,5519,5519,5519,5826,4822,5331,4838,5643,4823,4976,4823,5125
comentarios,cl100k_base,70,5607,5607,5607,5914,4900,5409,4916,5721,4901,5054,4901,5203
comentarios,cl100k_base,71,5701,5701,5701,6008,4984,5493,5000,5805,4985,5138,4985,5287
comentarios,cl100k_base,72,5805,5805,5805,6112,5078,5587,5094,5899,5079,5232,5079,5381
comentarios,cl100k_base,73,5888,5888,5888,6195,5151,5660,5167,5972,5152,5305,5152,5454
comentarios,cl100k_base,74,5976,5976,5976,6283,5229,5738,5245,6050,5230,5383,5230,5532
comentarios,cl100k_base,75,6062,6062,6062,6369,5305,5814,5321,6126,5306,5459,5306,5608
comentarios,cl100k_base,76,6144,6144,6144,6451,5377,5886,5393,6198,5378,5531,5378,5680
comentarios,cl100k_base,77,6240,6240,6240,6547,5463,5972,5479,6284,5464,5617,5464,5766
comentarios,cl100k_base,78,6328,6328,6328,6635,5541,6050,5557,6362,5542,5695,5542,5844
comentarios,cl100k_base,79,6405,6405,6405,6712,5607,6116,5623,6428,5608,5761,5608,5910
comentarios,cl100k_base,80,6483,6483,6483,6790,5675,6184,5691,6496,5676,5829,5676,5978
comentarios,cl100k_base,81,6570,6570,6570,6877,5752,6261,5768,6573,5753,5906,5753,6055
comentarios,cl100k_base,82,6657,6657,6657,6964,5829,6338,5845,6650,5830,5983,5830,6132
comentarios,cl100k_base,83,6741,6741,6741,7048,5903,6412,5919,6724,5904,6057,5904,6206
comentarios,cl100k_base,84,6817,6817,6817,7124,5969,6478,5985,6790,5970,6123,5970,6272
comentarios,cl100k_base,85,6902,6902,6902,7209,6043,6552,6059,6864,6044,6197,6044,6346
comentarios,cl100k_base,86,7005,7005,7005,7312,6136,6645,6152,6957,6137,6290,6137,6439
comentarios,cl100k_base,87,7090,7090,7090,7397,6211,6720,6227,7032,6212,6365,6212,6514
comentarios,cl100k_base,88,7176,7176,7176,7483,6287,6796,6303,7108,6288,6441,6288,6590
comentarios,cl100k_base,89,7253,7253,7253,7560,6354,6863,6370,7175,6355,6508,6355,6657
comentarios,cl100k_base,90,7343,7343,7343,7650,6434,6943,6450,7255,6435,6588,6435,6737
comentarios,cl100k_base,91,7418,7418,7418,7725,6499,7008,6515,7320,6500,6653,6500,6802
comentarios,cl100k_base,92,7510,7510,7510,7817,6581,7090,6597,7402,6582,6735,6582,6884
comentarios,cl100k_base,93,7576,7576,7576,7883,6637,7146,6653,7458,6638,6791,6638,6940
comentarios,cl100k_base,94,7647,7647,7647,7954,6698,7207,6714,7519,6699,6852,6699,7001
comentarios,cl100k_base,95,7728,7728,7728,8035,6769,7278,6785,7590,6770,6923,6770,7072
comentarios,cl100k_base,96,7806,7806,7806,8113,6836,7345,6852,7657,6837,6990,6837,7139
comentarios,cl100k_base,97,7887,7887,7887,8194,6907,7416,6923,7728,6908,7061,6908,7210
comentarios,cl100k_base,98,7963,7963,7963,8270,6973,7482,6989,7794,6974,7127,6974,7276
comentarios,cl100k_base,99,8052,8052,8052,8359,7052,7561,7068,7873,7053,7206,7053,7355
comentarios,cl100k_base,100,8137,8137,8137,8444,7127,7636,7143,7948,7128,7281,7128,7430
comentarios,cl100k_base,101,8222,8222,8222,8529,7202,7711,7218,8023,7203,7356,7203,7505
comentarios,cl100k_base,102,8306,8306,8306,8613,7276,7785,7292,8097,7277,7430,7277,7579
comentarios,cl100k_base,103,8385,8385,8385,8692,7345,7854,7361,8166,7346,7499,7346,7648
comentarios,cl100k_base,104,8480,8480,8480,8787,7430,7939,7446,8251,7431,7584,7431,7733
comentarios,cl100k_base,105,8554,8554,8554,8861,7494,8003,7510,8315,7495,7648,7495,7797
comentarios,cl100k_base,106,8637,8637,8637,8944,7567,8076,7583,8388,7568,7721,7568,7870
comentarios,cl100k_base,107,8730,8730,8730,9037,7650,8159,7666,8471,7651,7804,7651,7953
comentarios,cl100k_base,108,8829,8829,8829,9136,7739,8248,7755,8560,7740,7893,7740,8042
comentarios,cl100k_base,109,8924,8924,8924,9231,7824,8333,7840,8645,7825,7978,7825,8127
comentarios,cl100k_base,110,9002,9002,9002,9309,7892,8401,7908,8713,7893,8046,7893,8195
comentarios,cl100k_base,111,9078,9078,9078,9385,7958,8467,7974,8779,7959,8112,7959,8261
comentarios,cl100k_base,112,9176,9176,9176,9483,8046,8555,8062,8867,8047,8200,8047,8349
comentarios,cl100k_base,113,9253,9253,9253,9560,8113,8622,8129,8934,8114,8267,8114,8416
comentarios,cl100k_base,114,9319,9319,9319,9626,8169,8678,8185,8990,8170,8323,8170,8472
comentarios,cl100k_base,115,9407,9407,9407,9714,8247,8756,8263,9068,8248,8401,8248,8550
comentarios,cl100k_base,116,9487,9487,9487,9794,8317,8826,8333,9138,8318,8471,8318,8620
comentarios,cl100k_base,117,9578,9578,9578,9885,8397,8906,8413,9218,8398,8551,8398,8700
comentarios,cl100k_base,118,9664,9664,9664,9971,8473,8982,8489,9294,8474,8627,8474,8776
comentarios,cl100k_base,119,9741,9741,9741,10048,8539,9048,8555,9360,8540,8693,8540,8842
comentarios,cl100k_base,120,9832,9832,9832,10139,8620,9129,8636,9441,8621,8774,8621,8923
comentarios,cl100k_base,121,9910,9910,9910,10217,8688,9197,8704,9509,8689,8842,8689,8991
comentarios,cl100k_base,122,9995,9995,9995,10302,8763,9272,8779,9584,8764,8917,8764,9066
comentarios,cl100k_base,123,10066,10066,10066,10373,8824,9333,8840,9645,8825,8978,8825,9127
comentarios,cl100k_base,124,10142,10142,10142,10449,8889,9398,8905,9710,8890,9043,8890,9192
comentarios,cl100k_base,125,10231,10231,10231,10538,8968,9477,8984,9789,8969,9122,8969,9271
comentarios,cl100k_base,126,10318,10318,10318,10625,9045,9554,9061,9866,9046,9199,9046,9348
comentarios,cl100k_base,127,10407,10407,10407,10714,9124,9633,9140,9945,9125,9278,9125,9427
comentarios,cl100k_base,128,10514,10514,10514,10821,9221,9730,9237,10042,9222,9375,9222,9524
comentarios,cl100k_base,129,10602,10602,10602,10909,9299,9808,9315,10120,9300,9453,9300,9602
comentarios,cl100k_base,130,10681,10681,10681,10988,9368,9877,9384,10189,9369,9522,9369,9671
comentarios,cl100k_base,131,10760,10760,10760,11067,9437,9946,9453,10258,9438,9591,9438,9740
comentarios,cl100k_base,132,10828,10828,10828,11135,9495,10004,9511,10316,9496,9649,9496,9798
comentarios,cl100k_base,133,10922,10922,10922,11229,9579,10088,9595,10400,9580,9733,9580,9882
comentarios,cl100k_base,134,11001,11001,11001,11308,9648,10157,9664,10469,9649,9802,9649,9951
comentarios,cl100k_base,135,11078,11078,11078,11385,9715,10224,9731,10536,9716,9869,9716,10018
comentarios,cl100k_base,136,11152,11152,11152,11459,9779,10288,9795,10600,9780,9933,9780,10082
comentarios,cl100k_base,137,11236,11236,11236,11543,9853,10362,9869,10674,9854,10007,9854,10156
comentarios,cl100k_base,138,11319,11319,11319,11626,9926,10435,9942,10747,9927,10080,9927,10229
comentarios,cl100k_base,139,11397,11397,11397,11704,9994,10503,10010,10815,9995,10148,9995,10297
comentarios,cl100k_base,140,11494,11494,11494,11801,10081,10590,10097,10902,10082,10235,10082,10384
comentarios,cl100k_base,141,11561,11561,11561,11868,10138,10647,10154,10959,10139,10292,10139,10441
comentarios,cl100k_base,142,11656,11656,11656,11963,10222,10731,10238,11043,10223,10376,10223,10525
comentarios,cl100k_base,143,11739,11739,11739,12046,10295,10804,10311,11116,10296,10449,10296,10598
comentarios,cl100k_base,144,11819,11819,11819,12126,10365,10874,10381,11186,10366,10519,10366,10668
comentarios,cl100k_base,145,11887,11887,11887,12194,10423,10932,10439,11244,10424,10577,10424,10726
comentarios,cl100k_base,146,11965,11965,11965,12272,10491,11000,10507,11312,10492,10645,10492,10794
comentarios,cl100k_base,147,12037,12037,12037,12344,10553,11062,10569,11374,10554,10707,10554,10856
comentarios,cl100k_base,148,12125,12125,12125,12432,10630,11139,10646,11451,10631,10784,10631,10933
comentarios,cl100k_base,149,12202,12202,12202,12509,10697,11206,10713,11518,10698,10851,10698,11000
comentarios,cl100k_base,150,12299,12299,12299,12606,10784,11293,10800,11605,10785,10938,10785,11087
comentarios,cl100k_base,151,12401,12401,12401,12708,10876,11385,10892,11697,10877,11030,10877,11179
comentarios,cl100k_base,152,12482,12482,12482,12789,10947,11456,10963,11768,10948,11101,10948,11250
comentarios,cl100k_base,153,12567,12567,12567,12874,11022,11531,11038,11843,11023,11176,11023,11325
comentarios,cl100k_base,154,12653,12653,12653,12960,11098,11607,11114,11919,11099,11252,11099,11401
comentarios,cl100k_base,155,12749,12749,12749,13056,11184,11693,11200,12005,11185,11338,11185,11487
comentarios,cl100k_base,156,12839,12839,12839,13146,11264,11773,11280,12085,11265,11418,11265,11567
comentarios,cl100k_base,157,12926,12926,12926,13233,11341,11850,11357,12162,11342,11495,11342,11644
comentarios,cl100k_base,158,13011,13011,13011,13318,11416,11925,11432,12237,11417,11570,11417,11719
comentarios,cl100k_base,159,13095,13095,13095,13402,11490,11999,11506,12311,11491,11644,11491,11793
comentarios,cl100k_base,160,13166,13166,13166,13473,11551,12060,11567,12372,11552,11705,11552,11854
comentarios,cl100k_base,161,13243,13243,13243,13550,11618,12127,11634,12439,11619,11772,11619,11921
comentarios,cl100k_base,162,13322,13322,13322,13629,11687,12196,11703,12508,11688,11841,11688,11990
comentarios,cl100k_base,163,13417,13417,13417,13724,11772,12281,11788,12593,11773,11926,11773,12075
comentarios,cl100k_base,164,13495,13495,13495,13802,11840,12349,11856,12661,11841,11994,11841,12143
comentarios,cl100k_base,165,13582,13582,13582,13889,11916,12425,11932,12737,11917,12070,11917,12219
comentarios,cl100k_base,166,13662,13662,13662,13969,11986,12495,12002,12807,11987,12140,11987,12289
comentarios,cl100k_base,167,13745,13745,13745,14052,12058,12567,12074,12879,12059,12212,12059,12361
comentarios,cl100k_base,168,13834,13834,13834,14141,12137,12646,12153,12958,12138,12291,12138,12440
comentarios,cl100k_base,169,13936,13936,13936,14243,12229,12738,12245,13050,12230,12383,12230,12532
comentarios,cl100k_base,170,14004,14004,14004,14311,12287,12796,12303,13108,12288,12441,12288,12590
comentarios,cl100k_base,171,14099,14099,14099,14406,12372,12881,12388,13193,12373,12526,12373,12675
comentarios,cl100k_base,172,14180,14180,14180,14487,12442,12951,12458,13263,12443,12596,12443,12745
comentarios,cl100k_base,173,14261,14261,14261,14568,12513,13022,12529,13334,12514,12667,12514,12816
comentarios,cl100k_base,174,14334,14334,14334,14641,12575,13084,12591,13396,12576,12729,12576,12878
comentarios,cl100k_base,175,14409,14409,14409,14716,12640,13149,12656,13461,12641,12794,12641,12943
comentarios,cl100k_base,176,14499,14499,14499,14806,12720,13229,12736,13541,12721,12874,12721,13023
comentarios,cl100k_base,177,14586,14586,14586,14893,12797,13306,12813,13618,12798,12951,12798,13100
comentarios,cl100k_base,178,14665,14665,14665,14972,12865,13374,12881,13686,12866,13019,12866,13168
comentarios,cl100k_base,179,14753,14753,14753,15060,12942,13451,12958,13763,12943,13096,12943,13245
comentarios,cl100k_base,180,14843,14843,14843,15150,13022,13531,13038,13843,13023,13176,13023,13325
comentarios,cl100k_base,181,14921,14921,14921,15228,13089,13598,13105,13910,13090,13243,13090,13392
comentarios,cl100k_base,182,15003,15003,15003,15310,13161,13670,13177,13982,13162,13315,13162,13464
comentarios,cl100k_base,183,15083,15083,15083,15390,13231,13740,13247,14052,13232,13385,13232,13534
comentarios,cl100k_base,184,15168,15168,15168,15475,13306,13815,13322,14127,13307,13460,13307,13609
comentarios,cl100k_base,185,15260,15260,15260,15567,13388,13897,13404,14209,13389,13542,13389,13691
comentarios,cl100k_base,186,15345,15345,15345,15652,13463,13972,13479,14284,13464,13617,13464,13766
comentarios,cl100k_base,187,15427,15427,15427,15734,13534,14043,13550,14355,13535,13688,13535,13837
comentarios,cl100k_base,188,15510,15510,15510,15817,13607,14116,13623,14428,13608,13761,13608,13910
comentarios,cl100k_base,189,15601,15601,15601,15908,13688,14197,13704,14509,13689,13842,13689,13991
comentarios,cl100k_base,190,15692,15692,15692,15999,13769,14278,13785,14590,13770,13923,13770,14072
comentarios,cl100k_base,191,15761,15761,15761,16068,13827,14336,13843,14648,13828,13981,13828,14130
comentarios,cl100k_base,192,15834,15834,15834,16141,13890,14399,13906,14711,13891,14044,13891,14193
comentarios,cl100k_base,193,15914,15914,15914,16221,13960,14469,13976,14781,13961,14114,13961,14263
comentarios,cl100k_base,194,16007,16007,16007,16314,14042,14551,14058,14863,14043,14196,14043,14345
comentarios,cl100k_base,195,16105,16105,16105,16412,14130,14639,14146,14951,14131,14284,14131,14433
comentarios,cl100k_base,196,16178,16178,16178,16485,14193,14702,14209,15014,14194,14347,14194,14496
comentarios,cl100k_base,197,16258,16258,16258,16565,14263,14772,14279,15084,14264,14417,14264,14566
comentarios,cl100k_base,198,16338,16338,16338,16645,14332,14841,14348,15153,14333,14486,14333,14635
comentarios,cl100k_base,199,16424,16424,16424,16731,14408,14917,14424,15229,14409,14562,14409,14711
comentarios,cl100k_base,200,16500,16500,16500,16807,14474,14983,14490,15295,14475,14628,14475,14777
comentarios,cl100k_base,201,16591,16591,16591,16898,14555,15064,14571,15376,14556,14709,14556,14858
comentarios,cl100k_base,202,16671,16671,16671,16978,14625,15134,14641,15446,14626,14779,14626,14928
comentarios,cl100k_base,203,16755,16755,16755,17062,14699,15208,14715,15520,14700,14853,14700,15002
comentarios,cl100k_base,204,16819,16819,16819,17126,14753,15262,14769,15574,14754,14907,14754,15056
comentarios,cl100k_base,205,16901,16901,16901,17208,14825,15334,14841,15646,14826,14979,14826,15128
comentarios,cl100k_base,206,16991,16991,16991,17298,14905,15414,14921,15726,14906,15059,14906,15208
comentarios,cl100k_base,207,17065,17065,17065,17372,14969,15478,14985,15790,14970,15123,14970,15272
comentarios,cl100k_base,208,17158,17158,17158,17465,15052,15561,15068,15873,15053,15206,15053,15355
comentarios,cl100k_base,209,17254,17254,17254,17561,15138,15647,15154,15959,15139,15292,15139,15441
comentarios,cl100k_base,210,17337,17337,17337,17644,15211,15720,15227,16032,15212,15365,15212,15514
comentarios,cl100k_base,211,17416,17416,17416,17723,15280,15789,15296,16101,15281,15434,15281,15583
comentarios,cl100k_base,212,17501,17501,17501,17808,15355,15864,15371,16176,15356,15509,15356,15658
comentarios,cl100k_base,213,17569,17569,17569,17876,15413,15922,15429,16234,15414,15567,15414,15716
comentarios,cl100k_base,214,17656,17656,17656,17963,15490,15999,15506,16311,15491,15644,15491,15793
comentarios,cl100k_base,215,17746,17746,17746,18053,15570,16079,15586,16391,15571,15724,15571,15873
comentarios,cl100k_base,216,17848,17848,17848,18155,15662,16171,15678,16483,15663,15816,15663,15965
comentarios,cl100k_base,217,17931,17931,17931,18238,15735,16244,15751,16556,15736,15889,15736,16038
comentarios,cl100k_base,218,17997,17997,17997,18304,15791,16300,15807,16612,15792,15945,15792,16094
comentarios,cl100k_base,219,18076,18076,18076,18383,15860,16369,15876,16681,15861,16014,15861,16163
comentarios,cl100k_base,220,18157,18157,18157,18464,15931,16440,15947,16752,15932,16085,15932,16234
comentarios,cl100k_base,221,18245,18245,18245,18552,16009,16518,16025,16830,16010,16163,16010,16312
comentarios,cl100k_base,222,18327,18327,18327,18634,16081,16590,16097,16902,16082,16235,16082,16384
comentarios,cl100k_base,223,18407,18407,18407,18714,16150,16659,16166,16971,16151,16304,16151,16453
comentarios,cl100k_base,224,18502,18502,18502,18809,16235,16744,16251,17056,16236,16389,16236,16538
comentarios,cl100k_base,225,18600,18600,18600,18907,16323,16832,16339,17144,16324,16477,16324,16626
comentarios,cl100k_base,226,18680,18680,18680,18987,16392,16901,16408,17213,16393,16546,16393,16695
comentarios,cl100k_base,227,18776,18776,18776,19083,16478,16987,16494,17299,16479,16632,16479,16781
comentarios,cl100k_base,228,18856,18856,18856,19163,16548,17057,16564,17369,16549,16702,16549,16851
comentarios,cl100k_base,229,18931,18931,18931,19238,16613,17122,16629,17434,16614,16767,16614,16916
comentarios,cl100k_base,230,19014,19014,19014,19321,16686,17195,16702,17507,16687,16840,16687,16989
comentarios,cl100k_base,231,19096,19096,19096,19403,16758,17267,16774,17579,16759,16912,16759,17061
comentarios,cl100k_base,232,19186,19186,19186,19493,16838,17347,16854,17659,16839,16992,16839,17141
comentarios,cl100k_base,233,19284,19284,19284,19591,16926,17435,16942,17747,16927,17080,16927,17229
comentarios,cl100k_base,234,19375,19375,19375,19682,17007,17516,17023,17828,17008,17161,17008,17310
comentarios,cl100k_base,235,19464,19464,19464,19771,17086,17595,17102,17907,17087,17240,17087,17389
comentarios,cl100k_base,236,19549,19549,19549,19856,17161,17670,17177,17982,17162,17315,17162,17464
comentarios,cl100k_base,237,19627,19627,19627,19934,17228,17737,17244,18049,17229,17382,17229,17531
comentarios,cl100k_base,238,19708,19708,19708,20015,17299,17808,17315,18120,17300,17453,17300,17602
comentarios,cl100k_base,239,19786,19786,19786,20093,17367,17876,17383,18188,17368,17521,17368,17670
comentarios,cl100k_base,240,19865,19865,19865,20172,17436,17945,17452,18257,17437,17590,17437,17739
comentarios,cl100k_base,241,19953,19953,19953,20260,17514,18023,17530,18335,17515,17668,17515,17817
comentarios,cl100k_base,242,20058,20058,20058,20365,17609,18118,17625,18430,17610,17763,17610,17912
comentarios,cl100k_base,243,20133,20133,20133,20440,17674,18183,17690,18495,17675,17828,17675,17977
comentarios,cl100k_base,244,20215,20215,20215,20522,17746,18255,17762,18567,17747,17900,17747,18049
comentarios,cl100k_base,245,20295,20295,20295,20602,17816,18325,17832,18637,17817,17970,17817,18119
comentarios,cl100k_base,246,20372,20372,20372,20679,17883,18392,17899,18704,17884,18037,17884,18186
comentarios,cl100k_base,247,20450,20450,20450,20757,17951,18460,17967,18772,17952,18105,17952,18254
comentarios,cl100k_base,248,20538,20538,20538,20845,18029,18538,18045,18850,18030,18183,18030,18332
comentarios,cl100k_base,249,20613,20613,20613,20920,18094,18603,18110,18915,18095,18248,18095,18397
comentarios,cl100k_base,250,20682,20682,20682,20989,18153,18662,18169,18974,18154,18307,18154,18456
comentarios,o200k_base,1,86,86,86,377,75,537,93,839,76,219,76,347
comentarios,o200k_base,2,152,152,152,443,130,592,148,894,131,274,131,402
comentarios,o200k_base,3,220,220,220,511,187,649,205,951,188,331,188,459
comentarios,o200k_base,4,287,287,287,578,243,705,261,1007,244,387,244,515
comentarios,o200k_base,5,362,362,362,653,307,769,322,1068,308,451,308,579
comentarios,o200k_base,6,436,436,436,727,370,832,388,1134,371,514,371,642
comentarios,o200k_base,7,496,496,496,787,419,881,437,1183,420,563,420,691
comentarios,o200k_base,8,557,557,557,848,469,931,487,1233,470,613,470,741
comentarios,o200k_base,9,631,631,631,922,532,994,550,1296,533,676,533,804
comentarios,o200k_base,10,707,707,707,998,597,1059,615,1361,598,741,598,869
comentarios,o200k_base,11,775,775,775,1066,654,1116,672,1418,655,798,655,926
comentarios,o200k_base,12,849,849,849,1140,716,1178,734,1480,717,860,717,988
comentarios,o200k_base,13,927,927,927,1218,783,1245,801,1547,784,927,784,1055
comentarios,o200k_base,14,999,999,999,1290,844,1306,862,1608,845,988,845,1116
comentarios,o200k_base,15,1072,1072,1072,1363,906,1368,924,1670,907,1050,907,1178
comentarios,o200k_base,16,1144,1144,1144,1435,967,1429,985,1731,968,1111,968,1239
comentarios,o200k_base,17,1203,1203,1203,1494,1015,1477,1033,1779,1016,1159,1016,1287
comentarios,o200k_base,18,1276,1276,1276,1567,1077,1539,1095,1841,1078,1221,1078,1349
comentarios,o200k_base,19,1337,1337,1337,1628,1127,1589,1145,1891,1128,1271,1128,1399
comentarios,o200k_base,20,1397,1397,1397,1688,1176,1638,1194,1940,1177,1320,1177,1448
comentarios,o200k_base,21,1473,1473,1473,1764,1241,1703,1259,2005,1242,1385,1242,1513
comentarios,o200k_base,22,1534,1534,1534,1825,1291,1753,1309,2055,1292,1435,1292,1563
comentarios,o200k_base,23,1610,1610,1610,1901,1355,1817,1373,2119,1356,1499,1356,1627
comentarios,o200k_base,24,1673,1673,1673,1964,1407,1869,1425,2171,1408,1551,1408,1679
comentarios,o200k_base,25,1747,1747,1747,2038,1470,1932,1488,2234,1471,1614,1471,1742
comentarios,o200k_base,26,1808,1808,1808,2099,1520,1982,1538,2284,1521,1664,1521,1792
comentarios,o200k_base,27,1870,1870,1870,2161,1571,2033,1589,2335,1572,1715,1572,1843
comentarios,o200k_base,28,1941,1941,1941,2232,1631,2093,1649,2395,1632,1775,1632,1903
comentarios,o200k_base,29,1996,1996,1996,2287,1675,2137,1693,2439,1676,1819,1676,1947
comentarios,o200k_base,30,2066,2066,2066,2357,1734,2196,1752,2498,1735,1878,1735,2006
comentarios,o200k_base,31,2143,2143,2143,2434,1800,2262,1818,2564,1801,1944,1801,2072
comentarios,o200k_base,32,2209,2209,2209,2500,1855,2317,1873,2619,1856,1999,1856,2127
comentarios,o200k_base,33,2270,2270,2270,2561,1905,2367,1923,2669,1906,2049,1906,2177
comentarios,o200k_base,34,2349,2349,2349,2640,1973,2435,1991,2737,1974,2117,1974,2245
comentarios,o200k_base,35,2413,2413,2413,2704,2026,2488,2044,2790,2027,2170,2027,2298
comentarios,o200k_base,36,2489,2489,2489,2780,2091,2553,2109,2855,2092,2235,2092,2363
comentarios,o200k_base,37,2561,2561,2561,2852,2152,2614,2170,2916,2153,2296,2153,2424
comentarios,o200k_base,38,2641,2641,2641,2932,2221,2683,2239,2985,2222,2365,2222,2493
comentarios,o200k_base,39,2719,2719,2719,3010,2288,2750,2306,3052,2289,2432,2289,2560
comentarios,o200k_base,40,2788,2788,2788,3079,2346,2808,2364,3110,2347,2490,2347,2618
comentarios,o200k_base,41,2860,2860,2860,3151,2407,2869,2425,3171,2408,2551,2408,2679
comentarios,o200k_base,42,2934,2934,2934,3225,2470,2932,2488,3234,2471,2614,2471,2742
comentarios,o200k_base,43,3000,3000,3000,3291,2525,2987,2543,3289,2526,2669,2526,2797
comentarios,o200k_base,44,3071,3071,3071,3362,2585,3047,2603,3349,2586,2729,2586,2857
comentarios,o200k_base,45,3135,3135,3135,3426,2638,3100,2656,3402,2639,2782,2639,2910
comentarios,o200k_base,46,3212,3212,3212,3503,2704,3166,2722,3468,2705,2848,2705,2976
comentarios,o200k_base,47,3284,3284,3284,3575,2765,3227,2783,3529,2766,2909,2766,3037
comentarios,o200k_base,48,3361,3361,3361,3652,2831,3293,2849,3595,2832,2975,2832,3103
comentarios,o200k_base,49,3434,3434,3434,3725,2893,3355,2911,3657,2894,3037,2894,3165
comentarios,o200k_base,50,3493,3493,3493,3784,2941,3403,2959,3705,2942,3085,2942,3213
comentarios,o200k_base,51,3559,3559,3559,3850,2996,3458,3014,3760,2997,3140,2997,3268
comentarios,o200k_base,52,3622,3622,3622,3913,3048,3510,3066,3812,3049,3192,3049,3320
comentarios,o200k_base,53,3690,3690,3690,3981,3105,3567,3123,3869,3106,3249,3106,3377
comentarios,o200k_base,54,3757,3757,3757,4048,3161,3623,3179,3925,3162,3305,3162,3433
comentarios,o200k_base,55,3823,3823,3823,4114,3216,3678,3234,3980,3217,3360,3217,3488
comentarios,o200k_base,56,3887,3887,3887,4178,3269,3731,3287,4033,3270,3413,3270,3541
comentarios,o200k_base,57,3948,3948,3948,4239,3318,3780,3336,4082,3319,3462,3319,3590
comentarios,o200k_base,58,4026,4026,4026,4317,3385,3847,3403,4149,3386,3529,3386,3657
comentarios,o200k_base,59,4097,4097,4097,4388,3445,3907,3463,4209,3446,3589,3446,3717
comentarios,o200k_base,60,4169,4169,4169,4460,3506,3968,3524,4270,3507,3650,3507,3778
comentarios,o200k_base,61,4237,4237,4237,4528,3563,4025,3581,4327,3564,3707,3564,3835
comentarios,o200k_base,62,4304,4304,4304,4595,3619,4081,3637,4383,3620,3763,3620,3891
comentarios,o200k_base,63,4375,4375,4375,4666,3679,4141,3697,4443,3680,3823,3680,3951
comentarios,o200k_base,64,4439,4439,4439,4730,3732,4194,3750,4496,3733,3876,3733,4004
comentarios,o200k_base,65,4512,4512,4512,4803,3794,4256,3812,4558,3795,3938,3795,4066
comentarios,o200k_base,66,4577,4577,4577,4868,3847,4309,3865,4611,3848,3991,3848,4119
comentarios,o200k_base,67,4651,4651,4651,4942,3910,4372,3928,4674,3911,4054,3911,4182
comentarios,o200k_base,68,4728,4728,4728,5019,3976,4438,3994,4740,3977,4120,3977,4248
comentarios,o200k_base,69,4799,4799,4799,5090,4036,4498,4054,4800,4037,4180,4037,4308
comentarios,o200k_base,70,4871,4871,4871,5162,4097,4559,4115,4861,4098,4241,4098,4369
comentarios,o200k_base,71,4952,4952,4952,5243,4167,4629,4185,4931,4168,4311,4168,4439
comentarios,o200k_base,72,5040,5040,5040,5331,4244,4706,4262,5008,4245,4388,4245,4516
comentarios,o200k_base,73,5111,5111,5111,5402,4304,4766,4322,5068,4305,4448,4305,4576
comentarios,o200k_base,74,5188,5188,5188,5479,4370,4832,4388,5134,4371,4514,4371,4642
comentarios,o200k_base,75,5263,5263,5263,5554,4434,4896,4452,5198,4435,4578,4435,4706
comentarios,o200k_base,76,5333,5333,5333,5624,4493,4955,4511,5257,4494,4637,4494,4765
comentarios,o200k_base,77,5411,5411,5411,5702,4560,5022,4578,5324,4561,4704,4561,4832
comentarios,o200k_base,78,5486,5486,5486,5777,4624,5086,4642,5388,4625,4768,4625,4896
comentarios,o200k_base,79,5554,5554,5554,5845,4680,5142,4698,5444,4681,4824,4681,4952
comentarios,o200k_base,80,5626,5626,5626,5917,4741,5203,4759,5505,4742,4885,4742,5013
comentarios,o200k_base,81,5702,5702,5702,5993,4806,5268,4824,5570,4807,4950,4807,5078
comentarios,o200k_base,82,5779,5779,5779,6070,4872,5334,4890,5636,4873,5016,4873,5144
comentarios,o200k_base,83,5852,5852,5852,6143,4934,5396,4952,5698,4935,5078,4935,5206
comentarios,o200k_base,84,5920,5920,5920,6211,4991,5453,5009,5755,4992,5135,4992,5263
comentarios,o200k_base,85,5989,5989,5989,6280,5049,5511,5067,5813,5050,5193,5050,5321
comentarios,o200k_base,86,6074,6074,6074,6365,5123,5585,5141,5887,5124,5267,5124,5395
comentarios,o200k_base,87,6143,6143,6143,6434,5181,5643,5199,5945,5182,5325,5182,5453
comentarios,o200k_base,88,6216,6216,6216,6507,5243,5705,5261,6007,5244,5387,5244,5515
comentarios,o200k_base,89,6289,6289,6289,6580,5305,5767,5323,6069,5306,5449,5306,5577
comentarios,o200k_base,90,6368,6368,6368,6659,5373,5835,5391,6137,5374,5517,5374,5645
comentarios,o200k_base,91,6434,6434,6434,6725,5428,5890,5446,6192,5429,5572,5429,5700
comentarios,o200k_base,92,6511,6511,6511,6802,5494,5956,5512,6258,5495,5638,5495,5766
comentarios,o200k_base,93,6570,6570,6570,6861,5542,6004,5560,6306,5543,5686,5543,5814
comentarios,o200k_base,94,6635,6635,6635,6926,5596,6058,5614,6360,5597,5740,5597,5868
comentarios,o200k_base,95,6700,6700,6700,6991,5650,6112,5668,6414,5651,5794,5651,5922
comentarios,o200k_base,96,6772,6772,6772,7063,5711,6173,5729,6475,5712,5855,5712,5983
comentarios,o200k_base,97,6844,6844,6844,7135,5772,6234,5790,6536,5773,5916,5773,6044
comentarios,o200k_base,98,6911,6911,6911,7202,5828,6290,5846,6592,5829,5972,5829,6100
comentarios,o200k_base,99,6986,6986,6986,7277,5892,6354,5910,6656,5893,6036,5893,6164
comentarios,o200k_base,100,7059,7059,7059,7350,5954,6416,5972,6718,5955,6098,5955,6226
comentarios,o200k_base,101,7136,7136,7136,7427,6020,6482,6038,6784,6021,6164,6021,6292
comentarios,o200k_base,102,7213,7213,7213,7504,6086,6548,6104,6850,6087,6230,6087,6358
comentarios,o200k_base,103,7281,7281,7281,7572,6143,6605,6161,6907,6144,6287,6144,6415
comentarios,o200k_base,104,7365,7365,7365,7656,6216,6678,6234,6980,6217,6360,6217,6488
comentarios,o200k_base,105,7434,7434,7434,7725,6274,6736,6292,7038,6275,6418,6275,6546
comentarios,o200k_base,106,7506,7506,7506,7797,6335,6797,6353,7099,6336,6479,6336,6607
comentarios,o200k_base,107,7583,7583,7583,7874,6401,6863,6419,7165,6402,6545,6402,6673
comentarios,o200k_base,108,7664,7664,7664,7955,6471,6933,6489,7235,6472,6615,6472,6743
comentarios,o200k_base,109,7743,7743,7743,8034,6539,7001,6557,7303,6540,6683,6540,6811
comentarios,o200k_base,110,7809,7809,7809,8100,6594,7056,6612,7358,6595,6738,6595,6866
comentarios,o200k_base,111,7876,7876,7876,8167,6650,7112,6668,7414,6651,6794,6651,6922
comentarios,o200k_base,112,7956,7956,7956,8247,6719,7181,6737,7483,6720,6863,6720,6991
comentarios,o200k_base,113,8024,8024,8024,8315,6776,7238,6794,7540,6777,6920,6777,7048
comentarios,o200k_base,114,8083,8083,8083,8374,6824,7286,6842,7588,6825,6968,6825,7096
comentarios,o200k_base,115,8157,8157,8157,8448,6887,7349,6905,7651,6888,7031,6888,7159
comentarios,o200k_base,116,8227,8227,8227,8518,6946,7408,6964,7710,6947,7090,6947,7218
comentarios,o200k_base,117,8305,8305,8305,8596,7013,7475,7031,7777,7014,7157,7014,7285
comentarios,o200k_base,118,8378,8378,8378,8669,7075,7537,7093,7839,7076,7219,7076,7347
comentarios,o200k_base,119,8450,8450,8450,8741,7136,7598,7154,7900,7137,7280,7137,7408
comentarios,o200k_base,120,8528,8528,8528,8819,7203,7665,7221,7967,7204,7347,7204,7475
comentarios,o200k_base,121,8600,8600,8600,8891,7264,7726,7282,8028,7265,7408,7265,7536
comentarios,o200k_base,122,8675,8675,8675,8966,7328,7790,7346,8092,7329,7472,7329,7600
comentarios,o200k_base,123,8740,8740,8740,9031,7382,7844,7400,8146,7383,7526,7383,7654
comentarios,o200k_base,124,8807,8807,8807,9098,7438,7900,7456,8202,7439,7582,7439,7710
comentarios,o200k_base,125,8885,8885,8885,9176,7505,7967,7523,8269,7506,7649,7506,7777
comentarios,o200k_base,126,8960,8960,8960,9251,7569,8031,7587,8333,7570,7713,7570,7841
comentarios,o200k_base,127,9034,9034,9034,9325,7632,8094,7650,8396,7633,7776,7633,7904
comentarios,o200k_base,128,9121,9121,9121,9412,7708,8170,7726,8472,7709,7852,7709,7980
comentarios,o200k_base,129,9191,9191,9191,9482,7767,8229,7785,8531,7768,7911,7768,8039
comentarios,o200k_base,130,9259,9259,9259,9550,7824,8286,7842,8588,7825,7968,7825,8096
comentarios,o200k_base,131,9329,9329,9329,9620,7883,8345,7901,8647,7884,8027,7884,8155
comentarios,o200k_base,132,9390,9390,9390,9681,7933,8395,7951,8697,7934,8077,7934,8205
comentarios,o200k_base,133,9471,9471,9471,9762,8003,8465,8021,8767,8004,8147,8004,8275
comentarios,o200k_base,134,9538,9538,9538,9829,8059,8521,8077,8823,8060,8203,8060,8331
comentarios,o200k_base,135,9606,9606,9606,9897,8116,8578,8134,8880,8117,8260,8117,8388
comentarios,o200k_base,136,9671,9671,9671,9962,8170,8632,8188,8934,8171,8314,8171,8442
comentarios,o200k_base,137,9744,9744,9744,10035,8232,8694,8250,8996,8233,8376,8233,8504
comentarios,o200k_base,138,9819,9819,9819,10110,8296,8758,8314,9060,8297,8440,8297,8568
comentarios,o200k_base,139,9885,9885,9885,10176,8351,8813,8369,9115,8352,8495,8352,8623
comentarios,o200k_base,140,9967,9967,9967,10258,8422,8884,8440,9186,8423,8566,8423,8694
comentarios,o200k_base,141,10030,10030,10030,10321,8474,8936,8492,9238,8475,8618,8475,8746
comentarios,o200k_base,142,10110,10110,10110,10401,8543,9005,8561,9307,8544,8687,8544,8815
comentarios,o200k_base,143,10181,10181,10181,10472,8603,9065,8621,9367,8604,8747,8604,8875
comentarios,o200k_base,144,10251,10251,10251,10542,8662,9124,8680,9426,8663,8806,8663,8934
comentarios,o200k_base,145,10313,10313,10313,10604,8713,9175,8731,9477,8714,8857,8714,8985
comentarios,o200k_base,146,10382,10382,10382,10673,8771,9233,8789,9535,8772,8915,8772,9043
comentarios,o200k_base,147,10450,10450,10450,10741,8828,9290,8846,9592,8829,8972,8829,9100
comentarios,o200k_base,148,10530,10530,10530,10821,8897,9359,8915,9661,8898,9041,8898,9169
comentarios,o200k_base,149,10597,10597,10597,10888,8953,9415,8971,9717,8954,9097,8954,9225
comentarios,o200k_base,150,10675,10675,10675,10966,9020,9482,9038,9784,9021,9164,9021,9292
comentarios,o200k_base,151,10762,10762,10762,11053,9096,9558,9114,9860,9097,9240,9097,9368
comentarios,o200k_base,152,10831,10831,10831,11122,9154,9616,9172,9918,9155,9298,9155,9426
comentarios,o200k_base,153,10905,10905,10905,11196,9217,9679,9235,9981,9218,9361,9218,9489
comentarios,o200k_base,154,10977,10977,10977,11268,9278,9740,9296,10042,9279,9422,9279,9550
comentarios,o200k_base,155,11059,11059,11059,11350,9349,9811,9367,10113,9350,9493,9350,9621
comentarios,o200k_base,156,11133,11133,11133,11424,9412,9874,9430,10176,9413,9556,9413,9684
comentarios,o200k_base,157,11211,11211,11211,11502,9479,9941,9497,10243,9480,9623,9480,9751
comentarios,o200k_base,158,11287,11287,11287,11578,9544,10006,9562,10308,9545,9688,9545,9816
comentarios,o200k_base,159,11364,11364,11364,11655,9610,10072,9628,10374,9611,9754,9611,9882
comentarios,o200k_base,160,11431,11431,11431,11722,9666,10128,9684,10430,9667,9810,9667,9938
comentarios,o200k_base,161,11503,11503,11503,11794,9727,10189,9745,10491,9728,9871,9728,9999
comentarios,o200k_base,162,11569,11569,11569,11860,9782,10244,9800,10546,9783,9926,9783,10054
comentarios,o200k_base,163,11652,11652,11652,11943,9854,10316,9872,10618,9855,9998,9855,10126
comentarios,o200k_base,164,11717,11717,11717,12008,9908,10370,9926,10672,9909,10052,9909,10180
comentarios,o200k_base,165,11790,11790,11790,12081,9969,10431,9987,10733,9970,10113,9970,10241
comentarios,o200k_base,166,11858,11858,11858,12149,10026,10488,10044,10790,10027,10170,10027,10298
comentarios,o200k_base,167,11929,11929,11929,12220,10086,10548,10104,10850,10087,10230,10087,10358
comentarios,o200k_base,168,12004,12004,12004,12295,10150,10612,10168,10914,10151,10294,10151,10422
comentarios,o200k_base,169,12087,12087,12087,12378,10222,10684,10240,10986,10223,10366,10223,10494
comentarios,o200k_base,170,12147,12147,12147,12438,10271,10733,10289,11035,10272,10415,10272,10543
comentarios,o200k_base,171,12228,12228,12228,12519,10341,10803,10359,11105,10342,10485,10342,10613
comentarios,o200k_base,172,12294,12294,12294,12585,10396,10858,10414,11160,10397,10540,10397,10668
comentarios,o200k_base,173,12366,12366,12366,12657,10457,10919,10475,11221,10458,10601,10458,10729
comentarios,o200k_base,174,12432,12432,12432,12723,10512,10974,10530,11276,10513,10656,10513,10784
comentarios,o200k_base,175,12499,12499,12499,12790,10568,11030,10586,11332,10569,10712,10569,10840
comentarios,o200k_base,176,12580,12580,12580,12871,10638,11100,10656,11402,10639,10782,10639,10910
comentarios,o200k_base,177,12653,12653,12653,12944,10700,11162,10718,11464,10701,10844,10701,10972
comentarios,o200k_base,178,12723,12723,12723,13014,10759,11221,10777,11523,10760,10903,10760,11031
comentarios,o200k_base,179,12801,12801,12801,13092,10825,11287,10843,11589,10826,10969,10826,11097
comentarios,o200k_base,180,12874,12874,12874,13165,10887,11349,10905,11651,10888,11031,10888,11159
comentarios,o200k_base,181,12945,12945,12945,13236,10946,11408,10964,11710,10947,11090,10947,11218
comentarios,o200k_base,182,13020,13020,13020,13311,11010,11472,11028,11774,11011,11154,11011,11282
comentarios,o200k_base,183,13090,13090,13090,13381,11069,11531,11087,11833,11070,11213,11070,11341
comentarios,o200k_base,184,13164,13164,13164,13455,11132,11594,11150,11896,11133,11276,11133,11404
comentarios,o200k_base,185,13242,13242,13242,13533,11199,11661,11217,11963,11200,11343,11200,11471
comentarios,o200k_base,186,13313,13313,13313,13604,11259,11721,11277,12023,11260,11403,11260,11531
comentarios,o200k_base,187,13387,13387,13387,13678,11322,11784,11340,12086,11323,11466,11323,11594
comentarios,o200k_base,188,13459,13459,13459,13750,11383,11845,11401,12147,11384,11527,11384,11655
comentarios,o200k_base,189,13537,13537,13537,13828,11450,11912,11468,12214,11451,11594,11451,11722
comentarios,o200k_base,190,13614,13614,13614,13905,11516,11978,11534,12280,11517,11660,11517,11788
comentarios,o200k_base,191,13679,13679,13679,13970,11570,12032,11588,12334,11571,11714,11571,11842
comentarios,o200k_base,192,13742,13742,13742,14033,11622,12084,11640,12386,11623,11766,11623,11894
comentarios,o200k_base,193,13809,13809,13809,14100,11678,12140,11696,12442,11679,11822,11679,11950
comentarios,o200k_base,194,13886,13886,13886,14177,11744,12206,11762,12508,11745,11888,11745,12016
comentarios,o200k_base,195,13972,13972,13972,14263,11819,12281,11837,12583,11820,11963,11820,12091
comentarios,o200k_base,196,14037,14037,14037,14328,11873,12335,11891,12637,11874,12017,11874,12145
comentarios,o200k_base,197,14110,14110,14110,14401,11935,12397,11953,12699,11936,12079,11936,12207
comentarios,o200k_base,198,14181,14181,14181,14472,11995,12457,12013,12759,11996,12139,11996,12267
comentarios,o200k_base,199,14253,14253,14253,14544,12056,12518,12074,12820,12057,12200,12057,12328
comentarios,o200k_base,200,14321,14321,14321,14612,12113,12575,12131,12877,12114,12257,12114,12385
comentarios,o200k_base,201,14397,14397,14397,14688,12178,12640,12196,12942,12179,12322,12179,12450
comentarios,o200k_base,202,14466,14466,14466,14757,12236,12698,12254,13000,12237,12380,12237,12508
comentarios,o200k_base,203,14538,14538,14538,14829,12297,12759,12315,13061,12298,12441,12298,12569
comentarios,o200k_base,204,14596,14596,14596,14887,12344,12806,12362,13108,12345,12488,12345,12616
comentarios,o200k_base,205,14669,14669,14669,14960,12406,12868,12424,13170,12407,12550,12407,12678
comentarios,o200k_base,206,14745,14745,14745,15036,12471,12933,12489,13235,12472,12615,12472,12743
comentarios,o200k_base,207,14811,14811,14811,15102,12526,12988,12544,13290,12527,12670,12527,12798
comentarios,o200k_base,208,14887,14887,14887,15178,12591,13053,12609,13355,12592,12735,12592,12863
comentarios,o200k_base,209,14965,14965,14965,15256,12658,13120,12676,13422,12659,12802,12659,12930
comentarios,o200k_base,210,15039,15039,15039,15330,12721,13183,12739,13485,12722,12865,12722,12993
comentarios,o200k_base,211,15110,15110,15110,15401,12781,13243,12799,13545,12782,12925,12782,13053
comentarios,o200k_base,212,15183,15183,15183,15474,12843,13305,12861,13607,12844,12987,12844,13115
comentarios,o200k_base,213,15243,15243,15243,15534,12892,13354,12910,13656,12893,13036,12893,13164
comentarios,o200k_base,214,15318,15318,15318,15609,12956,13418,12974,13720,12957,13100,12957,13228
comentarios,o200k_base,215,15394,15394,15394,15685,13021,13483,13039,13785,13022,13165,13022,13293
comentarios,o200k_base,216,15481,15481,15481,15772,13097,13559,13115,13861,13098,13241,13098,13369
comentarios,o200k_base,217,15554,15554,15554,15845,13159,13621,13177,13923,13160,13303,13160,13431
comentarios,o200k_base,218,15614,15614,15614,15905,13208,13670,13226,13972,13209,13352,13209,13480
comentarios,o200k_base,219,15685,15685,15685,15976,13268,13730,13286,14032,13269,13412,13269,13540
comentarios,o200k_base,220,15758,15758,15758,16049,13330,13792,13348,14094,13331,13474,13331,13602
comentarios,o200k_base,221,15834,15834,15834,16125,13395,13857,13413,14159,13396,13539,13396,13667
comentarios,o200k_base,222,15907,15907,15907,16198,13457,13919,13475,14221,13458,13601,13458,13729
comentarios,o200k_base,223,15976,15976,15976,16267,13515,13977,13533,14279,13516,13659,13516,13787
comentarios,o200k_base,224,16056,16056,16056,16347,13584,14046,13602,14348,13585,13728,13585,13856
comentarios,o200k_base,225,16138,16138,16138,16429,13655,14117,13673,14419,13656,13799,13656,13927
comentarios,o200k_base,226,16206,16206,16206,16497,13712,14174,13730,14476,13713,13856,13713,13984
comentarios,o200k_base,227,16285,16285,16285,16576,13780,14242,13798,14544,13781,13924,13781,14052
comentarios,o200k_base,228,16353,16353,16353,16644,13837,14299,13855,14601,13838,13981,13838,14109
comentarios,o200k_base,229,16419,16419,16419,16710,13892,14354,13910,14656,13893,14036,13893,14164
comentarios,o200k_base,230,16493,16493,16493,16784,13955,14417,13973,14719,13956,14099,13956,14227
comentarios,o200k_base,231,16567,16567,16567,16858,14018,14480,14036,14782,14019,14162,14019,14290
comentarios,o200k_base,232,16645,16645,16645,16936,14085,14547,14103,14849,14086,14229,14086,14357
comentarios,o200k_base,233,16725,16725,16725,17016,14154,14616,14172,14918,14155,14298,14155,14426
comentarios,o200k_base,234,16803,16803,16803,17094,14221,14683,14239,14985,14222,14365,14222,14493
comentarios,o200k_base,235,16880,16880,16880,17171,14287,14749,14305,15051,14288,14431,14288,14559
comentarios,o200k_base,236,16955,16955,16955,17246,14351,14813,14369,15115,14352,14495,14352,14623
comentarios,o200k_base,237,17021,17021,17021,17312,14406,14868,14424,15170,14407,14550,14407,14678
comentarios,o200k_base,238,17091,17091,17091,17382,14465,14927,14483,15229,14466,14609,14466,14737
comentarios,o200k_base,239,17159,17159,17159,17450,14522,14984,14540,15286,14523,14666,14523,14794
comentarios,o200k_base,240,17228,17228,17228,17519,14580,15042,14598,15344,14581,14724,14581,14852
comentarios,o200k_base,241,17308,17308,17308,17599,14649,15111,14667,15413,14650,14793,14650,14921
comentarios,o200k_base,242,17398,17398,17398,17689,14728,15190,14746,15492,14729,14872,14729,15000
comentarios,o200k_base,243,17463,17463,17463,17754,14782,15244,14800,15546,14783,14926,14783,15054
comentarios,o200k_base,244,17533,17533,17533,17824,14841,15303,14859,15605,14842,14985,14842,15113
comentarios,o200k_base,245,17605,17605,17605,17896,14902,15364,14920,15666,14903,15046,14903,15174
comentarios,o200k_base,246,17666,17666,17666,17957,14952,15414,14970,15716,14953,15096,14953,15224
comentarios,o200k_base,247,17734,17734,17734,18025,15009,15471,15027,15773,15010,15153,15010,15281
comentarios,o200k_base,248,17810,17810,17810,18101,15074,15536,15092,15838,15075,15218,15075,15346
comentarios,o200k_base,249,17878,17878,17878,18169,15131,15593,15149,15895,15132,15275,15132,15403
comentarios,o200k_base,250,17938,17938,17938,18229,15180,15642,15198,15944,15181,15324,15181,15452
comentarios,r50k_base,1,116,116,116,492,106,758,126,1150,107,312,107,497
comentarios,r50k_base,2,204,204,204,580,183,835,203,1227,184,389,184,574
comentarios,r50k_base,3,298,298,298,674,266,918,286,1310,267,472,267,657
comentarios,r50k_base,4,396,396,396,772,353,1005,373,1397,354,559,354,744
comentarios,r50k_base,5,495,495,495,871,441,1093,460,1484,442,647,442,832
comentarios,r50k_base,6,593,593,593,969,528,1180,548,1572,529,734,529,919
comentarios,r50k_base,7,669,669,669,1045,593,1245,613,1637,594,799,594,984
comentarios,r50k_base,8,749,749,749,1125,662,1314,682,1706,663,868,663,1053
comentarios,r50k_base,9,856,856,856,1232,758,1410,778,1802,759,964,759,1149
comentarios,r50k_base,10,955,955,955,1331,846,1498,866,1890,847,1052,847,1237
comentarios,r50k_base,11,1038,1038,1038,1414,918,1570,938,1962,919,1124,919,1309
comentarios,r50k_base,12,1135,1135,1135,1511,1004,1656,1024,2048,1005,1210,1005,1395
comentarios,r50k_base,13,1239,1239,1239,1615,1097,1749,1117,2141,1098,1303,1098,1488
comentarios,r50k_base,14,1339,1339,1339,1715,1186,1838,1206,2230,1187,1392,1187,1577
comentarios,r50k_base,15,1435,1435,1435,1811,1271,1923,1291,2315,1272,1477,1272,1662
comentarios,r50k_base,16,1527,1527,1527,1903,1352,2004,1372,2396,1353,1558,1353,1743
comentarios,r50k_base,17,1607,1607,1607,1983,1421,2073,1441,2465,1422,1627,1422,1812
comentarios,r50k_base,18,1700,1700,1700,2076,1503,2155,1523,2547,1504,1709,1504,1894
comentarios,r50k_base,19,1782,1782,1782,2158,1574,2226,1594,2618,1575,1780,1575,1965
comentarios,r50k_base,20,1860,1860,1860,2236,1641,2293,1661,2685,1642,1847,1642,2032
comentarios,r50k_base,21,1961,1961,1961,2337,1731,2383,1751,2775,1732,1937,1732,2122
comentarios,r50k_base,22,2038,2038,2038,2414,1797,2449,1817,2841,1798,2003,1798,2188
comentarios,r50k_base,23,2141,2141,2141,2517,1889,2541,1909,2933,1890,2095,1890,2280
comentarios,r50k_base,24,2221,2221,2221,2597,1958,2610,1978,3002,1959,2164,1959,2349
comentarios,r50k_base,25,2317,2317,2317,2693,2043,2695,2063,3087,2044,2249,2044,2434
comentarios,r50k_base,26,2402,2402,2402,2778,2117,2769,2137,3161,2118,2323,2118,2508
comentarios,r50k_base,27,2483,2483,2483,2859,2187,2839,2207,3231,2188,2393,2188,2578
comentarios,r50k_base,28,2584,2584,2584,2960,2277,2929,2297,3321,2278,2483,2278,2668
comentarios,r50k_base,29,2658,2658,2658,3034,2340,2992,2360,3384,2341,2546,2341,2731
comentarios,r50k_base,30,2748,2748,2748,3124,2419,3071,2439,3463,2420,2625,2420,2810
comentarios,r50k_base,31,2839,2839,2839,3215,2499,3151,2519,3543,2500,2705,2500,2890
comentarios,r50k_base,32,2929,2929,2929,3305,2578,3230,2598,3622,2579,2784,2579,2969
comentarios,r50k_base,33,3011,3011,3011,3387,2649,3301,2669,3693,2650,2855,2650,3040
comentarios,r50k_base,34,3116,3116,3116,3492,2743,3395,2763,3787,2744,2949,2744,3134
comentarios,r50k_base,35,3194,3194,3194,3570,2810,3462,2830,3854,2811,3016,2811,3201
comentarios,r50k_base,36,3293,3293,3293,3669,2898,3550,2918,3942,2899,3104,2899,3289
comentarios,r50k_base,37,3397,3397,3397,3773,2991,3643,3011,4035,2992,3197,2992,3382
comentarios,r50k_base,38,3512,3512,3512,3888,3095,3747,3115,4139,3096,3301,3096,3486
comentarios,r50k_base,39,3618,3618,3618,3994,3190,3842,3210,4234,3191,3396,3191,3581
comentarios,r50k_base,40,3711,3711,3711,4087,3272,3924,3292,4316,3273,3478,3273,3663
comentarios,r50k_base,41,3815,3815,3815,4191,3365,4017,3385,4409,3366,3571,3366,3756
comentarios,r50k_base,42,3911,3911,3911,4287,3450,4102,3470,4494,3451,3656,3451,3841
comentarios,r50k_base,43,3999,3999,3999,4375,3527,4179,3547,4571,3528,3733,3528,3918
comentarios,r50k_base,44,4093,4093,4093,4469,3610,4262,3630,4654,3611,3816,3611,4001
comentarios,r50k_base,45,4179,4179,4179,4555,3685,4337,3705,4729,3686,3891,3686,4076
comentarios,r50k_base,46,4289,4289,4289,4665,3784,4436,3804,4828,3785,3990,3785,4175
comentarios,r50k_base,47,4389,4389,4389,4765,3873,4525,3893,4917,3874,4079,3874,4264
comentarios,r50k_base,48,4497,4497,4497,4873,3970,4622,3990,5014,3971,4176,3971,4361
comentarios,r50k_base,49,4594,4594,4594,4970,4056,4708,4076,5100,4057,4262,4057,4447
comentarios,r50k_base,50,4669,4669,4669,5045,4120,4772,4140,5164,4121,4326,4121,4511
comentarios,r50k_base,51,4756,4756,4756,5132,4196,4848,4216,5240,4197,4402,4197,4587
comentarios,r50k_base,52,4837,4837,4837,5213,4266,4918,4286,5310,4267,4472,4267,4657
comentarios,r50k_base,53,4926,4926,4926,5302,4344,4996,4364,5388,4345,4550,4345,4735
comentarios,r50k_base,54,5017,5017,5017,5393,4424,5076,4444,5468,4425,4630,4425,4815
comentarios,r50k_base,55,5104,5104,5104,5480,4500,5152,4520,5544,4501,4706,4501,4891
comentarios,r50k_base,56,5187,5187,5187,5563,4572,5224,4592,5616,4573,4778,4573,4963
comentarios,r50k_base,57,5264,5264,5264,5640,4638,5290,4658,5682,4639,4844,4639,5029
comentarios,r50k_base,58,5372,5372,5372,5748,4735,5387,4755,5779,4736,4941,4736,5126
comentarios,r50k_base,59,5468,5468,5468,5844,4820,5472,4840,5864,4821,5026,4821,5211
comentarios,r50k_base,60,5563,5563,5563,5939,4904,5556,4924,5948,4905,5110,4905,5295
comentarios,r50k_base,61,5654,5654,5654,6030,4984,5636,5004,6028,4985,5190,4985,5375
comentarios,r50k_base,62,5748,5748,5748,6124,5067,5719,5087,6111,5068,5273,5068,5458
comentarios,r50k_base,63,5841,5841,5841,6217,5149,5801,5169,6193,5150,5355,5150,5540
comentarios,r50k_base,64,5926,5926,5926,6302,5223,5875,5243,6267,5224,5429,5224,5614
comentarios,r50k_base,65,6017,6017,6017,6393,5303,5955,5323,6347,5304,5509,5304,5694
comentarios,r50k_base,66,6103,6103,6103,6479,5378,6030,5398,6422,5379,5584,5379,5769
comentarios,r50k_base,67,6200,6200,6200,6576,5464,6116,5484,6508,5465,5670,5465,5855
comentarios,r50k_base,68,6303,6303,6303,6679,5556,6208,5576,6600,5557,5762,5557,5947
comentarios,r50k_base,69,6406,6406,6406,6782,5648,6300,5668,6692,5649,5854,5649,6039
comentarios,r50k_base,70,6508,6508,6508,6884,5739,6391,5759,6783,5740,5945,5740,6130
comentarios,r50k_base,71,6615,6615,6615,6991,5835,6487,5855,6879,5836,6041,5836,6226
comentarios,r50k_base,72,6731,6731,6731,7107,5940,6592,5960,6984,5941,6146,5941,6331
comentarios,r50k_base,73,6826,6826,6826,7202,6024,6676,6044,7068,6025,6230,6025,6415
comentarios,r50k_base,74,6928,6928,6928,7304,6115,6767,6135,7159,6116,6321,6116,6506
comentarios,r50k_base,75,7024,7024,7024,7400,6200,6852,6220,7244,6201,6406,6201,6591
comentarios,r50k_base,76,7116,7116,7116,7492,6281,6933,6301,7325,6282,6487,6282,6672
comentarios,r50k_base,77,7226,7226,7226,7602,6380,7032,6400,7424,6381,6586,6381,6771
comentarios,r50k_base,78,7327,7327,7327,7703,6470,7122,6490,7514,6471,6676,6471,6861
comentarios,r50k_base,79,7418,7418,7418,7794,6550,7202,6570,7594,6551,6756,6551,6941
comentarios,r50k_base,80,7509,7509,7509,7885,6630,7282,6650,7674,6631,6836,6631,7021
comentarios,r50k_base,81,7606,7606,7606,7982,6716,7368,6736,7760,6717,6922,6717,7107
comentarios,r50k_base,82,7711,7711,7711,8087,6810,7462,6830,7854,6811,7016,6811,7201
comentarios,r50k_base,83,7811,7811,7811,8187,6899,7551,6919,7943,6900,7105,6900,7290
comentarios,r50k_base,84,7900,7900,7900,8276,6977,7629,6997,8021,6978,7183,6978,7368
comentarios,r50k_base,85,7995,7995,7995,8371,7061,7713,7081,8105,7062,7267,7062,7452
comentarios,r50k_base,86,8113,8113,8113,8489,7168,7820,7188,8212,7169,7374,7169,7559
comentarios,r50k_base,87,8217,8217,8217,8593,7261,7913,7281,8305,7262,7467,7262,7652
comentarios,r50k_base,88,8318,8318,8318,8694,7351,8003,7371,8395,7352,7557,7352,7742
comentarios,r50k_base,89,8407,8407,8407,8783,7429,8081,7449,8473,7430,7635,7430,7820
comentarios,r50k_base,90,8506,8506,8506,8882,7517,8169,7537,8561,7518,7723,7518,7908
comentarios,r50k_base,91,8598,8598,8598,8974,7598,8250,7618,8642,7599,7804,7599,7989
comentarios,r50k_base,92,8706,8706,8706,9082,7695,8347,7715,8739,7696,7901,7696,8086
comentarios,r50k_base,93,8783,8783,8783,9159,7761,8413,7781,8805,7762,7967,7762,8152
comentarios,r50k_base,94,8861,8861,8861,9237,7828,8480,7848,8872,7829,8034,7829,8219
comentarios,r50k_base,95,8955,8955,8955,9331,7911,8563,7931,8955,7912,8117,7912,8302
comentarios,r50k_base,96,9048,9048,9048,9424,7993,8645,8013,9037,7994,8199,7994,8384
comentarios,r50k_base,97,9142,9142,9142,9518,8076,8728,8096,9120,8077,8282,8077,8467
comentarios,r50k_base,98,9234,9234,9234,9610,8157,8809,8177,9201,8158,8363,8158,8548
comentarios,r50k_base,99,9335,9335,9335,9711,8247,8899,8267,9291,8248,8453,8248,8638
comentarios,r50k_base,100,9440,9440,9440,9816,8341,8993,8361,9385,8342,8547,8342,8732
comentarios,r50k_base,101,9543,9543,9543,9919,8433,9085,8453,9477,8434,8639,8434,8824
comentarios,r50k_base,102,9639,9639,9639,10015,8518,9170,8538,9562,8519,8724,8519,8909
comentarios,r50k_base,103,9733,9733,9733,10109,8601,9253,8621,9645,8602,8807,8602,8992
comentarios,r50k_base,104,9841,9841,9841,10217,8698,9350,8718,9742,8699,8904,8699,9089
comentarios,r50k_base,105,9925,9925,9925,10301,8771,9423,8791,9815,8772,8977,8772,9162
comentarios,r50k_base,106,10022,10022,10022,10398,8857,9509,8877,9901,8858,9063,8858,9248
comentarios,r50k_base,107,10126,10126,10126,10502,8950,9602,8970,9994,8951,9156,8951,9341
comentarios,r50k_base,108,10243,10243,10243,10619,9056,9708,9076,10100,9057,9262,9057,9447
comentarios,r50k_base,109,10353,10353,10353,10729,9155,9807,9175,10199,9156,9361,9156,9546
comentarios,r50k_base,110,10443,10443,10443,10819,9234,9886,9254,10278,9235,9440,9235,9625
comentarios,r50k_base,111,10533,10533,10533,10909,9313,9965,9333,10357,9314,9519,9314,9704
comentarios,r50k_base,112,10642,10642,10642,11018,9411,10063,9431,10455,9412,9617,9412,9802
comentarios,r50k_base,113,10738,10738,10738,11114,9496,10148,9516,10540,9497,9702,9497,9887
comentarios,r50k_base,114,10816,10816,10816,11192,9563,10215,9583,10607,9564,9769,9564,9954
comentarios,r50k_base,115,10916,10916,10916,11292,9652,10304,9672,10696,9653,9858,9653,10043
comentarios,r50k_base,116,11014,11014,11014,11390,9739,10391,9759,10783,9740,9945,9740,10130
comentarios,r50k_base,117,11120,11120,11120,11496,9834,10486,9854,10878,9835,10040,9835,10225
comentarios,r50k_base,118,11219,11219,11219,11595,9922,10574,9942,10966,9923,10128,9923,10313
comentarios,r50k_base,119,11306,11306,11306,11682,9998,10650,10018,11042,9999,10204,9999,10389
comentarios,r50k_base,120,11416,11416,11416,11792,10097,10749,10117,11141,10098,10303,10098,10488
comentarios,r50k_base,121,11511,11511,11511,11887,10181,10833,10201,11225,10182,10387,10182,10572
comentarios,r50k_base,122,11617,11617,11617,11993,10276,10928,10296,11320,10277,10482,10277,10667
comentarios,r50k_base,123,11701,11701,11701,12077,10349,11001,10369,11393,10350,10555,10350,10740
comentarios,r50k_base,124,11792,11792,11792,12168,10429,11081,10449,11473,10430,10635,10430,10820
comentarios,r50k_base,125,11903,11903,11903,12279,10529,11181,10549,11573,10530,10735,10530,10920
comentarios,r50k_base,126,12011,12011,12011,12387,10626,11278,10646,11670,10627,10832,10627,11017
comentarios,r50k_base,127,12115,12115,12115,12491,10719,11371,10739,11763,10720,10925,10720,11110
comentarios,r50k_base,128,12244,12244,12244,12620,10837,11489,10857,11881,10838,11043,10838,11228
comentarios,r50k_base,129,12344,12344,12344,12720,10926,11578,10946,11970,10927,11132,10927,11317
comentarios,r50k_base,130,12428,12428,12428,12804,10999,11651,11019,12043,11000,11205,11000,11390
comentarios,r50k_base,131,12525,12525,12525,12901,11085,11737,11105,12129,11086,11291,11086,11476
comentarios,r50k_base,132,12606,12606,12606,12982,11155,11807,11175,12199,11156,11361,11156,11546
comentarios,r50k_base,133,12716,12716,12716,13092,11254,11906,11274,12298,11255,11460,11255,11645
comentarios,r50k_base,134,12808,12808,12808,13184,11335,11987,11355,12379,11336,11541,11336,11726
comentarios,r50k_base,135,12896,12896,12896,13272,11412,12064,11432,12456,11413,11618,11413,11803
comentarios,r50k_base,136,12984,12984,12984,13360,11489,12141,11509,12533,11490,11695,11490,11880
comentarios,r50k_base,137,13083,13083,13083,13459,11577,12229,11597,12621,11578,11783,11578,11968
comentarios,r50k_base,138,13179,13179,13179,13555,11662,12314,11682,12706,11663,11868,11663,12053
comentarios,r50k_base,139,13268,13268,13268,13644,11740,12392,11760,12784,11741,11946,11741,12131
comentarios,r50k_base,140,13384,13384,13384,13760,11845,12497,11865,12889,11846,12051,11846,12236
comentarios,r50k_base,141,13462,13462,13462,13838,11912,12564,11932,12956,11913,12118,11913,12303
comentarios,r50k_base,142,13574,13574,13574,13950,12013,12665,12033,13057,12014,12219,12014,12404
comentarios,r50k_base,143,13673,13673,13673,14049,12101,12753,12121,13145,12102,12307,12102,12492
comentarios,r50k_base,144,13767,13767,13767,14143,12184,12836,12204,13228,12185,12390,12185,12575
comentarios,r50k_base,145,13850,13850,13850,14226,12256,12908,12276,13300,12257,12462,12257,12647
comentarios,r50k_base,146,13947,13947,13947,14323,12342,12994,12362,13386,12343,12548,12343,12733
comentarios,r50k_base,147,14031,14031,14031,14407,12415,13067,12435,13459,12416,12621,12416,12806
comentarios,r50k_base,148,14137,14137,14137,14513,12510,13162,12530,13554,12511,12716,12511,12901
comentarios,r50k_base,149,14223,14223,14223,14599,12585,13237,12605,13629,12586,12791,12586,12976
comentarios,r50k_base,150,14337,14337,14337,14713,12688,13340,12708,13732,12689,12894,12689,13079
comentarios,r50k_base,151,14455,14455,14455,14831,12795,13447,12815,13839,12796,13001,12796,13186
comentarios,r50k_base,152,14547,14547,14547,14923,12876,13528,12896,13920,12877,13082,12877,13267
comentarios,r50k_base,153,14640,14640,14640,15016,12958,13610,12978,14002,12959,13164,12959,13349
comentarios,r50k_base,154,14738,14738,14738,15114,13045,13697,13065,14089,13046,13251,13046,13436
comentarios,r50k_base,155,14846,14846,14846,15222,13142,13794,13162,14186,13143,13348,13143,13533
comentarios,r50k_base,156,14955,14955,14955,15331,13240,13892,13260,14284,13241,13446,13241,13631
comentarios,r50k_base,157,15062,15062,15062,15438,13336,13988,13356,14380,13337,13542,13337,13727
comentarios,r50k_base,158,15162,15162,15162,15538,13425,14077,13445,14469,13426,13631,13426,13816
comentarios,r50k_base,159,15265,15265,15265,15641,13517,14169,13537,14561,13518,13723,13518,13908
comentarios,r50k_base,160,15350,15350,15350,15726,13591,14243,13611,14635,13592,13797,13592,13982
comentarios,r50k_base,161,15447,15447,15447,15823,13677,14329,13697,14721,13678,13883,13678,14068
comentarios,r50k_base,162,15540,15540,15540,15916,13759,14411,13779,14803,13760,13965,13760,14150
comentarios,r50k_base,163,15652,15652,15652,16028,13860,14512,13880,14904,13861,14066,13861,14251
comentarios,r50k_base,164,15748,15748,15748,16124,13945,14597,13965,14989,13946,14151,13946,14336
comentarios,r50k_base,165,15850,15850,15850,16226,14036,14688,14056,15080,14037,14242,14037,14427
comentarios,r50k_base,166,15941,15941,15941,16317,14116,14768,14136,15160,14117,14322,14117,14507
comentarios,r50k_base,167,16041,16041,16041,16417,14205,14857,14225,15249,14206,14411,14206,14596
comentarios,r50k_base,168,16147,16147,16147,16523,14300,14952,14320,15344,14301,14506,14301,14691
comentarios,r50k_base,169,16265,16265,16265,16641,14407,15059,14427,15451,14408,14613,14408,14798
comentarios,r50k_base,170,16342,16342,16342,16718,14473,15125,14493,15517,14474,14679,14474,14864
comentarios,r50k_base,171,16455,16455,16455,16831,14575,15227,14595,15619,14576,14781,14576,14966
comentarios,r50k_base,172,16549,16549,16549,16925,14658,15310,14678,15702,14659,14864,14659,15049
comentarios,r50k_base,173,16646,16646,16646,17022,14744,15396,14764,15788,14745,14950,14745,15135
comentarios,r50k_base,174,16730,16730,16730,17106,14817,15469,14837,15861,14818,15023,14818,15208
comentarios,r50k_base,175,16821,16821,16821,17197,14897,15549,14917,15941,14898,15103,14898,15288
comentarios,r50k_base,176,16925,16925,16925,17301,14990,15642,15010,16034,14991,15196,14991,15381
comentarios,r50k_base,177,17024,17024,17024,17400,15078,15730,15098,16122,15079,15284,15079,15469
comentarios,r50k_base,178,17113,17113,17113,17489,15156,15808,15176,16200,15157,15362,15157,15547
comentarios,r50k_base,179,17216,17216,17216,17592,15248,15900,15268,16292,15249,15454,15249,15639
comentarios,r50k_base,180,17317,17317,17317,17693,15338,15990,15358,16382,15339,15544,15339,15729
comentarios,r50k_base,181,17414,17414,17414,17790,15424,16076,15444,16468,15425,15630,15425,15815
comentarios,r50k_base,182,17519,17519,17519,17895,15518,16170,15538,16562,15519,15724,15519,15909
comentarios,r50k_base,183,17609,17609,17609,17985,15597,16249,15617,16641,15598,15803,15598,15988
comentarios,r50k_base,184,17709,17709,17709,18085,15686,16338,15706,16730,15687,15892,15687,16077
comentarios,r50k_base,185,17814,17814,17814,18190,15780,16432,15800,16824,15781,15986,15781,16171
comentarios,r50k_base,186,17914,17914,17914,18290,15869,16521,15889,16913,15870,16075,15870,16260
comentarios,r50k_base,187,18011,18011,18011,18387,15955,16607,15975,16999,15956,16161,15956,16346
comentarios,r50k_base,188,18109,18109,18109,18485,16042,16694,16062,17086,16043,16248,16043,16433
comentarios,r50k_base,189,18214,18214,18214,18590,16136,16788,16156,17180,16137,16342,16137,16527
comentarios,r50k_base,190,18318,18318,18318,18694,16229,16881,16249,17273,16230,16435,16230,16620
comentarios,r50k_base,191,18407,18407,18407,18783,16307,16959,16327,17351,16308,16513,16308,16698
comentarios,r50k_base,192,18493,18493,18493,18869,16382,17034,16402,17426,16383,16588,16383,16773
comentarios,r50k_base,193,18586,18586,18586,18962,16464,17116,16484,17508,16465,16670,16465,16855
comentarios,r50k_base,194,18695,18695,18695,19071,16562,17214,16582,17606,16563,16768,16563,16953
comentarios,r50k_base,195,18806,18806,18806,19182,16662,17314,16682,17706,16663,16868,16663,17053
comentarios,r50k_base,196,18888,18888,18888,19264,16733,17385,16753,17777,16734,16939,16734,17124
comentarios,r50k_base,197,18983,18983,18983,19359,16817,17469,16837,17861,16818,17023,16818,17208
comentarios,r50k_base,198,19076,19076,19076,19452,16899,17551,16919,17943,16900,17105,16900,17290
comentarios,r50k_base,199,19171,19171,19171,19547,16983,17635,17003,18027,16984,17189,16984,17374
comentarios,r50k_base,200,19256,19256,19256,19632,17057,17709,17077,18101,17058,17263,17058,17448
comentarios,r50k_base,201,19362,19362,19362,19738,17152,17804,17172,18196,17153,17358,17153,17543
comentarios,r50k_base,202,19463,19463,19463,19839,17242,17894,17262,18286,17243,17448,17243,17633
comentarios,r50k_base,203,19563,19563,19563,19939,17331,17983,17351,18375,17332,17537,17332,17722
comentarios,r50k_base,204,19637,19637,19637,20013,17394,18046,17414,18438,17395,17600,17395,17785
comentarios,r50k_base,205,19733,19733,19733,20109,17479,18131,17499,18523,17480,17685,17480,17870
comentarios,r50k_base,206,19838,19838,19838,20214,17573,18225,17593,18617,17574,17779,17574,17964
comentarios,r50k_base,207,19929,19929,19929,20305,17653,18305,17673,18697,17654,17859,17654,18044
comentarios,r50k_base,208,20035,20035,20035,20411,17748,18400,17768,18792,17749,17954,17749,18139
comentarios,r50k_base,209,20148,20148,20148,20524,17850,18502,17870,18894,17851,18056,17851,18241
comentarios,r50k_base,210,20242,20242,20242,20618,17933,18585,17953,18977,17934,18139,17934,18324
comentarios,r50k_base,211,20332,20332,20332,20708,18012,18664,18032,19056,18013,18218,18013,18403
comentarios,r50k_base,212,20433,20433,20433,20809,18102,18754,18122,19146,18103,18308,18103,18493
comentarios,r50k_base,213,20508,20508,20508,20884,18166,18818,18186,19210,18167,18372,18167,18557
comentarios,r50k_base,214,20608,20608,20608,20984,18255,18907,18275,19299,18256,18461,18256,18646
comentarios,r50k_base,215,20714,20714,20714,21090,18350,19002,18370,19394,18351,18556,18351,18741
comentarios,r50k_base,216,20835,20835,20835,21211,18460,19112,18480,19504,18461,18666,18461,18851
comentarios,r50k_base,217,20934,20934,20934,21310,18548,19200,18568,19592,18549,18754,18549,18939
comentarios,r50k_base,218,21009,21009,21009,21385,18612,19264,18632,19656,18613,18818,18613,19003
comentarios,r50k_base,219,21100,21100,21100,21476,18692,19344,18712,19736,18693,18898,18693,19083
comentarios,r50k_base,220,21197,21197,21197,21573,18778,19430,18798,19822,18779,18984,18779,19169
comentarios,r50k_base,221,21300,21300,21300,21676,18870,19522,18890,19914,18871,19076,18871,19261
comentarios,r50k_base,222,21394,21394,21394,21770,18953,19605,18973,19997,18954,19159,18954,19344
comentarios,r50k_base,223,21486,21486,21486,21862,19034,19686,19054,20078,19035,19240,19035,19425
comentarios,r50k_base,224,21602,21602,21602,21978,19139,19791,19159,20183,19140,19345,19140,19530
comentarios,r50k_base,225,21723,21723,21723,22099,19249,19901,19269,20293,19250,19455,19250,19640
comentarios,r50k_base,226,21812,21812,21812,22188,19327,19979,19347,20371,19328,19533,19328,19718
comentarios,r50k_base,227,21924,21924,21924,22300,19428,20080,19448,20472,19429,19634,19429,19819
comentarios,r50k_base,228,22015,22015,22015,22391,19508,20160,19528,20552,19509,19714,19509,19899
comentarios,r50k_base,229,22102,22102,22102,22478,19584,20236,19604,20628,19585,19790,19585,19975
comentarios,r50k_base,230,22200,22200,22200,22576,19671,20323,19691,20715,19672,19877,19672,20062
comentarios,r50k_base,231,22297,22297,22297,22673,19757,20409,19777,20801,19758,19963,19758,20148
comentarios,r50k_base,232,22404,22404,22404,22780,19853,20505,19873,20897,19854,20059,19854,20244
comentarios,r50k_base,233,22517,22517,22517,22893,19955,20607,19975,20999,19956,20161,19956,20346
comentarios,r50k_base,234,22625,22625,22625,23001,20052,20704,20072,21096,20053,20258,20053,20443
comentarios,r50k_base,235,22732,22732,22732,23108,20148,20800,20168,21192,20149,20354,20149,20539
comentarios,r50k_base,236,22833,22833,22833,23209,20238,20890,20258,21282,20239,20444,20239,20629
comentarios,r50k_base,237,22927,22927,22927,23303,20321,20973,20341,21365,20322,20527,20322,20712
comentarios,r50k_base,238,23017,23017,23017,23393,20400,21052,20420,21444,20401,20606,20401,20791
comentarios,r50k_base,239,23108,23108,23108,23484,20480,21132,20500,21524,20481,20686,20481,20871
comentarios,r50k_base,240,23197,23197,23197,23573,20558,21210,20578,21602,20559,20764,20559,20949
comentarios,r50k_base,241,23300,23300,23300,23676,20650,21302,20670,21694,20651,20856,20651,21041
comentarios,r50k_base,242,23421,23421,23421,23797,20760,21412,20780,21804,20761,20966,20761,21151
comentarios,r50k_base,243,23510,23510,23510,23886,20838,21490,20858,21882,20839,21044,20839,21229
comentarios,r50k_base,244,23611,23611,23611,23987,20928,21580,20948,21972,20929,21134,20929,21319
comentarios,r50k_base,245,23704,23704,23704,24080,21010,21662,21030,22054,21011,21216,21011,21401
comentarios,r50k_base,246,23800,23800,23800,24176,21095,21747,21115,22139,21096,21301,21096,21486
comentarios,r50k_base,247,23896,23896,23896,24272,21180,21832,21200,22224,21181,21386,21181,21571
comentarios,r50k_base,248,23994,23994,23994,24370,21267,21919,21287,22311,21268,21473,21268,21658
comentarios,r50k_base,249,24081,24081,24081,24457,21343,21995,21363,22387,21344,21549,21344,21734
comentarios,r50k_base,250,24162,24162,24162,24538,21413,22065,21433,22457,21414,21619,21414,21804
eventos,cl100k_base,1,71,71,71,546,45,667,62,913,29,360,29,407
eventos,cl100k_base,2,136,136,136,611,83,705,100,951,43,374,43,421
eventos,cl100k_base,3,202,202,202,677,123,745,125,976,57,388,57,435
eventos,cl100k_base,4,269,269,269,744,164,786,155,1006,71,402,71,449
eventos,cl100k_base,5,334,334,334,809,203,825,183,1034,85,416,85,463
eventos,cl100k_base,6,401,401,401,876,244,866,233,1084,101,432,101,479
eventos,cl100k_base,7,466,466,466,941,283,905,262,1113,115,446,115,493
eventos,cl100k_base,8,533,533,533,1008,324,946,290,1141,130,461,130,508
eventos,cl100k_base,9,601,601,601,1076,366,988,326,1177,146,477,146,524
eventos,cl100k_base,10,667,667,667,1142,404,1026,355,1206,161,492,161,539
eventos,cl100k_base,11,735,735,735,1210,446,1068,384,1235,177,508,177,555
eventos,cl100k_base,12,799,799,799,1274,484,1106,408,1259,192,523,192,570
eventos,cl100k_base,13,864,864,864,1339,523,1145,434,1285,206,537,206,584
eventos,cl100k_base,14,928,928,928,1403,559,1181,460,1311,221,552,221,599
eventos,cl100k_base,15,994,994,994,1469,599,1221,486,1337,237,568,237,615
eventos,cl100k_base,16,1059,1059,1059,1534,638,1260,512,1363,251,582,251,629
eventos,cl100k_base,17,1129,1129,1129,1604,682,1304,548,1399,266,597,266,644
eventos,cl100k_base,18,1198,1198,1198,1673,725,1347,577,1428,282,613,282,660
eventos,cl100k_base,19,1263,1263,1263,1738,764,1386,603,1454,296,627,296,674
eventos,cl100k_base,20,1330,1330,1330,1805,803,1425,635,1486,310,641,310,688
eventos,cl100k_base,21,1398,1398,1398,1873,844,1466,631,1482,325,656,325,703
eventos,cl100k_base,22,1465,1465,1465,1940,884,1506,659,1510,338,669,338,716
eventos,cl100k_base,23,1532,1532,1532,2007,925,1547,689,1540,353,684,353,731
eventos,cl100k_base,24,1599,1599,1599,2074,966,1588,712,1563,369,700,369,747
eventos,cl100k_base,25,1667,1667,1667,2142,1007,1629,735,1586,383,714,383,761
eventos,cl100k_base,26,1735,1735,1735,2210,1049,1671,766,1617,398,729,398,776
eventos,cl100k_base,27,1804,1804,1804,2279,1092,1714,789,1640,415,746,415,793
eventos,cl100k_base,28,1868,1868,1868,2343,1130,1752,812,1663,430,761,430,808
eventos,cl100k_base,29,1934,1934,1934,2409,1169,1791,835,1686,443,774,443,821
eventos,cl100k_base,30,2002,2002,2002,2477,1210,1832,858,1709,457,788,457,835
eventos,cl100k_base,31,2069,2069,2069,2544,1251,1873,881,1732,470,801,470,848
eventos,cl100k_base,32,2139,2139,2139,2614,1295,1917,904,1755,486,817,486,864
eventos,cl100k_base,33,2204,2204,2204,2679,1334,1956,927,1778,501,832,501,879
eventos,cl100k_base,34,2271,2271,2271,2746,1375,1997,950,1801,517,848,517,895
eventos,cl100k_base,35,2338,2338,2338,2813,1416,2038,973,1824,534,865,534,912
eventos,cl100k_base,36,2405,2405,2405,2880,1457,2079,996,1847,549,880,549,927
eventos,cl100k_base,37,2473,2473,2473,2948,1498,2120,1019,1870,562,893,562,940
eventos,cl100k_base,38,2540,2540,2540,3015,1539,2161,1042,1893,578,909,578,956
eventos,cl100k_base,39,2609,2609,2609,3084,1582,2204,1065,1916,592,923,592,970
eventos,cl100k_base,40,2675,2675,2675,3150,1622,2244,1088,1939,608,939,608,986
eventos,cl100k_base,41,2741,2741,2741,3216,1661,2283,1111,1962,621,952,621,999
eventos,cl100k_base,42,2808,2808,2808,3283,1702,2324,1134,1985,635,966,635,1013
eventos,cl100k_base,43,2877,2877,2877,3352,1745,2367,1157,2008,651,982,651,1029
eventos,cl100k_base,44,2945,2945,2945,3420,1787,2409,1180,2031,665,996,665,1043
eventos,cl100k_base,45,3013,3013,3013,3488,1827,2449,1203,2054,680,1011,680,1058
eventos,cl100k_base,46,3078,3078,3078,3553,1864,2486,1226,2077,696,1027,696,1074
eventos,cl100k_base,47,3146,3146,3146,3621,1906,2528,1249,2100,710,1041,710,1088
eventos,cl100k_base,48,3214,3214,3214,3689,1948,2570,1272,2123,726,1057,726,1104
eventos,cl100k_base,49,3283,3283,3283,3758,1991,2613,1295,2146,742,1073,742,1120
eventos,cl100k_base,50,3348,3348,3348,3823,2030,2652,1318,2169,757,1088,757,1135
eventos,cl100k_base,51,3415,3415,3415,3890,2071,2693,1341,2192,772,1103,772,1150
eventos,cl100k_base,52,3486,3486,3486,3961,2116,2738,1364,2215,789,1120,789,1167
eventos,cl100k_base,53,3556,3556,3556,4031,2159,2781,1387,2238,805,1136,805,1183
eventos,cl100k_base,54,3621,3621,3621,4096,2198,2820,1410,2261,819,1150,819,1197
eventos,cl100k_base,55,3688,3688,3688,4163,2239,2861,1433,2284,833,1164,833,1211
eventos,cl100k_base,56,3754,3754,3754,4229,2279,2901,1456,2307,848,1179,848,1226
eventos,cl100k_base,57,3820,3820,3820,4295,2319,2941,1479,2330,862,1193,862,1240
eventos,cl100k_base,58,3887,3887,3887,4362,2360,2982,1502,2353,878,1209,878,1256
eventos,cl100k_base,59,3952,3952,3952,4427,2397,3019,1525,2376,892,1223,892,1270
eventos,cl100k_base,60,4023,4023,4023,4498,2440,3062,1548,2399,908,1239,908,1286
eventos,cl100k_base,61,4089,4089,4089,4564,2478,3100,1571,2422,923,1254,923,1301
eventos,cl100k_base,62,4157,4157,4157,4632,2520,3142,1594,2445,939,1270,939,1317
eventos,cl100k_base,63,4225,4225,4225,4700,2560,3182,1617,2468,955,1286,955,1333
eventos,cl100k_base,64,4292,4292,4292,4767,2601,3223,1640,2491,970,1301,970,1348
eventos,cl100k_base,65,4358,4358,4358,4833,2640,3262,1663,2514,984,1315,984,1362
eventos,cl100k_base,66,4427,4427,4427,4902,2683,3305,1686,2537,1000,1331,1000,1378
eventos,cl100k_base,67,4495,4495,4495,4970,2725,3347,1709,2560,1017,1348,1017,1395
eventos,cl100k_base,68,4561,4561,4561,5036,2765,3387,1732,2583,1033,1364,1033,1411
eventos,cl100k_base,69,4627,4627,4627,5102,2805,3427,1755,2606,1048,1379,1048,1426
eventos,cl100k_base,70,4696,4696,4696,5171,2848,3470,1778,2629,1064,1395,1064,1442
eventos,cl100k_base,71,4765,4765,4765,5240,2891,3513,1801,2652,1080,1411,1080,1458
eventos,cl100k_base,72,4830,4830,4830,5305,2930,3552,1824,2675,1094,1425,1094,1472
eventos,cl100k_base,73,4898,4898,4898,5373,2971,3593,1847,2698,1107,1438,1107,1485
eventos,cl100k_base,74,4968,4968,4968,5443,3015,3637,1870,2721,1121,1452,1121,1499
eventos,cl100k_base,75,5032,5032,5032,5507,3053,3675,1893,2744,1137,1468,1137,1515
eventos,cl100k_base,76,5097,5097,5097,5572,3092,3714,1916,2767,1151,1482,1151,1529
eventos,cl100k_base,77,5163,5163,5163,5638,3130,3752,1939,2790,1165,1496,1165,1543
eventos,cl100k_base,78,5228,5228,5228,5703,3169,3791,1962,2813,1180,1511,1180,1558
eventos,cl100k_base,79,5298,5298,5298,5773,3213,3835,1985,2836,1195,1526,1195,1573
eventos,cl100k_base,80,5364,5364,5364,5839,3251,3873,2008,2859,1211,1542,1211,1589
eventos,cl100k_base,81,5430,5430,5430,5905,3290,3912,2031,2882,1224,1555,1224,1602
eventos,cl100k_base,82,5495,5495,5495,5970,3329,3951,2054,2905,1239,1570,1239,1617
eventos,cl100k_base,83,5562,5562,5562,6037,3368,3990,2077,2928,1253,1584,1253,1631
eventos,cl100k_base,84,5626,5626,5626,6101,3405,4027,2100,2951,1268,1599,1268,1646
eventos,cl100k_base,85,5695,5695,5695,6170,3448,4070,2123,2974,1284,1615,1284,1662
eventos,cl100k_base,86,5761,5761,5761,6236,3485,4107,2146,2997,1297,1628,1297,1675
eventos,cl100k_base,87,5826,5826,5826,6301,3524,4146,2169,3020,1312,1643,1312,1690
eventos,cl100k_base,88,5893,5893,5893,6368,3565,4187,2192,3043,1328,1659,1328,1706
eventos,cl100k_base,89,5959,5959,5959,6434,3605,4227,2215,3066,1344,1675,1344,1722
eventos,cl100k_base,90,6026,6026,6026,6501,3646,4268,2238,3089,1358,1689,1358,1736
eventos,cl100k_base,91,6090,6090,6090,6565,3684,4306,2261,3112,1372,1703,1372,1750
eventos,cl100k_base,92,6160,6160,6160,6635,3728,4350,2284,3135,1387,1718,1387,1765
eventos,cl100k_base,93,6225,6225,6225,6700,3767,4389,2307,3158,1403,1734,1403,1781
eventos,cl100k_base,94,6292,6292,6292,6767,3808,4430,2330,3181,1419,1750,1419,1797
eventos,cl100k_base,95,6362,6362,6362,6837,3852,4474,2353,3204,1435,1766,1435,1813
eventos,cl100k_base,96,6431,6431,6431,6906,3895,4517,2376,3227,1451,1782,1451,1829
eventos,cl100k_base,97,6500,6500,6500,6975,3938,4560,2399,3250,1467,1798,1467,1845
eventos,cl100k_base,98,6565,6565,6565,7040,3977,4599,2422,3273,1483,1814,1483,1861
eventos,cl100k_base,99,6634,6634,6634,7109,4020,4642,2445,3296,1499,1830,1499,1877
eventos,cl100k_base,100,6698,6698,6698,7173,4058,4680,2468,3319,1513,1844,1513,1891
eventos,cl100k_base,101,6767,6767,6767,7242,4101,4723,2491,3342,1527,1858,1527,1905
eventos,cl100k_base,102,6833,6833,6833,7308,4141,4763,2514,3365,1543,1874,1543,1921
eventos,cl100k_base,103,6898,6898,6898,7373,4179,4801,2537,3388,1557,1888,1557,1935
eventos,cl100k_base,104,6967,6967,6967,7442,4221,4843,2560,3411,1573,1904,1573,1951
eventos,cl100k_base,105,7036,7036,7036,7511,4264,4886,2583,3434,1589,1920,1589,1967
eventos,cl100k_base,106,7104,7104,7104,7579,4306,4928,2606,3457,1603,1934,1603,1981
eventos,cl100k_base,107,7170,7170,7170,7645,4346,4968,2629,3480,1619,1950,1619,1997
eventos,cl100k_base,108,7238,7238,7238,7713,4388,5010,2652,3503,1633,1964,1633,2011
eventos,cl100k_base,109,7308,7308,7308,7783,4432,5054,2675,3526,1649,1980,1649,2027
eventos,cl100k_base,110,7375,7375,7375,7850,4473,5095,2698,3549,1665,1996,1665,2043
eventos,cl100k_base,111,7442,7442,7442,7917,4514,5136,2721,3572,1681,2012,1681,2059
eventos,cl100k_base,112,7509,7509,7509,7984,4553,5175,2744,3595,1695,2026,1695,2073
eventos,cl100k_base,113,7576,7576,7576,8051,4594,5216,2767,3618,1709,2040,1709,2087
eventos,cl100k_base,114,7642,7642,7642,8117,4633,5255,2790,3641,1722,2053,1722,2100
eventos,cl100k_base,115,7712,7712,7712,8187,4677,5299,2813,3664,1736,2067,1736,2114
eventos,cl100k_base,116,7782,7782,7782,8257,4721,5343,2836,3687,1750,2081,1750,2128
eventos,cl100k_base,117,7850,7850,7850,8325,4763,5385,2859,3710,1763,2094,1763,2141
eventos,cl100k_base,118,7914,7914,7914,8389,4801,5423,2882,3733,1778,2109,1778,2156
eventos,cl100k_base,119,7984,7984,7984,8459,4845,5467,2905,3756,1795,2126,1795,2173
eventos,cl100k_base,120,8051,8051,8051,8526,4886,5508,2928,3779,1810,2141,1810,2188
eventos,cl100k_base,121,8116,8116,8116,8591,4925,5547,2951,3802,1824,2155,1824,2202
eventos,cl100k_base,122,8181,8181,8181,8656,4964,5586,2974,3825,1839,2170,1839,2217
eventos,cl100k_base,123,8251,8251,8251,8726,5008,5630,2997,3848,1855,2186,1855,2233
eventos,cl100k_base,124,8315,8315,8315,8790,5046,5668,3020,3871,1871,2202,1871,2249
eventos,cl100k_base,125,8381,8381,8381,8856,5084,5706,3043,3894,1887,2218,1887,2265
eventos,cl100k_base,126,8444,8444,8444,8919,5121,5743,3066,3917,1903,2234,1903,2281
eventos,cl100k_base,127,8510,8510,8510,8985,5161,5783,3089,3940,1918,2249,1918,2296
eventos,cl100k_base,128,8575,8575,8575,9050,5200,5822,3112,3963,1932,2263,1932,2310
eventos,cl100k_base,129,8640,8640,8640,9115,5239,5861,3135,3986,1948,2279,1948,2326
eventos,cl100k_base,130,8705,8705,8705,9180,5276,5898,3158,4009,1963,2294,1963,2341
eventos,cl100k_base,131,8772,8772,8772,9247,5317,5939,3181,4032,1976,2307,1976,2354
eventos,cl100k_base,132,8839,8839,8839,9314,5358,5980,3204,4055,1991,2322,1991,2369
eventos,cl100k_base,133,8903,8903,8903,9378,5396,6018,3227,4078,2005,2336,2005,2383
eventos,cl100k_base,134,8968,8968,8968,9443,5435,6057,3250,4101,2020,2351,2020,2398
eventos,cl100k_base,135,9040,9040,9040,9515,5481,6103,3273,4124,2035,2366,2035,2413
eventos,cl100k_base,136,9111,9111,9111,9586,5526,6148,3296,4147,2050,2381,2050,2428
eventos,cl100k_base,137,9176,9176,9176,9651,5565,6187,3319,4170,2064,2395,2064,2442
eventos,cl100k_base,138,9245,9245,9245,9720,5608,6230,3342,4193,2080,2411,2080,2458
eventos,cl100k_base,139,9309,9309,9309,9784,5646,6268,3365,4216,2095,2426,2095,2473
eventos,cl100k_base,140,9377,9377,9377,9852,5688,6310,3388,4239,2111,2442,2111,2489
eventos,cl100k_base,141,9442,9442,9442,9917,5727,6349,3411,4262,2127,2458,2127,2505
eventos,cl100k_base,142,9509,9509,9509,9984,5768,6390,3434,4285,2142,2473,2142,2520
eventos,cl100k_base,143,9575,9575,9575,10050,5807,6429,3457,4308,2155,2486,2155,2533
eventos,cl100k_base,144,9645,9645,9645,10120,5849,6471,3480,4331,2172,2503,2172,2550
eventos,cl100k_base,145,9716,9716,9716,10191,5894,6516,3503,4354,2186,2517,2186,2564
eventos,cl100k_base,146,9786,9786,9786,10261,5938,6560,3526,4377,2200,2531,2200,2578
eventos,cl100k_base,147,9853,9853,9853,10328,5979,6601,3549,4400,2215,2546,2215,2593
eventos,cl100k_base,148,9920,9920,9920,10395,6020,6642,3572,4423,2229,2560,2229,2607
eventos,cl100k_base,149,9987,9987,9987,10462,6061,6683,3595,4446,2242,2573,2242,2620
eventos,cl100k_base,150,10053,10053,10053,10528,6101,6723,3618,4469,2258,2589,2258,2636
eventos,cl100k_base,151,10121,10121,10121,10596,6143,6765,3641,4492,2272,2603,2272,2650
eventos,cl100k_base,152,10186,10186,10186,10661,6182,6804,3664,4515,2288,2619,2288,2666
eventos,cl100k_base,153,10254,10254,10254,10729,6224,6846,3687,4538,2304,2635,2304,2682
eventos,cl100k_base,154,10319,10319,10319,10794,6263,6885,3710,4561,2320,2651,2320,2698
eventos,cl100k_base,155,10386,10386,10386,10861,6304,6926,3733,4584,2337,2668,2337,2715
eventos,cl100k_base,156,10451,10451,10451,10926,6343,6965,3756,4607,2351,2682,2351,2729
eventos,cl100k_base,157,10517,10517,10517,10992,6383,7005,3779,4630,2365,2696,2365,2743
eventos,cl100k_base,158,10584,10584,10584,11059,6424,7046,3802,4653,2379,2710,2379,2757
eventos,cl100k_base,159,10651,10651,10651,11126,6465,7087,3825,4676,2395,2726,2395,2773
eventos,cl100k_base,160,10719,10719,10719,11194,6507,7129,3848,4699,2410,2741,2410,2788
eventos,cl100k_base,161,10786,10786,10786,11261,6548,7170,3871,4722,2426,2757,2426,2804
eventos,cl100k_base,162,10851,10851,10851,11326,6586,7208,3894,4745,2441,2772,2441,2819
eventos,cl100k_base,163,10923,10923,10923,11398,6632,7254,3917,4768,2457,2788,2457,2835
eventos,cl100k_base,164,10991,10991,10991,11466,6674,7296,3940,4791,2473,2804,2473,2851
eventos,cl100k_base,165,11058,11058,11058,11533,6715,7337,3963,4814,2489,2820,2489,2867
eventos,cl100k_base,166,11129,11129,11129,11604,6760,7382,3986,4837,2505,2836,2505,2883
eventos,cl100k_base,167,11198,11198,11198,11673,6802,7424,4009,4860,2520,2851,2520,2898
eventos,cl100k_base,168,11261,11261,11261,11736,6839,7461,4032,4883,2536,2867,2536,2914
eventos,cl100k_base,169,11324,11324,11324,11799,6876,7498,4055,4906,2552,2883,2552,2930
eventos,cl100k_base,170,11389,11389,11389,11864,6915,7537,4078,4929,2567,2898,2567,2945
eventos,cl100k_base,171,11455,11455,11455,11930,6955,7577,4101,4952,2583,2914,2583,2961
eventos,cl100k_base,172,11523,11523,11523,11998,6997,7619,4124,4975,2598,2929,2598,2976
eventos,cl100k_base,173,11590,11590,11590,12065,7038,7660,4147,4998,2612,2943,2612,2990
eventos,cl100k_base,174,11659,11659,11659,12134,7081,7703,4170,5021,2628,2959,2628,3006
eventos,cl100k_base,175,11726,11726,11726,12201,7122,7744,4193,5044,2642,2973,2642,3020
eventos,cl100k_base,176,11795,11795,11795,12270,7165,7787,4216,5067,2656,2987,2656,3034
eventos,cl100k_base,177,11865,11865,11865,12340,7209,7831,4239,5090,2672,3003,2672,3050
eventos,cl100k_base,178,11935,11935,11935,12410,7252,7874,4262,5113,2688,3019,2688,3066
eventos,cl100k_base,179,12003,12003,12003,12478,7293,7915,4285,5136,2700,3031,2700,3078
eventos,cl100k_base,180,12068,12068,12068,12543,7332,7954,4308,5159,2715,3046,2715,3093
eventos,cl100k_base,181,12133,12133,12133,12608,7371,7993,4331,5182,2731,3062,2731,3109
eventos,cl100k_base,182,12198,12198,12198,12673,7410,8032,4354,5205,2745,3076,2745,3123
eventos,cl100k_base,183,12269,12269,12269,12744,7453,8075,4377,5228,2760,3091,2760,3138
eventos,cl100k_base,184,12338,12338,12338,12813,7495,8117,4400,5251,2773,3104,2773,3151
eventos,cl100k_base,185,12402,12402,12402,12877,7533,8155,4423,5274,2788,3119,2788,3166
eventos,cl100k_base,186,12469,12469,12469,12944,7574,8196,4446,5297,2802,3133,2802,3180
eventos,cl100k_base,187,12538,12538,12538,13013,7617,8239,4469,5320,2817,3148,2817,3195
eventos,cl100k_base,188,12607,12607,12607,13082,7659,8281,4492,5343,2834,3165,2834,3212
eventos,cl100k_base,189,12673,12673,12673,13148,7698,8320,4515,5366,2849,3180,2849,3227
eventos,cl100k_base,190,12740,12740,12740,13215,7739,8361,4538,5389,2866,3197,2866,3244
eventos,cl100k_base,191,12807,12807,12807,13282,7780,8402,4561,5412,2882,3213,2882,3260
eventos,cl100k_base,192,12875,12875,12875,13350,7822,8444,4584,5435,2899,3230,2899,3277
eventos,cl100k_base,193,12942,12942,12942,13417,7863,8485,4607,5458,2914,3245,2914,3292
eventos,cl100k_base,194,13007,13007,13007,13482,7901,8523,4630,5481,2930,3261,2930,3308
eventos,cl100k_base,195,13078,13078,13078,13553,7946,8568,4653,5504,2947,3278,2947,3325
eventos,cl100k_base,196,13142,13142,13142,13617,7984,8606,4676,5527,2962,3293,2962,3340
eventos,cl100k_base,197,13206,13206,13206,13681,8022,8644,4699,5550,2978,3309,2978,3356
eventos,cl100k_base,198,13274,13274,13274,13749,8062,8684,4722,5573,2992,3323,2992,3370
eventos,cl100k_base,199,13341,13341,13341,13816,8103,8725,4745,5596,3008,3339,3008,3386
eventos,cl100k_base,200,13412,13412,13412,13887,8148,8770,4768,5619,3025,3356,3025,3403
eventos,cl100k_base,201,13479,13479,13479,13954,8189,8811,4791,5642,3040,3371,3040,3418
eventos,cl100k_base,202,13547,13547,13547,14022,8231,8853,4814,5665,3056,3387,3056,3434
eventos,cl100k_base,203,13614,13614,13614,14089,8272,8894,4837,5688,3071,3402,3071,3449
eventos,cl100k_base,204,13682,13682,13682,14157,8314,8936,4860,5711,3089,3420,3089,3467
eventos,cl100k_base,205,13748,13748,13748,14223,8354,8976,4883,5734,3104,3435,3104,3482
eventos,cl100k_base,206,13812,13812,13812,14287,8392,9014,4906,5757,3120,3451,3120,3498
eventos,cl100k_base,207,13879,13879,13879,14354,8433,9055,4929,5780,3136,3467,3136,3514
eventos,cl100k_base,208,13946,13946,13946,14421,8474,9096,4952,5803,3152,3483,3152,3530
eventos,cl100k_base,209,14015,14015,14015,14490,8516,9138,4975,5826,3168,3499,3168,3546
eventos,cl100k_base,210,14083,14083,14083,14558,8558,9180,4998,5849,3185,3516,3185,3563
eventos,cl100k_base,211,14152,14152,14152,14627,8601,9223,5021,5872,3203,3534,3203,3581
eventos,cl100k_base,212,14221,14221,14221,14696,8643,9265,5044,5895,3219,3550,3219,3597
eventos,cl100k_base,213,14288,14288,14288,14763,8682,9304,5067,5918,3234,3565,3234,3612
eventos,cl100k_base,214,14356,14356,14356,14831,8724,9346,5090,5941,3251,3582,3251,3629
eventos,cl100k_base,215,14422,14422,14422,14897,8764,9386,5113,5964,3265,3596,3265,3643
eventos,cl100k_base,216,14489,14489,14489,14964,8805,9427,5136,5987,3281,3612,3281,3659
eventos,cl100k_base,217,14553,14553,14553,15028,8843,9465,5159,6010,3296,3627,3296,3674
eventos,cl100k_base,218,14622,14622,14622,15097,8886,9508,5182,6033,3314,3645,3314,3692
eventos,cl100k_base,219,14686,14686,14686,15161,8924,9546,5205,6056,3329,3660,3329,3707
eventos,cl100k_base,220,14754,14754,14754,15229,8964,9586,5228,6079,3343,3674,3343,3721
eventos,cl100k_base,221,14820,14820,14820,15295,9004,9626,5251,6102,3358,3689,3358,3736
eventos,cl100k_base,222,14888,14888,14888,15363,9046,9668,5274,6125,3373,3704,3373,3751
eventos,cl100k_base,223,14953,14953,14953,15428,9085,9707,5297,6148,3389,3720,3389,3767
eventos,cl100k_base,224,15017,15017,15017,15492,9123,9745,5320,6171,3405,3736,3405,3783
eventos,cl100k_base,225,15084,15084,15084,15559,9164,9786,5343,6194,3421,3752,3421,3799
eventos,cl100k_base,226,15152,15152,15152,15627,9206,9828,5366,6217,3436,3767,3436,3814
eventos,cl100k_base,227,15218,15218,15218,15693,9246,9868,5389,6240,3451,3782,3451,3829
eventos,cl100k_base,228,15287,15287,15287,15762,9287,9909,5412,6263,3468,3799,3468,3846
eventos,cl100k_base,229,15357,15357,15357,15832,9331,9953,5435,6286,3482,3813,3482,3860
eventos,cl100k_base,230,15423,15423,15423,15898,9371,9993,5458,6309,3497,3828,3497,3875
eventos,cl100k_base,231,15491,15491,15491,15966,9413,10035,5481,6332,3513,3844,3513,3891
eventos,cl100k_base,232,15558,15558,15558,16033,9454,10076,5504,6355,3530,3861,3530,3908
eventos,cl100k_base,233,15625,15625,15625,16100,9493,10115,5527,6378,3546,3877,3546,3924
eventos,cl100k_base,234,15692,15692,15692,16167,9534,10156,5550,6401,3563,3894,3563,3941
eventos,cl100k_base,235,15757,15757,15757,16232,9573,10195,5573,6424,3580,3911,3580,3958
eventos,cl100k_base,236,15826,15826,15826,16301,9616,10238,5596,6447,3594,3925,3594,3972
eventos,cl100k_base,237,15894,15894,15894,16369,9657,10279,5619,6470,3610,3941,3610,3988
eventos,cl100k_base,238,15964,15964,15964,16439,9701,10323,5642,6493,3626,3957,3626,4004
eventos,cl100k_base,239,16029,16029,16029,16504,9740,10362,5665,6516,3643,3974,3643,4021
eventos,cl100k_base,240,16099,16099,16099,16574,9784,10406,5688,6539,3659,3990,3659,4037
eventos,cl100k_base,241,16169,16169,16169,16644,9827,10449,5711,6562,3675,4006,3675,4053
eventos,cl100k_base,242,16233,16233,16233,16708,9865,10487,5734,6585,3691,4022,3691,4069
eventos,cl100k_base,243,16301,16301,16301,16776,9907,10529,5757,6608,3708,4039,3708,4086
eventos,cl100k_base,244,16368,16368,16368,16843,9948,10570,5780,6631,3725,4056,3725,4103
eventos,cl100k_base,245,16435,16435,16435,16910,9988,10610,5803,6654,3739,4070,3739,4117
eventos,cl100k_base,246,16502,16502,16502,16977,10027,10649,5826,6677,3756,4087,3756,4134
eventos,cl100k_base,247,16568,16568,16568,17043,10067,10689,5849,6700,3773,4104,3773,4151
eventos,cl100k_base,248,16638,16638,16638,17113,10110,10732,5872,6723,3790,4121,3790,4168
eventos,cl100k_base,249,16706,16706,16706,17181,10152,10774,5895,6746,3804,4135,3804,4182
eventos,cl100k_base,250,16776,16776,16776,17251,10196,10818,5918,6769,3820,4151,3820,4198
eventos,o200k_base,1,71,71,71,535,44,627,63,867,30,343,30,394
eventos,o200k_base,2,135,135,135,599,82,665,101,905,46,359,46,410
eventos,o200k_base,3,199,199,199,663,120,703,125,929,62,375,62,426
eventos,o200k_base,4,263,263,263,727,158,741,152,956,78,391,78,442
eventos,o200k_base,5,326,326,326,790,195,778,178,982,94,407,94,458
eventos,o200k_base,6,393,393,393,857,236,819,227,1031,110,423,110,474
eventos,o200k_base,7,456,456,456,920,273,856,258,1062,126,439,126,490
eventos,o200k_base,8,522,522,522,986,313,896,285,1089,142,455,142,506
eventos,o200k_base,9,589,589,589,1053,354,937,320,1124,158,471,158,522
eventos,o200k_base,10,654,654,654,1118,391,974,349,1153,174,487,174,538
eventos,o200k_base,11,721,721,721,1185,432,1015,377,1181,190,503,190,554
eventos,o200k_base,12,784,784,784,1248,469,1052,406,1210,206,519,206,570
eventos,o200k_base,13,847,847,847,1311,506,1089,432,1236,222,535,222,586
eventos,o200k_base,14,910,910,910,1374,541,1124,458,1262,238,551,238,602
eventos,o200k_base,15,976,976,976,1440,581,1164,484,1288,254,567,254,618
eventos,o200k_base,16,1039,1039,1039,1503,618,1201,510,1314,270,583,270,634
eventos,o200k_base,17,1107,1107,1107,1571,660,1243,545,1349,286,599,286,650
eventos,o200k_base,18,1175,1175,1175,1639,702,1285,574,1378,302,615,302,666
eventos,o200k_base,19,1238,1238,1238,1702,739,1322,600,1404,318,631,318,682
eventos,o200k_base,20,1303,1303,1303,1767,776,1359,631,1435,334,647,334,698
eventos,o200k_base,21,1371,1371,1371,1835,818,1401,628,1432,350,663,350,714
eventos,o200k_base,22,1436,1436,1436,1900,857,1440,656,1460,366,679,366,730
eventos,o200k_base,23,1502,1502,1502,1966,897,1480,686,1490,382,695,382,746
eventos,o200k_base,24,1569,1569,1569,2033,938,1521,709,1513,398,711,398,762
eventos,o200k_base,25,1636,1636,1636,2100,979,1562,732,1536,414,727,414,778
eventos,o200k_base,26,1703,1703,1703,2167,1020,1603,763,1567,430,743,430,794
eventos,o200k_base,27,1771,1771,1771,2235,1062,1645,786,1590,447,760,447,811
eventos,o200k_base,28,1834,1834,1834,2298,1099,1682,809,1613,463,776,463,827
eventos,o200k_base,29,1898,1898,1898,2362,1137,1720,832,1636,479,792,479,843
eventos,o200k_base,30,1965,1965,1965,2429,1178,1761,855,1659,495,808,495,859
eventos,o200k_base,31,2029,2029,2029,2493,1216,1799,878,1682,511,824,511,875
eventos,o200k_base,32,2099,2099,2099,2563,1260,1843,901,1705,527,840,527,891
eventos,o200k_base,33,2163,2163,2163,2627,1298,1881,924,1728,543,856,543,907
eventos,o200k_base,34,2230,2230,2230,2694,1339,1922,947,1751,559,872,559,923
eventos,o200k_base,35,2296,2296,2296,2760,1379,1962,970,1774,576,889,576,940
eventos,o200k_base,36,2361,2361,2361,2825,1418,2001,993,1797,592,905,592,956
eventos,o200k_base,37,2427,2427,2427,2891,1458,2041,1016,1820,608,921,608,972
eventos,o200k_base,38,2494,2494,2494,2958,1499,2082,1039,1843,624,937,624,988
eventos,o200k_base,39,2561,2561,2561,3025,1540,2123,1062,1866,640,953,640,1004
eventos,o200k_base,40,2627,2627,2627,3091,1580,2163,1085,1889,656,969,656,1020
eventos,o200k_base,41,2691,2691,2691,3155,1618,2201,1108,1912,672,985,672,1036
eventos,o200k_base,42,2755,2755,2755,3219,1656,2239,1131,1935,688,1001,688,1052
eventos,o200k_base,43,2823,2823,2823,3287,1698,2281,1154,1958,704,1017,704,1068
eventos,o200k_base,44,2889,2889,2889,3353,1738,2321,1177,1981,720,1033,720,1084
eventos,o200k_base,45,2956,2956,2956,3420,1777,2360,1200,2004,736,1049,736,1100
eventos,o200k_base,46,3021,3021,3021,3485,1814,2397,1223,2027,752,1065,752,1116
eventos,o200k_base,47,3087,3087,3087,3551,1854,2437,1246,2050,768,1081,768,1132
eventos,o200k_base,48,3155,3155,3155,3619,1896,2479,1269,2073,784,1097,784,1148
eventos,o200k_base,49,3223,3223,3223,3687,1938,2521,1292,2096,800,1113,800,1164
eventos,o200k_base,50,3287,3287,3287,3751,1976,2559,1315,2119,816,1129,816,1180
eventos,o200k_base,51,3353,3353,3353,3817,2016,2599,1338,2142,832,1145,832,1196
eventos,o200k_base,52,3422,3422,3422,3886,2059,2642,1361,2165,849,1162,849,1213
eventos,o200k_base,53,3491,3491,3491,3955,2102,2685,1384,2188,866,1179,866,1230
eventos,o200k_base,54,3554,3554,3554,4018,2139,2722,1407,2211,882,1195,882,1246
eventos,o200k_base,55,3619,3619,3619,4083,2178,2761,1430,2234,898,1211,898,1262
eventos,o200k_base,56,3684,3684,3684,4148,2217,2800,1453,2257,914,1227,914,1278
eventos,o200k_base,57,3748,3748,3748,4212,2255,2838,1476,2280,930,1243,930,1294
eventos,o200k_base,58,3815,3815,3815,4279,2296,2879,1499,2303,946,1259,946,1310
eventos,o200k_base,59,3878,3878,3878,4342,2331,2914,1522,2326,962,1275,962,1326
eventos,o200k_base,60,3946,3946,3946,4410,2371,2954,1545,2349,979,1292,979,1343
eventos,o200k_base,61,4011,4011,4011,4475,2408,2991,1568,2372,995,1308,995,1359
eventos,o200k_base,62,4078,4078,4078,4542,2449,3032,1591,2395,1011,1324,1011,1375
eventos,o200k_base,63,4145,4145,4145,4609,2488,3071,1614,2418,1027,1340,1027,1391
eventos,o200k_base,64,4210,4210,4210,4674,2527,3110,1637,2441,1043,1356,1043,1407
eventos,o200k_base,65,4275,4275,4275,4739,2566,3149,1660,2464,1059,1372,1059,1423
eventos,o200k_base,66,4344,4344,4344,4808,2609,3192,1683,2487,1075,1388,1075,1439
eventos,o200k_base,67,4411,4411,4411,4875,2650,3233,1706,2510,1092,1405,1092,1456
eventos,o200k_base,68,4477,4477,4477,4941,2690,3273,1729,2533,1108,1421,1108,1472
eventos,o200k_base,69,4542,4542,4542,5006,2729,3312,1752,2556,1124,1437,1124,1488
eventos,o200k_base,70,4610,4610,4610,5074,2771,3354,1775,2579,1140,1453,1140,1504
eventos,o200k_base,71,4678,4678,4678,5142,2813,3396,1798,2602,1156,1469,1156,1520
eventos,o200k_base,72,4741,4741,4741,5205,2850,3433,1821,2625,1172,1485,1172,1536
eventos,o200k_base,73,4807,4807,4807,5271,2890,3473,1844,2648,1188,1501,1188,1552
eventos,o200k_base,74,4874,4874,4874,5338,2931,3514,1867,2671,1204,1517,1204,1568
eventos,o200k_base,75,4938,4938,4938,5402,2969,3552,1890,2694,1220,1533,1220,1584
eventos,o200k_base,76,5001,5001,5001,5465,3006,3589,1913,2717,1236,1549,1236,1600
eventos,o200k_base,77,5065,5065,5065,5529,3042,3625,1936,2740,1252,1565,1252,1616
eventos,o200k_base,78,5129,5129,5129,5593,3080,3663,1959,2763,1268,1581,1268,1632
eventos,o200k_base,79,5197,5197,5197,5661,3122,3705,1982,2786,1284,1597,1284,1648
eventos,o200k_base,80,5263,5263,5263,5727,3160,3743,2005,2809,1300,1613,1300,1664
eventos,o200k_base,81,5327,5327,5327,5791,3198,3781,2028,2832,1316,1629,1316,1680
eventos,o200k_base,82,5391,5391,5391,5855,3236,3819,2051,2855,1332,1645,1332,1696
eventos,o200k_base,83,5456,5456,5456,5920,3273,3856,2074,2878,1348,1661,1348,1712
eventos,o200k_base,84,5520,5520,5520,5984,3311,3894,2097,2901,1364,1677,1364,1728
eventos,o200k_base,85,5588,5588,5588,6052,3353,3936,2120,2924,1380,1693,1380,1744
eventos,o200k_base,86,5652,5652,5652,6116,3389,3972,2143,2947,1396,1709,1396,1760
eventos,o200k_base,87,5716,5716,5716,6180,3427,4010,2166,2970,1412,1725,1412,1776
eventos,o200k_base,88,5783,5783,5783,6247,3468,4051,2189,2993,1428,1741,1428,1792
eventos,o200k_base,89,5849,5849,5849,6313,3508,4091,2212,3016,1444,1757,1444,1808
eventos,o200k_base,90,5914,5914,5914,6378,3547,4130,2235,3039,1460,1773,1460,1824
eventos,o200k_base,91,5976,5976,5976,6440,3583,4166,2258,3062,1476,1789,1476,1840
eventos,o200k_base,92,6045,6045,6045,6509,3626,4209,2281,3085,1492,1805,1492,1856
eventos,o200k_base,93,6110,6110,6110,6574,3665,4248,2304,3108,1508,1821,1508,1872
eventos,o200k_base,94,6177,6177,6177,6641,3706,4289,2327,3131,1524,1837,1524,1888
eventos,o200k_base,95,6247,6247,6247,6711,3750,4333,2350,3154,1540,1853,1540,1904
eventos,o200k_base,96,6314,6314,6314,6778,3791,4374,2373,3177,1557,1870,1557,1921
eventos,o200k_base,97,6382,6382,6382,6846,3833,4416,2396,3200,1573,1886,1573,1937
eventos,o200k_base,98,6447,6447,6447,6911,3872,4455,2419,3223,1589,1902,1589,1953
eventos,o200k_base,99,6515,6515,6515,6979,3914,4497,2442,3246,1605,1918,1605,1969
eventos,o200k_base,100,6577,6577,6577,7041,3950,4533,2465,3269,1621,1934,1621,1985
eventos,o200k_base,101,6643,6643,6643,7107,3990,4573,2488,3292,1637,1950,1637,2001
eventos,o200k_base,102,6709,6709,6709,7173,4030,4613,2511,3315,1653,1966,1653,2017
eventos,o200k_base,103,6773,6773,6773,7237,4068,4651,2534,3338,1669,1982,1669,2033
eventos,o200k_base,104,6841,6841,6841,7305,4110,4693,2557,3361,1686,1999,1686,2050
eventos,o200k_base,105,6908,6908,6908,7372,4151,4734,2580,3384,1703,2016,1703,2067
eventos,o200k_base,106,6974,6974,6974,7438,4191,4774,2603,3407,1719,2032,1719,2083
eventos,o200k_base,107,7039,7039,7039,7503,4230,4813,2626,3430,1735,2048,1735,2099
eventos,o200k_base,108,7105,7105,7105,7569,4270,4853,2649,3453,1751,2064,1751,2115
eventos,o200k_base,109,7175,7175,7175,7639,4314,4897,2672,3476,1767,2080,1767,2131
eventos,o200k_base,110,7242,7242,7242,7706,4355,4938,2695,3499,1783,2096,1783,2147
eventos,o200k_base,111,7309,7309,7309,7773,4396,4979,2718,3522,1799,2112,1799,2163
eventos,o200k_base,112,7373,7373,7373,7837,4432,5015,2741,3545,1815,2128,1815,2179
eventos,o200k_base,113,7437,7437,7437,7901,4470,5053,2764,3568,1831,2144,1831,2195
eventos,o200k_base,114,7501,7501,7501,7965,4508,5091,2787,3591,1847,2160,1847,2211
eventos,o200k_base,115,7568,7568,7568,8032,4549,5132,2810,3614,1863,2176,1863,2227
eventos,o200k_base,116,7636,7636,7636,8100,4591,5174,2833,3637,1879,2192,1879,2243
eventos,o200k_base,117,7701,7701,7701,8165,4630,5213,2856,3660,1895,2208,1895,2259
eventos,o200k_base,118,7764,7764,7764,8228,4667,5250,2879,3683,1911,2224,1911,2275
eventos,o200k_base,119,7833,7833,7833,8297,4710,5293,2902,3706,1928,2241,1928,2292
eventos,o200k_base,120,7899,7899,7899,8363,4750,5333,2925,3729,1944,2257,1944,2308
eventos,o200k_base,121,7962,7962,7962,8426,4787,5370,2948,3752,1960,2273,1960,2324
eventos,o200k_base,122,8026,8026,8026,8490,4825,5408,2971,3775,1976,2289,1976,2340
eventos,o200k_base,123,8094,8094,8094,8558,4867,5450,2994,3798,1992,2305,1992,2356
eventos,o200k_base,124,8158,8158,8158,8622,4905,5488,3017,3821,2008,2321,2008,2372
eventos,o200k_base,125,8224,8224,8224,8688,4943,5526,3040,3844,2024,2337,2024,2388
eventos,o200k_base,126,8287,8287,8287,8751,4980,5563,3063,3867,2040,2353,2040,2404
eventos,o200k_base,127,8352,8352,8352,8816,5019,5602,3086,3890,2056,2369,2056,2420
eventos,o200k_base,128,8415,8415,8415,8879,5056,5639,3109,3913,2072,2385,2072,2436
eventos,o200k_base,129,8480,8480,8480,8944,5095,5678,3132,3936,2088,2401,2088,2452
eventos,o200k_base,130,8544,8544,8544,9008,5131,5714,3155,3959,2104,2417,2104,2468
eventos,o200k_base,131,8608,8608,8608,9072,5169,5752,3178,3982,2120,2433,2120,2484
eventos,o200k_base,132,8674,8674,8674,9138,5209,5792,3201,4005,2136,2449,2136,2500
eventos,o200k_base,133,8736,8736,8736,9200,5245,5828,3224,4028,2152,2465,2152,2516
eventos,o200k_base,134,8800,8800,8800,9264,5283,5866,3247,4051,2168,2481,2168,2532
eventos,o200k_base,135,8870,8870,8870,9334,5327,5910,3270,4074,2184,2497,2184,2548
eventos,o200k_base,136,8938,8938,8938,9402,5369,5952,3293,4097,2200,2513,2200,2564
eventos,o200k_base,137,9001,9001,9001,9465,5406,5989,3316,4120,2216,2529,2216,2580
eventos,o200k_base,138,9069,9069,9069,9533,5448,6031,3339,4143,2232,2545,2232,2596
eventos,o200k_base,139,9132,9132,9132,9596,5485,6068,3362,4166,2248,2561,2248,2612
eventos,o200k_base,140,9199,9199,9199,9663,5526,6109,3385,4189,2264,2577,2264,2628
eventos,o200k_base,141,9264,9264,9264,9728,5565,6148,3408,4212,2280,2593,2280,2644
eventos,o200k_base,142,9330,9330,9330,9794,5605,6188,3431,4235,2296,2609,2296,2660
eventos,o200k_base,143,9394,9394,9394,9858,5643,6226,3454,4258,2312,2625,2312,2676
eventos,o200k_base,144,9463,9463,9463,9927,5684,6267,3477,4281,2329,2642,2329,2693
eventos,o200k_base,145,9531,9531,9531,9995,5726,6309,3500,4304,2345,2658,2345,2709
eventos,o200k_base,146,9599,9599,9599,10063,5768,6351,3523,4327,2361,2674,2361,2725
eventos,o200k_base,147,9665,9665,9665,10129,5808,6391,3546,4350,2377,2690,2377,2741
eventos,o200k_base,148,9730,9730,9730,10194,5847,6430,3569,4373,2393,2706,2393,2757
eventos,o200k_base,149,9794,9794,9794,10258,5885,6468,3592,4396,2409,2722,2409,2773
eventos,o200k_base,150,9860,9860,9860,10324,5925,6508,3615,4419,2425,2738,2425,2789
eventos,o200k_base,151,9926,9926,9926,10390,5965,6548,3638,4442,2441,2754,2441,2805
eventos,o200k_base,152,9991,9991,9991,10455,6004,6587,3661,4465,2457,2770,2457,2821
eventos,o200k_base,153,10058,10058,10058,10522,6045,6628,3684,4488,2473,2786,2473,2837
eventos,o200k_base,154,10123,10123,10123,10587,6084,6667,3707,4511,2489,2802,2489,2853
eventos,o200k_base,155,10189,10189,10189,10653,6124,6707,3730,4534,2506,2819,2506,2870
eventos,o200k_base,156,10252,10252,10252,10716,6161,6744,3753,4557,2522,2835,2522,2886
eventos,o200k_base,157,10316,10316,10316,10780,6199,6782,3776,4580,2538,2851,2538,2902
eventos,o200k_base,158,10381,10381,10381,10845,6238,6821,3799,4603,2554,2867,2554,2918
eventos,o200k_base,159,10448,10448,10448,10912,6279,6862,3822,4626,2570,2883,2570,2934
eventos,o200k_base,160,10515,10515,10515,10979,6320,6903,3845,4649,2586,2899,2586,2950
eventos,o200k_base,161,10582,10582,10582,11046,6361,6944,3868,4672,2602,2915,2602,2966
eventos,o200k_base,162,10647,10647,10647,11111,6400,6983,3891,4695,2618,2931,2618,2982
eventos,o200k_base,163,10718,10718,10718,11182,6445,7028,3914,4718,2634,2947,2634,2998
eventos,o200k_base,164,10785,10785,10785,11249,6486,7069,3937,4741,2650,2963,2650,3014
eventos,o200k_base,165,10852,10852,10852,11316,6527,7110,3960,4764,2666,2979,2666,3030
eventos,o200k_base,166,10921,10921,10921,11385,6570,7153,3983,4787,2682,2995,2682,3046
eventos,o200k_base,167,10989,10989,10989,11453,6612,7195,4006,4810,2698,3011,2698,3062
eventos,o200k_base,168,11052,11052,11052,11516,6649,7232,4029,4833,2714,3027,2714,3078
eventos,o200k_base,169,11115,11115,11115,11579,6686,7269,4052,4856,2730,3043,2730,3094
eventos,o200k_base,170,11179,11179,11179,11643,6724,7307,4075,4879,2746,3059,2746,3110
eventos,o200k_base,171,11245,11245,11245,11709,6764,7347,4098,4902,2762,3075,2762,3126
eventos,o200k_base,172,11312,11312,11312,11776,6805,7388,4121,4925,2778,3091,2778,3142
eventos,o200k_base,173,11377,11377,11377,11841,6844,7427,4144,4948,2794,3107,2794,3158
eventos,o200k_base,174,11446,11446,11446,11910,6887,7470,4167,4971,2810,3123,2810,3174
eventos,o200k_base,175,11510,11510,11510,11974,6925,7508,4190,4994,2826,3139,2826,3190
eventos,o200k_base,176,11576,11576,11576,12040,6965,7548,4213,5017,2842,3155,2842,3206
eventos,o200k_base,177,11646,11646,11646,12110,7009,7592,4236,5040,2858,3171,2858,3222
eventos,o200k_base,178,11715,11715,11715,12179,7052,7635,4259,5063,2875,3188,2875,3239
eventos,o200k_base,179,11780,11780,11780,12244,7091,7674,4282,5086,2891,3204,2891,3255
eventos,o200k_base,180,11844,11844,11844,12308,7129,7712,4305,5109,2907,3220,2907,3271
eventos,o200k_base,181,11909,11909,11909,12373,7168,7751,4328,5132,2923,3236,2923,3287
eventos,o200k_base,182,11972,11972,11972,12436,7205,7788,4351,5155,2939,3252,2939,3303
eventos,o200k_base,183,12042,12042,12042,12506,7247,7830,4374,5178,2955,3268,2955,3319
eventos,o200k_base,184,12109,12109,12109,12573,7288,7871,4397,5201,2971,3284,2971,3335
eventos,o200k_base,185,12172,12172,12172,12636,7325,7908,4420,5224,2987,3300,2987,3351
eventos,o200k_base,186,12237,12237,12237,12701,7364,7947,4443,5247,3003,3316,3003,3367
eventos,o200k_base,187,12304,12304,12304,12768,7405,7988,4466,5270,3020,3333,3020,3384
eventos,o200k_base,188,12372,12372,12372,12836,7447,8030,4489,5293,3038,3351,3038,3402
eventos,o200k_base,189,12437,12437,12437,12901,7486,8069,4512,5316,3055,3368,3055,3419
eventos,o200k_base,190,12504,12504,12504,12968,7527,8110,4535,5339,3072,3385,3072,3436
eventos,o200k_base,191,12570,12570,12570,13034,7567,8150,4558,5362,3089,3402,3089,3453
eventos,o200k_base,192,12637,12637,12637,13101,7608,8191,4581,5385,3106,3419,3106,3470
eventos,o200k_base,193,12701,12701,12701,13165,7646,8229,4604,5408,3123,3436,3123,3487
eventos,o200k_base,194,12766,12766,12766,13230,7685,8268,4627,5431,3140,3453,3140,3504
eventos,o200k_base,195,12835,12835,12835,13299,7728,8311,4650,5454,3157,3470,3157,3521
eventos,o200k_base,196,12897,12897,12897,13361,7764,8347,4673,5477,3174,3487,3174,3538
eventos,o200k_base,197,12960,12960,12960,13424,7801,8384,4696,5500,3191,3504,3191,3555
eventos,o200k_base,198,13025,13025,13025,13489,7838,8421,4719,5523,3208,3521,3208,3572
eventos,o200k_base,199,13091,13091,13091,13555,7878,8461,4742,5546,3225,3538,3225,3589
eventos,o200k_base,200,13160,13160,13160,13624,7921,8504,4765,5569,3242,3555,3242,3606
eventos,o200k_base,201,13225,13225,13225,13689,7960,8543,4788,5592,3259,3572,3259,3623
eventos,o200k_base,202,13292,13292,13292,13756,8001,8584,4811,5615,3276,3589,3276,3640
eventos,o200k_base,203,13357,13357,13357,13821,8040,8623,4834,5638,3293,3606,3293,3657
eventos,o200k_base,204,13424,13424,13424,13888,8081,8664,4857,5661,3311,3624,3311,3675
eventos,o200k_base,205,13488,13488,13488,13952,8119,8702,4880,5684,3328,3641,3328,3692
eventos,o200k_base,206,13551,13551,13551,14015,8156,8739,4903,5707,3345,3658,3345,3709
eventos,o200k_base,207,13617,13617,13617,14081,8196,8779,4926,5730,3362,3675,3362,3726
eventos,o200k_base,208,13683,13683,13683,14147,8236,8819,4949,5753,3379,3692,3379,3743
eventos,o200k_base,209,13751,13751,13751,14215,8278,8861,4972,5776,3396,3709,3396,3760
eventos,o200k_base,210,13819,13819,13819,14283,8320,8903,4995,5799,3413,3726,3413,3777
eventos,o200k_base,211,13887,13887,13887,14351,8362,8945,5018,5822,3431,3744,3431,3795
eventos,o200k_base,212,13955,13955,13955,14419,8404,8987,5041,5845,3448,3761,3448,3812
eventos,o200k_base,213,14020,14020,14020,14484,8441,9024,5064,5868,3465,3778,3465,3829
eventos,o200k_base,214,14087,14087,14087,14551,8482,9065,5087,5891,3482,3795,3482,3846
eventos,o200k_base,215,14150,14150,14150,14614,8519,9102,5110,5914,3499,3812,3499,3863
eventos,o200k_base,216,14216,14216,14216,14680,8559,9142,5133,5937,3516,3829,3516,3880
eventos,o200k_base,217,14278,14278,14278,14742,8595,9178,5156,5960,3533,3846,3533,3897
eventos,o200k_base,218,14346,14346,14346,14810,8637,9220,5179,5983,3551,3864,3551,3915
eventos,o200k_base,219,14408,14408,14408,14872,8673,9256,5202,6006,3568,3881,3568,3932
eventos,o200k_base,220,14473,14473,14473,14937,8710,9293,5225,6029,3585,3898,3585,3949
eventos,o200k_base,221,14537,14537,14537,15001,8748,9331,5248,6052,3602,3915,3602,3966
eventos,o200k_base,222,14603,14603,14603,15067,8788,9371,5271,6075,3619,3932,3619,3983
eventos,o200k_base,223,14667,14667,14667,15131,8826,9409,5294,6098,3636,3949,3636,4000
eventos,o200k_base,224,14730,14730,14730,15194,8863,9446,5317,6121,3653,3966,3653,4017
eventos,o200k_base,225,14796,14796,14796,15260,8903,9486,5340,6144,3670,3983,3670,4034
eventos,o200k_base,226,14862,14862,14862,15326,8943,9526,5363,6167,3687,4000,3687,4051
eventos,o200k_base,227,14926,14926,14926,15390,8981,9564,5386,6190,3704,4017,3704,4068
eventos,o200k_base,228,14994,14994,14994,15458,9021,9604,5409,6213,3721,4034,3721,4085
eventos,o200k_base,229,15061,15061,15061,15525,9062,9645,5432,6236,3738,4051,3738,4102
eventos,o200k_base,230,15125,15125,15125,15589,9100,9683,5455,6259,3755,4068,3755,4119
eventos,o200k_base,231,15192,15192,15192,15656,9141,9724,5478,6282,3772,4085,3772,4136
eventos,o200k_base,232,15259,15259,15259,15723,9182,9765,5501,6305,3789,4102,3789,4153
eventos,o200k_base,233,15325,15325,15325,15789,9220,9803,5524,6328,3806,4119,3806,4170
eventos,o200k_base,234,15391,15391,15391,15855,9260,9843,5547,6351,3823,4136,3823,4187
eventos,o200k_base,235,15456,15456,15456,15920,9299,9882,5570,6374,3840,4153,3840,4204
eventos,o200k_base,236,15521,15521,15521,15985,9338,9921,5593,6397,3857,4170,3857,4221
eventos,o200k_base,237,15589,15589,15589,16053,9380,9963,5616,6420,3874,4187,3874,4238
eventos,o200k_base,238,15658,15658,15658,16122,9423,10006,5639,6443,3891,4204,3891,4255
eventos,o200k_base,239,15723,15723,15723,16187,9462,10045,5662,6466,3908,4221,3908,4272
eventos,o200k_base,240,15792,15792,15792,16256,9505,10088,5685,6489,3925,4238,3925,4289
eventos,o200k_base,241,15860,15860,15860,16324,9547,10130,5708,6512,3943,4256,3943,4307
eventos,o200k_base,242,15923,15923,15923,16387,9584,10167,5731,6535,3960,4273,3960,4324
eventos,o200k_base,243,15990,15990,15990,16454,9625,10208,5754,6558,3977,4290,3977,4341
eventos,o200k_base,244,16056,16056,16056,16520,9665,10248,5777,6581,3994,4307,3994,4358
eventos,o200k_base,245,16121,16121,16121,16585,9704,10287,5800,6604,4011,4324,4011,4375
eventos,o200k_base,246,16188,16188,16188,16652,9743,10326,5823,6627,4028,4341,4028,4392
eventos,o200k_base,247,16254,16254,16254,16718,9783,10366,5846,6650,4045,4358,4045,4409
eventos,o200k_base,248,16323,16323,16323,16787,9826,10409,5869,6673,4063,4376,4063,4427
eventos,o200k_base,249,16388,16388,16388,16852,9865,10448,5892,6696,4080,4393,4080,4444
eventos,o200k_base,250,16456,16456,16456,16920,9907,10490,5915,6719,4097,4410,4097,4461
eventos,r50k_base,1,83,83,83,672,48,841,68,1145,30,452,30,509
eventos,r50k_base,2,165,165,165,754,95,888,115,1192,46,468,46,525
eventos,r50k_base,3,243,243,243,832,138,931,144,1221,62,484,62,541
eventos,r50k_base,4,322,322,322,911,182,975,176,1253,78,500,78,557
eventos,r50k_base,5,400,400,400,989,225,1018,207,1284,94,516,94,573
eventos,r50k_base,6,485,485,485,1074,275,1068,267,1344,110,532,110,589
eventos,r50k_base,7,563,563,563,1152,318,1111,297,1374,126,548,126,605
eventos,r50k_base,8,645,645,645,1234,365,1158,328,1405,142,564,142,621
eventos,r50k_base,9,728,728,728,1317,413,1206,368,1445,158,580,158,637
eventos,r50k_base,10,806,806,806,1395,454,1247,399,1476,174,596,174,653
eventos,r50k_base,11,888,888,888,1477,501,1294,430,1507,190,612,190,669
eventos,r50k_base,12,965,965,965,1554,543,1336,457,1534,206,628,206,685
eventos,r50k_base,13,1043,1043,1043,1632,586,1379,486,1563,222,644,222,701
eventos,r50k_base,14,1123,1123,1123,1712,629,1422,516,1593,238,660,238,717
eventos,r50k_base,15,1205,1205,1205,1794,676,1469,546,1623,254,676,254,733
eventos,r50k_base,16,1283,1283,1283,1872,719,1512,575,1652,270,692,270,749
eventos,r50k_base,17,1370,1370,1370,1959,771,1564,617,1694,287,709,287,766
eventos,r50k_base,18,1456,1456,1456,2045,822,1615,648,1725,303,725,303,782
eventos,r50k_base,19,1533,1533,1533,2122,864,1657,676,1753,319,741,319,798
eventos,r50k_base,20,1616,1616,1616,2205,910,1703,715,1792,335,757,335,814
eventos,r50k_base,21,1704,1704,1704,2293,963,1756,689,1766,351,773,351,830
eventos,r50k_base,22,1787,1787,1787,2376,1011,1804,720,1797,367,789,367,846
eventos,r50k_base,23,1871,1871,1871,2460,1060,1853,755,1832,383,805,383,862
eventos,r50k_base,24,1950,1950,1950,2539,1104,1897,779,1856,399,821,399,878
eventos,r50k_base,25,2035,2035,2035,2624,1154,1947,803,1880,415,837,415,894
eventos,r50k_base,26,2118,2118,2118,2707,1202,1995,836,1913,431,853,431,910
eventos,r50k_base,27,2205,2205,2205,2794,1254,2047,860,1937,448,870,448,927
eventos,r50k_base,28,2282,2282,2282,2871,1296,2089,884,1961,464,886,464,943
eventos,r50k_base,29,2363,2363,2363,2952,1342,2135,908,1985,480,902,480,959
eventos,r50k_base,30,2446,2446,2446,3035,1390,2183,932,2009,496,918,496,975
eventos,r50k_base,31,2528,2528,2528,3117,1437,2230,956,2033,512,934,512,991
eventos,r50k_base,32,2615,2615,2615,3204,1489,2282,980,2057,528,950,528,1007
eventos,r50k_base,33,2693,2693,2693,3282,1532,2325,1004,2081,544,966,544,1023
eventos,r50k_base,34,2775,2775,2775,3364,1579,2372,1028,2105,560,982,560,1039
eventos,r50k_base,35,2858,2858,2858,3447,1627,2420,1052,2129,577,999,577,1056
eventos,r50k_base,36,2940,2940,2940,3529,1674,2467,1076,2153,593,1015,593,1072
eventos,r50k_base,37,3026,3026,3026,3615,1725,2518,1100,2177,609,1031,609,1088
eventos,r50k_base,38,3108,3108,3108,3697,1772,2565,1124,2201,625,1047,625,1104
eventos,r50k_base,39,3190,3190,3190,3779,1819,2612,1148,2225,641,1063,641,1120
eventos,r50k_base,40,3271,3271,3271,3860,1865,2658,1172,2249,657,1079,657,1136
eventos,r50k_base,41,3352,3352,3352,3941,1911,2704,1196,2273,673,1095,673,1152
eventos,r50k_base,42,3431,3431,3431,4020,1955,2748,1220,2297,689,1111,689,1168
eventos,r50k_base,43,3519,3519,3519,4108,2008,2801,1244,2321,705,1127,705,1184
eventos,r50k_base,44,3599,3599,3599,4188,2053,2846,1268,2345,721,1143,721,1200
eventos,r50k_base,45,3682,3682,3682,4271,2099,2892,1292,2369,737,1159,737,1216
eventos,r50k_base,46,3763,3763,3763,4352,2143,2936,1316,2393,753,1175,753,1232
eventos,r50k_base,47,3844,3844,3844,4433,2189,2982,1340,2417,769,1191,769,1248
eventos,r50k_base,48,3926,3926,3926,4515,2236,3029,1364,2441,785,1207,785,1264
eventos,r50k_base,49,4011,4011,4011,4600,2286,3079,1388,2465,801,1223,801,1280
eventos,r50k_base,50,4088,4088,4088,4677,2328,3121,1412,2489,817,1239,817,1296
eventos,r50k_base,51,4169,4169,4169,4758,2374,3167,1436,2513,833,1255,833,1312
eventos,r50k_base,52,4259,4259,4259,4848,2429,3222,1460,2537,850,1272,850,1329
eventos,r50k_base,53,4351,4351,4351,4940,2486,3279,1484,2561,867,1289,867,1346
eventos,r50k_base,54,4428,4428,4428,5017,2528,3321,1508,2585,883,1305,883,1362
eventos,r50k_base,55,4512,4512,4512,5101,2577,3370,1532,2609,899,1321,899,1378
eventos,r50k_base,56,4591,4591,4591,5180,2621,3414,1556,2633,915,1337,915,1394
eventos,r50k_base,57,4671,4671,4671,5260,2666,3459,1580,2657,931,1353,931,1410
eventos,r50k_base,58,4755,4755,4755,5344,2715,3508,1604,2681,947,1369,947,1426
eventos,r50k_base,59,4834,4834,4834,5423,2757,3550,1628,2705,963,1385,963,1442
eventos,r50k_base,60,4922,4922,4922,5511,2808,3601,1652,2729,980,1402,980,1459
eventos,r50k_base,61,5003,5003,5003,5592,2852,3645,1676,2753,996,1418,996,1475
eventos,r50k_base,62,5083,5083,5083,5672,2897,3690,1700,2777,1012,1434,1012,1491
eventos,r50k_base,63,5164,5164,5164,5753,2941,3734,1724,2801,1028,1450,1028,1507
eventos,r50k_base,64,5243,5243,5243,5832,2985,3778,1748,2825,1044,1466,1044,1523
eventos,r50k_base,65,5324,5324,5324,5913,3031,3824,1772,2849,1060,1482,1060,1539
eventos,r50k_base,66,5406,5406,5406,5995,3078,3871,1796,2873,1076,1498,1076,1555
eventos,r50k_base,67,5492,5492,5492,6081,3129,3922,1820,2897,1093,1515,1093,1572
eventos,r50k_base,68,5573,5573,5573,6162,3175,3968,1844,2921,1109,1531,1109,1588
eventos,r50k_base,69,5651,5651,5651,6240,3218,4011,1868,2945,1125,1547,1125,1604
eventos,r50k_base,70,5737,5737,5737,6326,3269,4062,1892,2969,1141,1563,1141,1620
eventos,r50k_base,71,5823,5823,5823,6412,3320,4113,1916,2993,1157,1579,1157,1636
eventos,r50k_base,72,5900,5900,5900,6489,3362,4155,1940,3017,1173,1595,1173,1652
eventos,r50k_base,73,5986,5986,5986,6575,3413,4206,1964,3041,1189,1611,1189,1668
eventos,r50k_base,74,6073,6073,6073,6662,3465,4258,1988,3065,1206,1628,1206,1685
eventos,r50k_base,75,6153,6153,6153,6742,3510,4303,2012,3089,1222,1644,1222,1701
eventos,r50k_base,76,6231,6231,6231,6820,3553,4346,2036,3113,1238,1660,1238,1717
eventos,r50k_base,77,6311,6311,6311,6900,3596,4389,2060,3137,1254,1676,1254,1733
eventos,r50k_base,78,6390,6390,6390,6979,3640,4433,2084,3161,1270,1692,1270,1749
eventos,r50k_base,79,6475,6475,6475,7064,3690,4483,2108,3185,1286,1708,1286,1765
eventos,r50k_base,80,6557,6557,6557,7146,3735,4528,2132,3209,1302,1724,1302,1781
eventos,r50k_base,81,6638,6638,6638,7227,3781,4574,2156,3233,1318,1740,1318,1797
eventos,r50k_base,82,6717,6717,6717,7306,3825,4618,2179,3256,1334,1756,1334,1813
eventos,r50k_base,83,6801,6801,6801,7390,3872,4665,2203,3280,1350,1772,1350,1829
eventos,r50k_base,84,6882,6882,6882,7471,3918,4711,2227,3304,1366,1788,1366,1845
eventos,r50k_base,85,6970,6970,6970,7559,3971,4764,2251,3328,1382,1804,1382,1861
eventos,r50k_base,86,7051,7051,7051,7640,4015,4808,2275,3352,1398,1820,1398,1877
eventos,r50k_base,87,7129,7129,7129,7718,4058,4851,2299,3376,1414,1836,1414,1893
eventos,r50k_base,88,7211,7211,7211,7800,4105,4898,2323,3400,1430,1852,1430,1909
eventos,r50k_base,89,7295,7295,7295,7884,4154,4947,2347,3424,1446,1868,1446,1925
eventos,r50k_base,90,7378,7378,7378,7967,4202,4995,2371,3448,1462,1884,1462,1941
eventos,r50k_base,91,7455,7455,7455,8044,4244,5037,2395,3472,1478,1900,1478,1957
eventos,r50k_base,92,7539,7539,7539,8128,4293,5086,2419,3496,1494,1916,1494,1973
eventos,r50k_base,93,7623,7623,7623,8212,4342,5135,2443,3520,1510,1932,1510,1989
eventos,r50k_base,94,7703,7703,7703,8292,4387,5180,2467,3544,1526,1948,1526,2005
eventos,r50k_base,95,7789,7789,7789,8378,4438,5231,2491,3568,1542,1964,1542,2021
eventos,r50k_base,96,7874,7874,7874,8463,4488,5281,2515,3592,1559,1981,1559,2038
eventos,r50k_base,97,7957,7957,7957,8546,4536,5329,2539,3616,1575,1997,1575,2054
eventos,r50k_base,98,8035,8035,8035,8624,4579,5372,2563,3640,1591,2013,1591,2070
eventos,r50k_base,99,8118,8118,8118,8707,4627,5420,2587,3664,1607,2029,1607,2086
eventos,r50k_base,100,8195,8195,8195,8784,4669,5462,2611,3688,1623,2045,1623,2102
eventos,r50k_base,101,8279,8279,8279,8868,4718,5511,2635,3712,1639,2061,1639,2118
eventos,r50k_base,102,8362,8362,8362,8951,4766,5559,2659,3736,1655,2077,1655,2134
eventos,r50k_base,103,8442,8442,8442,9031,4811,5604,2683,3760,1671,2093,1671,2150
eventos,r50k_base,104,8529,8529,8529,9118,4863,5656,2707,3784,1688,2110,1688,2167
eventos,r50k_base,105,8614,8614,8614,9203,4913,5706,2731,3808,1705,2127,1705,2184
eventos,r50k_base,106,8694,8694,8694,9283,4958,5751,2755,3832,1721,2143,1721,2200
eventos,r50k_base,107,8774,8774,8774,9363,5003,5796,2779,3856,1737,2159,1737,2216
eventos,r50k_base,108,8856,8856,8856,9445,5050,5843,2803,3880,1753,2175,1753,2232
eventos,r50k_base,109,8943,8943,8943,9532,5102,5895,2827,3904,1769,2191,1769,2248
eventos,r50k_base,110,9027,9027,9027,9616,5151,5944,2851,3928,1785,2207,1785,2264
eventos,r50k_base,111,9111,9111,9111,9700,5200,5993,2875,3952,1801,2223,1801,2280
eventos,r50k_base,112,9190,9190,9190,9779,5242,6035,2899,3976,1817,2239,1817,2296
eventos,r50k_base,113,9269,9269,9269,9858,5286,6079,2923,4000,1833,2255,1833,2312
eventos,r50k_base,114,9350,9350,9350,9939,5332,6125,2947,4024,1849,2271,1849,2328
eventos,r50k_base,115,9436,9436,9436,10025,5383,6176,2971,4048,1866,2288,1866,2345
eventos,r50k_base,116,9521,9521,9521,10110,5433,6226,2995,4072,1882,2304,1882,2361
eventos,r50k_base,117,9604,9604,9604,10193,5481,6274,3019,4096,1898,2320,1898,2377
eventos,r50k_base,118,9681,9681,9681,10270,5523,6316,3043,4120,1914,2336,1914,2393
eventos,r50k_base,119,9768,9768,9768,10357,5575,6368,3067,4144,1931,2353,1931,2410
eventos,r50k_base,120,9852,9852,9852,10441,5624,6417,3091,4168,1947,2369,1947,2426
eventos,r50k_base,121,9931,9931,9931,10520,5668,6461,3115,4192,1963,2385,1963,2442
eventos,r50k_base,122,10008,10008,10008,10597,5710,6503,3139,4216,1979,2401,1979,2458
eventos,r50k_base,123,10095,10095,10095,10684,5762,6555,3163,4240,1996,2418,1996,2475
eventos,r50k_base,124,10174,10174,10174,10763,5806,6599,3187,4264,2012,2434,2012,2491
eventos,r50k_base,125,10258,10258,10258,10847,5853,6646,3211,4288,2028,2450,2028,2507
eventos,r50k_base,126,10335,10335,10335,10924,5895,6688,3235,4312,2045,2467,2045,2524
eventos,r50k_base,127,10416,10416,10416,11005,5941,6734,3259,4336,2061,2483,2061,2540
eventos,r50k_base,128,10493,10493,10493,11082,5983,6776,3283,4360,2077,2499,2077,2556
eventos,r50k_base,129,10573,10573,10573,11162,6028,6821,3307,4384,2093,2515,2093,2572
eventos,r50k_base,130,10653,10653,10653,11242,6071,6864,3331,4408,2109,2531,2109,2588
eventos,r50k_base,131,10737,10737,10737,11326,6120,6913,3355,4432,2126,2548,2126,2605
eventos,r50k_base,132,10818,10818,10818,11407,6166,6959,3379,4456,2142,2564,2142,2621
eventos,r50k_base,133,10895,10895,10895,11484,6208,7001,3403,4480,2158,2580,2158,2637
eventos,r50k_base,134,10974,10974,10974,11563,6252,7045,3427,4504,2174,2596,2174,2653
eventos,r50k_base,135,11061,11061,11061,11650,6304,7097,3451,4528,2190,2612,2190,2669
eventos,r50k_base,136,11147,11147,11147,11736,6355,7148,3475,4552,2207,2629,2207,2686
eventos,r50k_base,137,11226,11226,11226,11815,6399,7192,3499,4576,2223,2645,2223,2702
eventos,r50k_base,138,11315,11315,11315,11904,6453,7246,3522,4599,2240,2662,2240,2719
eventos,r50k_base,139,11392,11392,11392,11981,6495,7288,3546,4623,2256,2678,2256,2735
eventos,r50k_base,140,11476,11476,11476,12065,6544,7337,3570,4647,2272,2694,2272,2751
eventos,r50k_base,141,11556,11556,11556,12145,6589,7382,3594,4671,2288,2710,2288,2767
eventos,r50k_base,142,11638,11638,11638,12227,6636,7429,3618,4695,2305,2727,2305,2784
eventos,r50k_base,143,11719,11719,11719,12308,6682,7475,3642,4719,2321,2743,2321,2800
eventos,r50k_base,144,11806,11806,11806,12395,6732,7525,3666,4743,2338,2760,2338,2817
eventos,r50k_base,145,11892,11892,11892,12481,6783,7576,3690,4767,2354,2776,2354,2833
eventos,r50k_base,146,11977,11977,11977,12566,6833,7626,3714,4791,2370,2792,2370,2849
eventos,r50k_base,147,12060,12060,12060,12649,6881,7674,3738,4815,2387,2809,2387,2866
eventos,r50k_base,148,12142,12142,12142,12731,6928,7721,3762,4839,2403,2825,2403,2882
eventos,r50k_base,149,12224,12224,12224,12813,6975,7768,3786,4863,2419,2841,2419,2898
eventos,r50k_base,150,12305,12305,12305,12894,7021,7814,3810,4887,2436,2858,2436,2915
eventos,r50k_base,151,12388,12388,12388,12977,7069,7862,3834,4911,2452,2874,2452,2931
eventos,r50k_base,152,12471,12471,12471,13060,7117,7910,3858,4935,2468,2890,2468,2947
eventos,r50k_base,153,12553,12553,12553,13142,7164,7957,3882,4959,2484,2906,2484,2963
eventos,r50k_base,154,12635,12635,12635,13224,7211,8004,3906,4983,2500,2922,2500,2979
eventos,r50k_base,155,12718,12718,12718,13307,7259,8052,3930,5007,2518,2940,2518,2997
eventos,r50k_base,156,12795,12795,12795,13384,7301,8094,3954,5031,2534,2956,2534,3013
eventos,r50k_base,157,12875,12875,12875,13464,7346,8139,3978,5055,2550,2972,2550,3029
eventos,r50k_base,158,12955,12955,12955,13544,7391,8184,4002,5079,2566,2988,2566,3045
eventos,r50k_base,159,13041,13041,13041,13630,7442,8235,4026,5103,2582,3004,2582,3061
eventos,r50k_base,160,13126,13126,13126,13715,7492,8285,4050,5127,2599,3021,2599,3078
eventos,r50k_base,161,13211,13211,13211,13800,7542,8335,4074,5151,2616,3038,2616,3095
eventos,r50k_base,162,13295,13295,13295,13884,7591,8384,4098,5175,2633,3055,2633,3112
eventos,r50k_base,163,13385,13385,13385,13974,7646,8439,4121,5198,2650,3072,2650,3129
eventos,r50k_base,164,13465,13465,13465,14054,7691,8484,4145,5222,2667,3089,2667,3146
eventos,r50k_base,165,13548,13548,13548,14137,7739,8532,4169,5246,2684,3106,2684,3163
eventos,r50k_base,166,13636,13636,13636,14225,7792,8585,4193,5270,2702,3124,2702,3181
eventos,r50k_base,167,13723,13723,13723,14312,7844,8637,4217,5294,2720,3142,2720,3199
eventos,r50k_base,168,13800,13800,13800,14389,7886,8679,4241,5318,2737,3159,2737,3216
eventos,r50k_base,169,13878,13878,13878,14467,7929,8722,4265,5342,2754,3176,2754,3233
eventos,r50k_base,170,13958,13958,13958,14547,7974,8767,4289,5366,2771,3193,2771,3250
eventos,r50k_base,171,14041,14041,14041,14630,8022,8815,4313,5390,2788,3210,2788,3267
eventos,r50k_base,172,14123,14123,14123,14712,8069,8862,4337,5414,2805,3227,2805,3284
eventos,r50k_base,173,14204,14204,14204,14793,8115,8908,4361,5438,2822,3244,2822,3301
eventos,r50k_base,174,14286,14286,14286,14875,8162,8955,4385,5462,2839,3261,2839,3318
eventos,r50k_base,175,14365,14365,14365,14954,8206,8999,4409,5486,2856,3278,2856,3335
eventos,r50k_base,176,14449,14449,14449,15038,8255,9048,4433,5510,2873,3295,2873,3352
eventos,r50k_base,177,14533,14533,14533,15122,8304,9097,4457,5534,2890,3312,2890,3369
eventos,r50k_base,178,14623,14623,14623,15212,8359,9152,4481,5558,2908,3330,2908,3387
eventos,r50k_base,179,14709,14709,14709,15298,8410,9203,4505,5582,2925,3347,2925,3404
eventos,r50k_base,180,14786,14786,14786,15375,8452,9245,4529,5606,2941,3363,2941,3420
eventos,r50k_base,181,14867,14867,14867,15456,8498,9291,4553,5630,2958,3380,2958,3437
eventos,r50k_base,182,14945,14945,14945,15534,8541,9334,4577,5654,2974,3396,2974,3453
eventos,r50k_base,183,15028,15028,15028,15617,8587,9380,4601,5678,2991,3413,2991,3470
eventos,r50k_base,184,15112,15112,15112,15701,8636,9429,4625,5702,3007,3429,3007,3486
eventos,r50k_base,185,15189,15189,15189,15778,8678,9471,4649,5726,3023,3445,3023,3502
eventos,r50k_base,186,15273,15273,15273,15862,8727,9520,4673,5750,3039,3461,3039,3518
eventos,r50k_base,187,15355,15355,15355,15944,8774,9567,4697,5774,3056,3478,3056,3535
eventos,r50k_base,188,15444,15444,15444,16033,8828,9621,4721,5798,3074,3496,3074,3553
eventos,r50k_base,189,15525,15525,15525,16114,8874,9667,4745,5822,3091,3513,3091,3570
eventos,r50k_base,190,15606,15606,15606,16195,8920,9713,4769,5846,3108,3530,3108,3587
eventos,r50k_base,191,15688,15688,15688,16277,8967,9760,4793,5870,3125,3547,3125,3604
eventos,r50k_base,192,15768,15768,15768,16357,9012,9805,4817,5894,3142,3564,3142,3621
eventos,r50k_base,193,15847,15847,15847,16436,9056,9849,4841,5918,3159,3581,3159,3638
eventos,r50k_base,194,15929,15929,15929,16518,9103,9896,4865,5942,3176,3598,3176,3655
eventos,r50k_base,195,16017,16017,16017,16606,9156,9949,4889,5966,3193,3615,3193,3672
eventos,r50k_base,196,16094,16094,16094,16683,9198,9991,4913,5990,3210,3632,3210,3689
eventos,r50k_base,197,16171,16171,16171,16760,9240,10033,4937,6014,3227,3649,3227,3706
eventos,r50k_base,198,16254,16254,16254,16843,9286,10079,4961,6038,3244,3666,3244,3723
eventos,r50k_base,199,16335,16335,16335,16924,9332,10125,4985,6062,3261,3683,3261,3740
eventos,r50k_base,200,16425,16425,16425,17014,9387,10180,5009,6086,3279,3701,3279,3758
eventos,r50k_base,201,16508,16508,16508,17097,9435,10228,5033,6110,3296,3718,3296,3775
eventos,r50k_base,202,16591,16591,16591,17180,9483,10276,5057,6134,3312,3734,3312,3791
eventos,r50k_base,203,16671,16671,16671,17260,9528,10321,5081,6158,3329,3751,3329,3808
eventos,r50k_base,204,16757,16757,16757,17346,9579,10372,5105,6182,3347,3769,3347,3826
eventos,r50k_base,205,16835,16835,16835,17424,9622,10415,5129,6206,3364,3786,3364,3843
eventos,r50k_base,206,16912,16912,16912,17501,9664,10457,5153,6230,3381,3803,3381,3860
eventos,r50k_base,207,16992,16992,16992,17581,9709,10502,5177,6254,3398,3820,3398,3877
eventos,r50k_base,208,17075,17075,17075,17664,9757,10550,5201,6278,3415,3837,3415,3894
eventos,r50k_base,209,17162,17162,17162,17751,9809,10602,5225,6302,3432,3854,3432,3911
eventos,r50k_base,210,17247,17247,17247,17836,9859,10652,5249,6326,3449,3871,3449,3928
eventos,r50k_base,211,17337,17337,17337,17926,9914,10707,5273,6350,3467,3889,3467,3946
eventos,r50k_base,212,17426,17426,17426,18015,9968,10761,5297,6374,3485,3907,3485,3964
eventos,r50k_base,213,17510,17510,17510,18099,10015,10808,5321,6398,3502,3924,3502,3981
eventos,r50k_base,214,17592,17592,17592,18181,10062,10855,5345,6422,3519,3941,3519,3998
eventos,r50k_base,215,17674,17674,17674,18263,10109,10902,5369,6446,3536,3958,3536,4015
eventos,r50k_base,216,17758,17758,17758,18347,10158,10951,5393,6470,3553,3975,3553,4032
eventos,r50k_base,217,17835,17835,17835,18424,10200,10993,5417,6494,3570,3992,3570,4049
eventos,r50k_base,218,17922,17922,17922,18511,10252,11045,5441,6518,3588,4010,3588,4067
eventos,r50k_base,219,17999,17999,17999,18588,10294,11087,5465,6542,3605,4027,3605,4084
eventos,r50k_base,220,18082,18082,18082,18671,10340,11133,5489,6566,3622,4044,3622,4101
eventos,r50k_base,221,18163,18163,18163,18752,10386,11179,5513,6590,3639,4061,3639,4118
eventos,r50k_base,222,18243,18243,18243,18832,10431,11224,5537,6614,3656,4078,3656,4135
eventos,r50k_base,223,18320,18320,18320,18909,10473,11266,5561,6638,3673,4095,3673,4152
eventos,r50k_base,224,18400,18400,18400,18989,10518,11311,5585,6662,3690,4112,3690,4169
eventos,r50k_base,225,18481,18481,18481,19070,10564,11357,5609,6686,3707,4129,3707,4186
eventos,r50k_base,226,18561,18561,18561,19150,10609,11402,5633,6710,3724,4146,3724,4203
eventos,r50k_base,227,18639,18639,18639,19228,10652,11445,5657,6734,3741,4163,3741,4220
eventos,r50k_base,228,18729,18729,18729,19318,10705,11498,5681,6758,3758,4180,3758,4237
eventos,r50k_base,229,18814,18814,18814,19403,10755,11548,5705,6782,3775,4197,3775,4254
eventos,r50k_base,230,18892,18892,18892,19481,10798,11591,5729,6806,3792,4214,3792,4271
eventos,r50k_base,231,18972,18972,18972,19561,10843,11636,5753,6830,3809,4231,3809,4288
eventos,r50k_base,232,19057,19057,19057,19646,10893,11686,5777,6854,3826,4248,3826,4305
eventos,r50k_base,233,19139,19139,19139,19728,10938,11731,5801,6878,3843,4265,3843,4322
eventos,r50k_base,234,19223,19223,19223,19812,10987,11780,5824,6901,3861,4283,3861,4340
eventos,r50k_base,235,19303,19303,19303,19892,11032,11825,5848,6925,3878,4300,3878,4357
eventos,r50k_base,236,19387,19387,19387,19976,11081,11874,5872,6949,3895,4317,3895,4374
eventos,r50k_base,237,19475,19475,19475,20064,11134,11927,5896,6973,3912,4334,3912,4391
eventos,r50k_base,238,19560,19560,19560,20149,11184,11977,5920,6997,3929,4351,3929,4408
eventos,r50k_base,239,19643,19643,19643,20232,11232,12025,5944,7021,3946,4368,3946,4425
eventos,r50k_base,240,19727,19727,19727,20316,11281,12074,5968,7045,3963,4385,3963,4442
eventos,r50k_base,241,19815,19815,19815,20404,11334,12127,5992,7069,3981,4403,3981,4460
eventos,r50k_base,242,19897,19897,19897,20486,11381,12174,6016,7093,3998,4420,3998,4477
eventos,r50k_base,243,19982,19982,19982,20571,11431,12224,6040,7117,4015,4437,4015,4494
eventos,r50k_base,244,20067,20067,20067,20656,11481,12274,6064,7141,4032,4454,4032,4511
eventos,r50k_base,245,20154,20154,20154,20743,11533,12326,6088,7165,4049,4471,4049,4528
eventos,r50k_base,246,20234,20234,20234,20823,11576,12369,6112,7189,4066,4488,4066,4545
eventos,r50k_base,247,20317,20317,20317,20906,11624,12417,6136,7213,4083,4505,4083,4562
eventos,r50k_base,248,20409,20409,20409,20998,11681,12474,6160,7237,4101,4523,4101,4580
eventos,r50k_base,249,20491,20491,20491,21080,11728,12521,6183,7260,4118,4540,4118,4597
eventos,r50k_base,250,20577,20577,20577,21166,11779,12572,6207,7284,4135,4557,4135,4614
tickets,cl100k_base,1,51,51,51,309,39,486,59,802,37,208,37,278
tickets,cl100k_base,2,87,87,87,345,62,509,82,825,57,228,57,298
tickets,cl100k_base,3,133,133,133,391,95,542,115,858,87,258,87,328
tickets,cl100k_base,4,169,169,169,427,118,565,138,881,107,278,107,348
tickets,cl100k_base,5,213,213,213,471,149,596,169,912,135,306,135,376
tickets,cl100k_base,6,253,253,253,511,176,623,196,939,159,330,159,400
tickets,cl100k_base,7,301,301,301,559,211,658,231,974,190,361,190,431
tickets,cl100k_base,8,340,340,340,598,237,684,257,1000,213,384,213,454
tickets,cl100k_base,9,384,384,384,642,268,715,288,1031,240,411,240,481
tickets,cl100k_base,10,420,420,420,678,291,738,311,1054,259,430,259,500
tickets,cl100k_base,11,464,464,464,722,322,769,342,1085,287,458,287,528
tickets,cl100k_base,12,511,511,511,769,356,803,376,1119,317,488,317,558
tickets,cl100k_base,13,551,551,551,809,383,830,403,1146,341,512,341,582
tickets,cl100k_base,14,596,596,596,854,415,862,435,1178,371,542,371,612
tickets,cl100k_base,15,644,644,644,902,450,897,470,1213,402,573,402,643
tickets,cl100k_base,16,682,682,682,940,475,922,495,1238,424,595,424,665
tickets,cl100k_base,17,724,724,724,982,504,951,524,1267,450,621,450,691
tickets,cl100k_base,18,768,768,768,1026,535,982,555,1298,479,650,479,720
tickets,cl100k_base,19,810,810,810,1068,564,1011,584,1327,505,676,505,746
tickets,cl100k_base,20,854,854,854,1112,595,1042,615,1358,532,703,532,773
tickets,cl100k_base,21,903,903,903,1161,631,1078,651,1394,564,735,564,805
tickets,cl100k_base,22,942,942,942,1200,657,1104,677,1420,588,759,588,829
tickets,cl100k_base,23,981,981,981,1239,683,1130,703,1446,612,783,612,853
tickets,cl100k_base,24,1017,1017,1017,1275,706,1153,726,1469,633,804,633,874
tickets,cl100k_base,25,1056,1056,1056,1314,732,1179,752,1495,655,826,655,896
tickets,cl100k_base,26,1098,1098,1098,1356,761,1208,781,1524,680,851,680,921
tickets,cl100k_base,27,1139,1139,1139,1397,789,1236,809,1552,704,875,704,945
tickets,cl100k_base,28,1185,1185,1185,1443,822,1269,842,1585,734,905,734,975
tickets,cl100k_base,29,1225,1225,1225,1483,849,1296,869,1612,757,928,757,998
tickets,cl100k_base,30,1271,1271,1271,1529,882,1329,902,1645,786,957,786,1027
tickets,cl100k_base,31,1311,1311,1311,1569,909,1356,929,1672,810,981,810,1051
tickets,cl100k_base,32,1350,1350,1350,1608,935,1382,955,1698,833,1004,833,1074
tickets,cl100k_base,33,1396,1396,1396,1654,968,1415,988,1731,862,1033,862,1103
tickets,cl100k_base,34,1437,1437,1437,1695,996,1443,1016,1759,886,1057,886,1127
tickets,cl100k_base,35,1482,1482,1482,1740,1028,1475,1048,1791,915,1086,915,1156
tickets,cl100k_base,36,1529,1529,1529,1787,1062,1509,1082,1825,945,1116,945,1186
tickets,cl100k_base,37,1574,1574,1574,1832,1094,1541,1114,1857,974,1145,974,1215
tickets,cl100k_base,38,1611,1611,1611,1869,1118,1565,1138,1881,996,1167,996,1237
tickets,cl100k_base,39,1652,1652,1652,1910,1146,1593,1166,1909,1022,1193,1022,1263
tickets,cl100k_base,40,1692,1692,1692,1950,1173,1620,1193,1936,1045,1216,1045,1286
tickets,cl100k_base,41,1731,1731,1731,1989,1199,1646,1219,1962,1068,1239,1068,1309
tickets,cl100k_base,42,1772,1772,1772,2030,1227,1674,1247,1990,1092,1263,1092,1333
tickets,cl100k_base,43,1819,1819,1819,2077,1261,1708,1281,2024,1124,1295,1124,1365
tickets,cl100k_base,44,1855,1855,1855,2113,1284,1731,1304,2047,1144,1315,1144,1385
tickets,cl100k_base,45,1901,1901,1901,2159,1317,1764,1337,2080,1174,1345,1174,1415
tickets,cl100k_base,46,1938,1938,1938,2196,1341,1788,1361,2104,1196,1367,1196,1437
tickets,cl100k_base,47,1984,1984,1984,2242,1374,1821,1394,2137,1225,1396,1225,1466
tickets,cl100k_base,48,2031,2031,2031,2289,1408,1855,1428,2171,1256,1427,1256,1497
tickets,cl100k_base,49,2073,2073,2073,2331,1437,1884,1457,2200,1282,1453,1282,1523
tickets,cl100k_base,50,2120,2120,2120,2378,1471,1918,1491,2234,1312,1483,1312,1553
tickets,cl100k_base,51,2166,2166,2166,2424,1504,1951,1524,2267,1342,1513,1342,1583
tickets,cl100k_base,52,2203,2203,2203,2461,1528,1975,1548,2291,1364,1535,1364,1605
tickets,cl100k_base,53,2239,2239,2239,2497,1551,1998,1571,2314,1384,1555,1384,1625
tickets,cl100k_base,54,2283,2283,2283,2541,1582,2029,1602,2345,1411,1582,1411,1652
tickets,cl100k_base,55,2321,2321,2321,2579,1607,2054,1627,2370,1432,1603,1432,1673
tickets,cl100k_base,56,2365,2365,2365,2623,1638,2085,1658,2401,1459,1630,1459,1700
tickets,cl100k_base,57,2409,2409,2409,2667,1669,2116,1689,2432,1487,1658,1487,1728
tickets,cl100k_base,58,2452,2452,2452,2710,1699,2146,1719,2462,1514,1685,1514,1755
tickets,cl100k_base,59,2498,2498,2498,2756,1732,2179,1752,2495,1544,1715,1544,1785
tickets,cl100k_base,60,2542,2542,2542,2800,1763,2210,1783,2526,1572,1743,1572,1813
tickets,cl100k_base,61,2586,2586,2586,2844,1794,2241,1814,2557,1599,1770,1599,1840
tickets,cl100k_base,62,2621,2621,2621,2879,1816,2263,1836,2579,1617,1788,1617,1858
tickets,cl100k_base,63,2665,2665,2665,2923,1847,2294,1867,2610,1645,1816,1645,1886
tickets,cl100k_base,64,2711,2711,2711,2969,1880,2327,1900,2643,1675,1846,1675,1916
tickets,cl100k_base,65,2752,2752,2752,3010,1908,2355,1928,2671,1701,1872,1701,1942
tickets,cl100k_base,66,2790,2790,2790,3048,1933,2380,1953,2696,1723,1894,1723,1964
tickets,cl100k_base,67,2832,2832,2832,3090,1962,2409,1982,2725,1749,1920,1749,1990
tickets,cl100k_base,68,2877,2877,2877,3135,1994,2441,2014,2757,1777,1948,1777,2018
tickets,cl100k_base,69,2919,2919,2919,3177,2023,2470,2043,2786,1803,1974,1803,2044
tickets,cl100k_base,70,2963,2963,2963,3221,2054,2501,2074,2817,1830,2001,1830,2071
tickets,cl100k_base,71,3001,3001,3001,3259,2079,2526,2099,2842,1852,2023,1852,2093
tickets,cl100k_base,72,3035,3035,3035,3293,2100,2547,2120,2863,1871,2042,1871,2112
tickets,cl100k_base,73,3082,3082,3082,3340,2134,2581,2154,2897,1901,2072,1901,2142
tickets,cl100k_base,74,3125,3125,3125,3383,2164,2611,2184,2927,1927,2098,1927,2168
tickets,cl100k_base,75,3168,3168,3168,3426,2194,2641,2214,2957,1954,2125,1954,2195
tickets,cl100k_base,76,3205,3205,3205,3463,2218,2665,2238,2981,1975,2146,1975,2216
tickets,cl100k_base,77,3250,3250,3250,3508,2250,2697,2270,3013,2004,2175,2004,2245
tickets,cl100k_base,78,3294,3294,3294,3552,2281,2728,2301,3044,2033,2204,2033,2274
tickets,cl100k_base,79,3330,3330,3330,3588,2304,2751,2324,3067,2053,2224,2053,2294
tickets,cl100k_base,80,3369,3369,3369,3627,2330,2777,2350,3093,2075,2246,2075,2316
tickets,cl100k_base,81,3408,3408,3408,3666,2356,2803,2376,3119,2098,2269,2098,2339
tickets,cl100k_base,82,3452,3452,3452,3710,2387,2834,2407,3150,2126,2297,2126,2367
tickets,cl100k_base,83,3495,3495,3495,3753,2417,2864,2437,3180,2153,2324,2153,2394
tickets,cl100k_base,84,3532,3532,3532,3790,2441,2888,2461,3204,2174,2345,2174,2415
tickets,cl100k_base,85,3578,3578,3578,3836,2474,2921,2494,3237,2203,2374,2203,2444
tickets,cl100k_base,86,3624,3624,3624,3882,2507,2954,2527,3270,2233,2404,2233,2474
tickets,cl100k_base,87,3667,3667,3667,3925,2537,2984,2557,3300,2261,2432,2261,2502
tickets,cl100k_base,88,3713,3713,3713,3971,2570,3017,2590,3333,2291,2462,2291,2532
tickets,cl100k_base,89,3754,3754,3754,4012,2598,3045,2618,3361,2316,2487,2316,2557
tickets,cl100k_base,90,3792,3792,3792,4050,2623,3070,2643,3386,2337,2508,2337,2578
tickets,cl100k_base,91,3834,3834,3834,4092,2652,3099,2672,3415,2362,2533,2362,2603
tickets,cl100k_base,92,3880,3880,3880,4138,2685,3132,2705,3448,2392,2563,2392,2633
tickets,cl100k_base,93,3923,3923,3923,4181,2715,3162,2735,3478,2419,2590,2419,2660
tickets,cl100k_base,94,3967,3967,3967,4225,2746,3193,2766,3509,2448,2619,2448,2689
tickets,cl100k_base,95,4005,4005,4005,4263,2771,3218,2791,3534,2471,2642,2471,2712
tickets,cl100k_base,96,4043,4043,4043,4301,2796,3243,2816,3559,2493,2664,2493,2734
tickets,cl100k_base,97,4083,4083,4083,4341,2823,3270,2843,3586,2516,2687,2516,2757
tickets,cl100k_base,98,4132,4132,4132,4390,2859,3306,2879,3622,2548,2719,2548,2789
tickets,cl100k_base,99,4168,4168,4168,4426,2882,3329,2902,3645,2568,2739,2568,2809
tickets,cl100k_base,100,4204,4204,4204,4462,2905,3352,2925,3668,2588,2759,2588,2829
tickets,cl100k_base,101,4249,4249,4249,4507,2937,3384,2957,3700,2618,2789,2618,2859
tickets,cl100k_base,102,4295,4295,4295,4553,2970,3417,2990,3733,2648,2819,2648,2889
tickets,cl100k_base,103,4337,4337,4337,4595,2999,3446,3019,3762,2674,2845,2674,2915
tickets,cl100k_base,104,4382,4382,4382,4640,3031,3478,3051,3794,2703,2874,2703,2944
tickets,cl100k_base,105,4424,4424,4424,4682,3060,3507,3080,3823,2730,2901,2730,2971
tickets,cl100k_base,106,4472,4472,4472,4730,3095,3542,3115,3858,2762,2933,2762,3003
tickets,cl100k_base,107,4513,4513,4513,4771,3123,3570,3143,3886,2786,2957,2786,3027
tickets,cl100k_base,108,4557,4557,4557,4815,3154,3601,3174,3917,2813,2984,2813,3054
tickets,cl100k_base,109,4600,4600,4600,4858,3184,3631,3204,3947,2841,3012,2841,3082
tickets,cl100k_base,110,4647,4647,4647,4905,3218,3665,3238,3981,2872,3043,2872,3113
tickets,cl100k_base,111,4696,4696,4696,4954,3254,3701,3274,4017,2905,3076,2905,3146
tickets,cl100k_base,112,4743,4743,4743,5001,3288,3735,3308,4051,2936,3107,2936,3177
tickets,cl100k_base,113,4790,4790,4790,5048,3322,3769,3342,4085,2967,3138,2967,3208
tickets,cl100k_base,114,4834,4834,4834,5092,3353,3800,3373,4116,2996,3167,2996,3237
tickets,cl100k_base,115,4880,4880,4880,5138,3386,3833,3406,4149,3026,3197,3026,3267
tickets,cl100k_base,116,4919,4919,4919,5177,3412,3859,3432,4175,3050,3221,3050,3291
tickets,cl100k_base,117,4958,4958,4958,5216,3438,3885,3458,4201,3073,3244,3073,3314
tickets,cl100k_base,118,5000,5000,5000,5258,3467,3914,3487,4230,3098,3269,3098,3339
tickets,cl100k_base,119,5035,5035,5035,5293,3489,3936,3509,4252,3116,3287,3116,3357
tickets,cl100k_base,120,5074,5074,5074,5332,3515,3962,3535,4278,3139,3310,3139,3380
tickets,cl100k_base,121,5114,5114,5114,5372,3542,3989,3562,4305,3163,3334,3163,3404
tickets,cl100k_base,122,5160,5160,5160,5418,3575,4022,3595,4338,3193,3364,3193,3434
tickets,cl100k_base,123,5210,5210,5210,5468,3612,4059,3632,4375,3227,3398,3227,3468
tickets,cl100k_base,124,5252,5252,5252,5510,3641,4088,3661,4404,3253,3424,3253,3494
tickets,cl100k_base,125,5298,5298,5298,5556,3674,4121,3694,4437,3283,3454,3283,3524
tickets,cl100k_base,126,5343,5343,5343,5601,3706,4153,3726,4469,3311,3482,3311,3552
tickets,cl100k_base,127,5381,5381,5381,5639,3731,4178,3751,4494,3333,3504,3333,3574
tickets,cl100k_base,128,5422,5422,5422,5680,3759,4206,3779,4522,3358,3529,3358,3599
tickets,cl100k_base,129,5467,5467,5467,5725,3791,4238,3811,4554,3386,3557,3386,3627
tickets,cl100k_base,130,5505,5505,5505,5763,3816,4263,3836,4579,3407,3578,3407,3648
tickets,cl100k_base,131,5547,5547,5547,5805,3845,4292,3865,4608,3433,3604,3433,3674
tickets,cl100k_base,132,5586,5586,5586,5844,3871,4318,3891,4634,3456,3627,3456,3697
tickets,cl100k_base,133,5628,5628,5628,5886,3900,4347,3920,4663,3482,3653,3482,3723
tickets,cl100k_base,134,5673,5673,5673,5931,3932,4379,3952,4695,3511,3682,3511,3752
tickets,cl100k_base,135,5717,5717,5717,5975,3963,4410,3983,4726,3539,3710,3539,3780
tickets,cl100k_base,136,5758,5758,5758,6016,3991,4438,4011,4754,3565,3736,3565,3806
tickets,cl100k_base,137,5797,5797,5797,6055,4017,4464,4037,4780,3588,3759,3588,3829
tickets,cl100k_base,138,5840,5840,5840,6098,4047,4494,4067,4810,3615,3786,3615,3856
tickets,cl100k_base,139,5882,5882,5882,6140,4076,4523,4096,4839,3642,3813,3642,3883
tickets,cl100k_base,140,5924,5924,5924,6182,4105,4552,4125,4868,3669,3840,3669,3910
tickets,cl100k_base,141,5970,5970,5970,6228,4138,4585,4158,4901,3698,3869,3698,3939
tickets,cl100k_base,142,6013,6013,6013,6271,4168,4615,4188,4931,3725,3896,3725,3966
tickets,cl100k_base,143,6052,6052,6052,6310,4194,4641,4214,4957,3748,3919,3748,3989
tickets,cl100k_base,144,6087,6087,6087,6345,4216,4663,4236,4979,3768,3939,3768,4009
tickets,cl100k_base,145,6133,6133,6133,6391,4249,4696,4269,5012,3797,3968,3797,4038
tickets,cl100k_base,146,6179,6179,6179,6437,4282,4729,4302,5045,3826,3997,3826,4067
tickets,cl100k_base,147,6216,6216,6216,6474,4306,4753,4326,5069,3847,4018,3847,4088
tickets,cl100k_base,148,6253,6253,6253,6511,4330,4777,4350,5093,3868,4039,3868,4109
tickets,cl100k_base,149,6298,6298,6298,6556,4362,4809,4382,5125,3896,4067,3896,4137
tickets,cl100k_base,150,6342,6342,6342,6600,4393,4840,4413,5156,3924,4095,3924,4165
tickets,cl100k_base,151,6389,6389,6389,6647,4427,4874,4447,5190,3955,4126,3955,4196
tickets,cl100k_base,152,6425,6425,6425,6683,4450,4897,4470,5213,3976,4147,3976,4217
tickets,cl100k_base,153,6461,6461,6461,6719,4473,4920,4493,5236,3996,4167,3996,4237
tickets,cl100k_base,154,6506,6506,6506,6764,4505,4952,4525,5268,4026,4197,4026,4267
tickets,cl100k_base,155,6542,6542,6542,6800,4528,4975,4548,5291,4046,4217,4046,4287
tickets,cl100k_base,156,6583,6583,6583,6841,4556,5003,4576,5319,4072,4243,4072,4313
tickets,cl100k_base,157,6619,6619,6619,6877,4579,5026,4599,5342,4091,4262,4091,4332
tickets,cl100k_base,158,6664,6664,6664,6922,4611,5058,4631,5374,4121,4292,4121,4362
tickets,cl100k_base,159,6701,6701,6701,6959,4635,5082,4655,5398,4143,4314,4143,4384
tickets,cl100k_base,160,6744,6744,6744,7002,4665,5112,4685,5428,4170,4341,4170,4411
tickets,cl100k_base,161,6790,6790,6790,7048,4698,5145,4718,5461,4200,4371,4200,4441
tickets,cl100k_base,162,6838,6838,6838,7096,4733,5180,4753,5496,4233,4404,4233,4474
tickets,cl100k_base,163,6880,6880,6880,7138,4762,5209,4782,5525,4260,4431,4260,4501
tickets,cl100k_base,164,6928,6928,6928,7186,4797,5244,4817,5560,4292,4463,4292,4533
tickets,cl100k_base,165,6967,6967,6967,7225,4823,5270,4843,5586,4316,4487,4316,4557
tickets,cl100k_base,166,7005,7005,7005,7263,4848,5295,4868,5611,4338,4509,4338,4579
tickets,cl100k_base,167,7050,7050,7050,7308,4880,5327,4900,5643,4366,4537,4366,4607
tickets,cl100k_base,168,7094,7094,7094,7352,4911,5358,4931,5674,4393,4564,4393,4634
tickets,cl100k_base,169,7136,7136,7136,7394,4940,5387,4960,5703,4420,4591,4420,4661
tickets,cl100k_base,170,7179,7179,7179,7437,4970,5417,4990,5733,4447,4618,4447,4688
tickets,cl100k_base,171,7218,7218,7218,7476,4996,5443,5016,5759,4470,4641,4470,4711
tickets,cl100k_base,172,7257,7257,7257,7515,5022,5469,5042,5785,4494,4665,4494,4735
tickets,cl100k_base,173,7295,7295,7295,7553,5047,5494,5067,5810,4516,4687,4516,4757
tickets,cl100k_base,174,7335,7335,7335,7593,5074,5521,5094,5837,4540,4711,4540,4781
tickets,cl100k_base,175,7375,7375,7375,7633,5101,5548,5121,5864,4563,4734,4563,4804
tickets,cl100k_base,176,7411,7411,7411,7669,5124,5571,5144,5887,4582,4753,4582,4823
tickets,cl100k_base,177,7455,7455,7455,7713,5155,5602,5175,5918,4610,4781,4610,4851
tickets,cl100k_base,178,7497,7497,7497,7755,5184,5631,5204,5947,4637,4808,4637,4878
tickets,cl100k_base,179,7543,7543,7543,7801,5217,5664,5237,5980,4667,4838,4667,4908
tickets,cl100k_base,180,7588,7588,7588,7846,5249,5696,5269,6012,4695,4866,4695,4936
tickets,cl100k_base,181,7630,7630,7630,7888,5278,5725,5298,6041,4722,4893,4722,4963
tickets,cl100k_base,182,7675,7675,7675,7933,5310,5757,5330,6073,4751,4922,4751,4992
tickets,cl100k_base,183,7718,7718,7718,7976,5340,5787,5360,6103,4777,4948,4777,5018
tickets,cl100k_base,184,7757,7757,7757,8015,5366,5813,5386,6129,4800,4971,4800,5041
tickets,cl100k_base,185,7801,7801,7801,8059,5397,5844,5417,6160,4829,5000,4829,5070
tickets,cl100k_base,186,7845,7845,7845,8103,5428,5875,5448,6191,4857,5028,4857,5098
tickets,cl100k_base,187,7884,7884,7884,8142,5454,5901,5474,6217,4880,5051,4880,5121
tickets,cl100k_base,188,7921,7921,7921,8179,5478,5925,5498,6241,4901,5072,4901,5142
tickets,cl100k_base,189,7959,7959,7959,8217,5503,5950,5523,6266,4922,5093,4922,5163
tickets,cl100k_base,190,7998,7998,7998,8256,5529,5976,5549,6292,4945,5116,4945,5186
tickets,cl100k_base,191,8048,8048,8048,8306,5566,6013,5586,6329,4978,5149,4978,5219
tickets,cl100k_base,192,8094,8094,8094,8352,5599,6046,5619,6362,5007,5178,5007,5248
tickets,cl100k_base,193,8138,8138,8138,8396,5630,6077,5650,6393,5035,5206,5035,5276
tickets,cl100k_base,194,8183,8183,8183,8441,5662,6109,5682,6425,5064,5235,5064,5305
tickets,cl100k_base,195,8219,8219,8219,8477,5685,6132,5705,6448,5085,5256,5085,5326
tickets,cl100k_base,196,8263,8263,8263,8521,5716,6163,5736,6479,5113,5284,5113,5354
tickets,cl100k_base,197,8306,8306,8306,8564,5746,6193,5766,6509,5140,5311,5140,5381
tickets,cl100k_base,198,8347,8347,8347,8605,5774,6221,5794,6537,5166,5337,5166,5407
tickets,cl100k_base,199,8396,8396,8396,8654,5810,6257,5830,6573,5199,5370,5199,5440
tickets,cl100k_base,200,8433,8433,8433,8691,5834,6281,5854,6597,5220,5391,5220,5461
tickets,cl100k_base,201,8471,8471,8471,8729,5859,6306,5879,6622,5243,5414,5243,5484
tickets,cl100k_base,202,8508,8508,8508,8766,5883,6330,5903,6646,5265,5436,5265,5506
tickets,cl100k_base,203,8552,8552,8552,8810,5914,6361,5934,6677,5292,5463,5292,5533
tickets,cl100k_base,204,8598,8598,8598,8856,5947,6394,5967,6710,5322,5493,5322,5563
tickets,cl100k_base,205,8642,8642,8642,8900,5978,6425,5998,6741,5350,5521,5350,5591
tickets,cl100k_base,206,8685,8685,8685,8943,6008,6455,6028,6771,5377,5548,5377,5618
tickets,cl100k_base,207,8727,8727,8727,8985,6037,6484,6057,6800,5403,5574,5403,5644
tickets,cl100k_base,208,8777,8777,8777,9035,6074,6521,6094,6837,5436,5607,5436,5677
tickets,cl100k_base,209,8823,8823,8823,9081,6107,6554,6127,6870,5467,5638,5467,5708
tickets,cl100k_base,210,8868,8868,8868,9126,6139,6586,6159,6902,5496,5667,5496,5737
tickets,cl100k_base,211,8909,8909,8909,9167,6167,6614,6187,6930,5522,5693,5522,5763
tickets,cl100k_base,212,8948,8948,8948,9206,6193,6640,6213,6956,5545,5716,5545,5786
tickets,cl100k_base,213,8990,8990,8990,9248,6222,6669,6242,6985,5572,5743,5572,5813
tickets,cl100k_base,214,9034,9034,9034,9292,6253,6700,6273,7016,5600,5771,5600,5841
tickets,cl100k_base,215,9073,9073,9073,9331,6279,6726,6299,7042,5622,5793,5622,5863
tickets,cl100k_base,216,9121,9121,9121,9379,6314,6761,6334,7077,5653,5824,5653,5894
tickets,cl100k_base,217,9159,9159,9159,9417,6339,6786,6359,7102,5675,5846,5675,5916
tickets,cl100k_base,218,9203,9203,9203,9461,6370,6817,6390,7133,5702,5873,5702,5943
tickets,cl100k_base,219,9242,9242,9242,9500,6396,6843,6416,7159,5725,5896,5725,5966
tickets,cl100k_base,220,9285,9285,9285,9543,6426,6873,6446,7189,5751,5922,5751,5992
tickets,cl100k_base,221,9330,9330,9330,9588,6458,6905,6478,7221,5781,5952,5781,6022
tickets,cl100k_base,222,9375,9375,9375,9633,6490,6937,6510,7253,5810,5981,5810,6051
tickets,cl100k_base,223,9411,9411,9411,9669,6513,6960,6533,7276,5830,6001,5830,6071
tickets,cl100k_base,224,9457,9457,9457,9715,6546,6993,6566,7309,5859,6030,5859,6100
tickets,cl100k_base,225,9503,9503,9503,9761,6579,7026,6599,7342,5888,6059,5888,6129
tickets,cl100k_base,226,9546,9546,9546,9804,6609,7056,6629,7372,5915,6086,5915,6156
tickets,cl100k_base,227,9583,9583,9583,9841,6633,7080,6653,7396,5936,6107,5936,6177
tickets,cl100k_base,228,9623,9623,9623,9881,6660,7107,6680,7423,5960,6131,5960,6201
tickets,cl100k_base,229,9668,9668,9668,9926,6692,7139,6712,7455,5989,6160,5989,6230
tickets,cl100k_base,230,9711,9711,9711,9969,6722,7169,6742,7485,6016,6187,6016,6257
tickets,cl100k_base,231,9748,9748,9748,10006,6746,7193,6766,7509,6038,6209,6038,6279
tickets,cl100k_base,232,9794,9794,9794,10052,6779,7226,6799,7542,6069,6240,6069,6310
tickets,cl100k_base,233,9836,9836,9836,10094,6808,7255,6828,7571,6095,6266,6095,6336
tickets,cl100k_base,234,9881,9881,9881,10139,6840,7287,6860,7603,6124,6295,6124,6365
tickets,cl100k_base,235,9928,9928,9928,10186,6874,7321,6894,7637,6154,6325,6154,6395
tickets,cl100k_base,236,9971,9971,9971,10229,6904,7351,6924,7667,6181,6352,6181,6422
tickets,cl100k_base,237,10015,10015,10015,10273,6935,7382,6955,7698,6210,6381,6210,6451
tickets,cl100k_base,238,10060,10060,10060,10318,6967,7414,6987,7730,6240,6411,6240,6481
tickets,cl100k_base,239,10103,10103,10103,10361,6997,7444,7017,7760,6267,6438,6267,6508
tickets,cl100k_base,240,10144,10144,10144,10402,7025,7472,7045,7788,6291,6462,6291,6532
tickets,cl100k_base,241,10188,10188,10188,10446,7056,7503,7076,7819,6320,6491,6320,6561
tickets,cl100k_base,242,10229,10229,10229,10487,7084,7531,7104,7847,6345,6516,6345,6586
tickets,cl100k_base,243,10275,10275,10275,10533,7117,7564,7137,7880,6375,6546,6375,6616
tickets,cl100k_base,244,10316,10316,10316,10574,7145,7592,7165,7908,6400,6571,6400,6641
tickets,cl100k_base,245,10358,10358,10358,10616,7174,7621,7194,7937,6426,6597,6426,6667
tickets,cl100k_base,246,10393,10393,10393,10651,7196,7643,7216,7959,6446,6617,6446,6687
tickets,cl100k_base,247,10431,10431,10431,10689,7221,7668,7241,7984,6468,6639,6468,6709
tickets,cl100k_base,248,10467,10467,10467,10725,7244,7691,7264,8007,6487,6658,6487,6728
tickets,cl100k_base,249,10502,10502,10502,10760,7266,7713,7286,8029,6506,6677,6506,6747
tickets,cl100k_base,250,10549,10549,10549,10807,7300,7747,7320,8063,6536,6707,6536,6777
tickets,o200k_base,1,51,51,51,303,37,448,59,752,35,194,35,256
tickets,o200k_base,2,86,86,86,338,59,470,81,774,55,214,55,276
tickets,o200k_base,3,130,130,130,382,89,500,111,804,82,241,82,303
tickets,o200k_base,4,165,165,165,417,111,522,133,826,102,261,102,323
tickets,o200k_base,5,208,208,208,460,140,551,162,855,128,287,128,349
tickets,o200k_base,6,245,245,245,497,164,575,186,879,150,309,150,371
tickets,o200k_base,7,290,290,290,542,195,606,217,910,178,337,178,399
tickets,o200k_base,8,328,328,328,580,220,631,242,935,200,359,200,421
tickets,o200k_base,9,371,371,371,623,249,660,271,964,226,385,226,447
tickets,o200k_base,10,406,406,406,658,271,682,293,986,245,404,245,466
tickets,o200k_base,11,446,446,446,698,297,708,319,1012,268,427,268,489
tickets,o200k_base,12,491,491,491,743,328,739,350,1043,295,454,295,516
tickets,o200k_base,13,528,528,528,780,352,763,374,1067,317,476,317,538
tickets,o200k_base,14,571,571,571,823,381,792,403,1096,344,503,344,565
tickets,o200k_base,15,616,616,616,868,412,823,434,1127,371,530,371,592
tickets,o200k_base,16,652,652,652,904,435,846,457,1150,391,550,391,612
tickets,o200k_base,17,692,692,692,944,461,872,483,1176,415,574,415,636
tickets,o200k_base,18,736,736,736,988,491,902,513,1206,443,602,443,664
tickets,o200k_base,19,776,776,776,1028,517,928,539,1232,467,626,467,688
tickets,o200k_base,20,818,818,818,1070,545,956,567,1260,492,651,492,713
tickets,o200k_base,21,864,864,864,1116,577,988,599,1292,520,679,520,741
tickets,o200k_base,22,901,901,901,1153,601,1012,623,1316,542,701,542,763
tickets,o200k_base,23,938,938,938,1190,625,1036,647,1340,564,723,564,785
tickets,o200k_base,24,973,973,973,1225,647,1058,669,1362,584,743,584,805
tickets,o200k_base,25,1009,1009,1009,1261,670,1081,692,1385,604,763,604,825
tickets,o200k_base,26,1049,1049,1049,1301,697,1108,719,1412,627,786,627,848
tickets,o200k_base,27,1089,1089,1089,1341,724,1135,746,1439,651,810,651,872
tickets,o200k_base,28,1131,1131,1131,1383,752,1163,774,1467,676,835,676,897
tickets,o200k_base,29,1167,1167,1167,1419,775,1186,797,1490,696,855,696,917
tickets,o200k_base,30,1210,1210,1210,1462,804,1215,826,1519,722,881,722,943
tickets,o200k_base,31,1246,1246,1246,1498,827,1238,849,1542,742,901,742,963
tickets,o200k_base,32,1284,1284,1284,1536,852,1263,874,1567,764,923,764,985
tickets,o200k_base,33,1325,1325,1325,1577,879,1290,901,1594,788,947,788,1009
tickets,o200k_base,34,1365,1365,1365,1617,905,1316,927,1620,811,970,811,1032
tickets,o200k_base,35,1409,1409,1409,1661,935,1346,957,1650,838,997,838,1059
tickets,o200k_base,36,1453,1453,1453,1705,965,1376,987,1680,865,1024,865,1086
tickets,o200k_base,37,1496,1496,1496,1748,994,1405,1016,1709,891,1050,891,1112
tickets,o200k_base,38,1531,1531,1531,1783,1016,1427,1038,1731,911,1070,911,1132
tickets,o200k_base,39,1570,1570,1570,1822,1042,1453,1064,1757,935,1094,935,1156
tickets,o200k_base,40,1610,1610,1610,1862,1068,1479,1090,1783,958,1117,958,1179
tickets,o200k_base,41,1647,1647,1647,1899,1092,1503,1114,1807,979,1138,979,1200
tickets,o200k_base,42,1686,1686,1686,1938,1118,1529,1140,1833,1002,1161,1002,1223
tickets,o200k_base,43,1732,1732,1732,1984,1150,1561,1172,1865,1032,1191,1032,1253
tickets,o200k_base,44,1766,1766,1766,2018,1171,1582,1193,1886,1051,1210,1051,1272
tickets,o200k_base,45,1811,1811,1811,2063,1202,1613,1224,1917,1079,1238,1079,1300
tickets,o200k_base,46,1847,1847,1847,2099,1225,1636,1247,1940,1100,1259,1100,1321
tickets,o200k_base,47,1891,1891,1891,2143,1255,1666,1277,1970,1127,1286,1127,1348
tickets,o200k_base,48,1933,1933,1933,2185,1283,1694,1305,1998,1152,1311,1152,1373
tickets,o200k_base,49,1972,1972,1972,2224,1309,1720,1331,2024,1175,1334,1175,1396
tickets,o200k_base,50,2017,2017,2017,2269,1340,1751,1362,2055,1203,1362,1203,1424
tickets,o200k_base,51,2058,2058,2058,2310,1367,1778,1389,2082,1227,1386,1227,1448
tickets,o200k_base,52,2095,2095,2095,2347,1391,1802,1413,2106,1249,1408,1249,1470
tickets,o200k_base,53,2130,2130,2130,2382,1413,1824,1435,2128,1268,1427,1268,1489
tickets,o200k_base,54,2173,2173,2173,2425,1442,1853,1464,2157,1294,1453,1294,1515
tickets,o200k_base,55,2210,2210,2210,2462,1466,1877,1488,2181,1315,1474,1315,1536
tickets,o200k_base,56,2251,2251,2251,2503,1493,1904,1515,2208,1338,1497,1338,1559
tickets,o200k_base,57,2292,2292,2292,2544,1520,1931,1542,2235,1363,1522,1363,1584
tickets,o200k_base,58,2332,2332,2332,2584,1546,1957,1568,2261,1386,1545,1386,1607
tickets,o200k_base,59,2376,2376,2376,2628,1576,1987,1598,2291,1413,1572,1413,1634
tickets,o200k_base,60,2418,2418,2418,2670,1604,2015,1626,2319,1438,1597,1438,1659
tickets,o200k_base,61,2457,2457,2457,2709,1629,2040,1651,2344,1460,1619,1460,1681
tickets,o200k_base,62,2492,2492,2492,2744,1651,2062,1673,2366,1478,1637,1478,1699
tickets,o200k_base,63,2536,2536,2536,2788,1681,2092,1703,2396,1505,1664,1505,1726
tickets,o200k_base,64,2580,2580,2580,2832,1711,2122,1733,2426,1532,1691,1532,1753
tickets,o200k_base,65,2620,2620,2620,2872,1737,2148,1759,2452,1556,1715,1556,1777
tickets,o200k_base,66,2655,2655,2655,2907,1759,2170,1781,2474,1576,1735,1576,1797
tickets,o200k_base,67,2694,2694,2694,2946,1785,2196,1807,2500,1599,1758,1599,1820
tickets,o200k_base,68,2737,2737,2737,2989,1814,2225,1836,2529,1625,1784,1625,1846
tickets,o200k_base,69,2777,2777,2777,3029,1840,2251,1862,2555,1649,1808,1649,1870
tickets,o200k_base,70,2818,2818,2818,3070,1867,2278,1889,2582,1673,1832,1673,1894
tickets,o200k_base,71,2853,2853,2853,3105,1889,2300,1911,2604,1692,1851,1692,1913
tickets,o200k_base,72,2887,2887,2887,3139,1910,2321,1932,2625,1711,1870,1711,1932
tickets,o200k_base,73,2931,2931,2931,3183,1940,2351,1962,2655,1738,1897,1738,1959
tickets,o200k_base,74,2974,2974,2974,3226,1969,2380,1991,2684,1764,1923,1764,1985
tickets,o200k_base,75,3016,3016,3016,3268,1997,2408,2019,2712,1790,1949,1790,2011
tickets,o200k_base,76,3052,3052,3052,3304,2020,2431,2042,2735,1810,1969,1810,2031
tickets,o200k_base,77,3096,3096,3096,3348,2050,2461,2072,2765,1838,1997,1838,2059
tickets,o200k_base,78,3138,3138,3138,3390,2078,2489,2100,2793,1864,2023,1864,2085
tickets,o200k_base,79,3174,3174,3174,3426,2101,2512,2123,2816,1885,2044,1885,2106
tickets,o200k_base,80,3212,3212,3212,3464,2126,2537,2148,2841,1907,2066,1907,2128
tickets,o200k_base,81,3250,3250,3250,3502,2151,2562,2173,2866,1930,2089,1930,2151
tickets,o200k_base,82,3292,3292,3292,3544,2179,2590,2201,2894,1956,2115,1956,2177
tickets,o200k_base,83,3333,3333,3333,3585,2206,2617,2228,2921,1980,2139,1980,2201
tickets,o200k_base,84,3368,3368,3368,3620,2228,2639,2250,2943,1999,2158,1999,2220
tickets,o200k_base,85,3411,3411,3411,3663,2257,2668,2279,2972,2025,2184,2025,2246
tickets,o200k_base,86,3454,3454,3454,3706,2286,2697,2308,3001,2051,2210,2051,2272
tickets,o200k_base,87,3495,3495,3495,3747,2313,2724,2335,3028,2076,2235,2076,2297
tickets,o200k_base,88,3536,3536,3536,3788,2340,2751,2362,3055,2100,2259,2100,2321
tickets,o200k_base,89,3577,3577,3577,3829,2367,2778,2389,3082,2125,2284,2125,2346
tickets,o200k_base,90,3614,3614,3614,3866,2391,2802,2413,3106,2146,2305,2146,2367
tickets,o200k_base,91,3656,3656,3656,3908,2419,2830,2441,3134,2171,2330,2171,2392
tickets,o200k_base,92,3700,3700,3700,3952,2449,2860,2471,3164,2199,2358,2199,2420
tickets,o200k_base,93,3743,3743,3743,3995,2478,2889,2500,3193,2225,2384,2225,2446
tickets,o200k_base,94,3786,3786,3786,4038,2507,2918,2529,3222,2252,2411,2252,2473
tickets,o200k_base,95,3821,3821,3821,4073,2529,2940,2551,3244,2272,2431,2272,2493
tickets,o200k_base,96,3857,3857,3857,4109,2552,2963,2574,3267,2292,2451,2292,2513
tickets,o200k_base,97,3895,3895,3895,4147,2577,2988,2599,3292,2314,2473,2314,2535
tickets,o200k_base,98,3942,3942,3942,4194,2610,3021,2632,3325,2344,2503,2344,2565
tickets,o200k_base,99,3975,3975,3975,4227,2630,3041,2652,3345,2362,2521,2362,2583
tickets,o200k_base,100,4010,4010,4010,4262,2652,3063,2674,3367,2382,2541,2382,2603
tickets,o200k_base,101,4054,4054,4054,4306,2682,3093,2704,3397,2410,2569,2410,2631
tickets,o200k_base,102,4099,4099,4099,4351,2713,3124,2735,3428,2438,2597,2438,2659
tickets,o200k_base,103,4141,4141,4141,4393,2741,3152,2763,3456,2464,2623,2464,2685
tickets,o200k_base,104,4183,4183,4183,4435,2769,3180,2791,3484,2489,2648,2489,2710
tickets,o200k_base,105,4224,4224,4224,4476,2796,3207,2818,3511,2514,2673,2514,2735
tickets,o200k_base,106,4269,4269,4269,4521,2827,3238,2849,3542,2542,2701,2542,2763
tickets,o200k_base,107,4309,4309,4309,4561,2853,3264,2875,3568,2565,2724,2565,2786
tickets,o200k_base,108,4350,4350,4350,4602,2880,3291,2902,3595,2588,2747,2588,2809
tickets,o200k_base,109,4393,4393,4393,4645,2909,3320,2931,3624,2615,2774,2615,2836
tickets,o200k_base,110,4436,4436,4436,4688,2938,3349,2960,3653,2641,2800,2641,2862
tickets,o200k_base,111,4481,4481,4481,4733,2969,3380,2991,3684,2669,2828,2669,2890
tickets,o200k_base,112,4523,4523,4523,4775,2997,3408,3019,3712,2694,2853,2694,2915
tickets,o200k_base,113,4567,4567,4567,4819,3027,3438,3049,3742,2722,2881,2722,2943
tickets,o200k_base,114,4611,4611,4611,4863,3057,3468,3079,3772,2750,2909,2750,2971
tickets,o200k_base,115,4656,4656,4656,4908,3088,3499,3110,3803,2778,2937,2778,2999
tickets,o200k_base,116,4693,4693,4693,4945,3112,3523,3134,3827,2800,2959,2800,3021
tickets,o200k_base,117,4730,4730,4730,4982,3136,3547,3158,3851,2821,2980,2821,3042
tickets,o200k_base,118,4770,4770,4770,5022,3163,3574,3185,3878,2844,3003,2844,3065
tickets,o200k_base,119,4805,4805,4805,5057,3185,3596,3207,3900,2863,3022,2863,3084
tickets,o200k_base,120,4841,4841,4841,5093,3208,3619,3230,3923,2883,3042,2883,3104
tickets,o200k_base,121,4881,4881,4881,5133,3234,3645,3256,3949,2907,3066,2907,3128
tickets,o200k_base,122,4925,4925,4925,5177,3264,3675,3286,3979,2934,3093,2934,3155
tickets,o200k_base,123,4970,4970,4970,5222,3295,3706,3317,4010,2962,3121,2962,3183
tickets,o200k_base,124,5011,5011,5011,5263,3322,3733,3344,4037,2987,3146,2987,3208
tickets,o200k_base,125,5054,5054,5054,5306,3351,3762,3373,4066,3014,3173,3014,3235
tickets,o200k_base,126,5099,5099,5099,5351,3382,3793,3404,4097,3041,3200,3041,3262
tickets,o200k_base,127,5134,5134,5134,5386,3404,3815,3426,4119,3060,3219,3060,3281
tickets,o200k_base,128,5174,5174,5174,5426,3430,3841,3452,4145,3083,3242,3083,3304
tickets,o200k_base,129,5219,5219,5219,5471,3461,3872,3483,4176,3110,3269,3110,3331
tickets,o200k_base,130,5257,5257,5257,5509,3486,3897,3508,4201,3131,3290,3131,3352
tickets,o200k_base,131,5297,5297,5297,5549,3513,3924,3535,4228,3155,3314,3155,3376
tickets,o200k_base,132,5334,5334,5334,5586,3537,3948,3559,4252,3176,3335,3176,3397
tickets,o200k_base,133,5375,5375,5375,5627,3564,3975,3586,4279,3201,3360,3201,3422
tickets,o200k_base,134,5419,5419,5419,5671,3594,4005,3616,4309,3229,3388,3229,3450
tickets,o200k_base,135,5462,5462,5462,5714,3623,4034,3645,4338,3255,3414,3255,3476
tickets,o200k_base,136,5504,5504,5504,5756,3651,4062,3673,4366,3281,3440,3281,3502
tickets,o200k_base,137,5541,5541,5541,5793,3675,4086,3697,4390,3303,3462,3303,3524
tickets,o200k_base,138,5583,5583,5583,5835,3703,4114,3725,4418,3328,3487,3328,3549
tickets,o200k_base,139,5624,5624,5624,5876,3730,4141,3752,4445,3353,3512,3353,3574
tickets,o200k_base,140,5664,5664,5664,5916,3756,4167,3778,4471,3377,3536,3377,3598
tickets,o200k_base,141,5710,5710,5710,5962,3788,4199,3810,4503,3405,3564,3405,3626
tickets,o200k_base,142,5753,5753,5753,6005,3817,4228,3839,4532,3432,3591,3432,3653
tickets,o200k_base,143,5789,5789,5789,6041,3840,4251,3862,4555,3452,3611,3452,3673
tickets,o200k_base,144,5824,5824,5824,6076,3862,4273,3884,4577,3472,3631,3472,3693
tickets,o200k_base,145,5867,5867,5867,6119,3891,4302,3913,4606,3497,3656,3497,3718
tickets,o200k_base,146,5909,5909,5909,6161,3919,4330,3941,4634,3522,3681,3522,3743
tickets,o200k_base,147,5944,5944,5944,6196,3941,4352,3963,4656,3541,3700,3541,3762
tickets,o200k_base,148,5981,5981,5981,6233,3965,4376,3987,4680,3562,3721,3562,3783
tickets,o200k_base,149,6025,6025,6025,6277,3995,4406,4017,4710,3589,3748,3589,3810
tickets,o200k_base,150,6065,6065,6065,6317,4021,4432,4043,4736,3612,3771,3612,3833
tickets,o200k_base,151,6108,6108,6108,6360,4050,4461,4072,4765,3638,3797,3638,3859
tickets,o200k_base,152,6142,6142,6142,6394,4071,4482,4093,4786,3657,3816,3657,3878
tickets,o200k_base,153,6177,6177,6177,6429,4093,4504,4115,4808,3677,3836,3677,3898
tickets,o200k_base,154,6221,6221,6221,6473,4123,4534,4145,4838,3705,3864,3705,3926
tickets,o200k_base,155,6256,6256,6256,6508,4145,4556,4167,4860,3725,3884,3725,3946
tickets,o200k_base,156,6297,6297,6297,6549,4172,4583,4194,4887,3750,3909,3750,3971
tickets,o200k_base,157,6333,6333,6333,6585,4195,4606,4217,4910,3769,3928,3769,3990
tickets,o200k_base,158,6376,6376,6376,6628,4224,4635,4246,4939,3796,3955,3796,4017
tickets,o200k_base,159,6412,6412,6412,6664,4247,4658,4269,4962,3817,3976,3817,4038
tickets,o200k_base,160,6453,6453,6453,6705,4274,4685,4296,4989,3841,4000,3841,4062
tickets,o200k_base,161,6495,6495,6495,6747,4302,4713,4324,5017,3866,4025,3866,4087
tickets,o200k_base,162,6540,6540,6540,6792,4333,4744,4355,5048,3895,4054,3895,4116
tickets,o200k_base,163,6580,6580,6580,6832,4359,4770,4381,5074,3919,4078,3919,4140
tickets,o200k_base,164,6624,6624,6624,6876,4389,4800,4411,5104,3946,4105,3946,4167
tickets,o200k_base,165,6662,6662,6662,6914,4414,4825,4436,5129,3969,4128,3969,4190
tickets,o200k_base,166,6699,6699,6699,6951,4438,4849,4460,5153,3991,4150,3991,4212
tickets,o200k_base,167,6742,6742,6742,6994,4467,4878,4489,5182,4017,4176,4017,4238
tickets,o200k_base,168,6783,6783,6783,7035,4494,4905,4516,5209,4041,4200,4041,4262
tickets,o200k_base,169,6823,6823,6823,7075,4520,4931,4542,5235,4065,4224,4065,4286
tickets,o200k_base,170,6864,6864,6864,7116,4547,4958,4569,5262,4089,4248,4089,4310
tickets,o200k_base,171,6899,6899,6899,7151,4569,4980,4591,5284,4109,4268,4109,4330
tickets,o200k_base,172,6937,6937,6937,7189,4594,5005,4616,5309,4132,4291,4132,4353
tickets,o200k_base,173,6973,6973,6973,7225,4617,5028,4639,5332,4153,4312,4153,4374
tickets,o200k_base,174,7009,7009,7009,7261,4640,5051,4662,5355,4173,4332,4173,4394
tickets,o200k_base,175,7047,7047,7047,7299,4665,5076,4687,5380,4195,4354,4195,4416
tickets,o200k_base,176,7082,7082,7082,7334,4687,5098,4709,5402,4214,4373,4214,4435
tickets,o200k_base,177,7124,7124,7124,7376,4715,5126,4737,5430,4239,4398,4239,4460
tickets,o200k_base,178,7166,7166,7166,7418,4743,5154,4765,5458,4265,4424,4265,4486
tickets,o200k_base,179,7212,7212,7212,7464,4775,5186,4797,5490,4294,4453,4294,4515
tickets,o200k_base,180,7253,7253,7253,7505,4802,5213,4824,5517,4318,4477,4318,4539
tickets,o200k_base,181,7294,7294,7294,7546,4829,5240,4851,5544,4343,4502,4343,4564
tickets,o200k_base,182,7338,7338,7338,7590,4859,5270,4881,5574,4370,4529,4370,4591
tickets,o200k_base,183,7379,7379,7379,7631,4886,5297,4908,5601,4394,4553,4394,4615
tickets,o200k_base,184,7415,7415,7415,7667,4909,5320,4931,5624,4415,4574,4415,4636
tickets,o200k_base,185,7456,7456,7456,7708,4936,5347,4958,5651,4440,4599,4440,4661
tickets,o200k_base,186,7499,7499,7499,7751,4965,5376,4987,5680,4467,4626,4467,4688
tickets,o200k_base,187,7536,7536,7536,7788,4989,5400,5011,5704,4488,4647,4488,4709
tickets,o200k_base,188,7572,7572,7572,7824,5012,5423,5034,5727,4508,4667,4508,4729
tickets,o200k_base,189,7607,7607,7607,7859,5034,5445,5056,5749,4527,4686,4527,4748
tickets,o200k_base,190,7645,7645,7645,7897,5059,5470,5081,5774,4549,4708,4549,4770
tickets,o200k_base,191,7690,7690,7690,7942,5090,5501,5112,5805,4577,4736,4577,4798
tickets,o200k_base,192,7736,7736,7736,7988,5122,5533,5144,5837,4605,4764,4605,4826
tickets,o200k_base,193,7778,7778,7778,8030,5150,5561,5172,5865,4630,4789,4630,4851
tickets,o200k_base,194,7821,7821,7821,8073,5179,5590,5201,5894,4656,4815,4656,4877
tickets,o200k_base,195,7856,7856,7856,8108,5201,5612,5223,5916,4676,4835,4676,4897
tickets,o200k_base,196,7898,7898,7898,8150,5229,5640,5251,5944,4701,4860,4701,4922
tickets,o200k_base,197,7939,7939,7939,8191,5256,5667,5278,5971,4725,4884,4725,4946
tickets,o200k_base,198,7980,7980,7980,8232,5283,5694,5305,5998,4750,4909,4750,4971
tickets,o200k_base,199,8026,8026,8026,8278,5315,5726,5337,6030,4779,4938,4779,5000
tickets,o200k_base,200,8062,8062,8062,8314,5338,5749,5360,6053,4800,4959,4800,5021
tickets,o200k_base,201,8098,8098,8098,8350,5361,5772,5383,6076,4821,4980,4821,5042
tickets,o200k_base,202,8135,8135,8135,8387,5385,5796,5407,6100,4843,5002,4843,5064
tickets,o200k_base,203,8177,8177,8177,8429,5413,5824,5435,6128,4867,5026,4867,5088
tickets,o200k_base,204,8219,8219,8219,8471,5441,5852,5463,6156,4892,5051,4892,5113
tickets,o200k_base,205,8263,8263,8263,8515,5471,5882,5493,6186,4920,5079,4920,5141
tickets,o200k_base,206,8304,8304,8304,8556,5498,5909,5520,6213,4945,5104,4945,5166
tickets,o200k_base,207,8343,8343,8343,8595,5524,5935,5546,6239,4968,5127,4968,5189
tickets,o200k_base,208,8390,8390,8390,8642,5557,5968,5579,6272,4998,5157,4998,5219
tickets,o200k_base,209,8435,8435,8435,8687,5588,5999,5610,6303,5027,5186,5027,5248
tickets,o200k_base,210,8479,8479,8479,8731,5618,6029,5640,6333,5054,5213,5054,5275
tickets,o200k_base,211,8520,8520,8520,8772,5645,6056,5667,6360,5079,5238,5079,5300
tickets,o200k_base,212,8558,8558,8558,8810,5670,6081,5692,6385,5101,5260,5101,5322
tickets,o200k_base,213,8598,8598,8598,8850,5696,6107,5718,6411,5125,5284,5125,5346
tickets,o200k_base,214,8641,8641,8641,8893,5725,6136,5747,6440,5151,5310,5151,5372
tickets,o200k_base,215,8678,8678,8678,8930,5749,6160,5771,6464,5172,5331,5172,5393
tickets,o200k_base,216,8722,8722,8722,8974,5779,6190,5801,6494,5199,5358,5199,5420
tickets,o200k_base,217,8759,8759,8759,9011,5803,6214,5825,6518,5220,5379,5220,5441
tickets,o200k_base,218,8801,8801,8801,9053,5831,6242,5853,6546,5244,5403,5244,5465
tickets,o200k_base,219,8839,8839,8839,9091,5856,6267,5878,6571,5266,5425,5266,5487
tickets,o200k_base,220,8881,8881,8881,9133,5884,6295,5906,6599,5291,5450,5291,5512
tickets,o200k_base,221,8923,8923,8923,9175,5912,6323,5934,6627,5317,5476,5317,5538
tickets,o200k_base,222,8967,8967,8967,9219,5942,6353,5964,6657,5345,5504,5345,5566
tickets,o200k_base,223,9003,9003,9003,9255,5965,6376,5987,6680,5366,5525,5366,5587
tickets,o200k_base,224,9047,9047,9047,9299,5995,6406,6017,6710,5392,5551,5392,5613
tickets,o200k_base,225,9093,9093,9093,9345,6027,6438,6049,6742,5421,5580,5421,5642
tickets,o200k_base,226,9135,9135,9135,9387,6055,6466,6077,6770,5446,5605,5446,5667
tickets,o200k_base,227,9170,9170,9170,9422,6077,6488,6099,6792,5465,5624,5465,5686
tickets,o200k_base,228,9206,9206,9206,9458,6100,6511,6122,6815,5485,5644,5485,5706
tickets,o200k_base,229,9247,9247,9247,9499,6127,6538,6149,6842,5509,5668,5509,5730
tickets,o200k_base,230,9287,9287,9287,9539,6153,6564,6175,6868,5533,5692,5533,5754
tickets,o200k_base,231,9323,9323,9323,9575,6176,6587,6198,6891,5554,5713,5554,5775
tickets,o200k_base,232,9366,9366,9366,9618,6205,6616,6227,6920,5581,5740,5581,5802
tickets,o200k_base,233,9408,9408,9408,9660,6233,6644,6255,6948,5607,5766,5607,5828
tickets,o200k_base,234,9452,9452,9452,9704,6263,6674,6285,6978,5635,5794,5635,5856
tickets,o200k_base,235,9495,9495,9495,9747,6292,6703,6314,7007,5661,5820,5661,5882
tickets,o200k_base,236,9537,9537,9537,9789,6320,6731,6342,7035,5686,5845,5686,5907
tickets,o200k_base,237,9580,9580,9580,9832,6349,6760,6371,7064,5713,5872,5713,5934
tickets,o200k_base,238,9624,9624,9624,9876,6379,6790,6401,7094,5741,5900,5741,5962
tickets,o200k_base,239,9663,9663,9663,9915,6404,6815,6426,7119,5763,5922,5763,5984
tickets,o200k_base,240,9703,9703,9703,9955,6431,6842,6453,7146,5787,5946,5787,6008
tickets,o200k_base,241,9746,9746,9746,9998,6460,6871,6482,7175,5814,5973,5814,6035
tickets,o200k_base,242,9786,9786,9786,10038,6486,6897,6508,7201,5838,5997,5838,6059
tickets,o200k_base,243,9828,9828,9828,10080,6514,6925,6536,7229,5863,6022,5863,6084
tickets,o200k_base,244,9868,9868,9868,10120,6540,6951,6562,7255,5887,6046,5887,6108
tickets,o200k_base,245,9908,9908,9908,10160,6566,6977,6588,7281,5911,6070,5911,6132
tickets,o200k_base,246,9942,9942,9942,10194,6587,6998,6609,7302,5930,6089,5930,6151
tickets,o200k_base,247,9978,9978,9978,10230,6610,7021,6632,7325,5951,6110,5951,6172
tickets,o200k_base,248,10013,10013,10013,10265,6632,7043,6654,7347,5970,6129,5970,6191
tickets,o200k_base,249,10048,10048,10048,10300,6654,7065,6676,7369,5990,6149,5990,6211
tickets,o200k_base,250,10089,10089,10089,10341,6681,7092,6703,7396,6014,6173,6014,6235
tickets,r50k_base,1,64,64,64,383,47,621,70,1016,43,262,43,347
tickets,r50k_base,2,110,110,110,429,77,651,100,1046,71,290,71,375
tickets,r50k_base,3,168,168,168,487,118,692,141,1087,109,328,109,413
tickets,r50k_base,4,211,211,211,530,145,719,168,1114,134,353,134,438
tickets,r50k_base,5,266,266,266,585,183,757,206,1152,167,386,167,471
tickets,r50k_base,6,318,318,318,637,219,793,242,1188,199,418,199,503
tickets,r50k_base,7,383,383,383,702,267,841,290,1236,243,462,243,547
tickets,r50k_base,8,437,437,437,756,305,879,328,1274,276,495,276,580
tickets,r50k_base,9,502,502,502,821,353,927,376,1322,320,539,320,624
tickets,r50k_base,10,549,549,549,868,384,958,407,1353,347,566,347,651
tickets,r50k_base,11,606,606,606,925,424,998,447,1393,383,602,383,687
tickets,r50k_base,12,662,662,662,981,463,1037,486,1432,418,637,418,722
tickets,r50k_base,13,714,714,714,1033,499,1073,522,1468,450,669,450,754
tickets,r50k_base,14,771,771,771,1090,539,1113,562,1508,487,706,487,791
tickets,r50k_base,15,834,834,834,1153,585,1159,608,1554,528,747,528,832
tickets,r50k_base,16,883,883,883,1202,618,1192,641,1587,556,775,556,860
tickets,r50k_base,17,937,937,937,1256,655,1229,678,1624,591,810,591,895
tickets,r50k_base,18,995,995,995,1314,696,1270,719,1665,629,848,629,933
tickets,r50k_base,19,1045,1045,1045,1364,729,1303,752,1698,660,879,660,964
tickets,r50k_base,20,1098,1098,1098,1417,765,1339,788,1734,693,912,693,997
tickets,r50k_base,21,1156,1156,1156,1475,806,1380,829,1775,729,948,729,1033
tickets,r50k_base,22,1201,1201,1201,1520,835,1409,858,1804,755,974,755,1059
tickets,r50k_base,23,1249,1249,1249,1568,867,1441,890,1836,784,1003,784,1088
tickets,r50k_base,24,1298,1298,1298,1617,900,1474,923,1869,814,1033,814,1118
tickets,r50k_base,25,1345,1345,1345,1664,931,1505,954,1900,842,1061,842,1146
tickets,r50k_base,26,1396,1396,1396,1715,966,1540,989,1935,872,1091,872,1176
tickets,r50k_base,27,1451,1451,1451,1770,1005,1579,1028,1974,907,1126,907,1211
tickets,r50k_base,28,1509,1509,1509,1828,1046,1620,1069,2015,944,1163,944,1248
tickets,r50k_base,29,1557,1557,1557,1876,1078,1652,1101,2047,973,1192,973,1277
tickets,r50k_base,30,1612,1612,1612,1931,1116,1690,1139,2085,1008,1227,1008,1312
tickets,r50k_base,31,1661,1661,1661,1980,1149,1723,1172,2118,1036,1255,1036,1340
tickets,r50k_base,32,1715,1715,1715,2034,1187,1761,1210,2156,1069,1288,1069,1373
tickets,r50k_base,33,1768,1768,1768,2087,1223,1797,1246,2192,1102,1321,1102,1406
tickets,r50k_base,34,1815,1815,1815,2134,1253,1827,1276,2222,1129,1348,1129,1433
tickets,r50k_base,35,1874,1874,1874,2193,1295,1869,1318,2264,1166,1385,1166,1470
tickets,r50k_base,36,1931,1931,1931,2250,1335,1909,1358,2304,1203,1422,1203,1507
tickets,r50k_base,37,1986,1986,1986,2305,1373,1947,1396,2342,1237,1456,1237,1541
tickets,r50k_base,38,2032,2032,2032,2351,1403,1977,1426,2372,1264,1483,1264,1568
tickets,r50k_base,39,2082,2082,2082,2401,1437,2011,1460,2406,1295,1514,1295,1599
tickets,r50k_base,40,2140,2140,2140,2459,1478,2052,1501,2447,1332,1551,1332,1636
tickets,r50k_base,41,2188,2188,2188,2507,1510,2084,1533,2479,1359,1578,1359,1663
tickets,r50k_base,42,2238,2238,2238,2557,1544,2118,1567,2513,1389,1608,1389,1693
tickets,r50k_base,43,2300,2300,2300,2619,1589,2163,1612,2558,1431,1650,1431,1735
tickets,r50k_base,44,2349,2349,2349,2668,1622,2196,1645,2591,1460,1679,1460,1764
tickets,r50k_base,45,2410,2410,2410,2729,1666,2240,1689,2635,1499,1718,1499,1803
tickets,r50k_base,46,2454,2454,2454,2773,1694,2268,1717,2663,1524,1743,1524,1828
tickets,r50k_base,47,2509,2509,2509,2828,1732,2306,1755,2701,1558,1777,1558,1862
tickets,r50k_base,48,2563,2563,2563,2882,1769,2343,1792,2738,1591,1810,1591,1895
tickets,r50k_base,49,2613,2613,2613,2932,1803,2377,1826,2772,1621,1840,1621,1925
tickets,r50k_base,50,2672,2672,2672,2991,1845,2419,1868,2814,1659,1878,1659,1963
tickets,r50k_base,51,2728,2728,2728,3047,1884,2458,1907,2853,1693,1912,1693,1997
tickets,r50k_base,52,2771,2771,2771,3090,1911,2485,1934,2880,1717,1936,1717,2021
tickets,r50k_base,53,2813,2813,2813,3132,1937,2511,1960,2906,1739,1958,1739,2043
tickets,r50k_base,54,2874,2874,2874,3193,1981,2555,2004,2950,1779,1998,1779,2083
tickets,r50k_base,55,2919,2919,2919,3238,2010,2584,2033,2979,1805,2024,1805,2109
tickets,r50k_base,56,2975,2975,2975,3294,2049,2623,2072,3018,1840,2059,1840,2144
tickets,r50k_base,57,3031,3031,3031,3350,2088,2662,2111,3057,1875,2094,1875,2179
tickets,r50k_base,58,3086,3086,3086,3405,2126,2700,2149,3095,1908,2127,1908,2212
tickets,r50k_base,59,3144,3144,3144,3463,2167,2741,2190,3136,1946,2165,1946,2250
tickets,r50k_base,60,3208,3208,3208,3527,2214,2788,2237,3183,1988,2207,1988,2292
tickets,r50k_base,61,3261,3261,3261,3580,2250,2824,2273,3219,2021,2240,2021,2325
tickets,r50k_base,62,3307,3307,3307,3626,2280,2854,2303,3249,2046,2265,2046,2350
tickets,r50k_base,63,3359,3359,3359,3678,2315,2889,2338,3284,2078,2297,2078,2382
tickets,r50k_base,64,3420,3420,3420,3739,2359,2933,2382,3328,2117,2336,2117,2421
tickets,r50k_base,65,3469,3469,3469,3788,2391,2965,2414,3360,2146,2365,2146,2450
tickets,r50k_base,66,3516,3516,3516,3835,2422,2996,2445,3391,2173,2392,2173,2477
tickets,r50k_base,67,3571,3571,3571,3890,2461,3035,2484,3430,2207,2426,2207,2511
tickets,r50k_base,68,3624,3624,3624,3943,2497,3071,2520,3466,2239,2458,2239,2543
tickets,r50k_base,69,3675,3675,3675,3994,2531,3105,2554,3500,2271,2490,2271,2575
tickets,r50k_base,70,3727,3727,3727,4046,2566,3140,2589,3535,2303,2522,2303,2607
tickets,r50k_base,71,3778,3778,3778,4097,2601,3175,2624,3570,2333,2552,2333,2637
tickets,r50k_base,72,3819,3819,3819,4138,2626,3200,2649,3595,2355,2574,2355,2659
tickets,r50k_base,73,3878,3878,3878,4197,2668,3242,2691,3637,2393,2612,2393,2697
tickets,r50k_base,74,3934,3934,3934,4253,2707,3281,2730,3676,2428,2647,2428,2732
tickets,r50k_base,75,3990,3990,3990,4309,2746,3320,2769,3715,2463,2682,2463,2767
tickets,r50k_base,76,4037,4037,4037,4356,2777,3351,2800,3746,2491,2710,2491,2795
tickets,r50k_base,77,4100,4100,4100,4419,2823,3397,2846,3792,2535,2754,2535,2839
tickets,r50k_base,78,4161,4161,4161,4480,2867,3441,2890,3836,2576,2795,2576,2880
tickets,r50k_base,79,4204,4204,4204,4523,2894,3468,2917,3863,2601,2820,2601,2905
tickets,r50k_base,80,4254,4254,4254,4573,2928,3502,2951,3897,2631,2850,2631,2935
tickets,r50k_base,81,4306,4306,4306,4625,2964,3538,2987,3933,2663,2882,2663,2967
tickets,r50k_base,82,4358,4358,4358,4677,2999,3573,3022,3968,2696,2915,2696,3000
tickets,r50k_base,83,4413,4413,4413,4732,3037,3611,3060,4006,2731,2950,2731,3035
tickets,r50k_base,84,4459,4459,4459,4778,3067,3641,3090,4036,2756,2975,2756,3060
tickets,r50k_base,85,4518,4518,4518,4837,3109,3683,3132,4078,2794,3013,2794,3098
tickets,r50k_base,86,4574,4574,4574,4893,3148,3722,3171,4117,2829,3048,2829,3133
tickets,r50k_base,87,4624,4624,4624,4943,3181,3755,3204,4150,2859,3078,2859,3163
tickets,r50k_base,88,4681,4681,4681,5000,3221,3795,3244,4190,2894,3113,2894,3198
tickets,r50k_base,89,4731,4731,4731,5050,3254,3828,3277,4223,2925,3144,2925,3229
tickets,r50k_base,90,4775,4775,4775,5094,3282,3856,3305,4251,2949,3168,2949,3253
tickets,r50k_base,91,4830,4830,4830,5149,3320,3894,3343,4289,2983,3202,2983,3287
tickets,r50k_base,92,4890,4890,4890,5209,3363,3937,3386,4332,3022,3241,3022,3326
tickets,r50k_base,93,4939,4939,4939,5258,3395,3969,3418,4364,3051,3270,3051,3355
tickets,r50k_base,94,4995,4995,4995,5314,3434,4008,3457,4403,3087,3306,3087,3391
tickets,r50k_base,95,5041,5041,5041,5360,3464,4038,3487,4433,3114,3333,3114,3418
tickets,r50k_base,96,5088,5088,5088,5407,3495,4069,3518,4464,3140,3359,3140,3444
tickets,r50k_base,97,5140,5140,5140,5459,3531,4105,3554,4500,3172,3391,3172,3476
tickets,r50k_base,98,5203,5203,5203,5522,3577,4151,3600,4546,3214,3433,3214,3518
tickets,r50k_base,99,5253,5253,5253,5572,3611,4185,3634,4580,3244,3463,3244,3548
tickets,r50k_base,100,5297,5297,5297,5616,3639,4213,3662,4608,3270,3489,3270,3574
tickets,r50k_base,101,5351,5351,5351,5670,3676,4250,3699,4645,3304,3523,3304,3608
tickets,r50k_base,102,5413,5413,5413,5732,3721,4295,3744,4690,3344,3563,3344,3648
tickets,r50k_base,103,5462,5462,5462,5781,3753,4327,3776,4722,3374,3593,3374,3678
tickets,r50k_base,104,5519,5519,5519,5838,3793,4367,3816,4762,3410,3629,3410,3714
tickets,r50k_base,105,5572,5572,5572,5891,3829,4403,3852,4798,3443,3662,3443,3747
tickets,r50k_base,106,5635,5635,5635,5954,3875,4449,3898,4844,3484,3703,3484,3788
tickets,r50k_base,107,5690,5690,5690,6009,3913,4487,3936,4882,3518,3737,3518,3822
tickets,r50k_base,108,5746,5746,5746,6065,3952,4526,3975,4921,3553,3772,3553,3857
tickets,r50k_base,109,5802,5802,5802,6121,3991,4565,4014,4960,3589,3808,3589,3893
tickets,r50k_base,110,5863,5863,5863,6182,4035,4609,4058,5004,3628,3847,3628,3932
tickets,r50k_base,111,5923,5923,5923,6242,4078,4652,4101,5047,3667,3886,3667,3971
tickets,r50k_base,112,5983,5983,5983,6302,4121,4695,4144,5090,3705,3924,3705,4009
tickets,r50k_base,113,6042,6042,6042,6361,4163,4737,4186,5132,3745,3964,3745,4049
tickets,r50k_base,114,6094,6094,6094,6413,4198,4772,4221,5167,3777,3996,3777,4081
tickets,r50k_base,115,6151,6151,6151,6470,4238,4812,4261,5207,3814,4033,3814,4118
tickets,r50k_base,116,6200,6200,6200,6519,4271,4845,4294,5240,3844,4063,3844,4148
tickets,r50k_base,117,6248,6248,6248,6567,4303,4877,4326,5272,3871,4090,3871,4175
tickets,r50k_base,118,6300,6300,6300,6619,4339,4913,4362,5308,3902,4121,3902,4206
tickets,r50k_base,119,6348,6348,6348,6667,4371,4945,4394,5340,3930,4149,3930,4234
tickets,r50k_base,120,6393,6393,6393,6712,4400,4974,4423,5369,3955,4174,3955,4259
tickets,r50k_base,121,6440,6440,6440,6759,4430,5004,4453,5399,3983,4202,3983,4287
tickets,r50k_base,122,6495,6495,6495,6814,4468,5042,4491,5437,4017,4236,4017,4321
tickets,r50k_base,123,6555,6555,6555,6874,4511,5085,4534,5480,4056,4275,4056,4360
tickets,r50k_base,124,6606,6606,6606,6925,4545,5119,4568,5514,4088,4307,4088,4392
tickets,r50k_base,125,6668,6668,6668,6987,4590,5164,4613,5559,4129,4348,4129,4433
tickets,r50k_base,126,6726,6726,6726,7045,4631,5205,4654,5600,4165,4384,4165,4469
tickets,r50k_base,127,6771,6771,6771,7090,4660,5234,4683,5629,4190,4409,4190,4494
tickets,r50k_base,128,6825,6825,6825,7144,4697,5271,4720,5666,4223,4442,4223,4527
tickets,r50k_base,129,6879,6879,6879,7198,4734,5308,4757,5703,4255,4474,4255,4559
tickets,r50k_base,130,6928,6928,6928,7247,4767,5341,4790,5736,4283,4502,4283,4587
tickets,r50k_base,131,6981,6981,6981,7300,4804,5378,4827,5773,4315,4534,4315,4619
tickets,r50k_base,132,7036,7036,7036,7355,4843,5417,4866,5812,4349,4568,4349,4653
tickets,r50k_base,133,7093,7093,7093,7412,4883,5457,4906,5852,4387,4606,4387,4691
tickets,r50k_base,134,7145,7145,7145,7464,4918,5492,4941,5887,4420,4639,4420,4724
tickets,r50k_base,135,7202,7202,7202,7521,4958,5532,4981,5927,4457,4676,4457,4761
tickets,r50k_base,136,7253,7253,7253,7572,4992,5566,5015,5961,4488,4707,4488,4792
tickets,r50k_base,137,7305,7305,7305,7624,5028,5602,5051,5997,4520,4739,4520,4824
tickets,r50k_base,138,7356,7356,7356,7675,5062,5636,5085,6031,4549,4768,4549,4853
tickets,r50k_base,139,7408,7408,7408,7727,5097,5671,5120,6066,4581,4800,4581,4885
tickets,r50k_base,140,7465,7465,7465,7784,5137,5711,5160,6106,4618,4837,4618,4922
tickets,r50k_base,141,7520,7520,7520,7839,5175,5749,5198,6144,4651,4870,4651,4955
tickets,r50k_base,142,7574,7574,7574,7893,5212,5786,5235,6181,4686,4905,4686,4990
tickets,r50k_base,143,7621,7621,7621,7940,5243,5817,5266,6212,4713,4932,4713,5017
tickets,r50k_base,144,7664,7664,7664,7983,5270,5844,5293,6239,4737,4956,4737,5041
tickets,r50k_base,145,7724,7724,7724,8043,5313,5887,5336,6282,4776,4995,4776,5080
tickets,r50k_base,146,7780,7780,7780,8099,5352,5926,5375,6321,4812,5031,4812,5116
tickets,r50k_base,147,7826,7826,7826,8145,5382,5956,5405,6351,4837,5056,4837,5141
tickets,r50k_base,148,7873,7873,7873,8192,5413,5987,5436,6382,4865,5084,4865,5169
tickets,r50k_base,149,7931,7931,7931,8250,5454,6028,5477,6423,4902,5121,4902,5206
tickets,r50k_base,150,7986,7986,7986,8305,5492,6066,5515,6461,4936,5155,4936,5240
tickets,r50k_base,151,8047,8047,8047,8366,5536,6110,5559,6505,4976,5195,4976,5280
tickets,r50k_base,152,8094,8094,8094,8413,5567,6141,5590,6536,5004,5223,5004,5308
tickets,r50k_base,153,8137,8137,8137,8456,5594,6168,5617,6563,5029,5248,5029,5333
tickets,r50k_base,154,8191,8191,8191,8510,5631,6205,5654,6600,5063,5282,5063,5367
tickets,r50k_base,155,8234,8234,8234,8553,5658,6232,5681,6627,5088,5307,5088,5392
tickets,r50k_base,156,8288,8288,8288,8607,5695,6269,5718,6664,5122,5341,5122,5426
tickets,r50k_base,157,8337,8337,8337,8656,5728,6302,5751,6697,5150,5369,5150,5454
tickets,r50k_base,158,8391,8391,8391,8710,5765,6339,5788,6734,5184,5403,5184,5488
tickets,r50k_base,159,8437,8437,8437,8756,5795,6369,5818,6764,5211,5430,5211,5515
tickets,r50k_base,160,8487,8487,8487,8806,5828,6402,5851,6797,5241,5460,5241,5545
tickets,r50k_base,161,8539,8539,8539,8858,5863,6437,5886,6832,5272,5491,5272,5576
tickets,r50k_base,162,8597,8597,8597,8916,5904,6478,5927,6873,5310,5529,5310,5614
tickets,r50k_base,163,8650,8650,8650,8969,5940,6514,5963,6909,5343,5562,5343,5647
tickets,r50k_base,164,8710,8710,8710,9029,5983,6557,6006,6952,5382,5601,5382,5686
tickets,r50k_base,165,8761,8761,8761,9080,6018,6592,6041,6987,5414,5633,5414,5718
tickets,r50k_base,166,8812,8812,8812,9131,6053,6627,6076,7022,5445,5664,5445,5749
tickets,r50k_base,167,8866,8866,8866,9185,6090,6664,6113,7059,5478,5697,5478,5782
tickets,r50k_base,168,8918,8918,8918,9237,6125,6699,6148,7094,5510,5729,5510,5814
tickets,r50k_base,169,8978,8978,8978,9297,6168,6742,6191,7137,5550,5769,5550,5854
tickets,r50k_base,170,9036,9036,9036,9355,6209,6783,6232,7178,5586,5805,5586,5890
tickets,r50k_base,171,9085,9085,9085,9404,6242,6816,6265,7211,5615,5834,5615,5919
tickets,r50k_base,172,9130,9130,9130,9449,6271,6845,6294,7240,5641,5860,5641,5945
tickets,r50k_base,173,9177,9177,9177,9496,6302,6876,6325,7271,5670,5889,5670,5974
tickets,r50k_base,174,9227,9227,9227,9546,6336,6910,6359,7305,5699,5918,5699,6003
tickets,r50k_base,175,9274,9274,9274,9593,6367,6941,6390,7336,5727,5946,5727,6031
tickets,r50k_base,176,9321,9321,9321,9640,6398,6972,6421,7367,5754,5973,5754,6058
tickets,r50k_base,177,9374,9374,9374,9693,6434,7008,6457,7403,5785,6004,5785,6089
tickets,r50k_base,178,9429,9429,9429,9748,6472,7046,6495,7441,5820,6039,5820,6124
tickets,r50k_base,179,9484,9484,9484,9803,6510,7084,6533,7479,5855,6074,5855,6159
tickets,r50k_base,180,9536,9536,9536,9855,6545,7119,6568,7514,5887,6106,5887,6191
tickets,r50k_base,181,9585,9585,9585,9904,6577,7151,6600,7546,5916,6135,5916,6220
tickets,r50k_base,182,9647,9647,9647,9966,6622,7196,6645,7591,5957,6176,5957,6261
tickets,r50k_base,183,9704,9704,9704,10023,6662,7236,6685,7631,5993,6212,5993,6297
tickets,r50k_base,184,9752,9752,9752,10071,6694,7268,6717,7663,6021,6240,6021,6325
tickets,r50k_base,185,9806,9806,9806,10125,6731,7305,6754,7700,6055,6274,6055,6359
tickets,r50k_base,186,9858,9858,9858,10177,6766,7340,6789,7735,6088,6307,6088,6392
tickets,r50k_base,187,9906,9906,9906,10225,6798,7372,6821,7767,6115,6334,6115,6419
tickets,r50k_base,188,9952,9952,9952,10271,6828,7402,6851,7797,6140,6359,6140,6444
tickets,r50k_base,189,10001,10001,10001,10320,6861,7435,6884,7830,6170,6389,6170,6474
tickets,r50k_base,190,10048,10048,10048,10367,6892,7466,6915,7861,6196,6415,6196,6500
tickets,r50k_base,191,10106,10106,10106,10425,6933,7507,6956,7902,6234,6453,6234,6538
tickets,r50k_base,192,10165,10165,10165,10484,6975,7549,6998,7944,6271,6490,6271,6575
tickets,r50k_base,193,10222,10222,10222,10541,7015,7589,7038,7984,6306,6525,6306,6610
tickets,r50k_base,194,10283,10283,10283,10602,7059,7633,7082,8028,6345,6564,6345,6649
tickets,r50k_base,195,10329,10329,10329,10648,7089,7663,7112,8058,6372,6591,6372,6676
tickets,r50k_base,196,10387,10387,10387,10706,7130,7704,7153,8099,6408,6627,6408,6712
tickets,r50k_base,197,10444,10444,10444,10763,7170,7744,7193,8139,6444,6663,6444,6748
tickets,r50k_base,198,10500,10500,10500,10819,7209,7783,7232,8178,6480,6699,6480,6784
tickets,r50k_base,199,10568,10568,10568,10887,7260,7834,7283,8229,6526,6745,6526,6830
tickets,r50k_base,200,10613,10613,10613,10932,7289,7863,7312,8258,6553,6772,6553,6857
tickets,r50k_base,201,10658,10658,10658,10977,7318,7892,7341,8287,6579,6798,6579,6883
tickets,r50k_base,202,10701,10701,10701,11020,7345,7919,7368,8314,6603,6822,6603,6907
tickets,r50k_base,203,10764,10764,10764,11083,7391,7965,7414,8360,6644,6863,6644,6948
tickets,r50k_base,204,10819,10819,10819,11138,7429,8003,7452,8398,6678,6897,6678,6982
tickets,r50k_base,205,10874,10874,10874,11193,7467,8041,7490,8436,6714,6933,6714,7018
tickets,r50k_base,206,10924,10924,10924,11243,7500,8074,7523,8469,6745,6964,6745,7049
tickets,r50k_base,207,10974,10974,10974,11293,7534,8108,7557,8503,6775,6994,6775,7079
tickets,r50k_base,208,11038,11038,11038,11357,7581,8155,7604,8550,6818,7037,6818,7122
tickets,r50k_base,209,11093,11093,11093,11412,7619,8193,7642,8588,6853,7072,6853,7157
tickets,r50k_base,210,11155,11155,11155,11474,7664,8238,7687,8633,6893,7112,6893,7197
tickets,r50k_base,211,11205,11205,11205,11524,7697,8271,7720,8666,6923,7142,6923,7227
tickets,r50k_base,212,11249,11249,11249,11568,7725,8299,7748,8694,6948,7167,6948,7252
tickets,r50k_base,213,11304,11304,11304,11623,7763,8337,7786,8732,6981,7200,6981,7285
tickets,r50k_base,214,11355,11355,11355,11674,7797,8371,7820,8766,7012,7231,7012,7316
tickets,r50k_base,215,11400,11400,11400,11719,7826,8400,7849,8795,7037,7256,7037,7341
tickets,r50k_base,216,11464,11464,11464,11783,7873,8447,7896,8842,7081,7300,7081,7385
tickets,r50k_base,217,11511,11511,11511,11830,7904,8478,7927,8873,7107,7326,7107,7411
tickets,r50k_base,218,11574,11574,11574,11893,7950,8524,7973,8919,7148,7367,7148,7452
tickets,r50k_base,219,11621,11621,11621,11940,7981,8555,8004,8950,7174,7393,7174,7478
tickets,r50k_base,220,11675,11675,11675,11994,8018,8592,8041,8987,7207,7426,7207,7511
tickets,r50k_base,221,11729,11729,11729,12048,8055,8629,8078,9024,7241,7460,7241,7545
tickets,r50k_base,222,11782,11782,11782,12101,8091,8665,8114,9060,7275,7494,7275,7579
tickets,r50k_base,223,11825,11825,11825,12144,8118,8692,8141,9087,7300,7519,7300,7604
tickets,r50k_base,224,11886,11886,11886,12205,8162,8736,8185,9131,7339,7558,7339,7643
tickets,r50k_base,225,11946,11946,11946,12265,8205,8779,8228,9174,7378,7597,7378,7682
tickets,r50k_base,226,12004,12004,12004,12323,8246,8820,8269,9215,7414,7633,7414,7718
tickets,r50k_base,227,12051,12051,12051,12370,8277,8851,8300,9246,7442,7661,7442,7746
tickets,r50k_base,228,12101,12101,12101,12420,8311,8885,8334,9280,7471,7690,7471,7775
tickets,r50k_base,229,12159,12159,12159,12478,8352,8926,8375,9321,7508,7727,7508,7812
tickets,r50k_base,230,12209,12209,12209,12528,8385,8959,8408,9354,7539,7758,7539,7843
tickets,r50k_base,231,12251,12251,12251,12570,8411,8985,8434,9380,7562,7781,7562,7866
tickets,r50k_base,232,12305,12305,12305,12624,8448,9022,8471,9417,7596,7815,7596,7900
tickets,r50k_base,233,12355,12355,12355,12674,8481,9055,8504,9450,7627,7846,7627,7931
tickets,r50k_base,234,12411,12411,12411,12730,8520,9094,8543,9489,7664,7883,7664,7968
tickets,r50k_base,235,12465,12465,12465,12784,8557,9131,8580,9526,7698,7917,7698,8002
tickets,r50k_base,236,12514,12514,12514,12833,8589,9163,8612,9558,7727,7946,7727,8031
tickets,r50k_base,237,12571,12571,12571,12890,8629,9203,8652,9598,7764,7983,7764,8068
tickets,r50k_base,238,12633,12633,12633,12952,8674,9248,8697,9643,7806,8025,7806,8110
tickets,r50k_base,239,12691,12691,12691,13010,8715,9289,8738,9684,7842,8061,7842,8146
tickets,r50k_base,240,12746,12746,12746,13065,8754,9328,8777,9723,7877,8096,7877,8181
tickets,r50k_base,241,12799,12799,12799,13118,8790,9364,8813,9759,7910,8129,7910,8214
tickets,r50k_base,242,12846,12846,12846,13165,8820,9394,8843,9789,7938,8157,7938,8242
tickets,r50k_base,243,12904,12904,12904,13223,8861,9435,8884,9830,7975,8194,7975,8279
tickets,r50k_base,244,12955,12955,12955,13274,8895,9469,8918,9864,8007,8226,8007,8311
tickets,r50k_base,245,13005,13005,13005,13324,8928,9502,8951,9897,8038,8257,8038,8342
tickets,r50k_base,246,13052,13052,13052,13371,8959,9533,8982,9928,8066,8285,8066,8370
tickets,r50k_base,247,13097,13097,13097,13416,8988,9562,9011,9957,8093,8312,8093,8397
tickets,r50k_base,248,13144,13144,13144,13463,9019,9593,9042,9988,8120,8339,8120,8424
tickets,r50k_base,249,13184,13184,13184,13503,9043,9617,9066,10012,8142,8361,8142,8446
tickets,r50k_base,250,13236,13236,13236,13555,9078,9652,9101,10047,8174,8393,8174,8478
