dominio,n,lote,tokenizador,perfil,instruccion,tokens_salida,tokens_instruccion,tokens_total,caracteres_salida,bytes_salida
tickets,1,0,o200k_base,json_compacto,ninguna,51,0,51,177,179
tickets,1,0,cl100k_base,json_compacto,ninguna,51,0,51,177,179
tickets,1,0,r50k_base,json_compacto,ninguna,64,0,64,177,179
tickets,1,0,o200k_base,json_compacto,schema_sin_ejemplo,51,161,212,177,179
tickets,1,0,cl100k_base,json_compacto,schema_sin_ejemplo,51,161,213,177,179
tickets,1,0,r50k_base,json_compacto,schema_sin_ejemplo,64,193,259,177,179
tickets,1,0,o200k_base,json_compacto,schema_con_ejemplo,51,252,303,177,179
tickets,1,0,cl100k_base,json_compacto,schema_con_ejemplo,51,258,309,177,179
tickets,1,0,r50k_base,json_compacto,schema_con_ejemplo,64,317,383,177,179
tickets,1,0,o200k_base,json_legible,ninguna,73,0,73,235,237
tickets,1,0,cl100k_base,json_legible,ninguna,75,0,75,235,237
tickets,1,0,r50k_base,json_legible,ninguna,119,0,119,235,237
tickets,1,0,o200k_base,json_abreviado,ninguna,48,0,48,165,167
tickets,1,0,cl100k_base,json_abreviado,ninguna,48,0,48,165,167
tickets,1,0,r50k_base,json_abreviado,ninguna,59,0,59,165,167
tickets,1,0,o200k_base,general_fromschema,sin_ejemplo,37,346,383,113,115
tickets,1,0,cl100k_base,general_fromschema,sin_ejemplo,39,374,413,113,115
tickets,1,0,r50k_base,general_fromschema,sin_ejemplo,47,482,531,113,115
tickets,1,0,o200k_base,general_fromschema,con_ejemplo,37,410,448,113,115
tickets,1,0,cl100k_base,general_fromschema,con_ejemplo,39,446,486,113,115
tickets,1,0,r50k_base,general_fromschema,con_ejemplo,47,572,621,113,115
tickets,1,0,o200k_base,general_dominio,sin_ejemplo,59,600,659,140,142
tickets,1,0,cl100k_base,general_dominio,sin_ejemplo,59,645,704,140,142
tickets,1,0,r50k_base,general_dominio,sin_ejemplo,70,826,897,140,142
tickets,1,0,o200k_base,general_dominio,con_ejemplo,59,693,752,140,142
tickets,1,0,cl100k_base,general_dominio,con_ejemplo,59,743,802,140,142
tickets,1,0,r50k_base,general_dominio,con_ejemplo,70,945,1016,140,142
tickets,1,0,o200k_base,especializado,compacta_sin_ejemplo,35,159,194,104,106
tickets,1,0,cl100k_base,especializado,compacta_sin_ejemplo,37,171,208,104,106
tickets,1,0,r50k_base,especializado,compacta_sin_ejemplo,43,217,262,104,106
tickets,1,0,o200k_base,especializado,compacta_con_ejemplo,35,220,256,104,106
tickets,1,0,cl100k_base,especializado,compacta_con_ejemplo,37,240,278,104,106
tickets,1,0,r50k_base,especializado,compacta_con_ejemplo,43,302,347,104,106
tickets,1,0,o200k_base,especializado,spec_block_sin_ejemplo,35,396,431,104,106
tickets,1,0,cl100k_base,especializado,spec_block_sin_ejemplo,37,425,462,104,106
tickets,1,0,r50k_base,especializado,spec_block_sin_ejemplo,43,546,591,104,106
tickets,1,0,o200k_base,especializado,spec_block_con_ejemplo,35,457,493,104,106
tickets,1,0,cl100k_base,especializado,spec_block_con_ejemplo,37,494,532,104,106
tickets,1,0,r50k_base,especializado,spec_block_con_ejemplo,43,631,676,104,106
tickets,1,1,o200k_base,json_compacto,ninguna,39,0,39,148,150
tickets,1,1,cl100k_base,json_compacto,ninguna,41,0,41,148,150
tickets,1,1,r50k_base,json_compacto,ninguna,55,0,55,148,150
tickets,1,1,o200k_base,json_compacto,schema_sin_ejemplo,39,161,200,148,150
tickets,1,1,cl100k_base,json_compacto,schema_sin_ejemplo,41,161,203,148,150
tickets,1,1,r50k_base,json_compacto,schema_sin_ejemplo,55,193,250,148,150
tickets,1,1,o200k_base,json_compacto,schema_con_ejemplo,39,252,291,148,150
tickets,1,1,cl100k_base,json_compacto,schema_con_ejemplo,41,258,299,148,150
tickets,1,1,r50k_base,json_compacto,schema_con_ejemplo,55,317,374,148,150
tickets,1,1,o200k_base,json_legible,ninguna,62,0,62,206,208
tickets,1,1,cl100k_base,json_legible,ninguna,65,0,65,206,208
tickets,1,1,r50k_base,json_legible,ninguna,111,0,111,206,208
tickets,1,1,o200k_base,json_abreviado,ninguna,37,0,37,133,135
tickets,1,1,cl100k_base,json_abreviado,ninguna,39,0,39,133,135
tickets,1,1,r50k_base,json_abreviado,ninguna,51,0,51,133,135
tickets,1,1,o200k_base,general_fromschema,sin_ejemplo,26,346,372,84,86
tickets,1,1,cl100k_base,general_fromschema,sin_ejemplo,29,374,403,84,86
tickets,1,1,r50k_base,general_fromschema,sin_ejemplo,39,482,523,84,86
tickets,1,1,o200k_base,general_fromschema,con_ejemplo,26,410,437,84,86
tickets,1,1,cl100k_base,general_fromschema,con_ejemplo,29,446,476,84,86
tickets,1,1,r50k_base,general_fromschema,con_ejemplo,39,572,613,84,86
tickets,1,1,o200k_base,general_dominio,sin_ejemplo,48,600,648,111,113
tickets,1,1,cl100k_base,general_dominio,sin_ejemplo,49,645,694,111,113
tickets,1,1,r50k_base,general_dominio,sin_ejemplo,62,826,889,111,113
tickets,1,1,o200k_base,general_dominio,con_ejemplo,48,693,741,111,113
tickets,1,1,cl100k_base,general_dominio,con_ejemplo,49,743,792,111,113
tickets,1,1,r50k_base,general_dominio,con_ejemplo,62,945,1008,111,113
tickets,1,1,o200k_base,especializado,compacta_sin_ejemplo,25,159,184,72,74
tickets,1,1,cl100k_base,especializado,compacta_sin_ejemplo,27,171,198,72,74
tickets,1,1,r50k_base,especializado,compacta_sin_ejemplo,36,217,255,72,74
tickets,1,1,o200k_base,especializado,compacta_con_ejemplo,25,220,246,72,74
tickets,1,1,cl100k_base,especializado,compacta_con_ejemplo,27,240,268,72,74
tickets,1,1,r50k_base,especializado,compacta_con_ejemplo,36,302,340,72,74
tickets,1,1,o200k_base,especializado,spec_block_sin_ejemplo,25,396,421,72,74
tickets,1,1,cl100k_base,especializado,spec_block_sin_ejemplo,27,425,452,72,74
tickets,1,1,r50k_base,especializado,spec_block_sin_ejemplo,36,546,584,72,74
tickets,1,1,o200k_base,especializado,spec_block_con_ejemplo,25,457,483,72,74
tickets,1,1,cl100k_base,especializado,spec_block_con_ejemplo,27,494,522,72,74
tickets,1,1,r50k_base,especializado,spec_block_con_ejemplo,36,631,669,72,74
tickets,1,2,o200k_base,json_compacto,ninguna,42,0,42,139,140
tickets,1,2,cl100k_base,json_compacto,ninguna,43,0,43,139,140
tickets,1,2,r50k_base,json_compacto,ninguna,54,0,54,139,140
tickets,1,2,o200k_base,json_compacto,schema_sin_ejemplo,42,161,203,139,140
tickets,1,2,cl100k_base,json_compacto,schema_sin_ejemplo,43,161,205,139,140
tickets,1,2,r50k_base,json_compacto,schema_sin_ejemplo,54,193,249,139,140
tickets,1,2,o200k_base,json_compacto,schema_con_ejemplo,42,252,294,139,140
tickets,1,2,cl100k_base,json_compacto,schema_con_ejemplo,43,258,301,139,140
tickets,1,2,r50k_base,json_compacto,schema_con_ejemplo,54,317,373,139,140
tickets,1,2,o200k_base,json_legible,ninguna,65,0,65,197,198
tickets,1,2,cl100k_base,json_legible,ninguna,67,0,67,197,198
tickets,1,2,r50k_base,json_legible,ninguna,110,0,110,197,198
tickets,1,2,o200k_base,json_abreviado,ninguna,38,0,38,127,128
tickets,1,2,cl100k_base,json_abreviado,ninguna,39,0,39,127,128
tickets,1,2,r50k_base,json_abreviado,ninguna,49,0,49,127,128
tickets,1,2,o200k_base,general_fromschema,sin_ejemplo,29,346,375,75,76
tickets,1,2,cl100k_base,general_fromschema,sin_ejemplo,31,374,405,75,76
tickets,1,2,r50k_base,general_fromschema,sin_ejemplo,38,482,522,75,76
tickets,1,2,o200k_base,general_fromschema,con_ejemplo,29,410,440,75,76
tickets,1,2,cl100k_base,general_fromschema,con_ejemplo,31,446,478,75,76
tickets,1,2,r50k_base,general_fromschema,con_ejemplo,38,572,612,75,76
tickets,1,2,o200k_base,general_dominio,sin_ejemplo,51,600,651,102,103
tickets,1,2,cl100k_base,general_dominio,sin_ejemplo,51,645,696,102,103
tickets,1,2,r50k_base,general_dominio,sin_ejemplo,61,826,888,102,103
tickets,1,2,o200k_base,general_dominio,con_ejemplo,51,693,744,102,103
tickets,1,2,cl100k_base,general_dominio,con_ejemplo,51,743,794,102,103
tickets,1,2,r50k_base,general_dominio,con_ejemplo,61,945,1007,102,103
tickets,1,2,o200k_base,especializado,compacta_sin_ejemplo,26,159,185,66,67
tickets,1,2,cl100k_base,especializado,compacta_sin_ejemplo,28,171,199,66,67
tickets,1,2,r50k_base,especializado,compacta_sin_ejemplo,34,217,253,66,67
tickets,1,2,o200k_base,especializado,compacta_con_ejemplo,26,220,247,66,67
tickets,1,2,cl100k_base,especializado,compacta_con_ejemplo,28,240,269,66,67
tickets,1,2,r50k_base,especializado,compacta_con_ejemplo,34,302,338,66,67
tickets,1,2,o200k_base,especializado,spec_block_sin_ejemplo,26,396,422,66,67
tickets,1,2,cl100k_base,especializado,spec_block_sin_ejemplo,28,425,453,66,67
tickets,1,2,r50k_base,especializado,spec_block_sin_ejemplo,34,546,582,66,67
tickets,1,2,o200k_base,especializado,spec_block_con_ejemplo,26,457,484,66,67
tickets,1,2,cl100k_base,especializado,spec_block_con_ejemplo,28,494,523,66,67
tickets,1,2,r50k_base,especializado,spec_block_con_ejemplo,34,631,667,66,67
tickets,1,3,o200k_base,json_compacto,ninguna,49,0,49,180,182
tickets,1,3,cl100k_base,json_compacto,ninguna,50,0,50,180,182
tickets,1,3,r50k_base,json_compacto,ninguna,65,0,65,180,182
tickets,1,3,o200k_base,json_compacto,schema_sin_ejemplo,49,161,210,180,182
tickets,1,3,cl100k_base,json_compacto,schema_sin_ejemplo,50,161,212,180,182
tickets,1,3,r50k_base,json_compacto,schema_sin_ejemplo,65,193,260,180,182
tickets,1,3,o200k_base,json_compacto,schema_con_ejemplo,49,252,301,180,182
tickets,1,3,cl100k_base,json_compacto,schema_con_ejemplo,50,258,308,180,182
tickets,1,3,r50k_base,json_compacto,schema_con_ejemplo,65,317,384,180,182
tickets,1,3,o200k_base,json_legible,ninguna,71,0,71,238,240
tickets,1,3,cl100k_base,json_legible,ninguna,74,0,74,238,240
tickets,1,3,r50k_base,json_legible,ninguna,120,0,120,238,240
tickets,1,3,o200k_base,json_abreviado,ninguna,46,0,46,166,168
tickets,1,3,cl100k_base,json_abreviado,ninguna,47,0,47,166,168
tickets,1,3,r50k_base,json_abreviado,ninguna,60,0,60,166,168
tickets,1,3,o200k_base,general_fromschema,sin_ejemplo,35,346,381,116,118
tickets,1,3,cl100k_base,general_fromschema,sin_ejemplo,38,374,412,116,118
tickets,1,3,r50k_base,general_fromschema,sin_ejemplo,48,482,532,116,118
tickets,1,3,o200k_base,general_fromschema,con_ejemplo,35,410,446,116,118
tickets,1,3,cl100k_base,general_fromschema,con_ejemplo,38,446,485,116,118
tickets,1,3,r50k_base,general_fromschema,con_ejemplo,48,572,622,116,118
tickets,1,3,o200k_base,general_dominio,sin_ejemplo,57,600,657,143,145
tickets,1,3,cl100k_base,general_dominio,sin_ejemplo,58,645,703,143,145
tickets,1,3,r50k_base,general_dominio,sin_ejemplo,71,826,898,143,145
tickets,1,3,o200k_base,general_dominio,con_ejemplo,57,693,750,143,145
tickets,1,3,cl100k_base,general_dominio,con_ejemplo,58,743,801,143,145
tickets,1,3,r50k_base,general_dominio,con_ejemplo,71,945,1017,143,145
tickets,1,3,o200k_base,especializado,compacta_sin_ejemplo,33,159,192,105,107
tickets,1,3,cl100k_base,especializado,compacta_sin_ejemplo,36,171,207,105,107
tickets,1,3,r50k_base,especializado,compacta_sin_ejemplo,44,217,263,105,107
tickets,1,3,o200k_base,especializado,compacta_con_ejemplo,33,220,254,105,107
tickets,1,3,cl100k_base,especializado,compacta_con_ejemplo,36,240,277,105,107
tickets,1,3,r50k_base,especializado,compacta_con_ejemplo,44,302,348,105,107
tickets,1,3,o200k_base,especializado,spec_block_sin_ejemplo,33,396,429,105,107
tickets,1,3,cl100k_base,especializado,spec_block_sin_ejemplo,36,425,461,105,107
tickets,1,3,r50k_base,especializado,spec_block_sin_ejemplo,44,546,592,105,107
tickets,1,3,o200k_base,especializado,spec_block_con_ejemplo,33,457,491,105,107
tickets,1,3,cl100k_base,especializado,spec_block_con_ejemplo,36,494,531,105,107
tickets,1,3,r50k_base,especializado,spec_block_con_ejemplo,44,631,677,105,107
tickets,1,4,o200k_base,json_compacto,ninguna,47,0,47,174,177
tickets,1,4,cl100k_base,json_compacto,ninguna,48,0,48,174,177
tickets,1,4,r50k_base,json_compacto,ninguna,64,0,64,174,177
tickets,1,4,o200k_base,json_compacto,schema_sin_ejemplo,47,161,208,174,177
tickets,1,4,cl100k_base,json_compacto,schema_sin_ejemplo,48,161,210,174,177
tickets,1,4,r50k_base,json_compacto,schema_sin_ejemplo,64,193,259,174,177
tickets,1,4,o200k_base,json_compacto,schema_con_ejemplo,47,252,299,174,177
tickets,1,4,cl100k_base,json_compacto,schema_con_ejemplo,48,258,306,174,177
tickets,1,4,r50k_base,json_compacto,schema_con_ejemplo,64,317,383,174,177
tickets,1,4,o200k_base,json_legible,ninguna,69,0,69,232,235
tickets,1,4,cl100k_base,json_legible,ninguna,72,0,72,232,235
tickets,1,4,r50k_base,json_legible,ninguna,119,0,119,232,235
tickets,1,4,o200k_base,json_abreviado,ninguna,45,0,45,163,166
tickets,1,4,cl100k_base,json_abreviado,ninguna,46,0,46,163,166
tickets,1,4,r50k_base,json_abreviado,ninguna,61,0,61,163,166
tickets,1,4,o200k_base,general_fromschema,sin_ejemplo,33,346,379,110,113
tickets,1,4,cl100k_base,general_fromschema,sin_ejemplo,36,374,410,110,113
tickets,1,4,r50k_base,general_fromschema,sin_ejemplo,47,482,531,110,113
tickets,1,4,o200k_base,general_fromschema,con_ejemplo,33,410,444,110,113
tickets,1,4,cl100k_base,general_fromschema,con_ejemplo,36,446,483,110,113
tickets,1,4,r50k_base,general_fromschema,con_ejemplo,47,572,621,110,113
tickets,1,4,o200k_base,general_dominio,sin_ejemplo,55,600,655,137,140
tickets,1,4,cl100k_base,general_dominio,sin_ejemplo,56,645,701,137,140
tickets,1,4,r50k_base,general_dominio,sin_ejemplo,70,826,897,137,140
tickets,1,4,o200k_base,general_dominio,con_ejemplo,55,693,748,137,140
tickets,1,4,cl100k_base,general_dominio,con_ejemplo,56,743,799,137,140
tickets,1,4,r50k_base,general_dominio,con_ejemplo,70,945,1016,137,140
tickets,1,4,o200k_base,especializado,compacta_sin_ejemplo,32,159,191,102,105
tickets,1,4,cl100k_base,especializado,compacta_sin_ejemplo,35,171,206,102,105
tickets,1,4,r50k_base,especializado,compacta_sin_ejemplo,45,217,264,102,105
tickets,1,4,o200k_base,especializado,compacta_con_ejemplo,32,220,253,102,105
tickets,1,4,cl100k_base,especializado,compacta_con_ejemplo,35,240,276,102,105
tickets,1,4,r50k_base,especializado,compacta_con_ejemplo,45,302,349,102,105
tickets,1,4,o200k_base,especializado,spec_block_sin_ejemplo,32,396,428,102,105
tickets,1,4,cl100k_base,especializado,spec_block_sin_ejemplo,35,425,460,102,105
tickets,1,4,r50k_base,especializado,spec_block_sin_ejemplo,45,546,593,102,105
tickets,1,4,o200k_base,especializado,spec_block_con_ejemplo,32,457,490,102,105
tickets,1,4,cl100k_base,especializado,spec_block_con_ejemplo,35,494,530,102,105
tickets,1,4,r50k_base,especializado,spec_block_con_ejemplo,45,631,678,102,105
tickets,5,0,o200k_base,json_compacto,ninguna,208,0,208,756,764
tickets,5,0,cl100k_base,json_compacto,ninguna,213,0,213,756,764
tickets,5,0,r50k_base,json_compacto,ninguna,266,0,266,756,764
tickets,5,0,o200k_base,json_compacto,schema_sin_ejemplo,208,161,369,756,764
tickets,5,0,cl100k_base,json_compacto,schema_sin_ejemplo,213,161,375,756,764
tickets,5,0,r50k_base,json_compacto,schema_sin_ejemplo,266,193,461,756,764
tickets,5,0,o200k_base,json_compacto,schema_con_ejemplo,208,252,460,756,764
tickets,5,0,cl100k_base,json_compacto,schema_con_ejemplo,213,258,471,756,764
tickets,5,0,r50k_base,json_compacto,schema_con_ejemplo,266,317,585,756,764
tickets,5,0,o200k_base,json_legible,ninguna,304,0,304,1014,1022
tickets,5,0,cl100k_base,json_legible,ninguna,313,0,313,1014,1022
tickets,5,0,r50k_base,json_legible,ninguna,511,0,511,1014,1022
tickets,5,0,o200k_base,json_abreviado,ninguna,195,0,195,695,703
tickets,5,0,cl100k_base,json_abreviado,ninguna,200,0,200,695,703
tickets,5,0,r50k_base,json_abreviado,ninguna,249,0,249,695,703
tickets,5,0,o200k_base,general_fromschema,sin_ejemplo,140,346,486,464,472
tickets,5,0,cl100k_base,general_fromschema,sin_ejemplo,149,374,523,464,472
tickets,5,0,r50k_base,general_fromschema,sin_ejemplo,183,482,667,464,472
tickets,5,0,o200k_base,general_fromschema,con_ejemplo,140,410,551,464,472
tickets,5,0,cl100k_base,general_fromschema,con_ejemplo,149,446,596,464,472
tickets,5,0,r50k_base,general_fromschema,con_ejemplo,183,572,757,464,472
tickets,5,0,o200k_base,general_dominio,sin_ejemplo,162,600,762,491,499
tickets,5,0,cl100k_base,general_dominio,sin_ejemplo,169,645,814,491,499
tickets,5,0,r50k_base,general_dominio,sin_ejemplo,206,826,1033,491,499
tickets,5,0,o200k_base,general_dominio,con_ejemplo,162,693,855,491,499
tickets,5,0,cl100k_base,general_dominio,con_ejemplo,169,743,912,491,499
tickets,5,0,r50k_base,general_dominio,con_ejemplo,206,945,1152,491,499
tickets,5,0,o200k_base,especializado,compacta_sin_ejemplo,128,159,287,414,422
tickets,5,0,cl100k_base,especializado,compacta_sin_ejemplo,135,171,306,414,422
tickets,5,0,r50k_base,especializado,compacta_sin_ejemplo,167,217,386,414,422
tickets,5,0,o200k_base,especializado,compacta_con_ejemplo,128,220,349,414,422
tickets,5,0,cl100k_base,especializado,compacta_con_ejemplo,135,240,376,414,422
tickets,5,0,r50k_base,especializado,compacta_con_ejemplo,167,302,471,414,422
tickets,5,0,o200k_base,especializado,spec_block_sin_ejemplo,128,396,524,414,422
tickets,5,0,cl100k_base,especializado,spec_block_sin_ejemplo,135,425,560,414,422
tickets,5,0,r50k_base,especializado,spec_block_sin_ejemplo,167,546,715,414,422
tickets,5,0,o200k_base,especializado,spec_block_con_ejemplo,128,457,586,414,422
tickets,5,0,cl100k_base,especializado,spec_block_con_ejemplo,135,494,630,414,422
tickets,5,0,r50k_base,especializado,spec_block_con_ejemplo,167,631,800,414,422
tickets,5,1,o200k_base,json_compacto,ninguna,211,0,211,761,766
tickets,5,1,cl100k_base,json_compacto,ninguna,219,0,219,761,766
tickets,5,1,r50k_base,json_compacto,ninguna,269,0,269,761,766
tickets,5,1,o200k_base,json_compacto,schema_sin_ejemplo,211,161,372,761,766
tickets,5,1,cl100k_base,json_compacto,schema_sin_ejemplo,219,161,381,761,766
tickets,5,1,r50k_base,json_compacto,schema_sin_ejemplo,269,193,464,761,766
tickets,5,1,o200k_base,json_compacto,schema_con_ejemplo,211,252,463,761,766
tickets,5,1,cl100k_base,json_compacto,schema_con_ejemplo,219,258,477,761,766
tickets,5,1,r50k_base,json_compacto,schema_con_ejemplo,269,317,588,761,766
tickets,5,1,o200k_base,json_legible,ninguna,306,0,306,1019,1024
tickets,5,1,cl100k_base,json_legible,ninguna,319,0,319,1019,1024
tickets,5,1,r50k_base,json_legible,ninguna,513,0,513,1019,1024
tickets,5,1,o200k_base,json_abreviado,ninguna,198,0,198,701,706
tickets,5,1,cl100k_base,json_abreviado,ninguna,206,0,206,701,706
tickets,5,1,r50k_base,json_abreviado,ninguna,251,0,251,701,706
tickets,5,1,o200k_base,general_fromschema,sin_ejemplo,142,346,488,469,474
tickets,5,1,cl100k_base,general_fromschema,sin_ejemplo,155,374,529,469,474
tickets,5,1,r50k_base,general_fromschema,sin_ejemplo,185,482,669,469,474
tickets,5,1,o200k_base,general_fromschema,con_ejemplo,142,410,553,469,474
tickets,5,1,cl100k_base,general_fromschema,con_ejemplo,155,446,602,469,474
tickets,5,1,r50k_base,general_fromschema,con_ejemplo,185,572,759,469,474
tickets,5,1,o200k_base,general_dominio,sin_ejemplo,164,600,764,496,501
tickets,5,1,cl100k_base,general_dominio,sin_ejemplo,175,645,820,496,501
tickets,5,1,r50k_base,general_dominio,sin_ejemplo,208,826,1035,496,501
tickets,5,1,o200k_base,general_dominio,con_ejemplo,164,693,857,496,501
tickets,5,1,cl100k_base,general_dominio,con_ejemplo,175,743,918,496,501
tickets,5,1,r50k_base,general_dominio,con_ejemplo,208,945,1154,496,501
tickets,5,1,o200k_base,especializado,compacta_sin_ejemplo,130,159,289,420,425
tickets,5,1,cl100k_base,especializado,compacta_sin_ejemplo,140,171,311,420,425
tickets,5,1,r50k_base,especializado,compacta_sin_ejemplo,168,217,387,420,425
tickets,5,1,o200k_base,especializado,compacta_con_ejemplo,130,220,351,420,425
tickets,5,1,cl100k_base,especializado,compacta_con_ejemplo,140,240,381,420,425
tickets,5,1,r50k_base,especializado,compacta_con_ejemplo,168,302,472,420,425
tickets,5,1,o200k_base,especializado,spec_block_sin_ejemplo,130,396,526,420,425
tickets,5,1,cl100k_base,especializado,spec_block_sin_ejemplo,140,425,565,420,425
tickets,5,1,r50k_base,especializado,spec_block_sin_ejemplo,168,546,716,420,425
tickets,5,1,o200k_base,especializado,spec_block_con_ejemplo,130,457,588,420,425
tickets,5,1,cl100k_base,especializado,spec_block_con_ejemplo,140,494,635,420,425
tickets,5,1,r50k_base,especializado,spec_block_con_ejemplo,168,631,801,420,425
tickets,5,2,o200k_base,json_compacto,ninguna,202,0,202,724,734
tickets,5,2,cl100k_base,json_compacto,ninguna,208,0,208,724,734
tickets,5,2,r50k_base,json_compacto,ninguna,268,0,268,724,734
tickets,5,2,o200k_base,json_compacto,schema_sin_ejemplo,202,161,363,724,734
tickets,5,2,cl100k_base,json_compacto,schema_sin_ejemplo,208,161,370,724,734
tickets,5,2,r50k_base,json_compacto,schema_sin_ejemplo,268,193,463,724,734
tickets,5,2,o200k_base,json_compacto,schema_con_ejemplo,202,252,454,724,734
tickets,5,2,cl100k_base,json_compacto,schema_con_ejemplo,208,258,466,724,734
tickets,5,2,r50k_base,json_compacto,schema_con_ejemplo,268,317,587,724,734
tickets,5,2,o200k_base,json_legible,ninguna,299,0,299,982,992
tickets,5,2,cl100k_base,json_legible,ninguna,308,0,308,982,992
tickets,5,2,r50k_base,json_legible,ninguna,514,0,514,982,992
tickets,5,2,o200k_base,json_abreviado,ninguna,187,0,187,661,671
tickets,5,2,cl100k_base,json_abreviado,ninguna,193,0,193,661,671
tickets,5,2,r50k_base,json_abreviado,ninguna,247,0,247,661,671
tickets,5,2,o200k_base,general_fromschema,sin_ejemplo,135,346,481,432,442
tickets,5,2,cl100k_base,general_fromschema,sin_ejemplo,144,374,518,432,442
tickets,5,2,r50k_base,general_fromschema,sin_ejemplo,186,482,670,432,442
tickets,5,2,o200k_base,general_fromschema,con_ejemplo,135,410,546,432,442
tickets,5,2,cl100k_base,general_fromschema,con_ejemplo,144,446,591,432,442
tickets,5,2,r50k_base,general_fromschema,con_ejemplo,186,572,760,432,442
tickets,5,2,o200k_base,general_dominio,sin_ejemplo,157,600,757,459,469
tickets,5,2,cl100k_base,general_dominio,sin_ejemplo,164,645,809,459,469
tickets,5,2,r50k_base,general_dominio,sin_ejemplo,209,826,1036,459,469
tickets,5,2,o200k_base,general_dominio,con_ejemplo,157,693,850,459,469
tickets,5,2,cl100k_base,general_dominio,con_ejemplo,164,743,907,459,469
tickets,5,2,r50k_base,general_dominio,con_ejemplo,209,945,1155,459,469
tickets,5,2,o200k_base,especializado,compacta_sin_ejemplo,121,159,280,380,390
tickets,5,2,cl100k_base,especializado,compacta_sin_ejemplo,128,171,299,380,390
tickets,5,2,r50k_base,especializado,compacta_sin_ejemplo,166,217,385,380,390
tickets,5,2,o200k_base,especializado,compacta_con_ejemplo,121,220,342,380,390
tickets,5,2,cl100k_base,especializado,compacta_con_ejemplo,128,240,369,380,390
tickets,5,2,r50k_base,especializado,compacta_con_ejemplo,166,302,470,380,390
tickets,5,2,o200k_base,especializado,spec_block_sin_ejemplo,121,396,517,380,390
tickets,5,2,cl100k_base,especializado,spec_block_sin_ejemplo,128,425,553,380,390
tickets,5,2,r50k_base,especializado,spec_block_sin_ejemplo,166,546,714,380,390
tickets,5,2,o200k_base,especializado,spec_block_con_ejemplo,121,457,579,380,390
tickets,5,2,cl100k_base,especializado,spec_block_con_ejemplo,128,494,623,380,390
tickets,5,2,r50k_base,especializado,spec_block_con_ejemplo,166,631,799,380,390
tickets,5,3,o200k_base,json_compacto,ninguna,217,0,217,788,797
tickets,5,3,cl100k_base,json_compacto,ninguna,225,0,225,788,797
tickets,5,3,r50k_base,json_compacto,ninguna,284,0,284,788,797
tickets,5,3,o200k_base,json_compacto,schema_sin_ejemplo,217,161,378,788,797
tickets,5,3,cl100k_base,json_compacto,schema_sin_ejemplo,225,161,387,788,797
tickets,5,3,r50k_base,json_compacto,schema_sin_ejemplo,284,193,479,788,797
tickets,5,3,o200k_base,json_compacto,schema_con_ejemplo,217,252,469,788,797
tickets,5,3,cl100k_base,json_compacto,schema_con_ejemplo,225,258,483,788,797
tickets,5,3,r50k_base,json_compacto,schema_con_ejemplo,284,317,603,788,797
tickets,5,3,o200k_base,json_legible,ninguna,312,0,312,1046,1055
tickets,5,3,cl100k_base,json_legible,ninguna,325,0,325,1046,1055
tickets,5,3,r50k_base,json_legible,ninguna,528,0,528,1046,1055
tickets,5,3,o200k_base,json_abreviado,ninguna,204,0,204,726,735
tickets,5,3,cl100k_base,json_abreviado,ninguna,212,0,212,726,735
tickets,5,3,r50k_base,json_abreviado,ninguna,268,0,268,726,735
tickets,5,3,o200k_base,general_fromschema,sin_ejemplo,148,346,494,496,505
tickets,5,3,cl100k_base,general_fromschema,sin_ejemplo,161,374,535,496,505
tickets,5,3,r50k_base,general_fromschema,sin_ejemplo,200,482,684,496,505
tickets,5,3,o200k_base,general_fromschema,con_ejemplo,148,410,559,496,505
tickets,5,3,cl100k_base,general_fromschema,con_ejemplo,161,446,608,496,505
tickets,5,3,r50k_base,general_fromschema,con_ejemplo,200,572,774,496,505
tickets,5,3,o200k_base,general_dominio,sin_ejemplo,170,600,770,523,532
tickets,5,3,cl100k_base,general_dominio,sin_ejemplo,181,645,826,523,532
tickets,5,3,r50k_base,general_dominio,sin_ejemplo,223,826,1050,523,532
tickets,5,3,o200k_base,general_dominio,con_ejemplo,170,693,863,523,532
tickets,5,3,cl100k_base,general_dominio,con_ejemplo,181,743,924,523,532
tickets,5,3,r50k_base,general_dominio,con_ejemplo,223,945,1169,523,532
tickets,5,3,o200k_base,especializado,compacta_sin_ejemplo,136,159,295,445,454
tickets,5,3,cl100k_base,especializado,compacta_sin_ejemplo,145,171,316,445,454
tickets,5,3,r50k_base,especializado,compacta_sin_ejemplo,185,217,404,445,454
tickets,5,3,o200k_base,especializado,compacta_con_ejemplo,136,220,357,445,454
tickets,5,3,cl100k_base,especializado,compacta_con_ejemplo,145,240,386,445,454
tickets,5,3,r50k_base,especializado,compacta_con_ejemplo,185,302,489,445,454
tickets,5,3,o200k_base,especializado,spec_block_sin_ejemplo,136,396,532,445,454
tickets,5,3,cl100k_base,especializado,spec_block_sin_ejemplo,145,425,570,445,454
tickets,5,3,r50k_base,especializado,spec_block_sin_ejemplo,185,546,733,445,454
tickets,5,3,o200k_base,especializado,spec_block_con_ejemplo,136,457,594,445,454
tickets,5,3,cl100k_base,especializado,spec_block_con_ejemplo,145,494,640,445,454
tickets,5,3,r50k_base,especializado,spec_block_con_ejemplo,185,631,818,445,454
tickets,5,4,o200k_base,json_compacto,ninguna,216,0,216,777,784
tickets,5,4,cl100k_base,json_compacto,ninguna,226,0,226,777,784
tickets,5,4,r50k_base,json_compacto,ninguna,279,0,279,777,784
tickets,5,4,o200k_base,json_compacto,schema_sin_ejemplo,216,161,377,777,784
tickets,5,4,cl100k_base,json_compacto,schema_sin_ejemplo,226,161,388,777,784
tickets,5,4,r50k_base,json_compacto,schema_sin_ejemplo,279,193,474,777,784
tickets,5,4,o200k_base,json_compacto,schema_con_ejemplo,216,252,468,777,784
tickets,5,4,cl100k_base,json_compacto,schema_con_ejemplo,226,258,484,777,784
tickets,5,4,r50k_base,json_compacto,schema_con_ejemplo,279,317,598,777,784
tickets,5,4,o200k_base,json_legible,ninguna,311,0,311,1035,1042
tickets,5,4,cl100k_base,json_legible,ninguna,326,0,326,1035,1042
tickets,5,4,r50k_base,json_legible,ninguna,523,0,523,1035,1042
tickets,5,4,o200k_base,json_abreviado,ninguna,203,0,203,719,726
tickets,5,4,cl100k_base,json_abreviado,ninguna,213,0,213,719,726
tickets,5,4,r50k_base,json_abreviado,ninguna,264,0,264,719,726
tickets,5,4,o200k_base,general_fromschema,sin_ejemplo,147,346,493,485,492
tickets,5,4,cl100k_base,general_fromschema,sin_ejemplo,162,374,536,485,492
tickets,5,4,r50k_base,general_fromschema,sin_ejemplo,195,482,679,485,492
tickets,5,4,o200k_base,general_fromschema,con_ejemplo,147,410,558,485,492
tickets,5,4,cl100k_base,general_fromschema,con_ejemplo,162,446,609,485,492
tickets,5,4,r50k_base,general_fromschema,con_ejemplo,195,572,769,485,492
tickets,5,4,o200k_base,general_dominio,sin_ejemplo,169,600,769,512,519
tickets,5,4,cl100k_base,general_dominio,sin_ejemplo,182,645,827,512,519
tickets,5,4,r50k_base,general_dominio,sin_ejemplo,218,826,1045,512,519
tickets,5,4,o200k_base,general_dominio,con_ejemplo,169,693,862,512,519
tickets,5,4,cl100k_base,general_dominio,con_ejemplo,182,743,925,512,519
tickets,5,4,r50k_base,general_dominio,con_ejemplo,218,945,1164,512,519
tickets,5,4,o200k_base,especializado,compacta_sin_ejemplo,135,159,294,438,445
tickets,5,4,cl100k_base,especializado,compacta_sin_ejemplo,147,171,318,438,445
tickets,5,4,r50k_base,especializado,compacta_sin_ejemplo,181,217,400,438,445
tickets,5,4,o200k_base,especializado,compacta_con_ejemplo,135,220,356,438,445
tickets,5,4,cl100k_base,especializado,compacta_con_ejemplo,147,240,388,438,445
tickets,5,4,r50k_base,especializado,compacta_con_ejemplo,181,302,485,438,445
tickets,5,4,o200k_base,especializado,spec_block_sin_ejemplo,135,396,531,438,445
tickets,5,4,cl100k_base,especializado,spec_block_sin_ejemplo,147,425,572,438,445
tickets,5,4,r50k_base,especializado,spec_block_sin_ejemplo,181,546,729,438,445
tickets,5,4,o200k_base,especializado,spec_block_con_ejemplo,135,457,593,438,445
tickets,5,4,cl100k_base,especializado,spec_block_con_ejemplo,147,494,642,438,445
tickets,5,4,r50k_base,especializado,spec_block_con_ejemplo,181,631,814,438,445
tickets,10,0,o200k_base,json_compacto,ninguna,406,0,406,1508,1528
tickets,10,0,cl100k_base,json_compacto,ninguna,420,0,420,1508,1528
tickets,10,0,r50k_base,json_compacto,ninguna,549,0,549,1508,1528
tickets,10,0,o200k_base,json_compacto,schema_sin_ejemplo,406,161,567,1508,1528
tickets,10,0,cl100k_base,json_compacto,schema_sin_ejemplo,420,161,582,1508,1528
tickets,10,0,r50k_base,json_compacto,schema_sin_ejemplo,549,193,744,1508,1528
tickets,10,0,o200k_base,json_compacto,schema_con_ejemplo,406,252,658,1508,1528
tickets,10,0,cl100k_base,json_compacto,schema_con_ejemplo,420,258,678,1508,1528
tickets,10,0,r50k_base,json_compacto,schema_con_ejemplo,549,317,868,1508,1528
tickets,10,0,o200k_base,json_legible,ninguna,595,0,595,2016,2036
tickets,10,0,cl100k_base,json_legible,ninguna,615,0,615,2016,2036
tickets,10,0,r50k_base,json_legible,ninguna,1032,0,1032,2016,2036
tickets,10,0,o200k_base,json_abreviado,ninguna,379,0,379,1379,1399
tickets,10,0,cl100k_base,json_abreviado,ninguna,393,0,393,1379,1399
tickets,10,0,r50k_base,json_abreviado,ninguna,511,0,511,1379,1399
tickets,10,0,o200k_base,general_fromschema,sin_ejemplo,271,346,617,932,952
tickets,10,0,cl100k_base,general_fromschema,sin_ejemplo,291,374,665,932,952
tickets,10,0,r50k_base,general_fromschema,sin_ejemplo,384,482,868,932,952
tickets,10,0,o200k_base,general_fromschema,con_ejemplo,271,410,682,932,952
tickets,10,0,cl100k_base,general_fromschema,con_ejemplo,291,446,738,932,952
tickets,10,0,r50k_base,general_fromschema,con_ejemplo,384,572,958,932,952
tickets,10,0,o200k_base,general_dominio,sin_ejemplo,293,600,893,959,979
tickets,10,0,cl100k_base,general_dominio,sin_ejemplo,311,645,956,959,979
tickets,10,0,r50k_base,general_dominio,sin_ejemplo,407,826,1234,959,979
tickets,10,0,o200k_base,general_dominio,con_ejemplo,293,693,986,959,979
tickets,10,0,cl100k_base,general_dominio,con_ejemplo,311,743,1054,959,979
tickets,10,0,r50k_base,general_dominio,con_ejemplo,407,945,1353,959,979
tickets,10,0,o200k_base,especializado,compacta_sin_ejemplo,245,159,404,824,844
tickets,10,0,cl100k_base,especializado,compacta_sin_ejemplo,259,171,430,824,844
tickets,10,0,r50k_base,especializado,compacta_sin_ejemplo,347,217,566,824,844
tickets,10,0,o200k_base,especializado,compacta_con_ejemplo,245,220,466,824,844
tickets,10,0,cl100k_base,especializado,compacta_con_ejemplo,259,240,500,824,844
tickets,10,0,r50k_base,especializado,compacta_con_ejemplo,347,302,651,824,844
tickets,10,0,o200k_base,especializado,spec_block_sin_ejemplo,245,396,641,824,844
tickets,10,0,cl100k_base,especializado,spec_block_sin_ejemplo,259,425,684,824,844
tickets,10,0,r50k_base,especializado,spec_block_sin_ejemplo,347,546,895,824,844
tickets,10,0,o200k_base,especializado,spec_block_con_ejemplo,245,457,703,824,844
tickets,10,0,cl100k_base,especializado,spec_block_con_ejemplo,259,494,754,824,844
tickets,10,0,r50k_base,especializado,spec_block_con_ejemplo,347,631,980,824,844
tickets,10,1,o200k_base,json_compacto,ninguna,415,0,415,1525,1543
tickets,10,1,cl100k_base,json_compacto,ninguna,435,0,435,1525,1543
tickets,10,1,r50k_base,json_compacto,ninguna,555,0,555,1525,1543
tickets,10,1,o200k_base,json_compacto,schema_sin_ejemplo,415,161,576,1525,1543
tickets,10,1,cl100k_base,json_compacto,schema_sin_ejemplo,435,161,597,1525,1543
tickets,10,1,r50k_base,json_compacto,schema_sin_ejemplo,555,193,750,1525,1543
tickets,10,1,o200k_base,json_compacto,schema_con_ejemplo,415,252,667,1525,1543
tickets,10,1,cl100k_base,json_compacto,schema_con_ejemplo,435,258,693,1525,1543
tickets,10,1,r50k_base,json_compacto,schema_con_ejemplo,555,317,874,1525,1543
tickets,10,1,o200k_base,json_legible,ninguna,602,0,602,2033,2051
tickets,10,1,cl100k_base,json_legible,ninguna,630,0,630,2033,2051
tickets,10,1,r50k_base,json_legible,ninguna,1036,0,1036,2033,2051
tickets,10,1,o200k_base,json_abreviado,ninguna,386,0,386,1403,1421
tickets,10,1,cl100k_base,json_abreviado,ninguna,406,0,406,1403,1421
tickets,10,1,r50k_base,json_abreviado,ninguna,513,0,513,1403,1421
tickets,10,1,o200k_base,general_fromschema,sin_ejemplo,278,346,624,949,967
tickets,10,1,cl100k_base,general_fromschema,sin_ejemplo,306,374,680,949,967
tickets,10,1,r50k_base,general_fromschema,sin_ejemplo,388,482,872,949,967
tickets,10,1,o200k_base,general_fromschema,con_ejemplo,278,410,689,949,967
tickets,10,1,cl100k_base,general_fromschema,con_ejemplo,306,446,753,949,967
tickets,10,1,r50k_base,general_fromschema,con_ejemplo,388,572,962,949,967
tickets,10,1,o200k_base,general_dominio,sin_ejemplo,300,600,900,976,994
tickets,10,1,cl100k_base,general_dominio,sin_ejemplo,326,645,971,976,994
tickets,10,1,r50k_base,general_dominio,sin_ejemplo,411,826,1238,976,994
tickets,10,1,o200k_base,general_dominio,con_ejemplo,300,693,993,976,994
tickets,10,1,cl100k_base,general_dominio,con_ejemplo,326,743,1069,976,994
tickets,10,1,r50k_base,general_dominio,con_ejemplo,411,945,1357,976,994
tickets,10,1,o200k_base,especializado,compacta_sin_ejemplo,250,159,409,848,866
tickets,10,1,cl100k_base,especializado,compacta_sin_ejemplo,275,171,446,848,866
tickets,10,1,r50k_base,especializado,compacta_sin_ejemplo,347,217,566,848,866
tickets,10,1,o200k_base,especializado,compacta_con_ejemplo,250,220,471,848,866
tickets,10,1,cl100k_base,especializado,compacta_con_ejemplo,275,240,516,848,866
tickets,10,1,r50k_base,especializado,compacta_con_ejemplo,347,302,651,848,866
tickets,10,1,o200k_base,especializado,spec_block_sin_ejemplo,250,396,646,848,866
tickets,10,1,cl100k_base,especializado,spec_block_sin_ejemplo,275,425,700,848,866
tickets,10,1,r50k_base,especializado,spec_block_sin_ejemplo,347,546,895,848,866
tickets,10,1,o200k_base,especializado,spec_block_con_ejemplo,250,457,708,848,866
tickets,10,1,cl100k_base,especializado,spec_block_con_ejemplo,275,494,770,848,866
tickets,10,1,r50k_base,especializado,spec_block_con_ejemplo,347,631,980,848,866
tickets,10,2,o200k_base,json_compacto,ninguna,393,0,393,1410,1426
tickets,10,2,cl100k_base,json_compacto,ninguna,412,0,412,1410,1426
tickets,10,2,r50k_base,json_compacto,ninguna,517,0,517,1410,1426
tickets,10,2,o200k_base,json_compacto,schema_sin_ejemplo,393,161,554,1410,1426
tickets,10,2,cl100k_base,json_compacto,schema_sin_ejemplo,412,161,574,1410,1426
tickets,10,2,r50k_base,json_compacto,schema_sin_ejemplo,517,193,712,1410,1426
tickets,10,2,o200k_base,json_compacto,schema_con_ejemplo,393,252,645,1410,1426
tickets,10,2,cl100k_base,json_compacto,schema_con_ejemplo,412,258,670,1410,1426
tickets,10,2,r50k_base,json_compacto,schema_con_ejemplo,517,317,836,1410,1426
tickets,10,2,o200k_base,json_legible,ninguna,583,0,583,1918,1934
tickets,10,2,cl100k_base,json_legible,ninguna,607,0,607,1918,1934
tickets,10,2,r50k_base,json_legible,ninguna,1001,0,1001,1918,1934
tickets,10,2,o200k_base,json_abreviado,ninguna,363,0,363,1284,1300
tickets,10,2,cl100k_base,json_abreviado,ninguna,382,0,382,1284,1300
tickets,10,2,r50k_base,json_abreviado,ninguna,474,0,474,1284,1300
tickets,10,2,o200k_base,general_fromschema,sin_ejemplo,259,346,605,834,850
tickets,10,2,cl100k_base,general_fromschema,sin_ejemplo,283,374,657,834,850
tickets,10,2,r50k_base,general_fromschema,sin_ejemplo,353,482,837,834,850
tickets,10,2,o200k_base,general_fromschema,con_ejemplo,259,410,670,834,850
tickets,10,2,cl100k_base,general_fromschema,con_ejemplo,283,446,730,834,850
tickets,10,2,r50k_base,general_fromschema,con_ejemplo,353,572,927,834,850
tickets,10,2,o200k_base,general_dominio,sin_ejemplo,281,600,881,861,877
tickets,10,2,cl100k_base,general_dominio,sin_ejemplo,303,645,948,861,877
tickets,10,2,r50k_base,general_dominio,sin_ejemplo,376,826,1203,861,877
tickets,10,2,o200k_base,general_dominio,con_ejemplo,281,693,974,861,877
tickets,10,2,cl100k_base,general_dominio,con_ejemplo,303,743,1046,861,877
tickets,10,2,r50k_base,general_dominio,con_ejemplo,376,945,1322,861,877
tickets,10,2,o200k_base,especializado,compacta_sin_ejemplo,230,159,389,729,745
tickets,10,2,cl100k_base,especializado,compacta_sin_ejemplo,252,171,423,729,745
tickets,10,2,r50k_base,especializado,compacta_sin_ejemplo,311,217,530,729,745
tickets,10,2,o200k_base,especializado,compacta_con_ejemplo,230,220,451,729,745
tickets,10,2,cl100k_base,especializado,compacta_con_ejemplo,252,240,493,729,745
tickets,10,2,r50k_base,especializado,compacta_con_ejemplo,311,302,615,729,745
tickets,10,2,o200k_base,especializado,spec_block_sin_ejemplo,230,396,626,729,745
tickets,10,2,cl100k_base,especializado,spec_block_sin_ejemplo,252,425,677,729,745
tickets,10,2,r50k_base,especializado,spec_block_sin_ejemplo,311,546,859,729,745
tickets,10,2,o200k_base,especializado,spec_block_con_ejemplo,230,457,688,729,745
tickets,10,2,cl100k_base,especializado,spec_block_con_ejemplo,252,494,747,729,745
tickets,10,2,r50k_base,especializado,spec_block_con_ejemplo,311,631,944,729,745
tickets,10,3,o200k_base,json_compacto,ninguna,422,0,422,1530,1546
tickets,10,3,cl100k_base,json_compacto,ninguna,442,0,442,1530,1546
tickets,10,3,r50k_base,json_compacto,ninguna,555,0,555,1530,1546
tickets,10,3,o200k_base,json_compacto,schema_sin_ejemplo,422,161,583,1530,1546
tickets,10,3,cl100k_base,json_compacto,schema_sin_ejemplo,442,161,604,1530,1546
tickets,10,3,r50k_base,json_compacto,schema_sin_ejemplo,555,193,750,1530,1546
tickets,10,3,o200k_base,json_compacto,schema_con_ejemplo,422,252,674,1530,1546
tickets,10,3,cl100k_base,json_compacto,schema_con_ejemplo,442,258,700,1530,1546
tickets,10,3,r50k_base,json_compacto,schema_con_ejemplo,555,317,874,1530,1546
tickets,10,3,o200k_base,json_legible,ninguna,608,0,608,2038,2054
tickets,10,3,cl100k_base,json_legible,ninguna,637,0,637,2038,2054
tickets,10,3,r50k_base,json_legible,ninguna,1035,0,1035,2038,2054
tickets,10,3,o200k_base,json_abreviado,ninguna,395,0,395,1413,1429
tickets,10,3,cl100k_base,json_abreviado,ninguna,415,0,415,1413,1429
tickets,10,3,r50k_base,json_abreviado,ninguna,521,0,521,1413,1429
tickets,10,3,o200k_base,general_fromschema,sin_ejemplo,284,346,630,954,970
tickets,10,3,cl100k_base,general_fromschema,sin_ejemplo,313,374,687,954,970
tickets,10,3,r50k_base,general_fromschema,sin_ejemplo,387,482,871,954,970
tickets,10,3,o200k_base,general_fromschema,con_ejemplo,284,410,695,954,970
tickets,10,3,cl100k_base,general_fromschema,con_ejemplo,313,446,760,954,970
tickets,10,3,r50k_base,general_fromschema,con_ejemplo,387,572,961,954,970
tickets,10,3,o200k_base,general_dominio,sin_ejemplo,306,600,906,981,997
tickets,10,3,cl100k_base,general_dominio,sin_ejemplo,333,645,978,981,997
tickets,10,3,r50k_base,general_dominio,sin_ejemplo,410,826,1237,981,997
tickets,10,3,o200k_base,general_dominio,con_ejemplo,306,693,999,981,997
tickets,10,3,cl100k_base,general_dominio,con_ejemplo,333,743,1076,981,997
tickets,10,3,r50k_base,general_dominio,con_ejemplo,410,945,1356,981,997
tickets,10,3,o200k_base,especializado,compacta_sin_ejemplo,258,159,417,858,874
tickets,10,3,cl100k_base,especializado,compacta_sin_ejemplo,283,171,454,858,874
tickets,10,3,r50k_base,especializado,compacta_sin_ejemplo,354,217,573,858,874
tickets,10,3,o200k_base,especializado,compacta_con_ejemplo,258,220,479,858,874
tickets,10,3,cl100k_base,especializado,compacta_con_ejemplo,283,240,524,858,874
tickets,10,3,r50k_base,especializado,compacta_con_ejemplo,354,302,658,858,874
tickets,10,3,o200k_base,especializado,spec_block_sin_ejemplo,258,396,654,858,874
tickets,10,3,cl100k_base,especializado,spec_block_sin_ejemplo,283,425,708,858,874
tickets,10,3,r50k_base,especializado,spec_block_sin_ejemplo,354,546,902,858,874
tickets,10,3,o200k_base,especializado,spec_block_con_ejemplo,258,457,716,858,874
tickets,10,3,cl100k_base,especializado,spec_block_con_ejemplo,283,494,778,858,874
tickets,10,3,r50k_base,especializado,spec_block_con_ejemplo,354,631,987,858,874
tickets,10,4,o200k_base,json_compacto,ninguna,427,0,427,1561,1578
tickets,10,4,cl100k_base,json_compacto,ninguna,445,0,445,1561,1578
tickets,10,4,r50k_base,json_compacto,ninguna,562,0,562,1561,1578
tickets,10,4,o200k_base,json_compacto,schema_sin_ejemplo,427,161,588,1561,1578
tickets,10,4,cl100k_base,json_compacto,schema_sin_ejemplo,445,161,607,1561,1578
tickets,10,4,r50k_base,json_compacto,schema_sin_ejemplo,562,193,757,1561,1578
tickets,10,4,o200k_base,json_compacto,schema_con_ejemplo,427,252,679,1561,1578
tickets,10,4,cl100k_base,json_compacto,schema_con_ejemplo,445,258,703,1561,1578
tickets,10,4,r50k_base,json_compacto,schema_con_ejemplo,562,317,881,1561,1578
tickets,10,4,o200k_base,json_legible,ninguna,612,0,612,2069,2086
tickets,10,4,cl100k_base,json_legible,ninguna,640,0,640,2069,2086
tickets,10,4,r50k_base,json_legible,ninguna,1041,0,1041,2069,2086
tickets,10,4,o200k_base,json_abreviado,ninguna,401,0,401,1440,1457
tickets,10,4,cl100k_base,json_abreviado,ninguna,419,0,419,1440,1457
tickets,10,4,r50k_base,json_abreviado,ninguna,529,0,529,1440,1457
tickets,10,4,o200k_base,general_fromschema,sin_ejemplo,288,346,634,985,1002
tickets,10,4,cl100k_base,general_fromschema,sin_ejemplo,316,374,690,985,1002
tickets,10,4,r50k_base,general_fromschema,sin_ejemplo,393,482,877,985,1002
tickets,10,4,o200k_base,general_fromschema,con_ejemplo,288,410,699,985,1002
tickets,10,4,cl100k_base,general_fromschema,con_ejemplo,316,446,763,985,1002
tickets,10,4,r50k_base,general_fromschema,con_ejemplo,393,572,967,985,1002
tickets,10,4,o200k_base,general_dominio,sin_ejemplo,310,600,910,1012,1029
tickets,10,4,cl100k_base,general_dominio,sin_ejemplo,336,645,981,1012,1029
tickets,10,4,r50k_base,general_dominio,sin_ejemplo,416,826,1243,1012,1029
tickets,10,4,o200k_base,general_dominio,con_ejemplo,310,693,1003,1012,1029
tickets,10,4,cl100k_base,general_dominio,con_ejemplo,336,743,1079,1012,1029
tickets,10,4,r50k_base,general_dominio,con_ejemplo,416,945,1362,1012,1029
tickets,10,4,o200k_base,especializado,compacta_sin_ejemplo,263,159,422,885,902
tickets,10,4,cl100k_base,especializado,compacta_sin_ejemplo,285,171,456,885,902
tickets,10,4,r50k_base,especializado,compacta_sin_ejemplo,361,217,580,885,902
tickets,10,4,o200k_base,especializado,compacta_con_ejemplo,263,220,484,885,902
tickets,10,4,cl100k_base,especializado,compacta_con_ejemplo,285,240,526,885,902
tickets,10,4,r50k_base,especializado,compacta_con_ejemplo,361,302,665,885,902
tickets,10,4,o200k_base,especializado,spec_block_sin_ejemplo,263,396,659,885,902
tickets,10,4,cl100k_base,especializado,spec_block_sin_ejemplo,285,425,710,885,902
tickets,10,4,r50k_base,especializado,spec_block_sin_ejemplo,361,546,909,885,902
tickets,10,4,o200k_base,especializado,spec_block_con_ejemplo,263,457,721,885,902
tickets,10,4,cl100k_base,especializado,spec_block_con_ejemplo,285,494,780,885,902
tickets,10,4,r50k_base,especializado,spec_block_con_ejemplo,361,631,994,885,902
tickets,25,0,o200k_base,json_compacto,ninguna,1009,0,1009,3722,3759
tickets,25,0,cl100k_base,json_compacto,ninguna,1056,0,1056,3722,3759
tickets,25,0,r50k_base,json_compacto,ninguna,1345,0,1345,3722,3759
tickets,25,0,o200k_base,json_compacto,schema_sin_ejemplo,1009,161,1170,3722,3759
tickets,25,0,cl100k_base,json_compacto,schema_sin_ejemplo,1056,161,1218,3722,3759
tickets,25,0,r50k_base,json_compacto,schema_sin_ejemplo,1345,193,1540,3722,3759
tickets,25,0,o200k_base,json_compacto,schema_con_ejemplo,1009,252,1261,3722,3759
tickets,25,0,cl100k_base,json_compacto,schema_con_ejemplo,1056,258,1314,3722,3759
tickets,25,0,r50k_base,json_compacto,schema_con_ejemplo,1345,317,1664,3722,3759
tickets,25,0,o200k_base,json_legible,ninguna,1474,0,1474,4980,5017
tickets,25,0,cl100k_base,json_legible,ninguna,1536,0,1536,4980,5017
tickets,25,0,r50k_base,json_legible,ninguna,2539,0,2539,4980,5017
tickets,25,0,o200k_base,json_abreviado,ninguna,942,0,942,3419,3456
tickets,25,0,cl100k_base,json_abreviado,ninguna,989,0,989,3419,3456
tickets,25,0,r50k_base,json_abreviado,ninguna,1255,0,1255,3419,3456
tickets,25,0,o200k_base,general_fromschema,sin_ejemplo,670,346,1016,2291,2328
tickets,25,0,cl100k_base,general_fromschema,sin_ejemplo,732,374,1106,2291,2328
tickets,25,0,r50k_base,general_fromschema,sin_ejemplo,931,482,1415,2291,2328
tickets,25,0,o200k_base,general_fromschema,con_ejemplo,670,410,1081,2291,2328
tickets,25,0,cl100k_base,general_fromschema,con_ejemplo,732,446,1179,2291,2328
tickets,25,0,r50k_base,general_fromschema,con_ejemplo,931,572,1505,2291,2328
tickets,25,0,o200k_base,general_dominio,sin_ejemplo,692,600,1292,2318,2355
tickets,25,0,cl100k_base,general_dominio,sin_ejemplo,752,645,1397,2318,2355
tickets,25,0,r50k_base,general_dominio,sin_ejemplo,954,826,1781,2318,2355
tickets,25,0,o200k_base,general_dominio,con_ejemplo,692,693,1385,2318,2355
tickets,25,0,cl100k_base,general_dominio,con_ejemplo,752,743,1495,2318,2355
tickets,25,0,r50k_base,general_dominio,con_ejemplo,954,945,1900,2318,2355
tickets,25,0,o200k_base,especializado,compacta_sin_ejemplo,604,159,763,2039,2076
tickets,25,0,cl100k_base,especializado,compacta_sin_ejemplo,655,171,826,2039,2076
tickets,25,0,r50k_base,especializado,compacta_sin_ejemplo,842,217,1061,2039,2076
tickets,25,0,o200k_base,especializado,compacta_con_ejemplo,604,220,825,2039,2076
tickets,25,0,cl100k_base,especializado,compacta_con_ejemplo,655,240,896,2039,2076
tickets,25,0,r50k_base,especializado,compacta_con_ejemplo,842,302,1146,2039,2076
tickets,25,0,o200k_base,especializado,spec_block_sin_ejemplo,604,396,1000,2039,2076
tickets,25,0,cl100k_base,especializado,spec_block_sin_ejemplo,655,425,1080,2039,2076
tickets,25,0,r50k_base,especializado,spec_block_sin_ejemplo,842,546,1390,2039,2076
tickets,25,0,o200k_base,especializado,spec_block_con_ejemplo,604,457,1062,2039,2076
tickets,25,0,cl100k_base,especializado,spec_block_con_ejemplo,655,494,1150,2039,2076
tickets,25,0,r50k_base,especializado,spec_block_con_ejemplo,842,631,1475,2039,2076
tickets,25,1,o200k_base,json_compacto,ninguna,1049,0,1049,3825,3865
tickets,25,1,cl100k_base,json_compacto,ninguna,1096,0,1096,3825,3865
tickets,25,1,r50k_base,json_compacto,ninguna,1389,0,1389,3825,3865
tickets,25,1,o200k_base,json_compacto,schema_sin_ejemplo,1049,161,1210,3825,3865
tickets,25,1,cl100k_base,json_compacto,schema_sin_ejemplo,1096,161,1258,3825,3865
tickets,25,1,r50k_base,json_compacto,schema_sin_ejemplo,1389,193,1584,3825,3865
tickets,25,1,o200k_base,json_compacto,schema_con_ejemplo,1049,252,1301,3825,3865
tickets,25,1,cl100k_base,json_compacto,schema_con_ejemplo,1096,258,1354,3825,3865
tickets,25,1,r50k_base,json_compacto,schema_con_ejemplo,1389,317,1708,3825,3865
tickets,25,1,o200k_base,json_legible,ninguna,1510,0,1510,5083,5123
tickets,25,1,cl100k_base,json_legible,ninguna,1576,0,1576,5083,5123
tickets,25,1,r50k_base,json_legible,ninguna,2579,0,2579,5083,5123
tickets,25,1,o200k_base,json_abreviado,ninguna,979,0,979,3524,3564
tickets,25,1,cl100k_base,json_abreviado,ninguna,1026,0,1026,3524,3564
tickets,25,1,r50k_base,json_abreviado,ninguna,1291,0,1291,3524,3564
tickets,25,1,o200k_base,general_fromschema,sin_ejemplo,706,346,1052,2394,2434
tickets,25,1,cl100k_base,general_fromschema,sin_ejemplo,772,374,1146,2394,2434
tickets,25,1,r50k_base,general_fromschema,sin_ejemplo,971,482,1455,2394,2434
tickets,25,1,o200k_base,general_fromschema,con_ejemplo,706,410,1117,2394,2434
tickets,25,1,cl100k_base,general_fromschema,con_ejemplo,772,446,1219,2394,2434
tickets,25,1,r50k_base,general_fromschema,con_ejemplo,971,572,1545,2394,2434
tickets,25,1,o200k_base,general_dominio,sin_ejemplo,728,600,1328,2421,2461
tickets,25,1,cl100k_base,general_dominio,sin_ejemplo,792,645,1437,2421,2461
tickets,25,1,r50k_base,general_dominio,sin_ejemplo,994,826,1821,2421,2461
tickets,25,1,o200k_base,general_dominio,con_ejemplo,728,693,1421,2421,2461
tickets,25,1,cl100k_base,general_dominio,con_ejemplo,792,743,1535,2421,2461
tickets,25,1,r50k_base,general_dominio,con_ejemplo,994,945,1940,2421,2461
tickets,25,1,o200k_base,especializado,compacta_sin_ejemplo,637,159,796,2144,2184
tickets,25,1,cl100k_base,especializado,compacta_sin_ejemplo,695,171,866,2144,2184
tickets,25,1,r50k_base,especializado,compacta_sin_ejemplo,874,217,1093,2144,2184
tickets,25,1,o200k_base,especializado,compacta_con_ejemplo,637,220,858,2144,2184
tickets,25,1,cl100k_base,especializado,compacta_con_ejemplo,695,240,936,2144,2184
tickets,25,1,r50k_base,especializado,compacta_con_ejemplo,874,302,1178,2144,2184
tickets,25,1,o200k_base,especializado,spec_block_sin_ejemplo,637,396,1033,2144,2184
tickets,25,1,cl100k_base,especializado,spec_block_sin_ejemplo,695,425,1120,2144,2184
tickets,25,1,r50k_base,especializado,spec_block_sin_ejemplo,874,546,1422,2144,2184
tickets,25,1,o200k_base,especializado,spec_block_con_ejemplo,637,457,1095,2144,2184
tickets,25,1,cl100k_base,especializado,spec_block_con_ejemplo,695,494,1190,2144,2184
tickets,25,1,r50k_base,especializado,spec_block_con_ejemplo,874,631,1507,2144,2184
tickets,25,2,o200k_base,json_compacto,ninguna,1010,0,1010,3681,3722
tickets,25,2,cl100k_base,json_compacto,ninguna,1062,0,1062,3681,3722
tickets,25,2,r50k_base,json_compacto,ninguna,1343,0,1343,3681,3722
tickets,25,2,o200k_base,json_compacto,schema_sin_ejemplo,1010,161,1171,3681,3722
tickets,25,2,cl100k_base,json_compacto,schema_sin_ejemplo,1062,161,1224,3681,3722
tickets,25,2,r50k_base,json_compacto,schema_sin_ejemplo,1343,193,1538,3681,3722
tickets,25,2,o200k_base,json_compacto,schema_con_ejemplo,1010,252,1262,3681,3722
tickets,25,2,cl100k_base,json_compacto,schema_con_ejemplo,1062,258,1320,3681,3722
tickets,25,2,r50k_base,json_compacto,schema_con_ejemplo,1343,317,1662,3681,3722
tickets,25,2,o200k_base,json_legible,ninguna,1475,0,1475,4939,4980
tickets,25,2,cl100k_base,json_legible,ninguna,1542,0,1542,4939,4980
tickets,25,2,r50k_base,json_legible,ninguna,2537,0,2537,4939,4980
tickets,25,2,o200k_base,json_abreviado,ninguna,937,0,937,3364,3405
tickets,25,2,cl100k_base,json_abreviado,ninguna,989,0,989,3364,3405
tickets,25,2,r50k_base,json_abreviado,ninguna,1238,0,1238,3364,3405
tickets,25,2,o200k_base,general_fromschema,sin_ejemplo,671,346,1017,2250,2291
tickets,25,2,cl100k_base,general_fromschema,sin_ejemplo,738,374,1112,2250,2291
tickets,25,2,r50k_base,general_fromschema,sin_ejemplo,929,482,1413,2250,2291
tickets,25,2,o200k_base,general_fromschema,con_ejemplo,671,410,1082,2250,2291
tickets,25,2,cl100k_base,general_fromschema,con_ejemplo,738,446,1185,2250,2291
tickets,25,2,r50k_base,general_fromschema,con_ejemplo,929,572,1503,2250,2291
tickets,25,2,o200k_base,general_dominio,sin_ejemplo,693,600,1293,2277,2318
tickets,25,2,cl100k_base,general_dominio,sin_ejemplo,758,645,1403,2277,2318
tickets,25,2,r50k_base,general_dominio,sin_ejemplo,952,826,1779,2277,2318
tickets,25,2,o200k_base,general_dominio,con_ejemplo,693,693,1386,2277,2318
tickets,25,2,cl100k_base,general_dominio,con_ejemplo,758,743,1501,2277,2318
tickets,25,2,r50k_base,general_dominio,con_ejemplo,952,945,1898,2277,2318
tickets,25,2,o200k_base,especializado,compacta_sin_ejemplo,599,159,758,1984,2025
tickets,25,2,cl100k_base,especializado,compacta_sin_ejemplo,657,171,828,1984,2025
tickets,25,2,r50k_base,especializado,compacta_sin_ejemplo,825,217,1044,1984,2025
tickets,25,2,o200k_base,especializado,compacta_con_ejemplo,599,220,820,1984,2025
tickets,25,2,cl100k_base,especializado,compacta_con_ejemplo,657,240,898,1984,2025
tickets,25,2,r50k_base,especializado,compacta_con_ejemplo,825,302,1129,1984,2025
tickets,25,2,o200k_base,especializado,spec_block_sin_ejemplo,599,396,995,1984,2025
tickets,25,2,cl100k_base,especializado,spec_block_sin_ejemplo,657,425,1082,1984,2025
tickets,25,2,r50k_base,especializado,spec_block_sin_ejemplo,825,546,1373,1984,2025
tickets,25,2,o200k_base,especializado,spec_block_con_ejemplo,599,457,1057,1984,2025
tickets,25,2,cl100k_base,especializado,spec_block_con_ejemplo,657,494,1152,1984,2025
tickets,25,2,r50k_base,especializado,spec_block_con_ejemplo,825,631,1458,1984,2025
tickets,25,3,o200k_base,json_compacto,ninguna,1055,0,1055,3825,3864
tickets,25,3,cl100k_base,json_compacto,ninguna,1106,0,1106,3825,3864
tickets,25,3,r50k_base,json_compacto,ninguna,1393,0,1393,3825,3864
tickets,25,3,o200k_base,json_compacto,schema_sin_ejemplo,1055,161,1216,3825,3864
tickets,25,3,cl100k_base,json_compacto,schema_sin_ejemplo,1106,161,1268,3825,3864
tickets,25,3,r50k_base,json_compacto,schema_sin_ejemplo,1393,193,1588,3825,3864
tickets,25,3,o200k_base,json_compacto,schema_con_ejemplo,1055,252,1307,3825,3864
tickets,25,3,cl100k_base,json_compacto,schema_con_ejemplo,1106,258,1364,3825,3864
tickets,25,3,r50k_base,json_compacto,schema_con_ejemplo,1393,317,1712,3825,3864
tickets,25,3,o200k_base,json_legible,ninguna,1513,0,1513,5083,5122
tickets,25,3,cl100k_base,json_legible,ninguna,1586,0,1586,5083,5122
tickets,25,3,r50k_base,json_legible,ninguna,2580,0,2580,5083,5122
tickets,25,3,o200k_base,json_abreviado,ninguna,985,0,985,3537,3576
tickets,25,3,cl100k_base,json_abreviado,ninguna,1036,0,1036,3537,3576
tickets,25,3,r50k_base,json_abreviado,ninguna,1300,0,1300,3537,3576
tickets,25,3,o200k_base,general_fromschema,sin_ejemplo,709,346,1055,2394,2433
tickets,25,3,cl100k_base,general_fromschema,sin_ejemplo,782,374,1156,2394,2433
tickets,25,3,r50k_base,general_fromschema,sin_ejemplo,972,482,1456,2394,2433
tickets,25,3,o200k_base,general_fromschema,con_ejemplo,709,410,1120,2394,2433
tickets,25,3,cl100k_base,general_fromschema,con_ejemplo,782,446,1229,2394,2433
tickets,25,3,r50k_base,general_fromschema,con_ejemplo,972,572,1546,2394,2433
tickets,25,3,o200k_base,general_dominio,sin_ejemplo,731,600,1331,2421,2460
tickets,25,3,cl100k_base,general_dominio,sin_ejemplo,802,645,1447,2421,2460
tickets,25,3,r50k_base,general_dominio,sin_ejemplo,995,826,1822,2421,2460
tickets,25,3,o200k_base,general_dominio,con_ejemplo,731,693,1424,2421,2460
tickets,25,3,cl100k_base,general_dominio,con_ejemplo,802,743,1545,2421,2460
tickets,25,3,r50k_base,general_dominio,con_ejemplo,995,945,1941,2421,2460
tickets,25,3,o200k_base,especializado,compacta_sin_ejemplo,640,159,799,2157,2196
tickets,25,3,cl100k_base,especializado,compacta_sin_ejemplo,706,171,877,2157,2196
tickets,25,3,r50k_base,especializado,compacta_sin_ejemplo,880,217,1099,2157,2196
tickets,25,3,o200k_base,especializado,compacta_con_ejemplo,640,220,861,2157,2196
tickets,25,3,cl100k_base,especializado,compacta_con_ejemplo,706,240,947,2157,2196
tickets,25,3,r50k_base,especializado,compacta_con_ejemplo,880,302,1184,2157,2196
tickets,25,3,o200k_base,especializado,spec_block_sin_ejemplo,640,396,1036,2157,2196
tickets,25,3,cl100k_base,especializado,spec_block_sin_ejemplo,706,425,1131,2157,2196
tickets,25,3,r50k_base,especializado,spec_block_sin_ejemplo,880,546,1428,2157,2196
tickets,25,3,o200k_base,especializado,spec_block_con_ejemplo,640,457,1098,2157,2196
tickets,25,3,cl100k_base,especializado,spec_block_con_ejemplo,706,494,1201,2157,2196
tickets,25,3,r50k_base,especializado,spec_block_con_ejemplo,880,631,1513,2157,2196
tickets,25,4,o200k_base,json_compacto,ninguna,1035,0,1035,3816,3857
tickets,25,4,cl100k_base,json_compacto,ninguna,1071,0,1071,3816,3857
tickets,25,4,r50k_base,json_compacto,ninguna,1358,0,1358,3816,3857
tickets,25,4,o200k_base,json_compacto,schema_sin_ejemplo,1035,161,1196,3816,3857
tickets,25,4,cl100k_base,json_compacto,schema_sin_ejemplo,1071,161,1233,3816,3857
tickets,25,4,r50k_base,json_compacto,schema_sin_ejemplo,1358,193,1553,3816,3857
tickets,25,4,o200k_base,json_compacto,schema_con_ejemplo,1035,252,1287,3816,3857
tickets,25,4,cl100k_base,json_compacto,schema_con_ejemplo,1071,258,1329,3816,3857
tickets,25,4,r50k_base,json_compacto,schema_con_ejemplo,1358,317,1677,3816,3857
tickets,25,4,o200k_base,json_legible,ninguna,1494,0,1494,5074,5115
tickets,25,4,cl100k_base,json_legible,ninguna,1551,0,1551,5074,5115
tickets,25,4,r50k_base,json_legible,ninguna,2546,0,2546,5074,5115
tickets,25,4,o200k_base,json_abreviado,ninguna,972,0,972,3515,3556
tickets,25,4,cl100k_base,json_abreviado,ninguna,1008,0,1008,3515,3556
tickets,25,4,r50k_base,json_abreviado,ninguna,1274,0,1274,3515,3556
tickets,25,4,o200k_base,general_fromschema,sin_ejemplo,690,346,1036,2385,2426
tickets,25,4,cl100k_base,general_fromschema,sin_ejemplo,747,374,1121,2385,2426
tickets,25,4,r50k_base,general_fromschema,sin_ejemplo,938,482,1422,2385,2426
tickets,25,4,o200k_base,general_fromschema,con_ejemplo,690,410,1101,2385,2426
tickets,25,4,cl100k_base,general_fromschema,con_ejemplo,747,446,1194,2385,2426
tickets,25,4,r50k_base,general_fromschema,con_ejemplo,938,572,1512,2385,2426
tickets,25,4,o200k_base,general_dominio,sin_ejemplo,712,600,1312,2412,2453
tickets,25,4,cl100k_base,general_dominio,sin_ejemplo,767,645,1412,2412,2453
tickets,25,4,r50k_base,general_dominio,sin_ejemplo,961,826,1788,2412,2453
tickets,25,4,o200k_base,general_dominio,con_ejemplo,712,693,1405,2412,2453
tickets,25,4,cl100k_base,general_dominio,con_ejemplo,767,743,1510,2412,2453
tickets,25,4,r50k_base,general_dominio,con_ejemplo,961,945,1907,2412,2453
tickets,25,4,o200k_base,especializado,compacta_sin_ejemplo,628,159,787,2135,2176
tickets,25,4,cl100k_base,especializado,compacta_sin_ejemplo,673,171,844,2135,2176
tickets,25,4,r50k_base,especializado,compacta_sin_ejemplo,855,217,1074,2135,2176
tickets,25,4,o200k_base,especializado,compacta_con_ejemplo,628,220,849,2135,2176
tickets,25,4,cl100k_base,especializado,compacta_con_ejemplo,673,240,914,2135,2176
tickets,25,4,r50k_base,especializado,compacta_con_ejemplo,855,302,1159,2135,2176
tickets,25,4,o200k_base,especializado,spec_block_sin_ejemplo,628,396,1024,2135,2176
tickets,25,4,cl100k_base,especializado,spec_block_sin_ejemplo,673,425,1098,2135,2176
tickets,25,4,r50k_base,especializado,spec_block_sin_ejemplo,855,546,1403,2135,2176
tickets,25,4,o200k_base,especializado,spec_block_con_ejemplo,628,457,1086,2135,2176
tickets,25,4,cl100k_base,especializado,spec_block_con_ejemplo,673,494,1168,2135,2176
tickets,25,4,r50k_base,especializado,spec_block_con_ejemplo,855,631,1488,2135,2176
tickets,50,0,o200k_base,json_compacto,ninguna,2017,0,2017,7373,7444
tickets,50,0,cl100k_base,json_compacto,ninguna,2120,0,2120,7373,7444
tickets,50,0,r50k_base,json_compacto,ninguna,2672,0,2672,7373,7444
tickets,50,0,o200k_base,json_compacto,schema_sin_ejemplo,2017,161,2178,7373,7444
tickets,50,0,cl100k_base,json_compacto,schema_sin_ejemplo,2120,161,2282,7373,7444
tickets,50,0,r50k_base,json_compacto,schema_sin_ejemplo,2672,193,2867,7373,7444
tickets,50,0,o200k_base,json_compacto,schema_con_ejemplo,2017,252,2269,7373,7444
tickets,50,0,cl100k_base,json_compacto,schema_con_ejemplo,2120,258,2378,7373,7444
tickets,50,0,r50k_base,json_compacto,schema_con_ejemplo,2672,317,2991,7373,7444
tickets,50,0,o200k_base,json_legible,ninguna,2944,0,2944,9881,9952
tickets,50,0,cl100k_base,json_legible,ninguna,3075,0,3075,9881,9952
tickets,50,0,r50k_base,json_legible,ninguna,5053,0,5053,9881,9952
tickets,50,0,o200k_base,json_abreviado,ninguna,1879,0,1879,6771,6842
tickets,50,0,cl100k_base,json_abreviado,ninguna,1982,0,1982,6771,6842
tickets,50,0,r50k_base,json_abreviado,ninguna,2485,0,2485,6771,6842
tickets,50,0,o200k_base,general_fromschema,sin_ejemplo,1340,346,1686,4517,4588
tickets,50,0,cl100k_base,general_fromschema,sin_ejemplo,1471,374,1845,4517,4588
tickets,50,0,r50k_base,general_fromschema,sin_ejemplo,1845,482,2329,4517,4588
tickets,50,0,o200k_base,general_fromschema,con_ejemplo,1340,410,1751,4517,4588
tickets,50,0,cl100k_base,general_fromschema,con_ejemplo,1471,446,1918,4517,4588
tickets,50,0,r50k_base,general_fromschema,con_ejemplo,1845,572,2419,4517,4588
tickets,50,0,o200k_base,general_dominio,sin_ejemplo,1362,600,1962,4544,4615
tickets,50,0,cl100k_base,general_dominio,sin_ejemplo,1491,645,2136,4544,4615
tickets,50,0,r50k_base,general_dominio,sin_ejemplo,1868,826,2695,4544,4615
tickets,50,0,o200k_base,general_dominio,con_ejemplo,1362,693,2055,4544,4615
tickets,50,0,cl100k_base,general_dominio,con_ejemplo,1491,743,2234,4544,4615
tickets,50,0,r50k_base,general_dominio,con_ejemplo,1868,945,2814,4544,4615
tickets,50,0,o200k_base,especializado,compacta_sin_ejemplo,1203,159,1362,4016,4087
tickets,50,0,cl100k_base,especializado,compacta_sin_ejemplo,1312,171,1483,4016,4087
tickets,50,0,r50k_base,especializado,compacta_sin_ejemplo,1659,217,1878,4016,4087
tickets,50,0,o200k_base,especializado,compacta_con_ejemplo,1203,220,1424,4016,4087
tickets,50,0,cl100k_base,especializado,compacta_con_ejemplo,1312,240,1553,4016,4087
tickets,50,0,r50k_base,especializado,compacta_con_ejemplo,1659,302,1963,4016,4087
tickets,50,0,o200k_base,especializado,spec_block_sin_ejemplo,1203,396,1599,4016,4087
tickets,50,0,cl100k_base,especializado,spec_block_sin_ejemplo,1312,425,1737,4016,4087
tickets,50,0,r50k_base,especializado,spec_block_sin_ejemplo,1659,546,2207,4016,4087
tickets,50,0,o200k_base,especializado,spec_block_con_ejemplo,1203,457,1661,4016,4087
tickets,50,0,cl100k_base,especializado,spec_block_con_ejemplo,1312,494,1807,4016,4087
tickets,50,0,r50k_base,especializado,spec_block_con_ejemplo,1659,631,2292,4016,4087
tickets,50,1,o200k_base,json_compacto,ninguna,2068,0,2068,7556,7631
tickets,50,1,cl100k_base,json_compacto,ninguna,2155,0,2155,7556,7631
tickets,50,1,r50k_base,json_compacto,ninguna,2725,0,2725,7556,7631
tickets,50,1,o200k_base,json_compacto,schema_sin_ejemplo,2068,161,2229,7556,7631
tickets,50,1,cl100k_base,json_compacto,schema_sin_ejemplo,2155,161,2317,7556,7631
tickets,50,1,r50k_base,json_compacto,schema_sin_ejemplo,2725,193,2920,7556,7631
tickets,50,1,o200k_base,json_compacto,schema_con_ejemplo,2068,252,2320,7556,7631
tickets,50,1,cl100k_base,json_compacto,schema_con_ejemplo,2155,258,2413,7556,7631
tickets,50,1,r50k_base,json_compacto,schema_con_ejemplo,2725,317,3044,7556,7631
tickets,50,1,o200k_base,json_legible,ninguna,2987,0,2987,10064,10139
tickets,50,1,cl100k_base,json_legible,ninguna,3110,0,3110,10064,10139
tickets,50,1,r50k_base,json_legible,ninguna,5098,0,5098,10064,10139
tickets,50,1,o200k_base,json_abreviado,ninguna,1932,0,1932,6947,7022
tickets,50,1,cl100k_base,json_abreviado,ninguna,2019,0,2019,6947,7022
tickets,50,1,r50k_base,json_abreviado,ninguna,2540,0,2540,6947,7022
tickets,50,1,o200k_base,general_fromschema,sin_ejemplo,1383,346,1729,4700,4775
tickets,50,1,cl100k_base,general_fromschema,sin_ejemplo,1506,374,1880,4700,4775
tickets,50,1,r50k_base,general_fromschema,sin_ejemplo,1890,482,2374,4700,4775
tickets,50,1,o200k_base,general_fromschema,con_ejemplo,1383,410,1794,4700,4775
tickets,50,1,cl100k_base,general_fromschema,con_ejemplo,1506,446,1953,4700,4775
tickets,50,1,r50k_base,general_fromschema,con_ejemplo,1890,572,2464,4700,4775
tickets,50,1,o200k_base,general_dominio,sin_ejemplo,1405,600,2005,4727,4802
tickets,50,1,cl100k_base,general_dominio,sin_ejemplo,1526,645,2171,4727,4802
tickets,50,1,r50k_base,general_dominio,sin_ejemplo,1913,826,2740,4727,4802
tickets,50,1,o200k_base,general_dominio,con_ejemplo,1405,693,2098,4727,4802
tickets,50,1,cl100k_base,general_dominio,con_ejemplo,1526,743,2269,4727,4802
tickets,50,1,r50k_base,general_dominio,con_ejemplo,1913,945,2859,4727,4802
tickets,50,1,o200k_base,especializado,compacta_sin_ejemplo,1248,159,1407,4192,4267
tickets,50,1,cl100k_base,especializado,compacta_sin_ejemplo,1347,171,1518,4192,4267
tickets,50,1,r50k_base,especializado,compacta_sin_ejemplo,1706,217,1925,4192,4267
tickets,50,1,o200k_base,especializado,compacta_con_ejemplo,1248,220,1469,4192,4267
tickets,50,1,cl100k_base,especializado,compacta_con_ejemplo,1347,240,1588,4192,4267
tickets,50,1,r50k_base,especializado,compacta_con_ejemplo,1706,302,2010,4192,4267
tickets,50,1,o200k_base,especializado,spec_block_sin_ejemplo,1248,396,1644,4192,4267
tickets,50,1,cl100k_base,especializado,spec_block_sin_ejemplo,1347,425,1772,4192,4267
tickets,50,1,r50k_base,especializado,spec_block_sin_ejemplo,1706,546,2254,4192,4267
tickets,50,1,o200k_base,especializado,spec_block_con_ejemplo,1248,457,1706,4192,4267
tickets,50,1,cl100k_base,especializado,spec_block_con_ejemplo,1347,494,1842,4192,4267
tickets,50,1,r50k_base,especializado,spec_block_con_ejemplo,1706,631,2339,4192,4267
tickets,50,2,o200k_base,json_compacto,ninguna,2011,0,2011,7338,7413
tickets,50,2,cl100k_base,json_compacto,ninguna,2118,0,2118,7338,7413
tickets,50,2,r50k_base,json_compacto,ninguna,2659,0,2659,7338,7413
tickets,50,2,o200k_base,json_compacto,schema_sin_ejemplo,2011,161,2172,7338,7413
tickets,50,2,cl100k_base,json_compacto,schema_sin_ejemplo,2118,161,2280,7338,7413
tickets,50,2,r50k_base,json_compacto,schema_sin_ejemplo,2659,193,2854,7338,7413
tickets,50,2,o200k_base,json_compacto,schema_con_ejemplo,2011,252,2263,7338,7413
tickets,50,2,cl100k_base,json_compacto,schema_con_ejemplo,2118,258,2376,7338,7413
tickets,50,2,r50k_base,json_compacto,schema_con_ejemplo,2659,317,2978,7338,7413
tickets,50,2,o200k_base,json_legible,ninguna,2937,0,2937,9846,9921
tickets,50,2,cl100k_base,json_legible,ninguna,3073,0,3073,9846,9921
tickets,50,2,r50k_base,json_legible,ninguna,5039,0,5039,9846,9921
tickets,50,2,o200k_base,json_abreviado,ninguna,1872,0,1872,6713,6788
tickets,50,2,cl100k_base,json_abreviado,ninguna,1979,0,1979,6713,6788
tickets,50,2,r50k_base,json_abreviado,ninguna,2455,0,2455,6713,6788
tickets,50,2,o200k_base,general_fromschema,sin_ejemplo,1333,346,1679,4482,4557
tickets,50,2,cl100k_base,general_fromschema,sin_ejemplo,1469,374,1843,4482,4557
tickets,50,2,r50k_base,general_fromschema,sin_ejemplo,1831,482,2315,4482,4557
tickets,50,2,o200k_base,general_fromschema,con_ejemplo,1333,410,1744,4482,4557
tickets,50,2,cl100k_base,general_fromschema,con_ejemplo,1469,446,1916,4482,4557
tickets,50,2,r50k_base,general_fromschema,con_ejemplo,1831,572,2405,4482,4557
tickets,50,2,o200k_base,general_dominio,sin_ejemplo,1355,600,1955,4509,4584
tickets,50,2,cl100k_base,general_dominio,sin_ejemplo,1489,645,2134,4509,4584
tickets,50,2,r50k_base,general_dominio,sin_ejemplo,1854,826,2681,4509,4584
tickets,50,2,o200k_base,general_dominio,con_ejemplo,1355,693,2048,4509,4584
tickets,50,2,cl100k_base,general_dominio,con_ejemplo,1489,743,2232,4509,4584
tickets,50,2,r50k_base,general_dominio,con_ejemplo,1854,945,2800,4509,4584
tickets,50,2,o200k_base,especializado,compacta_sin_ejemplo,1195,159,1354,3958,4033
tickets,50,2,cl100k_base,especializado,compacta_sin_ejemplo,1316,171,1487,3958,4033
tickets,50,2,r50k_base,especializado,compacta_sin_ejemplo,1628,217,1847,3958,4033
tickets,50,2,o200k_base,especializado,compacta_con_ejemplo,1195,220,1416,3958,4033
tickets,50,2,cl100k_base,especializado,compacta_con_ejemplo,1316,240,1557,3958,4033
tickets,50,2,r50k_base,especializado,compacta_con_ejemplo,1628,302,1932,3958,4033
tickets,50,2,o200k_base,especializado,spec_block_sin_ejemplo,1195,396,1591,3958,4033
tickets,50,2,cl100k_base,especializado,spec_block_sin_ejemplo,1316,425,1741,3958,4033
tickets,50,2,r50k_base,especializado,spec_block_sin_ejemplo,1628,546,2176,3958,4033
tickets,50,2,o200k_base,especializado,spec_block_con_ejemplo,1195,457,1653,3958,4033
tickets,50,2,cl100k_base,especializado,spec_block_con_ejemplo,1316,494,1811,3958,4033
tickets,50,2,r50k_base,especializado,spec_block_con_ejemplo,1628,631,2261,3958,4033
tickets,50,3,o200k_base,json_compacto,ninguna,2075,0,2075,7540,7606
tickets,50,3,cl100k_base,json_compacto,ninguna,2175,0,2175,7540,7606
tickets,50,3,r50k_base,json_compacto,ninguna,2735,0,2735,7540,7606
tickets,50,3,o200k_base,json_compacto,schema_sin_ejemplo,2075,161,2236,7540,7606
tickets,50,3,cl100k_base,json_compacto,schema_sin_ejemplo,2175,161,2337,7540,7606
tickets,50,3,r50k_base,json_compacto,schema_sin_ejemplo,2735,193,2930,7540,7606
tickets,50,3,o200k_base,json_compacto,schema_con_ejemplo,2075,252,2327,7540,7606
tickets,50,3,cl100k_base,json_compacto,schema_con_ejemplo,2175,258,2433,7540,7606
tickets,50,3,r50k_base,json_compacto,schema_con_ejemplo,2735,317,3054,7540,7606
tickets,50,3,o200k_base,json_legible,ninguna,2990,0,2990,10048,10114
tickets,50,3,cl100k_base,json_legible,ninguna,3130,0,3130,10048,10114
tickets,50,3,r50k_base,json_legible,ninguna,5104,0,5104,10048,10114
tickets,50,3,o200k_base,json_abreviado,ninguna,1938,0,1938,6952,7018
tickets,50,3,cl100k_base,json_abreviado,ninguna,2038,0,2038,6952,7018
tickets,50,3,r50k_base,json_abreviado,ninguna,2553,0,2553,6952,7018
tickets,50,3,o200k_base,general_fromschema,sin_ejemplo,1386,346,1732,4684,4750
tickets,50,3,cl100k_base,general_fromschema,sin_ejemplo,1526,374,1900,4684,4750
tickets,50,3,r50k_base,general_fromschema,sin_ejemplo,1896,482,2380,4684,4750
tickets,50,3,o200k_base,general_fromschema,con_ejemplo,1386,410,1797,4684,4750
tickets,50,3,cl100k_base,general_fromschema,con_ejemplo,1526,446,1973,4684,4750
tickets,50,3,r50k_base,general_fromschema,con_ejemplo,1896,572,2470,4684,4750
tickets,50,3,o200k_base,general_dominio,sin_ejemplo,1408,600,2008,4711,4777
tickets,50,3,cl100k_base,general_dominio,sin_ejemplo,1546,645,2191,4711,4777
tickets,50,3,r50k_base,general_dominio,sin_ejemplo,1919,826,2746,4711,4777
tickets,50,3,o200k_base,general_dominio,con_ejemplo,1408,693,2101,4711,4777
tickets,50,3,cl100k_base,general_dominio,con_ejemplo,1546,743,2289,4711,4777
tickets,50,3,r50k_base,general_dominio,con_ejemplo,1919,945,2865,4711,4777
tickets,50,3,o200k_base,especializado,compacta_sin_ejemplo,1250,159,1409,4197,4263
tickets,50,3,cl100k_base,especializado,compacta_sin_ejemplo,1372,171,1543,4197,4263
tickets,50,3,r50k_base,especializado,compacta_sin_ejemplo,1715,217,1934,4197,4263
tickets,50,3,o200k_base,especializado,compacta_con_ejemplo,1250,220,1471,4197,4263
tickets,50,3,cl100k_base,especializado,compacta_con_ejemplo,1372,240,1613,4197,4263
tickets,50,3,r50k_base,especializado,compacta_con_ejemplo,1715,302,2019,4197,4263
tickets,50,3,o200k_base,especializado,spec_block_sin_ejemplo,1250,396,1646,4197,4263
tickets,50,3,cl100k_base,especializado,spec_block_sin_ejemplo,1372,425,1797,4197,4263
tickets,50,3,r50k_base,especializado,spec_block_sin_ejemplo,1715,546,2263,4197,4263
tickets,50,3,o200k_base,especializado,spec_block_con_ejemplo,1250,457,1708,4197,4263
tickets,50,3,cl100k_base,especializado,spec_block_con_ejemplo,1372,494,1867,4197,4263
tickets,50,3,r50k_base,especializado,spec_block_con_ejemplo,1715,631,2348,4197,4263
tickets,50,4,o200k_base,json_compacto,ninguna,2055,0,2055,7503,7578
tickets,50,4,cl100k_base,json_compacto,ninguna,2149,0,2149,7503,7578
tickets,50,4,r50k_base,json_compacto,ninguna,2691,0,2691,7503,7578
tickets,50,4,o200k_base,json_compacto,schema_sin_ejemplo,2055,161,2216,7503,7578
tickets,50,4,cl100k_base,json_compacto,schema_sin_ejemplo,2149,161,2311,7503,7578
tickets,50,4,r50k_base,json_compacto,schema_sin_ejemplo,2691,193,2886,7503,7578
tickets,50,4,o200k_base,json_compacto,schema_con_ejemplo,2055,252,2307,7503,7578
tickets,50,4,cl100k_base,json_compacto,schema_con_ejemplo,2149,258,2407,7503,7578
tickets,50,4,r50k_base,json_compacto,schema_con_ejemplo,2691,317,3010,7503,7578
tickets,50,4,o200k_base,json_legible,ninguna,2975,0,2975,10011,10086
tickets,50,4,cl100k_base,json_legible,ninguna,3104,0,3104,10011,10086
tickets,50,4,r50k_base,json_legible,ninguna,5065,0,5065,10011,10086
tickets,50,4,o200k_base,json_abreviado,ninguna,1923,0,1923,6893,6968
tickets,50,4,cl100k_base,json_abreviado,ninguna,2017,0,2017,6893,6968
tickets,50,4,r50k_base,json_abreviado,ninguna,2512,0,2512,6893,6968
tickets,50,4,o200k_base,general_fromschema,sin_ejemplo,1371,346,1717,4647,4722
tickets,50,4,cl100k_base,general_fromschema,sin_ejemplo,1500,374,1874,4647,4722
tickets,50,4,r50k_base,general_fromschema,sin_ejemplo,1857,482,2341,4647,4722
tickets,50,4,o200k_base,general_fromschema,con_ejemplo,1371,410,1782,4647,4722
tickets,50,4,cl100k_base,general_fromschema,con_ejemplo,1500,446,1947,4647,4722
tickets,50,4,r50k_base,general_fromschema,con_ejemplo,1857,572,2431,4647,4722
tickets,50,4,o200k_base,general_dominio,sin_ejemplo,1393,600,1993,4674,4749
tickets,50,4,cl100k_base,general_dominio,sin_ejemplo,1520,645,2165,4674,4749
tickets,50,4,r50k_base,general_dominio,sin_ejemplo,1880,826,2707,4674,4749
tickets,50,4,o200k_base,general_dominio,con_ejemplo,1393,693,2086,4674,4749
tickets,50,4,cl100k_base,general_dominio,con_ejemplo,1520,743,2263,4674,4749
tickets,50,4,r50k_base,general_dominio,con_ejemplo,1880,945,2826,4674,4749
tickets,50,4,o200k_base,especializado,compacta_sin_ejemplo,1240,159,1399,4138,4213
tickets,50,4,cl100k_base,especializado,compacta_sin_ejemplo,1341,171,1512,4138,4213
tickets,50,4,r50k_base,especializado,compacta_sin_ejemplo,1679,217,1898,4138,4213
tickets,50,4,o200k_base,especializado,compacta_con_ejemplo,1240,220,1461,4138,4213
tickets,50,4,cl100k_base,especializado,compacta_con_ejemplo,1341,240,1582,4138,4213
tickets,50,4,r50k_base,especializado,compacta_con_ejemplo,1679,302,1983,4138,4213
tickets,50,4,o200k_base,especializado,spec_block_sin_ejemplo,1240,396,1636,4138,4213
tickets,50,4,cl100k_base,especializado,spec_block_sin_ejemplo,1341,425,1766,4138,4213
tickets,50,4,r50k_base,especializado,spec_block_sin_ejemplo,1679,546,2227,4138,4213
tickets,50,4,o200k_base,especializado,spec_block_con_ejemplo,1240,457,1698,4138,4213
tickets,50,4,cl100k_base,especializado,spec_block_con_ejemplo,1341,494,1836,4138,4213
tickets,50,4,r50k_base,especializado,spec_block_con_ejemplo,1679,631,2312,4138,4213
tickets,100,0,o200k_base,json_compacto,ninguna,4010,0,4010,14674,14814
tickets,100,0,cl100k_base,json_compacto,ninguna,4204,0,4204,14674,14814
tickets,100,0,r50k_base,json_compacto,ninguna,5297,0,5297,14674,14814
tickets,100,0,o200k_base,json_compacto,schema_sin_ejemplo,4010,161,4171,14674,14814
tickets,100,0,cl100k_base,json_compacto,schema_sin_ejemplo,4204,161,4366,14674,14814
tickets,100,0,r50k_base,json_compacto,schema_sin_ejemplo,5297,193,5492,14674,14814
tickets,100,0,o200k_base,json_compacto,schema_con_ejemplo,4010,252,4262,14674,14814
tickets,100,0,cl100k_base,json_compacto,schema_con_ejemplo,4204,258,4462,14674,14814
tickets,100,0,r50k_base,json_compacto,schema_con_ejemplo,5297,317,5616,14674,14814
tickets,100,0,o200k_base,json_legible,ninguna,5856,0,5856,19682,19822
tickets,100,0,cl100k_base,json_legible,ninguna,6109,0,6109,19682,19822
tickets,100,0,r50k_base,json_legible,ninguna,10047,0,10047,19682,19822
tickets,100,0,o200k_base,json_abreviado,ninguna,3739,0,3739,13449,13589
tickets,100,0,cl100k_base,json_abreviado,ninguna,3933,0,3933,13449,13589
tickets,100,0,r50k_base,json_abreviado,ninguna,4927,0,4927,13449,13589
tickets,100,0,o200k_base,general_fromschema,sin_ejemplo,2652,346,2998,8969,9109
tickets,100,0,cl100k_base,general_fromschema,sin_ejemplo,2905,374,3279,8969,9109
tickets,100,0,r50k_base,general_fromschema,sin_ejemplo,3639,482,4123,8969,9109
tickets,100,0,o200k_base,general_fromschema,con_ejemplo,2652,410,3063,8969,9109
tickets,100,0,cl100k_base,general_fromschema,con_ejemplo,2905,446,3352,8969,9109
tickets,100,0,r50k_base,general_fromschema,con_ejemplo,3639,572,4213,8969,9109
tickets,100,0,o200k_base,general_dominio,sin_ejemplo,2674,600,3274,8996,9136
tickets,100,0,cl100k_base,general_dominio,sin_ejemplo,2925,645,3570,8996,9136
tickets,100,0,r50k_base,general_dominio,sin_ejemplo,3662,826,4489,8996,9136
tickets,100,0,o200k_base,general_dominio,con_ejemplo,2674,693,3367,8996,9136
tickets,100,0,cl100k_base,general_dominio,con_ejemplo,2925,743,3668,8996,9136
tickets,100,0,r50k_base,general_dominio,con_ejemplo,3662,945,4608,8996,9136
tickets,100,0,o200k_base,especializado,compacta_sin_ejemplo,2382,159,2541,7945,8085
tickets,100,0,cl100k_base,especializado,compacta_sin_ejemplo,2588,171,2759,7945,8085
tickets,100,0,r50k_base,especializado,compacta_sin_ejemplo,3270,217,3489,7945,8085
tickets,100,0,o200k_base,especializado,compacta_con_ejemplo,2382,220,2603,7945,8085
tickets,100,0,cl100k_base,especializado,compacta_con_ejemplo,2588,240,2829,7945,8085
tickets,100,0,r50k_base,especializado,compacta_con_ejemplo,3270,302,3574,7945,8085
tickets,100,0,o200k_base,especializado,spec_block_sin_ejemplo,2382,396,2778,7945,8085
tickets,100,0,cl100k_base,especializado,spec_block_sin_ejemplo,2588,425,3013,7945,8085
tickets,100,0,r50k_base,especializado,spec_block_sin_ejemplo,3270,546,3818,7945,8085
tickets,100,0,o200k_base,especializado,spec_block_con_ejemplo,2382,457,2840,7945,8085
tickets,100,0,cl100k_base,especializado,spec_block_con_ejemplo,2588,494,3083,7945,8085
tickets,100,0,r50k_base,especializado,spec_block_con_ejemplo,3270,631,3903,7945,8085
tickets,100,1,o200k_base,json_compacto,ninguna,4098,0,4098,14930,15070
tickets,100,1,cl100k_base,json_compacto,ninguna,4267,0,4267,14930,15070
tickets,100,1,r50k_base,json_compacto,ninguna,5382,0,5382,14930,15070
tickets,100,1,o200k_base,json_compacto,schema_sin_ejemplo,4098,161,4259,14930,15070
tickets,100,1,cl100k_base,json_compacto,schema_sin_ejemplo,4267,161,4429,14930,15070
tickets,100,1,r50k_base,json_compacto,schema_sin_ejemplo,5382,193,5577,14930,15070
tickets,100,1,o200k_base,json_compacto,schema_con_ejemplo,4098,252,4350,14930,15070
tickets,100,1,cl100k_base,json_compacto,schema_con_ejemplo,4267,258,4525,14930,15070
tickets,100,1,r50k_base,json_compacto,schema_con_ejemplo,5382,317,5701,14930,15070
tickets,100,1,o200k_base,json_legible,ninguna,5933,0,5933,19938,20078
tickets,100,1,cl100k_base,json_legible,ninguna,6172,0,6172,19938,20078
tickets,100,1,r50k_base,json_legible,ninguna,10121,0,10121,19938,20078
tickets,100,1,o200k_base,json_abreviado,ninguna,3822,0,3822,13718,13858
tickets,100,1,cl100k_base,json_abreviado,ninguna,3991,0,3991,13718,13858
tickets,100,1,r50k_base,json_abreviado,ninguna,5001,0,5001,13718,13858
tickets,100,1,o200k_base,general_fromschema,sin_ejemplo,2729,346,3075,9225,9365
tickets,100,1,cl100k_base,general_fromschema,sin_ejemplo,2968,374,3342,9225,9365
tickets,100,1,r50k_base,general_fromschema,sin_ejemplo,3713,482,4197,9225,9365
tickets,100,1,o200k_base,general_fromschema,con_ejemplo,2729,410,3140,9225,9365
tickets,100,1,cl100k_base,general_fromschema,con_ejemplo,2968,446,3415,9225,9365
tickets,100,1,r50k_base,general_fromschema,con_ejemplo,3713,572,4287,9225,9365
tickets,100,1,o200k_base,general_dominio,sin_ejemplo,2751,600,3351,9252,9392
tickets,100,1,cl100k_base,general_dominio,sin_ejemplo,2988,645,3633,9252,9392
tickets,100,1,r50k_base,general_dominio,sin_ejemplo,3736,826,4563,9252,9392
tickets,100,1,o200k_base,general_dominio,con_ejemplo,2751,693,3444,9252,9392
tickets,100,1,cl100k_base,general_dominio,con_ejemplo,2988,743,3731,9252,9392
tickets,100,1,r50k_base,general_dominio,con_ejemplo,3736,945,4682,9252,9392
tickets,100,1,o200k_base,especializado,compacta_sin_ejemplo,2454,159,2613,8214,8354
tickets,100,1,cl100k_base,especializado,compacta_sin_ejemplo,2654,171,2825,8214,8354
tickets,100,1,r50k_base,especializado,compacta_sin_ejemplo,3333,217,3552,8214,8354
tickets,100,1,o200k_base,especializado,compacta_con_ejemplo,2454,220,2675,8214,8354
tickets,100,1,cl100k_base,especializado,compacta_con_ejemplo,2654,240,2895,8214,8354
tickets,100,1,r50k_base,especializado,compacta_con_ejemplo,3333,302,3637,8214,8354
tickets,100,1,o200k_base,especializado,spec_block_sin_ejemplo,2454,396,2850,8214,8354
tickets,100,1,cl100k_base,especializado,spec_block_sin_ejemplo,2654,425,3079,8214,8354
tickets,100,1,r50k_base,especializado,spec_block_sin_ejemplo,3333,546,3881,8214,8354
tickets,100,1,o200k_base,especializado,spec_block_con_ejemplo,2454,457,2912,8214,8354
tickets,100,1,cl100k_base,especializado,spec_block_con_ejemplo,2654,494,3149,8214,8354
tickets,100,1,r50k_base,especializado,spec_block_con_ejemplo,3333,631,3966,8214,8354
tickets,100,2,o200k_base,json_compacto,ninguna,4084,0,4084,14943,15096
tickets,100,2,cl100k_base,json_compacto,ninguna,4279,0,4279,14943,15096
tickets,100,2,r50k_base,json_compacto,ninguna,5383,0,5383,14943,15096
tickets,100,2,o200k_base,json_compacto,schema_sin_ejemplo,4084,161,4245,14943,15096
tickets,100,2,cl100k_base,json_compacto,schema_sin_ejemplo,4279,161,4441,14943,15096
tickets,100,2,r50k_base,json_compacto,schema_sin_ejemplo,5383,193,5578,14943,15096
tickets,100,2,o200k_base,json_compacto,schema_con_ejemplo,4084,252,4336,14943,15096
tickets,100,2,cl100k_base,json_compacto,schema_con_ejemplo,4279,258,4537,14943,15096
tickets,100,2,r50k_base,json_compacto,schema_con_ejemplo,5383,317,5702,14943,15096
tickets,100,2,o200k_base,json_legible,ninguna,5922,0,5922,19951,20104
tickets,100,2,cl100k_base,json_legible,ninguna,6184,0,6184,19951,20104
tickets,100,2,r50k_base,json_legible,ninguna,10125,0,10125,19951,20104
tickets,100,2,o200k_base,json_abreviado,ninguna,3812,0,3812,13718,13871
tickets,100,2,cl100k_base,json_abreviado,ninguna,4007,0,4007,13718,13871
tickets,100,2,r50k_base,json_abreviado,ninguna,4996,0,4996,13718,13871
tickets,100,2,o200k_base,general_fromschema,sin_ejemplo,2718,346,3064,9238,9391
tickets,100,2,cl100k_base,general_fromschema,sin_ejemplo,2980,374,3354,9238,9391
tickets,100,2,r50k_base,general_fromschema,sin_ejemplo,3717,482,4201,9238,9391
tickets,100,2,o200k_base,general_fromschema,con_ejemplo,2718,410,3129,9238,9391
tickets,100,2,cl100k_base,general_fromschema,con_ejemplo,2980,446,3427,9238,9391
tickets,100,2,r50k_base,general_fromschema,con_ejemplo,3717,572,4291,9238,9391
tickets,100,2,o200k_base,general_dominio,sin_ejemplo,2740,600,3340,9265,9418
tickets,100,2,cl100k_base,general_dominio,sin_ejemplo,3000,645,3645,9265,9418
tickets,100,2,r50k_base,general_dominio,sin_ejemplo,3740,826,4567,9265,9418
tickets,100,2,o200k_base,general_dominio,con_ejemplo,2740,693,3433,9265,9418
tickets,100,2,cl100k_base,general_dominio,con_ejemplo,3000,743,3743,9265,9418
tickets,100,2,r50k_base,general_dominio,con_ejemplo,3740,945,4686,9265,9418
tickets,100,2,o200k_base,especializado,compacta_sin_ejemplo,2447,159,2606,8214,8367
tickets,100,2,cl100k_base,especializado,compacta_sin_ejemplo,2676,171,2847,8214,8367
tickets,100,2,r50k_base,especializado,compacta_sin_ejemplo,3331,217,3550,8214,8367
tickets,100,2,o200k_base,especializado,compacta_con_ejemplo,2447,220,2668,8214,8367
tickets,100,2,cl100k_base,especializado,compacta_con_ejemplo,2676,240,2917,8214,8367
tickets,100,2,r50k_base,especializado,compacta_con_ejemplo,3331,302,3635,8214,8367
tickets,100,2,o200k_base,especializado,spec_block_sin_ejemplo,2447,396,2843,8214,8367
tickets,100,2,cl100k_base,especializado,spec_block_sin_ejemplo,2676,425,3101,8214,8367
tickets,100,2,r50k_base,especializado,spec_block_sin_ejemplo,3331,546,3879,8214,8367
tickets,100,2,o200k_base,especializado,spec_block_con_ejemplo,2447,457,2905,8214,8367
tickets,100,2,cl100k_base,especializado,spec_block_con_ejemplo,2676,494,3171,8214,8367
tickets,100,2,r50k_base,especializado,spec_block_con_ejemplo,3331,631,3964,8214,8367
tickets,100,3,o200k_base,json_compacto,ninguna,4069,0,4069,14814,14939
tickets,100,3,cl100k_base,json_compacto,ninguna,4260,0,4260,14814,14939
tickets,100,3,r50k_base,json_compacto,ninguna,5315,0,5315,14814,14939
tickets,100,3,o200k_base,json_compacto,schema_sin_ejemplo,4069,161,4230,14814,14939
tickets,100,3,cl100k_base,json_compacto,schema_sin_ejemplo,4260,161,4422,14814,14939
tickets,100,3,r50k_base,json_compacto,schema_sin_ejemplo,5315,193,5510,14814,14939
tickets,100,3,o200k_base,json_compacto,schema_con_ejemplo,4069,252,4321,14814,14939
tickets,100,3,cl100k_base,json_compacto,schema_con_ejemplo,4260,258,4518,14814,14939
tickets,100,3,r50k_base,json_compacto,schema_con_ejemplo,5315,317,5634,14814,14939
tickets,100,3,o200k_base,json_legible,ninguna,5906,0,5906,19822,19947
tickets,100,3,cl100k_base,json_legible,ninguna,6165,0,6165,19822,19947
tickets,100,3,r50k_base,json_legible,ninguna,10056,0,10056,19822,19947
tickets,100,3,o200k_base,json_abreviado,ninguna,3805,0,3805,13623,13748
tickets,100,3,cl100k_base,json_abreviado,ninguna,3996,0,3996,13623,13748
tickets,100,3,r50k_base,json_abreviado,ninguna,4959,0,4959,13623,13748
tickets,100,3,o200k_base,general_fromschema,sin_ejemplo,2702,346,3048,9109,9234
tickets,100,3,cl100k_base,general_fromschema,sin_ejemplo,2961,374,3335,9109,9234
tickets,100,3,r50k_base,general_fromschema,sin_ejemplo,3648,482,4132,9109,9234
tickets,100,3,o200k_base,general_fromschema,con_ejemplo,2702,410,3113,9109,9234
tickets,100,3,cl100k_base,general_fromschema,con_ejemplo,2961,446,3408,9109,9234
tickets,100,3,r50k_base,general_fromschema,con_ejemplo,3648,572,4222,9109,9234
tickets,100,3,o200k_base,general_dominio,sin_ejemplo,2724,600,3324,9136,9261
tickets,100,3,cl100k_base,general_dominio,sin_ejemplo,2981,645,3626,9136,9261
tickets,100,3,r50k_base,general_dominio,sin_ejemplo,3671,826,4498,9136,9261
tickets,100,3,o200k_base,general_dominio,con_ejemplo,2724,693,3417,9136,9261
tickets,100,3,cl100k_base,general_dominio,con_ejemplo,2981,743,3724,9136,9261
tickets,100,3,r50k_base,general_dominio,con_ejemplo,3671,945,4617,9136,9261
tickets,100,3,o200k_base,especializado,compacta_sin_ejemplo,2439,159,2598,8119,8244
tickets,100,3,cl100k_base,especializado,compacta_sin_ejemplo,2656,171,2827,8119,8244
tickets,100,3,r50k_base,especializado,compacta_sin_ejemplo,3293,217,3512,8119,8244
tickets,100,3,o200k_base,especializado,compacta_con_ejemplo,2439,220,2660,8119,8244
tickets,100,3,cl100k_base,especializado,compacta_con_ejemplo,2656,240,2897,8119,8244
tickets,100,3,r50k_base,especializado,compacta_con_ejemplo,3293,302,3597,8119,8244
tickets,100,3,o200k_base,especializado,spec_block_sin_ejemplo,2439,396,2835,8119,8244
tickets,100,3,cl100k_base,especializado,spec_block_sin_ejemplo,2656,425,3081,8119,8244
tickets,100,3,r50k_base,especializado,spec_block_sin_ejemplo,3293,546,3841,8119,8244
tickets,100,3,o200k_base,especializado,spec_block_con_ejemplo,2439,457,2897,8119,8244
tickets,100,3,cl100k_base,especializado,spec_block_con_ejemplo,2656,494,3151,8119,8244
tickets,100,3,r50k_base,especializado,spec_block_con_ejemplo,3293,631,3926,8119,8244
tickets,100,4,o200k_base,json_compacto,ninguna,4083,0,4083,14893,15049
tickets,100,4,cl100k_base,json_compacto,ninguna,4282,0,4282,14893,15049
tickets,100,4,r50k_base,json_compacto,ninguna,5357,0,5357,14893,15049
tickets,100,4,o200k_base,json_compacto,schema_sin_ejemplo,4083,161,4244,14893,15049
tickets,100,4,cl100k_base,json_compacto,schema_sin_ejemplo,4282,161,4444,14893,15049
tickets,100,4,r50k_base,json_compacto,schema_sin_ejemplo,5357,193,5552,14893,15049
tickets,100,4,o200k_base,json_compacto,schema_con_ejemplo,4083,252,4335,14893,15049
tickets,100,4,cl100k_base,json_compacto,schema_con_ejemplo,4282,258,4540,14893,15049
tickets,100,4,r50k_base,json_compacto,schema_con_ejemplo,5357,317,5676,14893,15049
tickets,100,4,o200k_base,json_legible,ninguna,5919,0,5919,19901,20057
tickets,100,4,cl100k_base,json_legible,ninguna,6187,0,6187,19901,20057
tickets,100,4,r50k_base,json_legible,ninguna,10097,0,10097,19901,20057
tickets,100,4,o200k_base,json_abreviado,ninguna,3810,0,3810,13684,13840
tickets,100,4,cl100k_base,json_abreviado,ninguna,4009,0,4009,13684,13840
tickets,100,4,r50k_base,json_abreviado,ninguna,4985,0,4985,13684,13840
tickets,100,4,o200k_base,general_fromschema,sin_ejemplo,2715,346,3061,9188,9344
tickets,100,4,cl100k_base,general_fromschema,sin_ejemplo,2983,374,3357,9188,9344
tickets,100,4,r50k_base,general_fromschema,sin_ejemplo,3689,482,4173,9188,9344
tickets,100,4,o200k_base,general_fromschema,con_ejemplo,2715,410,3126,9188,9344
tickets,100,4,cl100k_base,general_fromschema,con_ejemplo,2983,446,3430,9188,9344
tickets,100,4,r50k_base,general_fromschema,con_ejemplo,3689,572,4263,9188,9344
tickets,100,4,o200k_base,general_dominio,sin_ejemplo,2737,600,3337,9215,9371
tickets,100,4,cl100k_base,general_dominio,sin_ejemplo,3003,645,3648,9215,9371
tickets,100,4,r50k_base,general_dominio,sin_ejemplo,3712,826,4539,9215,9371
tickets,100,4,o200k_base,general_dominio,con_ejemplo,2737,693,3430,9215,9371
tickets,100,4,cl100k_base,general_dominio,con_ejemplo,3003,743,3746,9215,9371
tickets,100,4,r50k_base,general_dominio,con_ejemplo,3712,945,4658,9215,9371
tickets,100,4,o200k_base,especializado,compacta_sin_ejemplo,2443,159,2602,8180,8336
tickets,100,4,cl100k_base,especializado,compacta_sin_ejemplo,2668,171,2839,8180,8336
tickets,100,4,r50k_base,especializado,compacta_sin_ejemplo,3318,217,3537,8180,8336
tickets,100,4,o200k_base,especializado,compacta_con_ejemplo,2443,220,2664,8180,8336
tickets,100,4,cl100k_base,especializado,compacta_con_ejemplo,2668,240,2909,8180,8336
tickets,100,4,r50k_base,especializado,compacta_con_ejemplo,3318,302,3622,8180,8336
tickets,100,4,o200k_base,especializado,spec_block_sin_ejemplo,2443,396,2839,8180,8336
tickets,100,4,cl100k_base,especializado,spec_block_sin_ejemplo,2668,425,3093,8180,8336
tickets,100,4,r50k_base,especializado,spec_block_sin_ejemplo,3318,546,3866,8180,8336
tickets,100,4,o200k_base,especializado,spec_block_con_ejemplo,2443,457,2901,8180,8336
tickets,100,4,cl100k_base,especializado,spec_block_con_ejemplo,2668,494,3163,8180,8336
tickets,100,4,r50k_base,especializado,spec_block_con_ejemplo,3318,631,3951,8180,8336
tickets,250,0,o200k_base,json_compacto,ninguna,10089,0,10089,36837,37168
tickets,250,0,cl100k_base,json_compacto,ninguna,10549,0,10549,36837,37168
tickets,250,0,r50k_base,json_compacto,ninguna,13236,0,13236,36837,37168
tickets,250,0,o200k_base,json_compacto,schema_sin_ejemplo,10089,161,10250,36837,37168
tickets,250,0,cl100k_base,json_compacto,schema_sin_ejemplo,10549,161,10711,36837,37168
tickets,250,0,r50k_base,json_compacto,schema_sin_ejemplo,13236,193,13431,36837,37168
tickets,250,0,o200k_base,json_compacto,schema_con_ejemplo,10089,252,10341,36837,37168
tickets,250,0,cl100k_base,json_compacto,schema_con_ejemplo,10549,258,10807,36837,37168
tickets,250,0,r50k_base,json_compacto,schema_con_ejemplo,13236,317,13555,36837,37168
tickets,250,0,o200k_base,json_legible,ninguna,14685,0,14685,49345,49676
tickets,250,0,cl100k_base,json_legible,ninguna,15304,0,15304,49345,49676
tickets,250,0,r50k_base,json_legible,ninguna,25086,0,25086,49345,49676
tickets,250,0,o200k_base,json_abreviado,ninguna,9421,0,9421,33838,34169
tickets,250,0,cl100k_base,json_abreviado,ninguna,9881,0,9881,33838,34169
tickets,250,0,r50k_base,json_abreviado,ninguna,12331,0,12331,33838,34169
tickets,250,0,o200k_base,general_fromschema,sin_ejemplo,6681,346,7027,22582,22913
tickets,250,0,cl100k_base,general_fromschema,sin_ejemplo,7300,374,7674,22582,22913
tickets,250,0,r50k_base,general_fromschema,sin_ejemplo,9078,482,9562,22582,22913
tickets,250,0,o200k_base,general_fromschema,con_ejemplo,6681,410,7092,22582,22913
tickets,250,0,cl100k_base,general_fromschema,con_ejemplo,7300,446,7747,22582,22913
tickets,250,0,r50k_base,general_fromschema,con_ejemplo,9078,572,9652,22582,22913
tickets,250,0,o200k_base,general_dominio,sin_ejemplo,6703,600,7303,22609,22940
tickets,250,0,cl100k_base,general_dominio,sin_ejemplo,7320,645,7965,22609,22940
tickets,250,0,r50k_base,general_dominio,sin_ejemplo,9101,826,9928,22609,22940
tickets,250,0,o200k_base,general_dominio,con_ejemplo,6703,693,7396,22609,22940
tickets,250,0,cl100k_base,general_dominio,con_ejemplo,7320,743,8063,22609,22940
tickets,250,0,r50k_base,general_dominio,con_ejemplo,9101,945,10047,22609,22940
tickets,250,0,o200k_base,especializado,compacta_sin_ejemplo,6014,159,6173,20084,20415
tickets,250,0,cl100k_base,especializado,compacta_sin_ejemplo,6536,171,6707,20084,20415
tickets,250,0,r50k_base,especializado,compacta_sin_ejemplo,8174,217,8393,20084,20415
tickets,250,0,o200k_base,especializado,compacta_con_ejemplo,6014,220,6235,20084,20415
tickets,250,0,cl100k_base,especializado,compacta_con_ejemplo,6536,240,6777,20084,20415
tickets,250,0,r50k_base,especializado,compacta_con_ejemplo,8174,302,8478,20084,20415
tickets,250,0,o200k_base,especializado,spec_block_sin_ejemplo,6014,396,6410,20084,20415
tickets,250,0,cl100k_base,especializado,spec_block_sin_ejemplo,6536,425,6961,20084,20415
tickets,250,0,r50k_base,especializado,spec_block_sin_ejemplo,8174,546,8722,20084,20415
tickets,250,0,o200k_base,especializado,spec_block_con_ejemplo,6014,457,6472,20084,20415
tickets,250,0,cl100k_base,especializado,spec_block_con_ejemplo,6536,494,7031,20084,20415
tickets,250,0,r50k_base,especializado,spec_block_con_ejemplo,8174,631,8807,20084,20415
tickets,250,1,o200k_base,json_compacto,ninguna,10201,0,10201,37010,37336
tickets,250,1,cl100k_base,json_compacto,ninguna,10666,0,10666,37010,37336
tickets,250,1,r50k_base,json_compacto,ninguna,13327,0,13327,37010,37336
tickets,250,1,o200k_base,json_compacto,schema_sin_ejemplo,10201,161,10362,37010,37336
tickets,250,1,cl100k_base,json_compacto,schema_sin_ejemplo,10666,161,10828,37010,37336
tickets,250,1,r50k_base,json_compacto,schema_sin_ejemplo,13327,193,13522,37010,37336
tickets,250,1,o200k_base,json_compacto,schema_con_ejemplo,10201,252,10453,37010,37336
tickets,250,1,cl100k_base,json_compacto,schema_con_ejemplo,10666,258,10924,37010,37336
tickets,250,1,r50k_base,json_compacto,schema_con_ejemplo,13327,317,13646,37010,37336
tickets,250,1,o200k_base,json_legible,ninguna,14779,0,14779,49518,49844
tickets,250,1,cl100k_base,json_legible,ninguna,15421,0,15421,49518,49844
tickets,250,1,r50k_base,json_legible,ninguna,25159,0,25159,49518,49844
tickets,250,1,o200k_base,json_abreviado,ninguna,9514,0,9514,34028,34354
tickets,250,1,cl100k_base,json_abreviado,ninguna,9979,0,9979,34028,34354
tickets,250,1,r50k_base,json_abreviado,ninguna,12399,0,12399,34028,34354
tickets,250,1,o200k_base,general_fromschema,sin_ejemplo,6775,346,7121,22755,23081
tickets,250,1,cl100k_base,general_fromschema,sin_ejemplo,7417,374,7791,22755,23081
tickets,250,1,r50k_base,general_fromschema,sin_ejemplo,9151,482,9635,22755,23081
tickets,250,1,o200k_base,general_fromschema,con_ejemplo,6775,410,7186,22755,23081
tickets,250,1,cl100k_base,general_fromschema,con_ejemplo,7417,446,7864,22755,23081
tickets,250,1,r50k_base,general_fromschema,con_ejemplo,9151,572,9725,22755,23081
tickets,250,1,o200k_base,general_dominio,sin_ejemplo,6797,600,7397,22782,23108
tickets,250,1,cl100k_base,general_dominio,sin_ejemplo,7437,645,8082,22782,23108
tickets,250,1,r50k_base,general_dominio,sin_ejemplo,9174,826,10001,22782,23108
tickets,250,1,o200k_base,general_dominio,con_ejemplo,6797,693,7490,22782,23108
tickets,250,1,cl100k_base,general_dominio,con_ejemplo,7437,743,8180,22782,23108
tickets,250,1,r50k_base,general_dominio,con_ejemplo,9174,945,10120,22782,23108
tickets,250,1,o200k_base,especializado,compacta_sin_ejemplo,6089,159,6248,20274,20600
tickets,250,1,cl100k_base,especializado,compacta_sin_ejemplo,6626,171,6797,20274,20600
tickets,250,1,r50k_base,especializado,compacta_sin_ejemplo,8224,217,8443,20274,20600
tickets,250,1,o200k_base,especializado,compacta_con_ejemplo,6089,220,6310,20274,20600
tickets,250,1,cl100k_base,especializado,compacta_con_ejemplo,6626,240,6867,20274,20600
tickets,250,1,r50k_base,especializado,compacta_con_ejemplo,8224,302,8528,20274,20600
tickets,250,1,o200k_base,especializado,spec_block_sin_ejemplo,6089,396,6485,20274,20600
tickets,250,1,cl100k_base,especializado,spec_block_sin_ejemplo,6626,425,7051,20274,20600
tickets,250,1,r50k_base,especializado,spec_block_sin_ejemplo,8224,546,8772,20274,20600
tickets,250,1,o200k_base,especializado,spec_block_con_ejemplo,6089,457,6547,20274,20600
tickets,250,1,cl100k_base,especializado,spec_block_con_ejemplo,6626,494,7121,20274,20600
tickets,250,1,r50k_base,especializado,spec_block_con_ejemplo,8224,631,8857,20274,20600
tickets,250,2,o200k_base,json_compacto,ninguna,10139,0,10139,36992,37343
tickets,250,2,cl100k_base,json_compacto,ninguna,10658,0,10658,36992,37343
tickets,250,2,r50k_base,json_compacto,ninguna,13349,0,13349,36992,37343
tickets,250,2,o200k_base,json_compacto,schema_sin_ejemplo,10139,161,10300,36992,37343
tickets,250,2,cl100k_base,json_compacto,schema_sin_ejemplo,10658,161,10820,36992,37343
tickets,250,2,r50k_base,json_compacto,schema_sin_ejemplo,13349,193,13544,36992,37343
tickets,250,2,o200k_base,json_compacto,schema_con_ejemplo,10139,252,10391,36992,37343
tickets,250,2,cl100k_base,json_compacto,schema_con_ejemplo,10658,258,10916,36992,37343
tickets,250,2,r50k_base,json_compacto,schema_con_ejemplo,13349,317,13668,36992,37343
tickets,250,2,o200k_base,json_legible,ninguna,14732,0,14732,49500,49851
tickets,250,2,cl100k_base,json_legible,ninguna,15413,0,15413,49500,49851
tickets,250,2,r50k_base,json_legible,ninguna,25196,0,25196,49500,49851
tickets,250,2,o200k_base,json_abreviado,ninguna,9460,0,9460,33984,34335
tickets,250,2,cl100k_base,json_abreviado,ninguna,9979,0,9979,33984,34335
tickets,250,2,r50k_base,json_abreviado,ninguna,12405,0,12405,33984,34335
tickets,250,2,o200k_base,general_fromschema,sin_ejemplo,6728,346,7074,22737,23088
tickets,250,2,cl100k_base,general_fromschema,sin_ejemplo,7409,374,7783,22737,23088
tickets,250,2,r50k_base,general_fromschema,sin_ejemplo,9188,482,9672,22737,23088
tickets,250,2,o200k_base,general_fromschema,con_ejemplo,6728,410,7139,22737,23088
tickets,250,2,cl100k_base,general_fromschema,con_ejemplo,7409,446,7856,22737,23088
tickets,250,2,r50k_base,general_fromschema,con_ejemplo,9188,572,9762,22737,23088
tickets,250,2,o200k_base,general_dominio,sin_ejemplo,6750,600,7350,22764,23115
tickets,250,2,cl100k_base,general_dominio,sin_ejemplo,7429,645,8074,22764,23115
tickets,250,2,r50k_base,general_dominio,sin_ejemplo,9211,826,10038,22764,23115
tickets,250,2,o200k_base,general_dominio,con_ejemplo,6750,693,7443,22764,23115
tickets,250,2,cl100k_base,general_dominio,con_ejemplo,7429,743,8172,22764,23115
tickets,250,2,r50k_base,general_dominio,con_ejemplo,9211,945,10157,22764,23115
tickets,250,2,o200k_base,especializado,compacta_sin_ejemplo,6050,159,6209,20230,20581
tickets,250,2,cl100k_base,especializado,compacta_sin_ejemplo,6648,171,6819,20230,20581
tickets,250,2,r50k_base,especializado,compacta_sin_ejemplo,8245,217,8464,20230,20581
tickets,250,2,o200k_base,especializado,compacta_con_ejemplo,6050,220,6271,20230,20581
tickets,250,2,cl100k_base,especializado,compacta_con_ejemplo,6648,240,6889,20230,20581
tickets,250,2,r50k_base,especializado,compacta_con_ejemplo,8245,302,8549,20230,20581
tickets,250,2,o200k_base,especializado,spec_block_sin_ejemplo,6050,396,6446,20230,20581
tickets,250,2,cl100k_base,especializado,spec_block_sin_ejemplo,6648,425,7073,20230,20581
tickets,250,2,r50k_base,especializado,spec_block_sin_ejemplo,8245,546,8793,20230,20581
tickets,250,2,o200k_base,especializado,spec_block_con_ejemplo,6050,457,6508,20230,20581
tickets,250,2,cl100k_base,especializado,spec_block_con_ejemplo,6648,494,7143,20230,20581
tickets,250,2,r50k_base,especializado,spec_block_con_ejemplo,8245,631,8878,20230,20581
tickets,250,3,o200k_base,json_compacto,ninguna,10163,0,10163,37009,37351
tickets,250,3,cl100k_base,json_compacto,ninguna,10650,0,10650,37009,37351
tickets,250,3,r50k_base,json_compacto,ninguna,13355,0,13355,37009,37351
tickets,250,3,o200k_base,json_compacto,schema_sin_ejemplo,10163,161,10324,37009,37351
tickets,250,3,cl100k_base,json_compacto,schema_sin_ejemplo,10650,161,10812,37009,37351
tickets,250,3,r50k_base,json_compacto,schema_sin_ejemplo,13355,193,13550,37009,37351
tickets,250,3,o200k_base,json_compacto,schema_con_ejemplo,10163,252,10415,37009,37351
tickets,250,3,cl100k_base,json_compacto,schema_con_ejemplo,10650,258,10908,37009,37351
tickets,250,3,r50k_base,json_compacto,schema_con_ejemplo,13355,317,13674,37009,37351
tickets,250,3,o200k_base,json_legible,ninguna,14753,0,14753,49517,49859
tickets,250,3,cl100k_base,json_legible,ninguna,15405,0,15405,49517,49859
tickets,250,3,r50k_base,json_legible,ninguna,25199,0,25199,49517,49859
tickets,250,3,o200k_base,json_abreviado,ninguna,9488,0,9488,34005,34347
tickets,250,3,cl100k_base,json_abreviado,ninguna,9975,0,9975,34005,34347
tickets,250,3,r50k_base,json_abreviado,ninguna,12429,0,12429,34005,34347
tickets,250,3,o200k_base,general_fromschema,sin_ejemplo,6749,346,7095,22754,23096
tickets,250,3,cl100k_base,general_fromschema,sin_ejemplo,7401,374,7775,22754,23096
tickets,250,3,r50k_base,general_fromschema,sin_ejemplo,9191,482,9675,22754,23096
tickets,250,3,o200k_base,general_fromschema,con_ejemplo,6749,410,7160,22754,23096
tickets,250,3,cl100k_base,general_fromschema,con_ejemplo,7401,446,7848,22754,23096
tickets,250,3,r50k_base,general_fromschema,con_ejemplo,9191,572,9765,22754,23096
tickets,250,3,o200k_base,general_dominio,sin_ejemplo,6771,600,7371,22781,23123
tickets,250,3,cl100k_base,general_dominio,sin_ejemplo,7421,645,8066,22781,23123
tickets,250,3,r50k_base,general_dominio,sin_ejemplo,9214,826,10041,22781,23123
tickets,250,3,o200k_base,general_dominio,con_ejemplo,6771,693,7464,22781,23123
tickets,250,3,cl100k_base,general_dominio,con_ejemplo,7421,743,8164,22781,23123
tickets,250,3,r50k_base,general_dominio,con_ejemplo,9214,945,10160,22781,23123
tickets,250,3,o200k_base,especializado,compacta_sin_ejemplo,6075,159,6234,20251,20593
tickets,250,3,cl100k_base,especializado,compacta_sin_ejemplo,6629,171,6800,20251,20593
tickets,250,3,r50k_base,especializado,compacta_sin_ejemplo,8266,217,8485,20251,20593
tickets,250,3,o200k_base,especializado,compacta_con_ejemplo,6075,220,6296,20251,20593
tickets,250,3,cl100k_base,especializado,compacta_con_ejemplo,6629,240,6870,20251,20593
tickets,250,3,r50k_base,especializado,compacta_con_ejemplo,8266,302,8570,20251,20593
tickets,250,3,o200k_base,especializado,spec_block_sin_ejemplo,6075,396,6471,20251,20593
tickets,250,3,cl100k_base,especializado,spec_block_sin_ejemplo,6629,425,7054,20251,20593
tickets,250,3,r50k_base,especializado,spec_block_sin_ejemplo,8266,546,8814,20251,20593
tickets,250,3,o200k_base,especializado,spec_block_con_ejemplo,6075,457,6533,20251,20593
tickets,250,3,cl100k_base,especializado,spec_block_con_ejemplo,6629,494,7124,20251,20593
tickets,250,3,r50k_base,especializado,spec_block_con_ejemplo,8266,631,8899,20251,20593
tickets,250,4,o200k_base,json_compacto,ninguna,10154,0,10154,37052,37404
tickets,250,4,cl100k_base,json_compacto,ninguna,10642,0,10642,37052,37404
tickets,250,4,r50k_base,json_compacto,ninguna,13288,0,13288,37052,37404
tickets,250,4,o200k_base,json_compacto,schema_sin_ejemplo,10154,161,10315,37052,37404
tickets,250,4,cl100k_base,json_compacto,schema_sin_ejemplo,10642,161,10804,37052,37404
tickets,250,4,r50k_base,json_compacto,schema_sin_ejemplo,13288,193,13483,37052,37404
tickets,250,4,o200k_base,json_compacto,schema_con_ejemplo,10154,252,10406,37052,37404
tickets,250,4,cl100k_base,json_compacto,schema_con_ejemplo,10642,258,10900,37052,37404
tickets,250,4,r50k_base,json_compacto,schema_con_ejemplo,13288,317,13607,37052,37404
tickets,250,4,o200k_base,json_legible,ninguna,14742,0,14742,49560,49912
tickets,250,4,cl100k_base,json_legible,ninguna,15397,0,15397,49560,49912
tickets,250,4,r50k_base,json_legible,ninguna,25130,0,25130,49560,49912
tickets,250,4,o200k_base,json_abreviado,ninguna,9485,0,9485,34047,34399
tickets,250,4,cl100k_base,json_abreviado,ninguna,9973,0,9973,34047,34399
tickets,250,4,r50k_base,json_abreviado,ninguna,12369,0,12369,34047,34399
tickets,250,4,o200k_base,general_fromschema,sin_ejemplo,6738,346,7084,22797,23149
tickets,250,4,cl100k_base,general_fromschema,sin_ejemplo,7393,374,7767,22797,23149
tickets,250,4,r50k_base,general_fromschema,sin_ejemplo,9122,482,9606,22797,23149
tickets,250,4,o200k_base,general_fromschema,con_ejemplo,6738,410,7149,22797,23149
tickets,250,4,cl100k_base,general_fromschema,con_ejemplo,7393,446,7840,22797,23149
tickets,250,4,r50k_base,general_fromschema,con_ejemplo,9122,572,9696,22797,23149
tickets,250,4,o200k_base,general_dominio,sin_ejemplo,6760,600,7360,22824,23176
tickets,250,4,cl100k_base,general_dominio,sin_ejemplo,7413,645,8058,22824,23176
tickets,250,4,r50k_base,general_dominio,sin_ejemplo,9145,826,9972,22824,23176
tickets,250,4,o200k_base,general_dominio,con_ejemplo,6760,693,7453,22824,23176
tickets,250,4,cl100k_base,general_dominio,con_ejemplo,7413,743,8156,22824,23176
tickets,250,4,r50k_base,general_dominio,con_ejemplo,9145,945,10091,22824,23176
tickets,250,4,o200k_base,especializado,compacta_sin_ejemplo,6070,159,6229,20293,20645
tickets,250,4,cl100k_base,especializado,compacta_sin_ejemplo,6627,171,6798,20293,20645
tickets,250,4,r50k_base,especializado,compacta_sin_ejemplo,8204,217,8423,20293,20645
tickets,250,4,o200k_base,especializado,compacta_con_ejemplo,6070,220,6291,20293,20645
tickets,250,4,cl100k_base,especializado,compacta_con_ejemplo,6627,240,6868,20293,20645
tickets,250,4,r50k_base,especializado,compacta_con_ejemplo,8204,302,8508,20293,20645
tickets,250,4,o200k_base,especializado,spec_block_sin_ejemplo,6070,396,6466,20293,20645
tickets,250,4,cl100k_base,especializado,spec_block_sin_ejemplo,6627,425,7052,20293,20645
tickets,250,4,r50k_base,especializado,spec_block_sin_ejemplo,8204,546,8752,20293,20645
tickets,250,4,o200k_base,especializado,spec_block_con_ejemplo,6070,457,6528,20293,20645
tickets,250,4,cl100k_base,especializado,spec_block_con_ejemplo,6627,494,7122,20293,20645
tickets,250,4,r50k_base,especializado,spec_block_con_ejemplo,8204,631,8837,20293,20645
eventos,1,0,o200k_base,json_compacto,ninguna,71,0,71,210,210
eventos,1,0,cl100k_base,json_compacto,ninguna,71,0,71,210,210
eventos,1,0,r50k_base,json_compacto,ninguna,83,0,83,210,210
eventos,1,0,o200k_base,json_compacto,schema_sin_ejemplo,71,327,398,210,210
eventos,1,0,cl100k_base,json_compacto,schema_sin_ejemplo,71,332,404,210,210
eventos,1,0,r50k_base,json_compacto,schema_sin_ejemplo,83,406,491,210,210
eventos,1,0,o200k_base,json_compacto,schema_con_ejemplo,71,464,535,210,210
eventos,1,0,cl100k_base,json_compacto,schema_con_ejemplo,71,475,546,210,210
eventos,1,0,r50k_base,json_compacto,schema_con_ejemplo,83,587,672,210,210
eventos,1,0,o200k_base,json_legible,ninguna,105,0,105,300,300
eventos,1,0,cl100k_base,json_legible,ninguna,106,0,106,300,300
eventos,1,0,r50k_base,json_legible,ninguna,170,0,170,300,300
eventos,1,0,o200k_base,json_abreviado,ninguna,55,0,55,148,148
eventos,1,0,cl100k_base,json_abreviado,ninguna,54,0,54,148,148
eventos,1,0,r50k_base,json_abreviado,ninguna,61,0,61,148,148
eventos,1,0,o200k_base,general_fromschema,sin_ejemplo,44,497,541,95,95
eventos,1,0,cl100k_base,general_fromschema,sin_ejemplo,45,530,575,95,95
eventos,1,0,r50k_base,general_fromschema,sin_ejemplo,48,680,730,95,95
eventos,1,0,o200k_base,general_fromschema,con_ejemplo,44,582,627,95,95
eventos,1,0,cl100k_base,general_fromschema,con_ejemplo,45,621,667,95,95
eventos,1,0,r50k_base,general_fromschema,con_ejemplo,48,791,841,95,95
eventos,1,0,o200k_base,general_dominio,sin_ejemplo,63,693,756,122,122
eventos,1,0,cl100k_base,general_dominio,sin_ejemplo,62,737,799,122,122
eventos,1,0,r50k_base,general_dominio,sin_ejemplo,68,939,1008,122,122
eventos,1,0,o200k_base,general_dominio,con_ejemplo,63,804,867,122,122
eventos,1,0,cl100k_base,general_dominio,con_ejemplo,62,851,913,122,122
eventos,1,0,r50k_base,general_dominio,con_ejemplo,68,1076,1145,122,122
eventos,1,0,o200k_base,especializado,compacta_sin_ejemplo,30,313,343,44,44
eventos,1,0,cl100k_base,especializado,compacta_sin_ejemplo,29,331,360,44,44
eventos,1,0,r50k_base,especializado,compacta_sin_ejemplo,30,420,452,44,44
eventos,1,0,o200k_base,especializado,compacta_con_ejemplo,30,363,394,44,44
eventos,1,0,cl100k_base,especializado,compacta_con_ejemplo,29,377,407,44,44
eventos,1,0,r50k_base,especializado,compacta_con_ejemplo,30,477,509,44,44
eventos,1,0,o200k_base,especializado,spec_block_sin_ejemplo,30,624,654,44,44
eventos,1,0,cl100k_base,especializado,spec_block_sin_ejemplo,29,656,685,44,44
eventos,1,0,r50k_base,especializado,spec_block_sin_ejemplo,30,831,863,44,44
eventos,1,0,o200k_base,especializado,spec_block_con_ejemplo,30,674,705,44,44
eventos,1,0,cl100k_base,especializado,spec_block_con_ejemplo,29,702,732,44,44
eventos,1,0,r50k_base,especializado,spec_block_con_ejemplo,30,888,920,44,44
eventos,1,1,o200k_base,json_compacto,ninguna,74,0,74,215,215
eventos,1,1,cl100k_base,json_compacto,ninguna,74,0,74,215,215
eventos,1,1,r50k_base,json_compacto,ninguna,90,0,90,215,215
eventos,1,1,o200k_base,json_compacto,schema_sin_ejemplo,74,327,401,215,215
eventos,1,1,cl100k_base,json_compacto,schema_sin_ejemplo,74,332,407,215,215
eventos,1,1,r50k_base,json_compacto,schema_sin_ejemplo,90,406,498,215,215
eventos,1,1,o200k_base,json_compacto,schema_con_ejemplo,74,464,538,215,215
eventos,1,1,cl100k_base,json_compacto,schema_con_ejemplo,74,475,549,215,215
eventos,1,1,r50k_base,json_compacto,schema_con_ejemplo,90,587,679,215,215
eventos,1,1,o200k_base,json_legible,ninguna,108,0,108,305,305
eventos,1,1,cl100k_base,json_legible,ninguna,109,0,109,305,305
eventos,1,1,r50k_base,json_legible,ninguna,177,0,177,305,305
eventos,1,1,o200k_base,json_abreviado,ninguna,55,0,55,146,146
eventos,1,1,cl100k_base,json_abreviado,ninguna,54,0,54,146,146
eventos,1,1,r50k_base,json_abreviado,ninguna,61,0,61,146,146
eventos,1,1,o200k_base,general_fromschema,sin_ejemplo,47,497,544,100,100
eventos,1,1,cl100k_base,general_fromschema,sin_ejemplo,48,530,578,100,100
eventos,1,1,r50k_base,general_fromschema,sin_ejemplo,55,680,737,100,100
eventos,1,1,o200k_base,general_fromschema,con_ejemplo,47,582,630,100,100
eventos,1,1,cl100k_base,general_fromschema,con_ejemplo,48,621,670,100,100
eventos,1,1,r50k_base,general_fromschema,con_ejemplo,55,791,848,100,100
eventos,1,1,o200k_base,general_dominio,sin_ejemplo,66,693,759,127,127
eventos,1,1,cl100k_base,general_dominio,sin_ejemplo,65,737,802,127,127
eventos,1,1,r50k_base,general_dominio,sin_ejemplo,75,939,1015,127,127
eventos,1,1,o200k_base,general_dominio,con_ejemplo,66,804,870,127,127
eventos,1,1,cl100k_base,general_dominio,con_ejemplo,65,851,916,127,127
eventos,1,1,r50k_base,general_dominio,con_ejemplo,75,1076,1152,127,127
eventos,1,1,o200k_base,especializado,compacta_sin_ejemplo,30,313,343,42,42
eventos,1,1,cl100k_base,especializado,compacta_sin_ejemplo,30,331,361,42,42
eventos,1,1,r50k_base,especializado,compacta_sin_ejemplo,30,420,452,42,42
eventos,1,1,o200k_base,especializado,compacta_con_ejemplo,30,363,394,42,42
eventos,1,1,cl100k_base,especializado,compacta_con_ejemplo,30,377,408,42,42
eventos,1,1,r50k_base,especializado,compacta_con_ejemplo,30,477,509,42,42
eventos,1,1,o200k_base,especializado,spec_block_sin_ejemplo,30,624,654,42,42
eventos,1,1,cl100k_base,especializado,spec_block_sin_ejemplo,30,656,686,42,42
eventos,1,1,r50k_base,especializado,spec_block_sin_ejemplo,30,831,863,42,42
eventos,1,1,o200k_base,especializado,spec_block_con_ejemplo,30,674,705,42,42
eventos,1,1,cl100k_base,especializado,spec_block_con_ejemplo,30,702,733,42,42
eventos,1,1,r50k_base,especializado,spec_block_con_ejemplo,30,888,920,42,42
eventos,1,2,o200k_base,json_compacto,ninguna,73,0,73,216,216
eventos,1,2,cl100k_base,json_compacto,ninguna,73,0,73,216,216
eventos,1,2,r50k_base,json_compacto,ninguna,87,0,87,216,216
eventos,1,2,o200k_base,json_compacto,schema_sin_ejemplo,73,327,400,216,216
eventos,1,2,cl100k_base,json_compacto,schema_sin_ejemplo,73,332,406,216,216
eventos,1,2,r50k_base,json_compacto,schema_sin_ejemplo,87,406,495,216,216
eventos,1,2,o200k_base,json_compacto,schema_con_ejemplo,73,464,537,216,216
eventos,1,2,cl100k_base,json_compacto,schema_con_ejemplo,73,475,548,216,216
eventos,1,2,r50k_base,json_compacto,schema_con_ejemplo,87,587,676,216,216
eventos,1,2,o200k_base,json_legible,ninguna,107,0,107,306,306
eventos,1,2,cl100k_base,json_legible,ninguna,108,0,108,306,306
eventos,1,2,r50k_base,json_legible,ninguna,174,0,174,306,306
eventos,1,2,o200k_base,json_abreviado,ninguna,55,0,55,146,146
eventos,1,2,cl100k_base,json_abreviado,ninguna,54,0,54,146,146
eventos,1,2,r50k_base,json_abreviado,ninguna,61,0,61,146,146
eventos,1,2,o200k_base,general_fromschema,sin_ejemplo,46,497,543,101,101
eventos,1,2,cl100k_base,general_fromschema,sin_ejemplo,47,530,577,101,101
eventos,1,2,r50k_base,general_fromschema,sin_ejemplo,52,680,734,101,101
eventos,1,2,o200k_base,general_fromschema,con_ejemplo,46,582,629,101,101
eventos,1,2,cl100k_base,general_fromschema,con_ejemplo,47,621,669,101,101
eventos,1,2,r50k_base,general_fromschema,con_ejemplo,52,791,845,101,101
eventos,1,2,o200k_base,general_dominio,sin_ejemplo,65,693,758,128,128
eventos,1,2,cl100k_base,general_dominio,sin_ejemplo,64,737,801,128,128
eventos,1,2,r50k_base,general_dominio,sin_ejemplo,72,939,1012,128,128
eventos,1,2,o200k_base,general_dominio,con_ejemplo,65,804,869,128,128
eventos,1,2,cl100k_base,general_dominio,con_ejemplo,64,851,915,128,128
eventos,1,2,r50k_base,general_dominio,con_ejemplo,72,1076,1149,128,128
eventos,1,2,o200k_base,especializado,compacta_sin_ejemplo,30,313,343,42,42
eventos,1,2,cl100k_base,especializado,compacta_sin_ejemplo,29,331,360,42,42
eventos,1,2,r50k_base,especializado,compacta_sin_ejemplo,30,420,452,42,42
eventos,1,2,o200k_base,especializado,compacta_con_ejemplo,30,363,394,42,42
eventos,1,2,cl100k_base,especializado,compacta_con_ejemplo,29,377,407,42,42
eventos,1,2,r50k_base,especializado,compacta_con_ejemplo,30,477,509,42,42
eventos,1,2,o200k_base,especializado,spec_block_sin_ejemplo,30,624,654,42,42
eventos,1,2,cl100k_base,especializado,spec_block_sin_ejemplo,29,656,685,42,42
eventos,1,2,r50k_base,especializado,spec_block_sin_ejemplo,30,831,863,42,42
eventos,1,2,o200k_base,especializado,spec_block_con_ejemplo,30,674,705,42,42
eventos,1,2,cl100k_base,especializado,spec_block_con_ejemplo,29,702,732,42,42
eventos,1,2,r50k_base,especializado,spec_block_con_ejemplo,30,888,920,42,42
eventos,1,3,o200k_base,json_compacto,ninguna,73,0,73,209,209
eventos,1,3,cl100k_base,json_compacto,ninguna,72,0,72,209,209
eventos,1,3,r50k_base,json_compacto,ninguna,87,0,87,209,209
eventos,1,3,o200k_base,json_compacto,schema_sin_ejemplo,73,327,400,209,209
eventos,1,3,cl100k_base,json_compacto,schema_sin_ejemplo,72,332,405,209,209
eventos,1,3,r50k_base,json_compacto,schema_sin_ejemplo,87,406,495,209,209
eventos,1,3,o200k_base,json_compacto,schema_con_ejemplo,73,464,537,209,209
eventos,1,3,cl100k_base,json_compacto,schema_con_ejemplo,72,475,547,209,209
eventos,1,3,r50k_base,json_compacto,schema_con_ejemplo,87,587,676,209,209
eventos,1,3,o200k_base,json_legible,ninguna,107,0,107,299,299
eventos,1,3,cl100k_base,json_legible,ninguna,107,0,107,299,299
eventos,1,3,r50k_base,json_legible,ninguna,174,0,174,299,299
eventos,1,3,o200k_base,json_abreviado,ninguna,55,0,55,144,144
eventos,1,3,cl100k_base,json_abreviado,ninguna,54,0,54,144,144
eventos,1,3,r50k_base,json_abreviado,ninguna,61,0,61,144,144
eventos,1,3,o200k_base,general_fromschema,sin_ejemplo,46,497,543,94,94
eventos,1,3,cl100k_base,general_fromschema,sin_ejemplo,46,530,576,94,94
eventos,1,3,r50k_base,general_fromschema,sin_ejemplo,52,680,734,94,94
eventos,1,3,o200k_base,general_fromschema,con_ejemplo,46,582,629,94,94
eventos,1,3,cl100k_base,general_fromschema,con_ejemplo,46,621,668,94,94
eventos,1,3,r50k_base,general_fromschema,con_ejemplo,52,791,845,94,94
eventos,1,3,o200k_base,general_dominio,sin_ejemplo,65,693,758,121,121
eventos,1,3,cl100k_base,general_dominio,sin_ejemplo,63,737,800,121,121
eventos,1,3,r50k_base,general_dominio,sin_ejemplo,72,939,1012,121,121
eventos,1,3,o200k_base,general_dominio,con_ejemplo,65,804,869,121,121
eventos,1,3,cl100k_base,general_dominio,con_ejemplo,63,851,914,121,121
eventos,1,3,r50k_base,general_dominio,con_ejemplo,72,1076,1149,121,121
eventos,1,3,o200k_base,especializado,compacta_sin_ejemplo,30,313,343,40,40
eventos,1,3,cl100k_base,especializado,compacta_sin_ejemplo,30,331,361,40,40
eventos,1,3,r50k_base,especializado,compacta_sin_ejemplo,30,420,452,40,40
eventos,1,3,o200k_base,especializado,compacta_con_ejemplo,30,363,394,40,40
eventos,1,3,cl100k_base,especializado,compacta_con_ejemplo,30,377,408,40,40
eventos,1,3,r50k_base,especializado,compacta_con_ejemplo,30,477,509,40,40
eventos,1,3,o200k_base,especializado,spec_block_sin_ejemplo,30,624,654,40,40
eventos,1,3,cl100k_base,especializado,spec_block_sin_ejemplo,30,656,686,40,40
eventos,1,3,r50k_base,especializado,spec_block_sin_ejemplo,30,831,863,40,40
eventos,1,3,o200k_base,especializado,spec_block_con_ejemplo,30,674,705,40,40
eventos,1,3,cl100k_base,especializado,spec_block_con_ejemplo,30,702,733,40,40
eventos,1,3,r50k_base,especializado,spec_block_con_ejemplo,30,888,920,40,40
eventos,1,4,o200k_base,json_compacto,ninguna,72,0,72,211,211
eventos,1,4,cl100k_base,json_compacto,ninguna,73,0,73,211,211
eventos,1,4,r50k_base,json_compacto,ninguna,85,0,85,211,211
eventos,1,4,o200k_base,json_compacto,schema_sin_ejemplo,72,327,399,211,211
eventos,1,4,cl100k_base,json_compacto,schema_sin_ejemplo,73,332,406,211,211
eventos,1,4,r50k_base,json_compacto,schema_sin_ejemplo,85,406,493,211,211
eventos,1,4,o200k_base,json_compacto,schema_con_ejemplo,72,464,536,211,211
eventos,1,4,cl100k_base,json_compacto,schema_con_ejemplo,73,475,548,211,211
eventos,1,4,r50k_base,json_compacto,schema_con_ejemplo,85,587,674,211,211
eventos,1,4,o200k_base,json_legible,ninguna,106,0,106,301,301
eventos,1,4,cl100k_base,json_legible,ninguna,108,0,108,301,301
eventos,1,4,r50k_base,json_legible,ninguna,172,0,172,301,301
eventos,1,4,o200k_base,json_abreviado,ninguna,55,0,55,148,148
eventos,1,4,cl100k_base,json_abreviado,ninguna,54,0,54,148,148
eventos,1,4,r50k_base,json_abreviado,ninguna,61,0,61,148,148
eventos,1,4,o200k_base,general_fromschema,sin_ejemplo,45,497,542,96,96
eventos,1,4,cl100k_base,general_fromschema,sin_ejemplo,47,530,577,96,96
eventos,1,4,r50k_base,general_fromschema,sin_ejemplo,50,680,732,96,96
eventos,1,4,o200k_base,general_fromschema,con_ejemplo,45,582,628,96,96
eventos,1,4,cl100k_base,general_fromschema,con_ejemplo,47,621,669,96,96
eventos,1,4,r50k_base,general_fromschema,con_ejemplo,50,791,843,96,96
eventos,1,4,o200k_base,general_dominio,sin_ejemplo,64,693,757,123,123
eventos,1,4,cl100k_base,general_dominio,sin_ejemplo,64,737,801,123,123
eventos,1,4,r50k_base,general_dominio,sin_ejemplo,70,939,1010,123,123
eventos,1,4,o200k_base,general_dominio,con_ejemplo,64,804,868,123,123
eventos,1,4,cl100k_base,general_dominio,con_ejemplo,64,851,915,123,123
eventos,1,4,r50k_base,general_dominio,con_ejemplo,70,1076,1147,123,123
eventos,1,4,o200k_base,especializado,compacta_sin_ejemplo,30,313,343,44,44
eventos,1,4,cl100k_base,especializado,compacta_sin_ejemplo,28,331,359,44,44
eventos,1,4,r50k_base,especializado,compacta_sin_ejemplo,30,420,452,44,44
eventos,1,4,o200k_base,especializado,compacta_con_ejemplo,30,363,394,44,44
eventos,1,4,cl100k_base,especializado,compacta_con_ejemplo,28,377,406,44,44
eventos,1,4,r50k_base,especializado,compacta_con_ejemplo,30,477,509,44,44
eventos,1,4,o200k_base,especializado,spec_block_sin_ejemplo,30,624,654,44,44
eventos,1,4,cl100k_base,especializado,spec_block_sin_ejemplo,28,656,684,44,44
eventos,1,4,r50k_base,especializado,spec_block_sin_ejemplo,30,831,863,44,44
eventos,1,4,o200k_base,especializado,spec_block_con_ejemplo,30,674,705,44,44
eventos,1,4,cl100k_base,especializado,spec_block_con_ejemplo,28,702,731,44,44
eventos,1,4,r50k_base,especializado,spec_block_con_ejemplo,30,888,920,44,44
eventos,5,0,o200k_base,json_compacto,ninguna,326,0,326,992,992
eventos,5,0,cl100k_base,json_compacto,ninguna,334,0,334,992,992
eventos,5,0,r50k_base,json_compacto,ninguna,400,0,400,992,992
eventos,5,0,o200k_base,json_compacto,schema_sin_ejemplo,326,327,653,992,992
eventos,5,0,cl100k_base,json_compacto,schema_sin_ejemplo,334,332,667,992,992
eventos,5,0,r50k_base,json_compacto,schema_sin_ejemplo,400,406,808,992,992
eventos,5,0,o200k_base,json_compacto,schema_con_ejemplo,326,464,790,992,992
eventos,5,0,cl100k_base,json_compacto,schema_con_ejemplo,334,475,809,992,992
eventos,5,0,r50k_base,json_compacto,schema_con_ejemplo,400,587,989,992,992
eventos,5,0,o200k_base,json_legible,ninguna,480,0,480,1410,1410
eventos,5,0,cl100k_base,json_legible,ninguna,489,0,489,1410,1410
eventos,5,0,r50k_base,json_legible,ninguna,803,0,803,1410,1410
eventos,5,0,o200k_base,json_abreviado,ninguna,215,0,215,621,621
eventos,5,0,cl100k_base,json_abreviado,ninguna,214,0,214,621,621
eventos,5,0,r50k_base,json_abreviado,ninguna,249,0,249,621,621
eventos,5,0,o200k_base,general_fromschema,sin_ejemplo,195,497,692,445,445
eventos,5,0,cl100k_base,general_fromschema,sin_ejemplo,203,530,733,445,445
eventos,5,0,r50k_base,general_fromschema,sin_ejemplo,225,680,907,445,445
eventos,5,0,o200k_base,general_fromschema,con_ejemplo,195,582,778,445,445
eventos,5,0,cl100k_base,general_fromschema,con_ejemplo,203,621,825,445,445
eventos,5,0,r50k_base,general_fromschema,con_ejemplo,225,791,1018,445,445
eventos,5,0,o200k_base,general_dominio,sin_ejemplo,178,693,871,384,384
eventos,5,0,cl100k_base,general_dominio,sin_ejemplo,183,737,920,384,384
eventos,5,0,r50k_base,general_dominio,sin_ejemplo,207,939,1147,384,384
eventos,5,0,o200k_base,general_dominio,con_ejemplo,178,804,982,384,384
eventos,5,0,cl100k_base,general_dominio,con_ejemplo,183,851,1034,384,384
eventos,5,0,r50k_base,general_dominio,con_ejemplo,207,1076,1284,384,384
eventos,5,0,o200k_base,especializado,compacta_sin_ejemplo,94,313,407,141,141
eventos,5,0,cl100k_base,especializado,compacta_sin_ejemplo,85,331,416,141,141
eventos,5,0,r50k_base,especializado,compacta_sin_ejemplo,94,420,516,141,141
eventos,5,0,o200k_base,especializado,compacta_con_ejemplo,94,363,458,141,141
eventos,5,0,cl100k_base,especializado,compacta_con_ejemplo,85,377,463,141,141
eventos,5,0,r50k_base,especializado,compacta_con_ejemplo,94,477,573,141,141
eventos,5,0,o200k_base,especializado,spec_block_sin_ejemplo,94,624,718,141,141
eventos,5,0,cl100k_base,especializado,spec_block_sin_ejemplo,85,656,741,141,141
eventos,5,0,r50k_base,especializado,spec_block_sin_ejemplo,94,831,927,141,141
eventos,5,0,o200k_base,especializado,spec_block_con_ejemplo,94,674,769,141,141
eventos,5,0,cl100k_base,especializado,spec_block_con_ejemplo,85,702,788,141,141
eventos,5,0,r50k_base,especializado,spec_block_con_ejemplo,94,888,984,141,141
eventos,5,1,o200k_base,json_compacto,ninguna,335,0,335,1014,1014
eventos,5,1,cl100k_base,json_compacto,ninguna,343,0,343,1014,1014
eventos,5,1,r50k_base,json_compacto,ninguna,421,0,421,1014,1014
eventos,5,1,o200k_base,json_compacto,schema_sin_ejemplo,335,327,662,1014,1014
eventos,5,1,cl100k_base,json_compacto,schema_sin_ejemplo,343,332,676,1014,1014
eventos,5,1,r50k_base,json_compacto,schema_sin_ejemplo,421,406,829,1014,1014
eventos,5,1,o200k_base,json_compacto,schema_con_ejemplo,335,464,799,1014,1014
eventos,5,1,cl100k_base,json_compacto,schema_con_ejemplo,343,475,818,1014,1014
eventos,5,1,r50k_base,json_compacto,schema_con_ejemplo,421,587,1010,1014,1014
eventos,5,1,o200k_base,json_legible,ninguna,489,0,489,1432,1432
eventos,5,1,cl100k_base,json_legible,ninguna,498,0,498,1432,1432
eventos,5,1,r50k_base,json_legible,ninguna,824,0,824,1432,1432
eventos,5,1,o200k_base,json_abreviado,ninguna,215,0,215,614,614
eventos,5,1,cl100k_base,json_abreviado,ninguna,214,0,214,614,614
eventos,5,1,r50k_base,json_abreviado,ninguna,250,0,250,614,614
eventos,5,1,o200k_base,general_fromschema,sin_ejemplo,202,497,699,465,465
eventos,5,1,cl100k_base,general_fromschema,sin_ejemplo,209,530,739,465,465
eventos,5,1,r50k_base,general_fromschema,sin_ejemplo,244,680,926,465,465
eventos,5,1,o200k_base,general_fromschema,con_ejemplo,202,582,785,465,465
eventos,5,1,cl100k_base,general_fromschema,con_ejemplo,209,621,831,465,465
eventos,5,1,r50k_base,general_fromschema,con_ejemplo,244,791,1037,465,465
eventos,5,1,o200k_base,general_dominio,sin_ejemplo,200,693,893,460,460
eventos,5,1,cl100k_base,general_dominio,sin_ejemplo,204,737,941,460,460
eventos,5,1,r50k_base,general_dominio,sin_ejemplo,245,939,1185,460,460
eventos,5,1,o200k_base,general_dominio,con_ejemplo,200,804,1004,460,460
eventos,5,1,cl100k_base,general_dominio,con_ejemplo,204,851,1055,460,460
eventos,5,1,r50k_base,general_dominio,con_ejemplo,245,1076,1322,460,460
eventos,5,1,o200k_base,especializado,compacta_sin_ejemplo,94,313,407,134,134
eventos,5,1,cl100k_base,especializado,compacta_sin_ejemplo,85,331,416,134,134
eventos,5,1,r50k_base,especializado,compacta_sin_ejemplo,95,420,517,134,134
eventos,5,1,o200k_base,especializado,compacta_con_ejemplo,94,363,458,134,134
eventos,5,1,cl100k_base,especializado,compacta_con_ejemplo,85,377,463,134,134
eventos,5,1,r50k_base,especializado,compacta_con_ejemplo,95,477,574,134,134
eventos,5,1,o200k_base,especializado,spec_block_sin_ejemplo,94,624,718,134,134
eventos,5,1,cl100k_base,especializado,spec_block_sin_ejemplo,85,656,741,134,134
eventos,5,1,r50k_base,especializado,spec_block_sin_ejemplo,95,831,928,134,134
eventos,5,1,o200k_base,especializado,spec_block_con_ejemplo,94,674,769,134,134
eventos,5,1,cl100k_base,especializado,spec_block_con_ejemplo,85,702,788,134,134
eventos,5,1,r50k_base,especializado,spec_block_con_ejemplo,95,888,985,134,134
eventos,5,2,o200k_base,json_compacto,ninguna,336,0,336,1008,1008
eventos,5,2,cl100k_base,json_compacto,ninguna,340,0,340,1008,1008
eventos,5,2,r50k_base,json_compacto,ninguna,416,0,416,1008,1008
eventos,5,2,o200k_base,json_compacto,schema_sin_ejemplo,336,327,663,1008,1008
eventos,5,2,cl100k_base,json_compacto,schema_sin_ejemplo,340,332,673,1008,1008
eventos,5,2,r50k_base,json_compacto,schema_sin_ejemplo,416,406,824,1008,1008
eventos,5,2,o200k_base,json_compacto,schema_con_ejemplo,336,464,800,1008,1008
eventos,5,2,cl100k_base,json_compacto,schema_con_ejemplo,340,475,815,1008,1008
eventos,5,2,r50k_base,json_compacto,schema_con_ejemplo,416,587,1005,1008,1008
eventos,5,2,o200k_base,json_legible,ninguna,490,0,490,1426,1426
eventos,5,2,cl100k_base,json_legible,ninguna,495,0,495,1426,1426
eventos,5,2,r50k_base,json_legible,ninguna,819,0,819,1426,1426
eventos,5,2,o200k_base,json_abreviado,ninguna,216,0,216,616,616
eventos,5,2,cl100k_base,json_abreviado,ninguna,215,0,215,616,616
eventos,5,2,r50k_base,json_abreviado,ninguna,250,0,250,616,616
eventos,5,2,o200k_base,general_fromschema,sin_ejemplo,205,497,702,461,461
eventos,5,2,cl100k_base,general_fromschema,sin_ejemplo,210,530,740,461,461
eventos,5,2,r50k_base,general_fromschema,sin_ejemplo,241,680,923,461,461
eventos,5,2,o200k_base,general_fromschema,con_ejemplo,205,582,788,461,461
eventos,5,2,cl100k_base,general_fromschema,con_ejemplo,210,621,832,461,461
eventos,5,2,r50k_base,general_fromschema,con_ejemplo,241,791,1034,461,461
eventos,5,2,o200k_base,general_dominio,sin_ejemplo,201,693,894,454,454
eventos,5,2,cl100k_base,general_dominio,sin_ejemplo,203,737,940,454,454
eventos,5,2,r50k_base,general_dominio,sin_ejemplo,240,939,1180,454,454
eventos,5,2,o200k_base,general_dominio,con_ejemplo,201,804,1005,454,454
eventos,5,2,cl100k_base,general_dominio,con_ejemplo,203,851,1054,454,454
eventos,5,2,r50k_base,general_dominio,con_ejemplo,240,1076,1317,454,454
eventos,5,2,o200k_base,especializado,compacta_sin_ejemplo,95,313,408,136,136
eventos,5,2,cl100k_base,especializado,compacta_sin_ejemplo,92,331,423,136,136
eventos,5,2,r50k_base,especializado,compacta_sin_ejemplo,95,420,517,136,136
eventos,5,2,o200k_base,especializado,compacta_con_ejemplo,95,363,459,136,136
eventos,5,2,cl100k_base,especializado,compacta_con_ejemplo,92,377,470,136,136
eventos,5,2,r50k_base,especializado,compacta_con_ejemplo,95,477,574,136,136
eventos,5,2,o200k_base,especializado,spec_block_sin_ejemplo,95,624,719,136,136
eventos,5,2,cl100k_base,especializado,spec_block_sin_ejemplo,92,656,748,136,136
eventos,5,2,r50k_base,especializado,spec_block_sin_ejemplo,95,831,928,136,136
eventos,5,2,o200k_base,especializado,spec_block_con_ejemplo,95,674,770,136,136
eventos,5,2,cl100k_base,especializado,spec_block_con_ejemplo,92,702,795,136,136
eventos,5,2,r50k_base,especializado,spec_block_con_ejemplo,95,888,985,136,136
eventos,5,3,o200k_base,json_compacto,ninguna,337,0,337,1013,1013
eventos,5,3,cl100k_base,json_compacto,ninguna,342,0,342,1013,1013
eventos,5,3,r50k_base,json_compacto,ninguna,418,0,418,1013,1013
eventos,5,3,o200k_base,json_compacto,schema_sin_ejemplo,337,327,664,1013,1013
eventos,5,3,cl100k_base,json_compacto,schema_sin_ejemplo,342,332,675,1013,1013
eventos,5,3,r50k_base,json_compacto,schema_sin_ejemplo,418,406,826,1013,1013
eventos,5,3,o200k_base,json_compacto,schema_con_ejemplo,337,464,801,1013,1013
eventos,5,3,cl100k_base,json_compacto,schema_con_ejemplo,342,475,817,1013,1013
eventos,5,3,r50k_base,json_compacto,schema_con_ejemplo,418,587,1007,1013,1013
eventos,5,3,o200k_base,json_legible,ninguna,491,0,491,1431,1431
eventos,5,3,cl100k_base,json_legible,ninguna,497,0,497,1431,1431
eventos,5,3,r50k_base,json_legible,ninguna,821,0,821,1431,1431
eventos,5,3,o200k_base,json_abreviado,ninguna,216,0,216,612,612
eventos,5,3,cl100k_base,json_abreviado,ninguna,215,0,215,612,612
eventos,5,3,r50k_base,json_abreviado,ninguna,250,0,250,612,612
eventos,5,3,o200k_base,general_fromschema,sin_ejemplo,206,497,703,466,466
eventos,5,3,cl100k_base,general_fromschema,sin_ejemplo,212,530,742,466,466
eventos,5,3,r50k_base,general_fromschema,sin_ejemplo,243,680,925,466,466
eventos,5,3,o200k_base,general_fromschema,con_ejemplo,206,582,789,466,466
eventos,5,3,cl100k_base,general_fromschema,con_ejemplo,212,621,834,466,466
eventos,5,3,r50k_base,general_fromschema,con_ejemplo,243,791,1036,466,466
eventos,5,3,o200k_base,general_dominio,sin_ejemplo,202,693,895,459,459
eventos,5,3,cl100k_base,general_dominio,sin_ejemplo,205,737,942,459,459
eventos,5,3,r50k_base,general_dominio,sin_ejemplo,242,939,1182,459,459
eventos,5,3,o200k_base,general_dominio,con_ejemplo,202,804,1006,459,459
eventos,5,3,cl100k_base,general_dominio,con_ejemplo,205,851,1056,459,459
eventos,5,3,r50k_base,general_dominio,con_ejemplo,242,1076,1319,459,459
eventos,5,3,o200k_base,especializado,compacta_sin_ejemplo,95,313,408,132,132
eventos,5,3,cl100k_base,especializado,compacta_sin_ejemplo,90,331,421,132,132
eventos,5,3,r50k_base,especializado,compacta_sin_ejemplo,95,420,517,132,132
eventos,5,3,o200k_base,especializado,compacta_con_ejemplo,95,363,459,132,132
eventos,5,3,cl100k_base,especializado,compacta_con_ejemplo,90,377,468,132,132
eventos,5,3,r50k_base,especializado,compacta_con_ejemplo,95,477,574,132,132
eventos,5,3,o200k_base,especializado,spec_block_sin_ejemplo,95,624,719,132,132
eventos,5,3,cl100k_base,especializado,spec_block_sin_ejemplo,90,656,746,132,132
eventos,5,3,r50k_base,especializado,spec_block_sin_ejemplo,95,831,928,132,132
eventos,5,3,o200k_base,especializado,spec_block_con_ejemplo,95,674,770,132,132
eventos,5,3,cl100k_base,especializado,spec_block_con_ejemplo,90,702,793,132,132
eventos,5,3,r50k_base,especializado,spec_block_con_ejemplo,95,888,985,132,132
eventos,5,4,o200k_base,json_compacto,ninguna,339,0,339,1020,1020
eventos,5,4,cl100k_base,json_compacto,ninguna,343,0,343,1020,1020
eventos,5,4,r50k_base,json_compacto,ninguna,421,0,421,1020,1020
eventos,5,4,o200k_base,json_compacto,schema_sin_ejemplo,339,327,666,1020,1020
eventos,5,4,cl100k_base,json_compacto,schema_sin_ejemplo,343,332,676,1020,1020
eventos,5,4,r50k_base,json_compacto,schema_sin_ejemplo,421,406,829,1020,1020
eventos,5,4,o200k_base,json_compacto,schema_con_ejemplo,339,464,803,1020,1020
eventos,5,4,cl100k_base,json_compacto,schema_con_ejemplo,343,475,818,1020,1020
eventos,5,4,r50k_base,json_compacto,schema_con_ejemplo,421,587,1010,1020,1020
eventos,5,4,o200k_base,json_legible,ninguna,493,0,493,1438,1438
eventos,5,4,cl100k_base,json_legible,ninguna,498,0,498,1438,1438
eventos,5,4,r50k_base,json_legible,ninguna,824,0,824,1438,1438
eventos,5,4,o200k_base,json_abreviado,ninguna,216,0,216,621,621
eventos,5,4,cl100k_base,json_abreviado,ninguna,215,0,215,621,621
eventos,5,4,r50k_base,json_abreviado,ninguna,250,0,250,621,621
eventos,5,4,o200k_base,general_fromschema,sin_ejemplo,208,497,705,473,473
eventos,5,4,cl100k_base,general_fromschema,sin_ejemplo,213,530,743,473,473
eventos,5,4,r50k_base,general_fromschema,sin_ejemplo,246,680,928,473,473
eventos,5,4,o200k_base,general_fromschema,con_ejemplo,208,582,791,473,473
eventos,5,4,cl100k_base,general_fromschema,con_ejemplo,213,621,835,473,473
eventos,5,4,r50k_base,general_fromschema,con_ejemplo,246,791,1039,473,473
eventos,5,4,o200k_base,general_dominio,sin_ejemplo,204,693,897,466,466
eventos,5,4,cl100k_base,general_dominio,sin_ejemplo,206,737,943,466,466
eventos,5,4,r50k_base,general_dominio,sin_ejemplo,245,939,1185,466,466
eventos,5,4,o200k_base,general_dominio,con_ejemplo,204,804,1008,466,466
eventos,5,4,cl100k_base,general_dominio,con_ejemplo,206,851,1057,466,466
eventos,5,4,r50k_base,general_dominio,con_ejemplo,245,1076,1322,466,466
eventos,5,4,o200k_base,especializado,compacta_sin_ejemplo,95,313,408,141,141
eventos,5,4,cl100k_base,especializado,compacta_sin_ejemplo,92,331,423,141,141
eventos,5,4,r50k_base,especializado,compacta_sin_ejemplo,95,420,517,141,141
eventos,5,4,o200k_base,especializado,compacta_con_ejemplo,95,363,459,141,141
eventos,5,4,cl100k_base,especializado,compacta_con_ejemplo,92,377,470,141,141
eventos,5,4,r50k_base,especializado,compacta_con_ejemplo,95,477,574,141,141
eventos,5,4,o200k_base,especializado,spec_block_sin_ejemplo,95,624,719,141,141
eventos,5,4,cl100k_base,especializado,spec_block_sin_ejemplo,92,656,748,141,141
eventos,5,4,r50k_base,especializado,spec_block_sin_ejemplo,95,831,928,141,141
eventos,5,4,o200k_base,especializado,spec_block_con_ejemplo,95,674,770,141,141
eventos,5,4,cl100k_base,especializado,spec_block_con_ejemplo,92,702,795,141,141
eventos,5,4,r50k_base,especializado,spec_block_con_ejemplo,95,888,985,141,141
eventos,10,0,o200k_base,json_compacto,ninguna,654,0,654,1986,1986
eventos,10,0,cl100k_base,json_compacto,ninguna,667,0,667,1986,1986
eventos,10,0,r50k_base,json_compacto,ninguna,806,0,806,1986,1986
eventos,10,0,o200k_base,json_compacto,schema_sin_ejemplo,654,327,981,1986,1986
eventos,10,0,cl100k_base,json_compacto,schema_sin_ejemplo,667,332,1000,1986,1986
eventos,10,0,r50k_base,json_compacto,schema_sin_ejemplo,806,406,1214,1986,1986
eventos,10,0,o200k_base,json_compacto,schema_con_ejemplo,654,464,1118,1986,1986
eventos,10,0,cl100k_base,json_compacto,schema_con_ejemplo,667,475,1142,1986,1986
eventos,10,0,r50k_base,json_compacto,schema_con_ejemplo,806,587,1395,1986,1986
eventos,10,0,o200k_base,json_legible,ninguna,958,0,958,2814,2814
eventos,10,0,cl100k_base,json_legible,ninguna,972,0,972,2814,2814
eventos,10,0,r50k_base,json_legible,ninguna,1604,0,1604,2814,2814
eventos,10,0,o200k_base,json_abreviado,ninguna,415,0,415,1212,1212
eventos,10,0,cl100k_base,json_abreviado,ninguna,414,0,414,1212,1212
eventos,10,0,r50k_base,json_abreviado,ninguna,484,0,484,1212,1212
eventos,10,0,o200k_base,general_fromschema,sin_ejemplo,391,497,888,898,898
eventos,10,0,cl100k_base,general_fromschema,sin_ejemplo,404,530,934,898,898
eventos,10,0,r50k_base,general_fromschema,sin_ejemplo,454,680,1136,898,898
eventos,10,0,o200k_base,general_fromschema,con_ejemplo,391,582,974,898,898
eventos,10,0,cl100k_base,general_fromschema,con_ejemplo,404,621,1026,898,898
eventos,10,0,r50k_base,general_fromschema,con_ejemplo,454,791,1247,898,898
eventos,10,0,o200k_base,general_dominio,sin_ejemplo,349,693,1042,699,699
eventos,10,0,cl100k_base,general_dominio,sin_ejemplo,355,737,1092,699,699
eventos,10,0,r50k_base,general_dominio,sin_ejemplo,399,939,1339,699,699
eventos,10,0,o200k_base,general_dominio,con_ejemplo,349,804,1153,699,699
eventos,10,0,cl100k_base,general_dominio,con_ejemplo,355,851,1206,699,699
eventos,10,0,r50k_base,general_dominio,con_ejemplo,399,1076,1476,699,699
eventos,10,0,o200k_base,especializado,compacta_sin_ejemplo,174,313,487,263,263
eventos,10,0,cl100k_base,especializado,compacta_sin_ejemplo,161,331,492,263,263
eventos,10,0,r50k_base,especializado,compacta_sin_ejemplo,174,420,596,263,263
eventos,10,0,o200k_base,especializado,compacta_con_ejemplo,174,363,538,263,263
eventos,10,0,cl100k_base,especializado,compacta_con_ejemplo,161,377,539,263,263
eventos,10,0,r50k_base,especializado,compacta_con_ejemplo,174,477,653,263,263
eventos,10,0,o200k_base,especializado,spec_block_sin_ejemplo,174,624,798,263,263
eventos,10,0,cl100k_base,especializado,spec_block_sin_ejemplo,161,656,817,263,263
eventos,10,0,r50k_base,especializado,spec_block_sin_ejemplo,174,831,1007,263,263
eventos,10,0,o200k_base,especializado,spec_block_con_ejemplo,174,674,849,263,263
eventos,10,0,cl100k_base,especializado,spec_block_con_ejemplo,161,702,864,263,263
eventos,10,0,r50k_base,especializado,spec_block_con_ejemplo,174,888,1064,263,263
eventos,10,1,o200k_base,json_compacto,ninguna,667,0,667,2020,2020
eventos,10,1,cl100k_base,json_compacto,ninguna,682,0,682,2020,2020
eventos,10,1,r50k_base,json_compacto,ninguna,843,0,843,2020,2020
eventos,10,1,o200k_base,json_compacto,schema_sin_ejemplo,667,327,994,2020,2020
eventos,10,1,cl100k_base,json_compacto,schema_sin_ejemplo,682,332,1015,2020,2020
eventos,10,1,r50k_base,json_compacto,schema_sin_ejemplo,843,406,1251,2020,2020
eventos,10,1,o200k_base,json_compacto,schema_con_ejemplo,667,464,1131,2020,2020
eventos,10,1,cl100k_base,json_compacto,schema_con_ejemplo,682,475,1157,2020,2020
eventos,10,1,r50k_base,json_compacto,schema_con_ejemplo,843,587,1432,2020,2020
eventos,10,1,o200k_base,json_legible,ninguna,971,0,971,2848,2848
eventos,10,1,cl100k_base,json_legible,ninguna,987,0,987,2848,2848
eventos,10,1,r50k_base,json_legible,ninguna,1641,0,1641,2848,2848
eventos,10,1,o200k_base,json_abreviado,ninguna,415,0,415,1202,1202
eventos,10,1,cl100k_base,json_abreviado,ninguna,414,0,414,1202,1202
eventos,10,1,r50k_base,json_abreviado,ninguna,487,0,487,1202,1202
eventos,10,1,o200k_base,general_fromschema,sin_ejemplo,404,497,901,932,932
eventos,10,1,cl100k_base,general_fromschema,sin_ejemplo,416,530,946,932,932
eventos,10,1,r50k_base,general_fromschema,sin_ejemplo,491,680,1173,932,932
eventos,10,1,o200k_base,general_fromschema,con_ejemplo,404,582,987,932,932
eventos,10,1,cl100k_base,general_fromschema,con_ejemplo,416,621,1038,932,932
eventos,10,1,r50k_base,general_fromschema,con_ejemplo,491,791,1284,932,932
eventos,10,1,o200k_base,general_dominio,sin_ejemplo,372,693,1065,828,828
eventos,10,1,cl100k_base,general_dominio,sin_ejemplo,377,737,1114,828,828
eventos,10,1,r50k_base,general_dominio,sin_ejemplo,457,939,1397,828,828
eventos,10,1,o200k_base,general_dominio,con_ejemplo,372,804,1176,828,828
eventos,10,1,cl100k_base,general_dominio,con_ejemplo,377,851,1228,828,828
eventos,10,1,r50k_base,general_dominio,con_ejemplo,457,1076,1534,828,828
eventos,10,1,o200k_base,especializado,compacta_sin_ejemplo,174,313,487,253,253
eventos,10,1,cl100k_base,especializado,compacta_sin_ejemplo,158,331,489,253,253
eventos,10,1,r50k_base,especializado,compacta_sin_ejemplo,177,420,599,253,253
eventos,10,1,o200k_base,especializado,compacta_con_ejemplo,174,363,538,253,253
eventos,10,1,cl100k_base,especializado,compacta_con_ejemplo,158,377,536,253,253
eventos,10,1,r50k_base,especializado,compacta_con_ejemplo,177,477,656,253,253
eventos,10,1,o200k_base,especializado,spec_block_sin_ejemplo,174,624,798,253,253
eventos,10,1,cl100k_base,especializado,spec_block_sin_ejemplo,158,656,814,253,253
eventos,10,1,r50k_base,especializado,spec_block_sin_ejemplo,177,831,1010,253,253
eventos,10,1,o200k_base,especializado,spec_block_con_ejemplo,174,674,849,253,253
eventos,10,1,cl100k_base,especializado,spec_block_con_ejemplo,158,702,861,253,253
eventos,10,1,r50k_base,especializado,spec_block_con_ejemplo,177,888,1067,253,253
eventos,10,2,o200k_base,json_compacto,ninguna,665,0,665,1994,1994
eventos,10,2,cl100k_base,json_compacto,ninguna,677,0,677,1994,1994
eventos,10,2,r50k_base,json_compacto,ninguna,818,0,818,1994,1994
eventos,10,2,o200k_base,json_compacto,schema_sin_ejemplo,665,327,992,1994,1994
eventos,10,2,cl100k_base,json_compacto,schema_sin_ejemplo,677,332,1010,1994,1994
eventos,10,2,r50k_base,json_compacto,schema_sin_ejemplo,818,406,1226,1994,1994
eventos,10,2,o200k_base,json_compacto,schema_con_ejemplo,665,464,1129,1994,1994
eventos,10,2,cl100k_base,json_compacto,schema_con_ejemplo,677,475,1152,1994,1994
eventos,10,2,r50k_base,json_compacto,schema_con_ejemplo,818,587,1407,1994,1994
eventos,10,2,o200k_base,json_legible,ninguna,969,0,969,2822,2822
eventos,10,2,cl100k_base,json_legible,ninguna,982,0,982,2822,2822
eventos,10,2,r50k_base,json_legible,ninguna,1616,0,1616,2822,2822
eventos,10,2,o200k_base,json_abreviado,ninguna,416,0,416,1206,1206
eventos,10,2,cl100k_base,json_abreviado,ninguna,415,0,415,1206,1206
eventos,10,2,r50k_base,json_abreviado,ninguna,485,0,485,1206,1206
eventos,10,2,o200k_base,general_fromschema,sin_ejemplo,404,497,901,908,908
eventos,10,2,cl100k_base,general_fromschema,sin_ejemplo,417,530,947,908,908
eventos,10,2,r50k_base,general_fromschema,sin_ejemplo,468,680,1150,908,908
eventos,10,2,o200k_base,general_fromschema,con_ejemplo,404,582,987,908,908
eventos,10,2,cl100k_base,general_fromschema,con_ejemplo,417,621,1039,908,908
eventos,10,2,r50k_base,general_fromschema,con_ejemplo,468,791,1261,908,908
eventos,10,2,o200k_base,general_dominio,sin_ejemplo,370,693,1063,802,802
eventos,10,2,cl100k_base,general_dominio,sin_ejemplo,376,737,1113,802,802
eventos,10,2,r50k_base,general_dominio,sin_ejemplo,432,939,1372,802,802
eventos,10,2,o200k_base,general_dominio,con_ejemplo,370,804,1174,802,802
eventos,10,2,cl100k_base,general_dominio,con_ejemplo,376,851,1227,802,802
eventos,10,2,r50k_base,general_dominio,con_ejemplo,432,1076,1509,802,802
eventos,10,2,o200k_base,especializado,compacta_sin_ejemplo,175,313,488,257,257
eventos,10,2,cl100k_base,especializado,compacta_sin_ejemplo,167,331,498,257,257
eventos,10,2,r50k_base,especializado,compacta_sin_ejemplo,175,420,597,257,257
eventos,10,2,o200k_base,especializado,compacta_con_ejemplo,175,363,539,257,257
eventos,10,2,cl100k_base,especializado,compacta_con_ejemplo,167,377,545,257,257
eventos,10,2,r50k_base,especializado,compacta_con_ejemplo,175,477,654,257,257
eventos,10,2,o200k_base,especializado,spec_block_sin_ejemplo,175,624,799,257,257
eventos,10,2,cl100k_base,especializado,spec_block_sin_ejemplo,167,656,823,257,257
eventos,10,2,r50k_base,especializado,spec_block_sin_ejemplo,175,831,1008,257,257
eventos,10,2,o200k_base,especializado,spec_block_con_ejemplo,175,674,850,257,257
eventos,10,2,cl100k_base,especializado,spec_block_con_ejemplo,167,702,870,257,257
eventos,10,2,r50k_base,especializado,spec_block_con_ejemplo,175,888,1065,257,257
eventos,10,3,o200k_base,json_compacto,ninguna,672,0,672,2026,2026
eventos,10,3,cl100k_base,json_compacto,ninguna,681,0,681,2026,2026
eventos,10,3,r50k_base,json_compacto,ninguna,842,0,842,2026,2026
eventos,10,3,o200k_base,json_compacto,schema_sin_ejemplo,672,327,999,2026,2026
eventos,10,3,cl100k_base,json_compacto,schema_sin_ejemplo,681,332,1014,2026,2026
eventos,10,3,r50k_base,json_compacto,schema_sin_ejemplo,842,406,1250,2026,2026
eventos,10,3,o200k_base,json_compacto,schema_con_ejemplo,672,464,1136,2026,2026
eventos,10,3,cl100k_base,json_compacto,schema_con_ejemplo,681,475,1156,2026,2026
eventos,10,3,r50k_base,json_compacto,schema_con_ejemplo,842,587,1431,2026,2026
eventos,10,3,o200k_base,json_legible,ninguna,976,0,976,2854,2854
eventos,10,3,cl100k_base,json_legible,ninguna,986,0,986,2854,2854
eventos,10,3,r50k_base,json_legible,ninguna,1640,0,1640,2854,2854
eventos,10,3,o200k_base,json_abreviado,ninguna,416,0,416,1193,1193
eventos,10,3,cl100k_base,json_abreviado,ninguna,415,0,415,1193,1193
eventos,10,3,r50k_base,json_abreviado,ninguna,486,0,486,1193,1193
eventos,10,3,o200k_base,general_fromschema,sin_ejemplo,407,497,904,936,936
eventos,10,3,cl100k_base,general_fromschema,sin_ejemplo,417,530,947,936,936
eventos,10,3,r50k_base,general_fromschema,sin_ejemplo,488,680,1170,936,936
eventos,10,3,o200k_base,general_fromschema,con_ejemplo,407,582,990,936,936
eventos,10,3,cl100k_base,general_fromschema,con_ejemplo,417,621,1039,936,936
eventos,10,3,r50k_base,general_fromschema,con_ejemplo,488,791,1281,936,936
eventos,10,3,o200k_base,general_dominio,sin_ejemplo,377,693,1070,842,842
eventos,10,3,cl100k_base,general_dominio,sin_ejemplo,384,737,1121,842,842
eventos,10,3,r50k_base,general_dominio,sin_ejemplo,456,939,1396,842,842
eventos,10,3,o200k_base,general_dominio,con_ejemplo,377,804,1181,842,842
eventos,10,3,cl100k_base,general_dominio,con_ejemplo,384,851,1235,842,842
eventos,10,3,r50k_base,general_dominio,con_ejemplo,456,1076,1533,842,842
eventos,10,3,o200k_base,especializado,compacta_sin_ejemplo,175,313,488,244,244
eventos,10,3,cl100k_base,especializado,compacta_sin_ejemplo,167,331,498,244,244
eventos,10,3,r50k_base,especializado,compacta_sin_ejemplo,176,420,598,244,244
eventos,10,3,o200k_base,especializado,compacta_con_ejemplo,175,363,539,244,244
eventos,10,3,cl100k_base,especializado,compacta_con_ejemplo,167,377,545,244,244
eventos,10,3,r50k_base,especializado,compacta_con_ejemplo,176,477,655,244,244
eventos,10,3,o200k_base,especializado,spec_block_sin_ejemplo,175,624,799,244,244
eventos,10,3,cl100k_base,especializado,spec_block_sin_ejemplo,167,656,823,244,244
eventos,10,3,r50k_base,especializado,spec_block_sin_ejemplo,176,831,1009,244,244
eventos,10,3,o200k_base,especializado,spec_block_con_ejemplo,175,674,850,244,244
eventos,10,3,cl100k_base,especializado,spec_block_con_ejemplo,167,702,870,244,244
eventos,10,3,r50k_base,especializado,spec_block_con_ejemplo,176,888,1066,244,244
eventos,10,4,o200k_base,json_compacto,ninguna,662,0,662,2013,2013
eventos,10,4,cl100k_base,json_compacto,ninguna,673,0,673,2013,2013
eventos,10,4,r50k_base,json_compacto,ninguna,823,0,823,2013,2013
eventos,10,4,o200k_base,json_compacto,schema_sin_ejemplo,662,327,989,2013,2013
eventos,10,4,cl100k_base,json_compacto,schema_sin_ejemplo,673,332,1006,2013,2013
eventos,10,4,r50k_base,json_compacto,schema_sin_ejemplo,823,406,1231,2013,2013
eventos,10,4,o200k_base,json_compacto,schema_con_ejemplo,662,464,1126,2013,2013
eventos,10,4,cl100k_base,json_compacto,schema_con_ejemplo,673,475,1148,2013,2013
eventos,10,4,r50k_base,json_compacto,schema_con_ejemplo,823,587,1412,2013,2013
eventos,10,4,o200k_base,json_legible,ninguna,966,0,966,2841,2841
eventos,10,4,cl100k_base,json_legible,ninguna,978,0,978,2841,2841
eventos,10,4,r50k_base,json_legible,ninguna,1621,0,1621,2841,2841
eventos,10,4,o200k_base,json_abreviado,ninguna,417,0,417,1210,1210
eventos,10,4,cl100k_base,json_abreviado,ninguna,416,0,416,1210,1210
eventos,10,4,r50k_base,json_abreviado,ninguna,486,0,486,1210,1210
eventos,10,4,o200k_base,general_fromschema,sin_ejemplo,399,497,896,925,925
eventos,10,4,cl100k_base,general_fromschema,sin_ejemplo,410,530,940,925,925
eventos,10,4,r50k_base,general_fromschema,sin_ejemplo,471,680,1153,925,925
eventos,10,4,o200k_base,general_fromschema,con_ejemplo,399,582,982,925,925
eventos,10,4,cl100k_base,general_fromschema,con_ejemplo,410,621,1032,925,925
eventos,10,4,r50k_base,general_fromschema,con_ejemplo,471,791,1264,925,925
eventos,10,4,o200k_base,general_dominio,sin_ejemplo,367,693,1060,817,817
eventos,10,4,cl100k_base,general_dominio,sin_ejemplo,373,737,1110,817,817
eventos,10,4,r50k_base,general_dominio,sin_ejemplo,433,939,1373,817,817
eventos,10,4,o200k_base,general_dominio,con_ejemplo,367,804,1171,817,817
eventos,10,4,cl100k_base,general_dominio,con_ejemplo,373,851,1224,817,817
eventos,10,4,r50k_base,general_dominio,con_ejemplo,433,1076,1510,817,817
eventos,10,4,o200k_base,especializado,compacta_sin_ejemplo,176,313,489,261,261
eventos,10,4,cl100k_base,especializado,compacta_sin_ejemplo,166,331,497,261,261
eventos,10,4,r50k_base,especializado,compacta_sin_ejemplo,176,420,598,261,261
eventos,10,4,o200k_base,especializado,compacta_con_ejemplo,176,363,540,261,261
eventos,10,4,cl100k_base,especializado,compacta_con_ejemplo,166,377,544,261,261
eventos,10,4,r50k_base,especializado,compacta_con_ejemplo,176,477,655,261,261
eventos,10,4,o200k_base,especializado,spec_block_sin_ejemplo,176,624,800,261,261
eventos,10,4,cl100k_base,especializado,spec_block_sin_ejemplo,166,656,822,261,261
eventos,10,4,r50k_base,especializado,spec_block_sin_ejemplo,176,831,1009,261,261
eventos,10,4,o200k_base,especializado,spec_block_con_ejemplo,176,674,851,261,261
eventos,10,4,cl100k_base,especializado,spec_block_con_ejemplo,166,702,869,261,261
eventos,10,4,r50k_base,especializado,spec_block_con_ejemplo,176,888,1066,261,261
eventos,25,0,o200k_base,json_compacto,ninguna,1636,0,1636,4962,4962
eventos,25,0,cl100k_base,json_compacto,ninguna,1667,0,1667,4962,4962
eventos,25,0,r50k_base,json_compacto,ninguna,2035,0,2035,4962,4962
eventos,25,0,o200k_base,json_compacto,schema_sin_ejemplo,1636,327,1963,4962,4962
eventos,25,0,cl100k_base,json_compacto,schema_sin_ejemplo,1667,332,2000,4962,4962
eventos,25,0,r50k_base,json_compacto,schema_sin_ejemplo,2035,406,2443,4962,4962
eventos,25,0,o200k_base,json_compacto,schema_con_ejemplo,1636,464,2100,4962,4962
eventos,25,0,cl100k_base,json_compacto,schema_con_ejemplo,1667,475,2142,4962,4962
eventos,25,0,r50k_base,json_compacto,schema_con_ejemplo,2035,587,2624,4962,4962
eventos,25,0,o200k_base,json_legible,ninguna,2390,0,2390,7020,7020
eventos,25,0,cl100k_base,json_legible,ninguna,2422,0,2422,7020,7020
eventos,25,0,r50k_base,json_legible,ninguna,4018,0,4018,7020,7020
eventos,25,0,o200k_base,json_abreviado,ninguna,1015,0,1015,2982,2982
eventos,25,0,cl100k_base,json_abreviado,ninguna,1014,0,1014,2982,2982
eventos,25,0,r50k_base,json_abreviado,ninguna,1190,0,1190,2982,2982
eventos,25,0,o200k_base,general_fromschema,sin_ejemplo,979,497,1476,2250,2250
eventos,25,0,cl100k_base,general_fromschema,sin_ejemplo,1007,530,1537,2250,2250
eventos,25,0,r50k_base,general_fromschema,sin_ejemplo,1154,680,1836,2250,2250
eventos,25,0,o200k_base,general_fromschema,con_ejemplo,979,582,1562,2250,2250
eventos,25,0,cl100k_base,general_fromschema,con_ejemplo,1007,621,1629,2250,2250
eventos,25,0,r50k_base,general_fromschema,con_ejemplo,1154,791,1947,2250,2250
eventos,25,0,o200k_base,general_dominio,sin_ejemplo,732,693,1425,1254,1254
eventos,25,0,cl100k_base,general_dominio,sin_ejemplo,735,737,1472,1254,1254
eventos,25,0,r50k_base,general_dominio,sin_ejemplo,803,939,1743,1254,1254
eventos,25,0,o200k_base,general_dominio,con_ejemplo,732,804,1536,1254,1254
eventos,25,0,cl100k_base,general_dominio,con_ejemplo,735,851,1586,1254,1254
eventos,25,0,r50k_base,general_dominio,con_ejemplo,803,1076,1880,1254,1254
eventos,25,0,o200k_base,especializado,compacta_sin_ejemplo,414,313,727,623,623
eventos,25,0,cl100k_base,especializado,compacta_sin_ejemplo,383,331,714,623,623
eventos,25,0,r50k_base,especializado,compacta_sin_ejemplo,415,420,837,623,623
eventos,25,0,o200k_base,especializado,compacta_con_ejemplo,414,363,778,623,623
eventos,25,0,cl100k_base,especializado,compacta_con_ejemplo,383,377,761,623,623
eventos,25,0,r50k_base,especializado,compacta_con_ejemplo,415,477,894,623,623
eventos,25,0,o200k_base,especializado,spec_block_sin_ejemplo,414,624,1038,623,623
eventos,25,0,cl100k_base,especializado,spec_block_sin_ejemplo,383,656,1039,623,623
eventos,25,0,r50k_base,especializado,spec_block_sin_ejemplo,415,831,1248,623,623
eventos,25,0,o200k_base,especializado,spec_block_con_ejemplo,414,674,1089,623,623
eventos,25,0,cl100k_base,especializado,spec_block_con_ejemplo,383,702,1086,623,623
eventos,25,0,r50k_base,especializado,spec_block_con_ejemplo,415,888,1305,623,623
eventos,25,1,o200k_base,json_compacto,ninguna,1650,0,1650,4995,4995
eventos,25,1,cl100k_base,json_compacto,ninguna,1684,0,1684,4995,4995
eventos,25,1,r50k_base,json_compacto,ninguna,2068,0,2068,4995,4995
eventos,25,1,o200k_base,json_compacto,schema_sin_ejemplo,1650,327,1977,4995,4995
eventos,25,1,cl100k_base,json_compacto,schema_sin_ejemplo,1684,332,2017,4995,4995
eventos,25,1,r50k_base,json_compacto,schema_sin_ejemplo,2068,406,2476,4995,4995
eventos,25,1,o200k_base,json_compacto,schema_con_ejemplo,1650,464,2114,4995,4995
eventos,25,1,cl100k_base,json_compacto,schema_con_ejemplo,1684,475,2159,4995,4995
eventos,25,1,r50k_base,json_compacto,schema_con_ejemplo,2068,587,2657,4995,4995
eventos,25,1,o200k_base,json_legible,ninguna,2404,0,2404,7053,7053
eventos,25,1,cl100k_base,json_legible,ninguna,2439,0,2439,7053,7053
eventos,25,1,r50k_base,json_legible,ninguna,4051,0,4051,7053,7053
eventos,25,1,o200k_base,json_abreviado,ninguna,1019,0,1019,2974,2974
eventos,25,1,cl100k_base,json_abreviado,ninguna,1018,0,1018,2974,2974
eventos,25,1,r50k_base,json_abreviado,ninguna,1196,0,1196,2974,2974
eventos,25,1,o200k_base,general_fromschema,sin_ejemplo,991,497,1488,2281,2281
eventos,25,1,cl100k_base,general_fromschema,sin_ejemplo,1019,530,1549,2281,2281
eventos,25,1,r50k_base,general_fromschema,sin_ejemplo,1185,680,1867,2281,2281
eventos,25,1,o200k_base,general_fromschema,con_ejemplo,991,582,1574,2281,2281
eventos,25,1,cl100k_base,general_fromschema,con_ejemplo,1019,621,1641,2281,2281
eventos,25,1,r50k_base,general_fromschema,con_ejemplo,1185,791,1978,2281,2281
eventos,25,1,o200k_base,general_dominio,sin_ejemplo,733,693,1426,1246,1246
eventos,25,1,cl100k_base,general_dominio,sin_ejemplo,736,737,1473,1246,1246
eventos,25,1,r50k_base,general_dominio,sin_ejemplo,799,939,1739,1246,1246
eventos,25,1,o200k_base,general_dominio,con_ejemplo,733,804,1537,1246,1246
eventos,25,1,cl100k_base,general_dominio,con_ejemplo,736,851,1587,1246,1246
eventos,25,1,r50k_base,general_dominio,con_ejemplo,799,1076,1876,1246,1246
eventos,25,1,o200k_base,especializado,compacta_sin_ejemplo,418,313,731,615,615
eventos,25,1,cl100k_base,especializado,compacta_sin_ejemplo,387,331,718,615,615
eventos,25,1,r50k_base,especializado,compacta_sin_ejemplo,421,420,843,615,615
eventos,25,1,o200k_base,especializado,compacta_con_ejemplo,418,363,782,615,615
eventos,25,1,cl100k_base,especializado,compacta_con_ejemplo,387,377,765,615,615
eventos,25,1,r50k_base,especializado,compacta_con_ejemplo,421,477,900,615,615
eventos,25,1,o200k_base,especializado,spec_block_sin_ejemplo,418,624,1042,615,615
eventos,25,1,cl100k_base,especializado,spec_block_sin_ejemplo,387,656,1043,615,615
eventos,25,1,r50k_base,especializado,spec_block_sin_ejemplo,421,831,1254,615,615
eventos,25,1,o200k_base,especializado,spec_block_con_ejemplo,418,674,1093,615,615
eventos,25,1,cl100k_base,especializado,spec_block_con_ejemplo,387,702,1090,615,615
eventos,25,1,r50k_base,especializado,spec_block_con_ejemplo,421,888,1311,615,615
eventos,25,2,o200k_base,json_compacto,ninguna,1660,0,1660,4968,4968
eventos,25,2,cl100k_base,json_compacto,ninguna,1686,0,1686,4968,4968
eventos,25,2,r50k_base,json_compacto,ninguna,2047,0,2047,4968,4968
eventos,25,2,o200k_base,json_compacto,schema_sin_ejemplo,1660,327,1987,4968,4968
eventos,25,2,cl100k_base,json_compacto,schema_sin_ejemplo,1686,332,2019,4968,4968
eventos,25,2,r50k_base,json_compacto,schema_sin_ejemplo,2047,406,2455,4968,4968
eventos,25,2,o200k_base,json_compacto,schema_con_ejemplo,1660,464,2124,4968,4968
eventos,25,2,cl100k_base,json_compacto,schema_con_ejemplo,1686,475,2161,4968,4968
eventos,25,2,r50k_base,json_compacto,schema_con_ejemplo,2047,587,2636,4968,4968
eventos,25,2,o200k_base,json_legible,ninguna,2414,0,2414,7026,7026
eventos,25,2,cl100k_base,json_legible,ninguna,2441,0,2441,7026,7026
eventos,25,2,r50k_base,json_legible,ninguna,4030,0,4030,7026,7026
eventos,25,2,o200k_base,json_abreviado,ninguna,1016,0,1016,2977,2977
eventos,25,2,cl100k_base,json_abreviado,ninguna,1015,0,1015,2977,2977
eventos,25,2,r50k_base,json_abreviado,ninguna,1191,0,1191,2977,2977
eventos,25,2,o200k_base,general_fromschema,sin_ejemplo,1009,497,1506,2262,2262
eventos,25,2,cl100k_base,general_fromschema,sin_ejemplo,1034,530,1564,2262,2262
eventos,25,2,r50k_base,general_fromschema,sin_ejemplo,1172,680,1854,2262,2262
eventos,25,2,o200k_base,general_fromschema,con_ejemplo,1009,582,1592,2262,2262
eventos,25,2,cl100k_base,general_fromschema,con_ejemplo,1034,621,1656,2262,2262
eventos,25,2,r50k_base,general_fromschema,con_ejemplo,1172,791,1965,2262,2262
eventos,25,2,o200k_base,general_dominio,sin_ejemplo,735,693,1428,1254,1254
eventos,25,2,cl100k_base,general_dominio,sin_ejemplo,738,737,1475,1254,1254
eventos,25,2,r50k_base,general_dominio,sin_ejemplo,806,939,1746,1254,1254
eventos,25,2,o200k_base,general_dominio,con_ejemplo,735,804,1539,1254,1254
eventos,25,2,cl100k_base,general_dominio,con_ejemplo,738,851,1589,1254,1254
eventos,25,2,r50k_base,general_dominio,con_ejemplo,806,1076,1883,1254,1254
eventos,25,2,o200k_base,especializado,compacta_sin_ejemplo,415,313,728,618,618
eventos,25,2,cl100k_base,especializado,compacta_sin_ejemplo,395,331,726,618,618
eventos,25,2,r50k_base,especializado,compacta_sin_ejemplo,416,420,838,618,618
eventos,25,2,o200k_base,especializado,compacta_con_ejemplo,415,363,779,618,618
eventos,25,2,cl100k_base,especializado,compacta_con_ejemplo,395,377,773,618,618
eventos,25,2,r50k_base,especializado,compacta_con_ejemplo,416,477,895,618,618
eventos,25,2,o200k_base,especializado,spec_block_sin_ejemplo,415,624,1039,618,618
eventos,25,2,cl100k_base,especializado,spec_block_sin_ejemplo,395,656,1051,618,618
eventos,25,2,r50k_base,especializado,spec_block_sin_ejemplo,416,831,1249,618,618
eventos,25,2,o200k_base,especializado,spec_block_con_ejemplo,415,674,1090,618,618
eventos,25,2,cl100k_base,especializado,spec_block_con_ejemplo,395,702,1098,618,618
eventos,25,2,r50k_base,especializado,spec_block_con_ejemplo,416,888,1306,618,618
eventos,25,3,o200k_base,json_compacto,ninguna,1644,0,1644,4979,4979
eventos,25,3,cl100k_base,json_compacto,ninguna,1673,0,1673,4979,4979
eventos,25,3,r50k_base,json_compacto,ninguna,2046,0,2046,4979,4979
eventos,25,3,o200k_base,json_compacto,schema_sin_ejemplo,1644,327,1971,4979,4979
eventos,25,3,cl100k_base,json_compacto,schema_sin_ejemplo,1673,332,2006,4979,4979
eventos,25,3,r50k_base,json_compacto,schema_sin_ejemplo,2046,406,2454,4979,4979
eventos,25,3,o200k_base,json_compacto,schema_con_ejemplo,1644,464,2108,4979,4979
eventos,25,3,cl100k_base,json_compacto,schema_con_ejemplo,1673,475,2148,4979,4979
eventos,25,3,r50k_base,json_compacto,schema_con_ejemplo,2046,587,2635,4979,4979
eventos,25,3,o200k_base,json_legible,ninguna,2398,0,2398,7037,7037
eventos,25,3,cl100k_base,json_legible,ninguna,2428,0,2428,7037,7037
eventos,25,3,r50k_base,json_legible,ninguna,4029,0,4029,7037,7037
eventos,25,3,o200k_base,json_abreviado,ninguna,1017,0,1017,2965,2965
eventos,25,3,cl100k_base,json_abreviado,ninguna,1016,0,1016,2965,2965
eventos,25,3,r50k_base,json_abreviado,ninguna,1192,0,1192,2965,2965
eventos,25,3,o200k_base,general_fromschema,sin_ejemplo,989,497,1486,2269,2269
eventos,25,3,cl100k_base,general_fromschema,sin_ejemplo,1019,530,1549,2269,2269
eventos,25,3,r50k_base,general_fromschema,sin_ejemplo,1167,680,1849,2269,2269
eventos,25,3,o200k_base,general_fromschema,con_ejemplo,989,582,1572,2269,2269
eventos,25,3,cl100k_base,general_fromschema,con_ejemplo,1019,621,1641,2269,2269
eventos,25,3,r50k_base,general_fromschema,con_ejemplo,1167,791,1960,2269,2269
eventos,25,3,o200k_base,general_dominio,sin_ejemplo,729,693,1422,1233,1233
eventos,25,3,cl100k_base,general_dominio,sin_ejemplo,732,737,1469,1233,1233
eventos,25,3,r50k_base,general_dominio,sin_ejemplo,794,939,1734,1233,1233
eventos,25,3,o200k_base,general_dominio,con_ejemplo,729,804,1533,1233,1233
eventos,25,3,cl100k_base,general_dominio,con_ejemplo,732,851,1583,1233,1233
eventos,25,3,r50k_base,general_dominio,con_ejemplo,794,1076,1871,1233,1233
eventos,25,3,o200k_base,especializado,compacta_sin_ejemplo,416,313,729,606,606
eventos,25,3,cl100k_base,especializado,compacta_sin_ejemplo,392,331,723,606,606
eventos,25,3,r50k_base,especializado,compacta_sin_ejemplo,417,420,839,606,606
eventos,25,3,o200k_base,especializado,compacta_con_ejemplo,416,363,780,606,606
eventos,25,3,cl100k_base,especializado,compacta_con_ejemplo,392,377,770,606,606
eventos,25,3,r50k_base,especializado,compacta_con_ejemplo,417,477,896,606,606
eventos,25,3,o200k_base,especializado,spec_block_sin_ejemplo,416,624,1040,606,606
eventos,25,3,cl100k_base,especializado,spec_block_sin_ejemplo,392,656,1048,606,606
eventos,25,3,r50k_base,especializado,spec_block_sin_ejemplo,417,831,1250,606,606
eventos,25,3,o200k_base,especializado,spec_block_con_ejemplo,416,674,1091,606,606
eventos,25,3,cl100k_base,especializado,spec_block_con_ejemplo,392,702,1095,606,606
eventos,25,3,r50k_base,especializado,spec_block_con_ejemplo,417,888,1307,606,606
eventos,25,4,o200k_base,json_compacto,ninguna,1637,0,1637,4962,4962
eventos,25,4,cl100k_base,json_compacto,ninguna,1667,0,1667,4962,4962
eventos,25,4,r50k_base,json_compacto,ninguna,2028,0,2028,4962,4962
eventos,25,4,o200k_base,json_compacto,schema_sin_ejemplo,1637,327,1964,4962,4962
eventos,25,4,cl100k_base,json_compacto,schema_sin_ejemplo,1667,332,2000,4962,4962
eventos,25,4,r50k_base,json_compacto,schema_sin_ejemplo,2028,406,2436,4962,4962
eventos,25,4,o200k_base,json_compacto,schema_con_ejemplo,1637,464,2101,4962,4962
eventos,25,4,cl100k_base,json_compacto,schema_con_ejemplo,1667,475,2142,4962,4962
eventos,25,4,r50k_base,json_compacto,schema_con_ejemplo,2028,587,2617,4962,4962
eventos,25,4,o200k_base,json_legible,ninguna,2391,0,2391,7020,7020
eventos,25,4,cl100k_base,json_legible,ninguna,2422,0,2422,7020,7020
eventos,25,4,r50k_base,json_legible,ninguna,4011,0,4011,7020,7020
eventos,25,4,o200k_base,json_abreviado,ninguna,1017,0,1017,2984,2984
eventos,25,4,cl100k_base,json_abreviado,ninguna,1016,0,1016,2984,2984
eventos,25,4,r50k_base,json_abreviado,ninguna,1191,0,1191,2984,2984
eventos,25,4,o200k_base,general_fromschema,sin_ejemplo,972,497,1469,2242,2242
eventos,25,4,cl100k_base,general_fromschema,sin_ejemplo,999,530,1529,2242,2242
eventos,25,4,r50k_base,general_fromschema,sin_ejemplo,1139,680,1821,2242,2242
eventos,25,4,o200k_base,general_fromschema,con_ejemplo,972,582,1555,2242,2242
eventos,25,4,cl100k_base,general_fromschema,con_ejemplo,999,621,1621,2242,2242
eventos,25,4,r50k_base,general_fromschema,con_ejemplo,1139,791,1932,2242,2242
eventos,25,4,o200k_base,general_dominio,sin_ejemplo,733,693,1426,1255,1255
eventos,25,4,cl100k_base,general_dominio,sin_ejemplo,736,737,1473,1255,1255
eventos,25,4,r50k_base,general_dominio,sin_ejemplo,802,939,1742,1255,1255
eventos,25,4,o200k_base,general_dominio,con_ejemplo,733,804,1537,1255,1255
eventos,25,4,cl100k_base,general_dominio,con_ejemplo,736,851,1587,1255,1255
eventos,25,4,r50k_base,general_dominio,con_ejemplo,802,1076,1879,1255,1255
eventos,25,4,o200k_base,especializado,compacta_sin_ejemplo,416,313,729,625,625
eventos,25,4,cl100k_base,especializado,compacta_sin_ejemplo,387,331,718,625,625
eventos,25,4,r50k_base,especializado,compacta_sin_ejemplo,416,420,838,625,625
eventos,25,4,o200k_base,especializado,compacta_con_ejemplo,416,363,780,625,625
eventos,25,4,cl100k_base,especializado,compacta_con_ejemplo,387,377,765,625,625
eventos,25,4,r50k_base,especializado,compacta_con_ejemplo,416,477,895,625,625
eventos,25,4,o200k_base,especializado,spec_block_sin_ejemplo,416,624,1040,625,625
eventos,25,4,cl100k_base,especializado,spec_block_sin_ejemplo,387,656,1043,625,625
eventos,25,4,r50k_base,especializado,spec_block_sin_ejemplo,416,831,1249,625,625
eventos,25,4,o200k_base,especializado,spec_block_con_ejemplo,416,674,1091,625,625
eventos,25,4,cl100k_base,especializado,spec_block_con_ejemplo,387,702,1090,625,625
eventos,25,4,r50k_base,especializado,spec_block_con_ejemplo,416,888,1306,625,625
eventos,50,0,o200k_base,json_compacto,ninguna,3287,0,3287,9928,9928
eventos,50,0,cl100k_base,json_compacto,ninguna,3348,0,3348,9928,9928
eventos,50,0,r50k_base,json_compacto,ninguna,4088,0,4088,9928,9928
eventos,50,0,o200k_base,json_compacto,schema_sin_ejemplo,3287,327,3614,9928,9928
eventos,50,0,cl100k_base,json_compacto,schema_sin_ejemplo,3348,332,3681,9928,9928
eventos,50,0,r50k_base,json_compacto,schema_sin_ejemplo,4088,406,4496,9928,9928
eventos,50,0,o200k_base,json_compacto,schema_con_ejemplo,3287,464,3751,9928,9928
eventos,50,0,cl100k_base,json_compacto,schema_con_ejemplo,3348,475,3823,9928,9928
eventos,50,0,r50k_base,json_compacto,schema_con_ejemplo,4088,587,4677,9928,9928
eventos,50,0,o200k_base,json_legible,ninguna,4791,0,4791,14036,14036
eventos,50,0,cl100k_base,json_legible,ninguna,4853,0,4853,14036,14036
eventos,50,0,r50k_base,json_legible,ninguna,8046,0,8046,14036,14036
eventos,50,0,o200k_base,json_abreviado,ninguna,2017,0,2017,5950,5950
eventos,50,0,cl100k_base,json_abreviado,ninguna,2016,0,2016,5950,5950
eventos,50,0,r50k_base,json_abreviado,ninguna,2367,0,2367,5950,5950
eventos,50,0,o200k_base,general_fromschema,sin_ejemplo,1976,497,2473,4512,4512
eventos,50,0,cl100k_base,general_fromschema,sin_ejemplo,2030,530,2560,4512,4512
eventos,50,0,r50k_base,general_fromschema,sin_ejemplo,2328,680,3010,4512,4512
eventos,50,0,o200k_base,general_fromschema,con_ejemplo,1976,582,2559,4512,4512
eventos,50,0,cl100k_base,general_fromschema,con_ejemplo,2030,621,2652,4512,4512
eventos,50,0,r50k_base,general_fromschema,con_ejemplo,2328,791,3121,4512,4512
eventos,50,0,o200k_base,general_dominio,sin_ejemplo,1315,693,2008,2082,2082
eventos,50,0,cl100k_base,general_dominio,sin_ejemplo,1318,737,2055,2082,2082
eventos,50,0,r50k_base,general_dominio,sin_ejemplo,1412,939,2352,2082,2082
eventos,50,0,o200k_base,general_dominio,con_ejemplo,1315,804,2119,2082,2082
eventos,50,0,cl100k_base,general_dominio,con_ejemplo,1318,851,2169,2082,2082
eventos,50,0,r50k_base,general_dominio,con_ejemplo,1412,1076,2489,2082,2082
eventos,50,0,o200k_base,especializado,compacta_sin_ejemplo,816,313,1129,1241,1241
eventos,50,0,cl100k_base,especializado,compacta_sin_ejemplo,757,331,1088,1241,1241
eventos,50,0,r50k_base,especializado,compacta_sin_ejemplo,817,420,1239,1241,1241
eventos,50,0,o200k_base,especializado,compacta_con_ejemplo,816,363,1180,1241,1241
eventos,50,0,cl100k_base,especializado,compacta_con_ejemplo,757,377,1135,1241,1241
eventos,50,0,r50k_base,especializado,compacta_con_ejemplo,817,477,1296,1241,1241
eventos,50,0,o200k_base,especializado,spec_block_sin_ejemplo,816,624,1440,1241,1241
eventos,50,0,cl100k_base,especializado,spec_block_sin_ejemplo,757,656,1413,1241,1241
eventos,50,0,r50k_base,especializado,spec_block_sin_ejemplo,817,831,1650,1241,1241
eventos,50,0,o200k_base,especializado,spec_block_con_ejemplo,816,674,1491,1241,1241
eventos,50,0,cl100k_base,especializado,spec_block_con_ejemplo,757,702,1460,1241,1241
eventos,50,0,r50k_base,especializado,spec_block_con_ejemplo,817,888,1707,1241,1241
eventos,50,1,o200k_base,json_compacto,ninguna,3293,0,3293,9917,9917
eventos,50,1,cl100k_base,json_compacto,ninguna,3363,0,3363,9917,9917
eventos,50,1,r50k_base,json_compacto,ninguna,4108,0,4108,9917,9917
eventos,50,1,o200k_base,json_compacto,schema_sin_ejemplo,3293,327,3620,9917,9917
eventos,50,1,cl100k_base,json_compacto,schema_sin_ejemplo,3363,332,3696,9917,9917
eventos,50,1,r50k_base,json_compacto,schema_sin_ejemplo,4108,406,4516,9917,9917
eventos,50,1,o200k_base,json_compacto,schema_con_ejemplo,3293,464,3757,9917,9917
eventos,50,1,cl100k_base,json_compacto,schema_con_ejemplo,3363,475,3838,9917,9917
eventos,50,1,r50k_base,json_compacto,schema_con_ejemplo,4108,587,4697,9917,9917
eventos,50,1,o200k_base,json_legible,ninguna,4797,0,4797,14025,14025
eventos,50,1,cl100k_base,json_legible,ninguna,4868,0,4868,14025,14025
eventos,50,1,r50k_base,json_legible,ninguna,8066,0,8066,14025,14025
eventos,50,1,o200k_base,json_abreviado,ninguna,2020,0,2020,5933,5933
eventos,50,1,cl100k_base,json_abreviado,ninguna,2019,0,2019,5933,5933
eventos,50,1,r50k_base,json_abreviado,ninguna,2374,0,2374,5933,5933
eventos,50,1,o200k_base,general_fromschema,sin_ejemplo,1980,497,2477,4499,4499
eventos,50,1,cl100k_base,general_fromschema,sin_ejemplo,2041,530,2571,4499,4499
eventos,50,1,r50k_base,general_fromschema,sin_ejemplo,2346,680,3028,4499,4499
eventos,50,1,o200k_base,general_fromschema,con_ejemplo,1980,582,2563,4499,4499
eventos,50,1,cl100k_base,general_fromschema,con_ejemplo,2041,621,2663,4499,4499
eventos,50,1,r50k_base,general_fromschema,con_ejemplo,2346,791,3139,4499,4499
eventos,50,1,o200k_base,general_dominio,sin_ejemplo,1315,693,2008,2072,2072
eventos,50,1,cl100k_base,general_dominio,sin_ejemplo,1318,737,2055,2072,2072
eventos,50,1,r50k_base,general_dominio,sin_ejemplo,1410,939,2350,2072,2072
eventos,50,1,o200k_base,general_dominio,con_ejemplo,1315,804,2119,2072,2072
eventos,50,1,cl100k_base,general_dominio,con_ejemplo,1318,851,2169,2072,2072
eventos,50,1,r50k_base,general_dominio,con_ejemplo,1410,1076,2487,2072,2072
eventos,50,1,o200k_base,especializado,compacta_sin_ejemplo,819,313,1132,1224,1224
eventos,50,1,cl100k_base,especializado,compacta_sin_ejemplo,757,331,1088,1224,1224
eventos,50,1,r50k_base,especializado,compacta_sin_ejemplo,824,420,1246,1224,1224
eventos,50,1,o200k_base,especializado,compacta_con_ejemplo,819,363,1183,1224,1224
eventos,50,1,cl100k_base,especializado,compacta_con_ejemplo,757,377,1135,1224,1224
eventos,50,1,r50k_base,especializado,compacta_con_ejemplo,824,477,1303,1224,1224
eventos,50,1,o200k_base,especializado,spec_block_sin_ejemplo,819,624,1443,1224,1224
eventos,50,1,cl100k_base,especializado,spec_block_sin_ejemplo,757,656,1413,1224,1224
eventos,50,1,r50k_base,especializado,spec_block_sin_ejemplo,824,831,1657,1224,1224
eventos,50,1,o200k_base,especializado,spec_block_con_ejemplo,819,674,1494,1224,1224
eventos,50,1,cl100k_base,especializado,spec_block_con_ejemplo,757,702,1460,1224,1224
eventos,50,1,r50k_base,especializado,spec_block_con_ejemplo,824,888,1714,1224,1224
eventos,50,2,o200k_base,json_compacto,ninguna,3318,0,3318,9964,9964
eventos,50,2,cl100k_base,json_compacto,ninguna,3374,0,3374,9964,9964
eventos,50,2,r50k_base,json_compacto,ninguna,4125,0,4125,9964,9964
eventos,50,2,o200k_base,json_compacto,schema_sin_ejemplo,3318,327,3645,9964,9964
eventos,50,2,cl100k_base,json_compacto,schema_sin_ejemplo,3374,332,3707,9964,9964
eventos,50,2,r50k_base,json_compacto,schema_sin_ejemplo,4125,406,4533,9964,9964
eventos,50,2,o200k_base,json_compacto,schema_con_ejemplo,3318,464,3782,9964,9964
eventos,50,2,cl100k_base,json_compacto,schema_con_ejemplo,3374,475,3849,9964,9964
eventos,50,2,r50k_base,json_compacto,schema_con_ejemplo,4125,587,4714,9964,9964
eventos,50,2,o200k_base,json_legible,ninguna,4822,0,4822,14072,14072
eventos,50,2,cl100k_base,json_legible,ninguna,4879,0,4879,14072,14072
eventos,50,2,r50k_base,json_legible,ninguna,8083,0,8083,14072,14072
eventos,50,2,o200k_base,json_abreviado,ninguna,2022,0,2022,5952,5952
eventos,50,2,cl100k_base,json_abreviado,ninguna,2021,0,2021,5952,5952
eventos,50,2,r50k_base,json_abreviado,ninguna,2371,0,2371,5952,5952
eventos,50,2,o200k_base,general_fromschema,sin_ejemplo,2013,497,2510,4554,4554
eventos,50,2,cl100k_base,general_fromschema,sin_ejemplo,2066,530,2596,4554,4554
eventos,50,2,r50k_base,general_fromschema,sin_ejemplo,2371,680,3053,4554,4554
eventos,50,2,o200k_base,general_fromschema,con_ejemplo,2013,582,2596,4554,4554
eventos,50,2,cl100k_base,general_fromschema,con_ejemplo,2066,621,2688,4554,4554
eventos,50,2,r50k_base,general_fromschema,con_ejemplo,2371,791,3164,4554,4554
eventos,50,2,o200k_base,general_dominio,sin_ejemplo,1310,693,2003,2065,2065
eventos,50,2,cl100k_base,general_dominio,sin_ejemplo,1313,737,2050,2065,2065
eventos,50,2,r50k_base,general_dominio,sin_ejemplo,1406,939,2346,2065,2065
eventos,50,2,o200k_base,general_dominio,con_ejemplo,1310,804,2114,2065,2065
eventos,50,2,cl100k_base,general_dominio,con_ejemplo,1313,851,2164,2065,2065
eventos,50,2,r50k_base,general_dominio,con_ejemplo,1406,1076,2483,2065,2065
eventos,50,2,o200k_base,especializado,compacta_sin_ejemplo,821,313,1134,1243,1243
eventos,50,2,cl100k_base,especializado,compacta_sin_ejemplo,782,331,1113,1243,1243
eventos,50,2,r50k_base,especializado,compacta_sin_ejemplo,821,420,1243,1243,1243
eventos,50,2,o200k_base,especializado,compacta_con_ejemplo,821,363,1185,1243,1243
eventos,50,2,cl100k_base,especializado,compacta_con_ejemplo,782,377,1160,1243,1243
eventos,50,2,r50k_base,especializado,compacta_con_ejemplo,821,477,1300,1243,1243
eventos,50,2,o200k_base,especializado,spec_block_sin_ejemplo,821,624,1445,1243,1243
eventos,50,2,cl100k_base,especializado,spec_block_sin_ejemplo,782,656,1438,1243,1243
eventos,50,2,r50k_base,especializado,spec_block_sin_ejemplo,821,831,1654,1243,1243
eventos,50,2,o200k_base,especializado,spec_block_con_ejemplo,821,674,1496,1243,1243
eventos,50,2,cl100k_base,especializado,spec_block_con_ejemplo,782,702,1485,1243,1243
eventos,50,2,r50k_base,especializado,spec_block_con_ejemplo,821,888,1711,1243,1243
eventos,50,3,o200k_base,json_compacto,ninguna,3284,0,3284,10000,10000
eventos,50,3,cl100k_base,json_compacto,ninguna,3352,0,3352,10000,10000
eventos,50,3,r50k_base,json_compacto,ninguna,4121,0,4121,10000,10000
eventos,50,3,o200k_base,json_compacto,schema_sin_ejemplo,3284,327,3611,10000,10000
eventos,50,3,cl100k_base,json_compacto,schema_sin_ejemplo,3352,332,3685,10000,10000
eventos,50,3,r50k_base,json_compacto,schema_sin_ejemplo,4121,406,4529,10000,10000
eventos,50,3,o200k_base,json_compacto,schema_con_ejemplo,3284,464,3748,10000,10000
eventos,50,3,cl100k_base,json_compacto,schema_con_ejemplo,3352,475,3827,10000,10000
eventos,50,3,r50k_base,json_compacto,schema_con_ejemplo,4121,587,4710,10000,10000
eventos,50,3,o200k_base,json_legible,ninguna,4788,0,4788,14108,14108
eventos,50,3,cl100k_base,json_legible,ninguna,4857,0,4857,14108,14108
eventos,50,3,r50k_base,json_legible,ninguna,8079,0,8079,14108,14108
eventos,50,3,o200k_base,json_abreviado,ninguna,2021,0,2021,5929,5929
eventos,50,3,cl100k_base,json_abreviado,ninguna,2020,0,2020,5929,5929
eventos,50,3,r50k_base,json_abreviado,ninguna,2371,0,2371,5929,5929
eventos,50,3,o200k_base,general_fromschema,sin_ejemplo,1973,497,2470,4584,4584
eventos,50,3,cl100k_base,general_fromschema,sin_ejemplo,2040,530,2570,4584,4584
eventos,50,3,r50k_base,general_fromschema,sin_ejemplo,2361,680,3043,4584,4584
eventos,50,3,o200k_base,general_fromschema,con_ejemplo,1973,582,2556,4584,4584
eventos,50,3,cl100k_base,general_fromschema,con_ejemplo,2040,621,2662,4584,4584
eventos,50,3,r50k_base,general_fromschema,con_ejemplo,2361,791,3154,4584,4584
eventos,50,3,o200k_base,general_dominio,sin_ejemplo,1315,693,2008,2070,2070
eventos,50,3,cl100k_base,general_dominio,sin_ejemplo,1318,737,2055,2070,2070
eventos,50,3,r50k_base,general_dominio,sin_ejemplo,1412,939,2352,2070,2070
eventos,50,3,o200k_base,general_dominio,con_ejemplo,1315,804,2119,2070,2070
eventos,50,3,cl100k_base,general_dominio,con_ejemplo,1318,851,2169,2070,2070
eventos,50,3,r50k_base,general_dominio,con_ejemplo,1412,1076,2489,2070,2070
eventos,50,3,o200k_base,especializado,compacta_sin_ejemplo,820,313,1133,1220,1220
eventos,50,3,cl100k_base,especializado,compacta_sin_ejemplo,764,331,1095,1220,1220
eventos,50,3,r50k_base,especializado,compacta_sin_ejemplo,821,420,1243,1220,1220
eventos,50,3,o200k_base,especializado,compacta_con_ejemplo,820,363,1184,1220,1220
eventos,50,3,cl100k_base,especializado,compacta_con_ejemplo,764,377,1142,1220,1220
eventos,50,3,r50k_base,especializado,compacta_con_ejemplo,821,477,1300,1220,1220
eventos,50,3,o200k_base,especializado,spec_block_sin_ejemplo,820,624,1444,1220,1220
eventos,50,3,cl100k_base,especializado,spec_block_sin_ejemplo,764,656,1420,1220,1220
eventos,50,3,r50k_base,especializado,spec_block_sin_ejemplo,821,831,1654,1220,1220
eventos,50,3,o200k_base,especializado,spec_block_con_ejemplo,820,674,1495,1220,1220
eventos,50,3,cl100k_base,especializado,spec_block_con_ejemplo,764,702,1467,1220,1220
eventos,50,3,r50k_base,especializado,spec_block_con_ejemplo,821,888,1711,1220,1220
eventos,50,4,o200k_base,json_compacto,ninguna,3270,0,3270,9905,9905
eventos,50,4,cl100k_base,json_compacto,ninguna,3343,0,3343,9905,9905
eventos,50,4,r50k_base,json_compacto,ninguna,4058,0,4058,9905,9905
eventos,50,4,o200k_base,json_compacto,schema_sin_ejemplo,3270,327,3597,9905,9905
eventos,50,4,cl100k_base,json_compacto,schema_sin_ejemplo,3343,332,3676,9905,9905
eventos,50,4,r50k_base,json_compacto,schema_sin_ejemplo,4058,406,4466,9905,9905
eventos,50,4,o200k_base,json_compacto,schema_con_ejemplo,3270,464,3734,9905,9905
eventos,50,4,cl100k_base,json_compacto,schema_con_ejemplo,3343,475,3818,9905,9905
eventos,50,4,r50k_base,json_compacto,schema_con_ejemplo,4058,587,4647,9905,9905
eventos,50,4,o200k_base,json_legible,ninguna,4774,0,4774,14013,14013
eventos,50,4,cl100k_base,json_legible,ninguna,4848,0,4848,14013,14013
eventos,50,4,r50k_base,json_legible,ninguna,8016,0,8016,14013,14013
eventos,50,4,o200k_base,json_abreviado,ninguna,2018,0,2018,5951,5951
eventos,50,4,cl100k_base,json_abreviado,ninguna,2017,0,2017,5951,5951
eventos,50,4,r50k_base,json_abreviado,ninguna,2367,0,2367,5951,5951
eventos,50,4,o200k_base,general_fromschema,sin_ejemplo,1947,497,2444,4477,4477
eventos,50,4,cl100k_base,general_fromschema,sin_ejemplo,2015,530,2545,4477,4477
eventos,50,4,r50k_base,general_fromschema,sin_ejemplo,2286,680,2968,4477,4477
eventos,50,4,o200k_base,general_fromschema,con_ejemplo,1947,582,2530,4477,4477
eventos,50,4,cl100k_base,general_fromschema,con_ejemplo,2015,621,2637,4477,4477
eventos,50,4,r50k_base,general_fromschema,con_ejemplo,2286,791,3079,4477,4477
eventos,50,4,o200k_base,general_dominio,sin_ejemplo,1315,693,2008,2086,2086
eventos,50,4,cl100k_base,general_dominio,sin_ejemplo,1318,737,2055,2086,2086
eventos,50,4,r50k_base,general_dominio,sin_ejemplo,1411,939,2351,2086,2086
eventos,50,4,o200k_base,general_dominio,con_ejemplo,1315,804,2119,2086,2086
eventos,50,4,cl100k_base,general_dominio,con_ejemplo,1318,851,2169,2086,2086
eventos,50,4,r50k_base,general_dominio,con_ejemplo,1411,1076,2488,2086,2086
eventos,50,4,o200k_base,especializado,compacta_sin_ejemplo,817,313,1130,1242,1242
eventos,50,4,cl100k_base,especializado,compacta_sin_ejemplo,749,331,1080,1242,1242
eventos,50,4,r50k_base,especializado,compacta_sin_ejemplo,817,420,1239,1242,1242
eventos,50,4,o200k_base,especializado,compacta_con_ejemplo,817,363,1181,1242,1242
eventos,50,4,cl100k_base,especializado,compacta_con_ejemplo,749,377,1127,1242,1242
eventos,50,4,r50k_base,especializado,compacta_con_ejemplo,817,477,1296,1242,1242
eventos,50,4,o200k_base,especializado,spec_block_sin_ejemplo,817,624,1441,1242,1242
eventos,50,4,cl100k_base,especializado,spec_block_sin_ejemplo,749,656,1405,1242,1242
eventos,50,4,r50k_base,especializado,spec_block_sin_ejemplo,817,831,1650,1242,1242
eventos,50,4,o200k_base,especializado,spec_block_con_ejemplo,817,674,1492,1242,1242
eventos,50,4,cl100k_base,especializado,spec_block_con_ejemplo,749,702,1452,1242,1242
eventos,50,4,r50k_base,especializado,spec_block_con_ejemplo,817,888,1707,1242,1242
eventos,100,0,o200k_base,json_compacto,ninguna,6577,0,6577,19863,19863
eventos,100,0,cl100k_base,json_compacto,ninguna,6698,0,6698,19863,19863
eventos,100,0,r50k_base,json_compacto,ninguna,8195,0,8195,19863,19863
eventos,100,0,o200k_base,json_compacto,schema_sin_ejemplo,6577,327,6904,19863,19863
eventos,100,0,cl100k_base,json_compacto,schema_sin_ejemplo,6698,332,7031,19863,19863
eventos,100,0,r50k_base,json_compacto,schema_sin_ejemplo,8195,406,8603,19863,19863
eventos,100,0,o200k_base,json_compacto,schema_con_ejemplo,6577,464,7041,19863,19863
eventos,100,0,cl100k_base,json_compacto,schema_con_ejemplo,6698,475,7173,19863,19863
eventos,100,0,r50k_base,json_compacto,schema_con_ejemplo,8195,587,8784,19863,19863
eventos,100,0,o200k_base,json_legible,ninguna,9581,0,9581,28071,28071
eventos,100,0,cl100k_base,json_legible,ninguna,9703,0,9703,28071,28071
eventos,100,0,r50k_base,json_legible,ninguna,16103,0,16103,28071,28071
eventos,100,0,o200k_base,json_abreviado,ninguna,4022,0,4022,11884,11884
eventos,100,0,cl100k_base,json_abreviado,ninguna,4021,0,4021,11884,11884
eventos,100,0,r50k_base,json_abreviado,ninguna,4723,0,4723,11884,11884
eventos,100,0,o200k_base,general_fromschema,sin_ejemplo,3950,497,4447,9032,9032
eventos,100,0,cl100k_base,general_fromschema,sin_ejemplo,4058,530,4588,9032,9032
eventos,100,0,r50k_base,general_fromschema,sin_ejemplo,4669,680,5351,9032,9032
eventos,100,0,o200k_base,general_fromschema,con_ejemplo,3950,582,4533,9032,9032
eventos,100,0,cl100k_base,general_fromschema,con_ejemplo,4058,621,4680,9032,9032
eventos,100,0,r50k_base,general_fromschema,con_ejemplo,4669,791,5462,9032,9032
eventos,100,0,o200k_base,general_dominio,sin_ejemplo,2465,693,3158,3693,3693
eventos,100,0,cl100k_base,general_dominio,sin_ejemplo,2468,737,3205,3693,3693
eventos,100,0,r50k_base,general_dominio,sin_ejemplo,2611,939,3551,3693,3693
eventos,100,0,o200k_base,general_dominio,con_ejemplo,2465,804,3269,3693,3693
eventos,100,0,cl100k_base,general_dominio,con_ejemplo,2468,851,3319,3693,3693
eventos,100,0,r50k_base,general_dominio,con_ejemplo,2611,1076,3688,3693,3693
eventos,100,0,o200k_base,especializado,compacta_sin_ejemplo,1621,313,1934,2476,2476
eventos,100,0,cl100k_base,especializado,compacta_sin_ejemplo,1513,331,1844,2476,2476
eventos,100,0,r50k_base,especializado,compacta_sin_ejemplo,1623,420,2045,2476,2476
eventos,100,0,o200k_base,especializado,compacta_con_ejemplo,1621,363,1985,2476,2476
eventos,100,0,cl100k_base,especializado,compacta_con_ejemplo,1513,377,1891,2476,2476
eventos,100,0,r50k_base,especializado,compacta_con_ejemplo,1623,477,2102,2476,2476
eventos,100,0,o200k_base,especializado,spec_block_sin_ejemplo,1621,624,2245,2476,2476
eventos,100,0,cl100k_base,especializado,spec_block_sin_ejemplo,1513,656,2169,2476,2476
eventos,100,0,r50k_base,especializado,spec_block_sin_ejemplo,1623,831,2456,2476,2476
eventos,100,0,o200k_base,especializado,spec_block_con_ejemplo,1621,674,2296,2476,2476
eventos,100,0,cl100k_base,especializado,spec_block_con_ejemplo,1513,702,2216,2476,2476
eventos,100,0,r50k_base,especializado,spec_block_con_ejemplo,1623,888,2513,2476,2476
eventos,100,1,o200k_base,json_compacto,ninguna,6621,0,6621,19959,19959
eventos,100,1,cl100k_base,json_compacto,ninguna,6757,0,6757,19959,19959
eventos,100,1,r50k_base,json_compacto,ninguna,8277,0,8277,19959,19959
eventos,100,1,o200k_base,json_compacto,schema_sin_ejemplo,6621,327,6948,19959,19959
eventos,100,1,cl100k_base,json_compacto,schema_sin_ejemplo,6757,332,7090,19959,19959
eventos,100,1,r50k_base,json_compacto,schema_sin_ejemplo,8277,406,8685,19959,19959
eventos,100,1,o200k_base,json_compacto,schema_con_ejemplo,6621,464,7085,19959,19959
eventos,100,1,cl100k_base,json_compacto,schema_con_ejemplo,6757,475,7232,19959,19959
eventos,100,1,r50k_base,json_compacto,schema_con_ejemplo,8277,587,8866,19959,19959
eventos,100,1,o200k_base,json_legible,ninguna,9625,0,9625,28167,28167
eventos,100,1,cl100k_base,json_legible,ninguna,9762,0,9762,28167,28167
eventos,100,1,r50k_base,json_legible,ninguna,16185,0,16185,28167,28167
eventos,100,1,o200k_base,json_abreviado,ninguna,4026,0,4026,11854,11854
eventos,100,1,cl100k_base,json_abreviado,ninguna,4025,0,4025,11854,11854
eventos,100,1,r50k_base,json_abreviado,ninguna,4734,0,4734,11854,11854
eventos,100,1,o200k_base,general_fromschema,sin_ejemplo,4004,497,4501,9138,9138
eventos,100,1,cl100k_base,general_fromschema,sin_ejemplo,4125,530,4655,9138,9138
eventos,100,1,r50k_base,general_fromschema,sin_ejemplo,4761,680,5443,9138,9138
eventos,100,1,o200k_base,general_fromschema,con_ejemplo,4004,582,4587,9138,9138
eventos,100,1,cl100k_base,general_fromschema,con_ejemplo,4125,621,4747,9138,9138
eventos,100,1,r50k_base,general_fromschema,con_ejemplo,4761,791,5554,9138,9138
eventos,100,1,o200k_base,general_dominio,sin_ejemplo,2465,693,3158,3679,3679
eventos,100,1,cl100k_base,general_dominio,sin_ejemplo,2468,737,3205,3679,3679
eventos,100,1,r50k_base,general_dominio,sin_ejemplo,2609,939,3549,3679,3679
eventos,100,1,o200k_base,general_dominio,con_ejemplo,2465,804,3269,3679,3679
eventos,100,1,cl100k_base,general_dominio,con_ejemplo,2468,851,3319,3679,3679
eventos,100,1,r50k_base,general_dominio,con_ejemplo,2609,1076,3686,3679,3679
eventos,100,1,o200k_base,especializado,compacta_sin_ejemplo,1625,313,1938,2446,2446
eventos,100,1,cl100k_base,especializado,compacta_sin_ejemplo,1510,331,1841,2446,2446
eventos,100,1,r50k_base,especializado,compacta_sin_ejemplo,1634,420,2056,2446,2446
eventos,100,1,o200k_base,especializado,compacta_con_ejemplo,1625,363,1989,2446,2446
eventos,100,1,cl100k_base,especializado,compacta_con_ejemplo,1510,377,1888,2446,2446
eventos,100,1,r50k_base,especializado,compacta_con_ejemplo,1634,477,2113,2446,2446
eventos,100,1,o200k_base,especializado,spec_block_sin_ejemplo,1625,624,2249,2446,2446
eventos,100,1,cl100k_base,especializado,spec_block_sin_ejemplo,1510,656,2166,2446,2446
eventos,100,1,r50k_base,especializado,spec_block_sin_ejemplo,1634,831,2467,2446,2446
eventos,100,1,o200k_base,especializado,spec_block_con_ejemplo,1625,674,2300,2446,2446
eventos,100,1,cl100k_base,especializado,spec_block_con_ejemplo,1510,702,2213,2446,2446
eventos,100,1,r50k_base,especializado,spec_block_con_ejemplo,1634,888,2524,2446,2446
eventos,100,2,o200k_base,json_compacto,ninguna,6617,0,6617,19920,19920
eventos,100,2,cl100k_base,json_compacto,ninguna,6734,0,6734,19920,19920
eventos,100,2,r50k_base,json_compacto,ninguna,8261,0,8261,19920,19920
eventos,100,2,o200k_base,json_compacto,schema_sin_ejemplo,6617,327,6944,19920,19920
eventos,100,2,cl100k_base,json_compacto,schema_sin_ejemplo,6734,332,7067,19920,19920
eventos,100,2,r50k_base,json_compacto,schema_sin_ejemplo,8261,406,8669,19920,19920
eventos,100,2,o200k_base,json_compacto,schema_con_ejemplo,6617,464,7081,19920,19920
eventos,100,2,cl100k_base,json_compacto,schema_con_ejemplo,6734,475,7209,19920,19920
eventos,100,2,r50k_base,json_compacto,schema_con_ejemplo,8261,587,8850,19920,19920
eventos,100,2,o200k_base,json_legible,ninguna,9621,0,9621,28128,28128
eventos,100,2,cl100k_base,json_legible,ninguna,9739,0,9739,28128,28128
eventos,100,2,r50k_base,json_legible,ninguna,16169,0,16169,28128,28128
eventos,100,2,o200k_base,json_abreviado,ninguna,4029,0,4029,11873,11873
eventos,100,2,cl100k_base,json_abreviado,ninguna,4028,0,4028,11873,11873
eventos,100,2,r50k_base,json_abreviado,ninguna,4730,0,4730,11873,11873
eventos,100,2,o200k_base,general_fromschema,sin_ejemplo,4000,497,4497,9099,9099
eventos,100,2,cl100k_base,general_fromschema,sin_ejemplo,4108,530,4638,9099,9099
eventos,100,2,r50k_base,general_fromschema,sin_ejemplo,4745,680,5427,9099,9099
eventos,100,2,o200k_base,general_fromschema,con_ejemplo,4000,582,4583,9099,9099
eventos,100,2,cl100k_base,general_fromschema,con_ejemplo,4108,621,4730,9099,9099
eventos,100,2,r50k_base,general_fromschema,con_ejemplo,4745,791,5538,9099,9099
eventos,100,2,o200k_base,general_dominio,sin_ejemplo,2465,693,3158,3685,3685
eventos,100,2,cl100k_base,general_dominio,sin_ejemplo,2468,737,3205,3685,3685
eventos,100,2,r50k_base,general_dominio,sin_ejemplo,2611,939,3551,3685,3685
eventos,100,2,o200k_base,general_dominio,con_ejemplo,2465,804,3269,3685,3685
eventos,100,2,cl100k_base,general_dominio,con_ejemplo,2468,851,3319,3685,3685
eventos,100,2,r50k_base,general_dominio,con_ejemplo,2611,1076,3688,3685,3685
eventos,100,2,o200k_base,especializado,compacta_sin_ejemplo,1628,313,1941,2465,2465
eventos,100,2,cl100k_base,especializado,compacta_sin_ejemplo,1542,331,1873,2465,2465
eventos,100,2,r50k_base,especializado,compacta_sin_ejemplo,1630,420,2052,2465,2465
eventos,100,2,o200k_base,especializado,compacta_con_ejemplo,1628,363,1992,2465,2465
eventos,100,2,cl100k_base,especializado,compacta_con_ejemplo,1542,377,1920,2465,2465
eventos,100,2,r50k_base,especializado,compacta_con_ejemplo,1630,477,2109,2465,2465
eventos,100,2,o200k_base,especializado,spec_block_sin_ejemplo,1628,624,2252,2465,2465
eventos,100,2,cl100k_base,especializado,spec_block_sin_ejemplo,1542,656,2198,2465,2465
eventos,100,2,r50k_base,especializado,spec_block_sin_ejemplo,1630,831,2463,2465,2465
eventos,100,2,o200k_base,especializado,spec_block_con_ejemplo,1628,674,2303,2465,2465
eventos,100,2,cl100k_base,especializado,spec_block_con_ejemplo,1542,702,2245,2465,2465
eventos,100,2,r50k_base,especializado,spec_block_con_ejemplo,1630,888,2520,2465,2465
eventos,100,3,o200k_base,json_compacto,ninguna,6595,0,6595,19986,19986
eventos,100,3,cl100k_base,json_compacto,ninguna,6734,0,6734,19986,19986
eventos,100,3,r50k_base,json_compacto,ninguna,8263,0,8263,19986,19986
eventos,100,3,o200k_base,json_compacto,schema_sin_ejemplo,6595,327,6922,19986,19986
eventos,100,3,cl100k_base,json_compacto,schema_sin_ejemplo,6734,332,7067,19986,19986
eventos,100,3,r50k_base,json_compacto,schema_sin_ejemplo,8263,406,8671,19986,19986
eventos,100,3,o200k_base,json_compacto,schema_con_ejemplo,6595,464,7059,19986,19986
eventos,100,3,cl100k_base,json_compacto,schema_con_ejemplo,6734,475,7209,19986,19986
eventos,100,3,r50k_base,json_compacto,schema_con_ejemplo,8263,587,8852,19986,19986
eventos,100,3,o200k_base,json_legible,ninguna,9599,0,9599,28194,28194
eventos,100,3,cl100k_base,json_legible,ninguna,9739,0,9739,28194,28194
eventos,100,3,r50k_base,json_legible,ninguna,16171,0,16171,28194,28194
eventos,100,3,o200k_base,json_abreviado,ninguna,4028,0,4028,11857,11857
eventos,100,3,cl100k_base,json_abreviado,ninguna,4027,0,4027,11857,11857
eventos,100,3,r50k_base,json_abreviado,ninguna,4729,0,4729,11857,11857
eventos,100,3,o200k_base,general_fromschema,sin_ejemplo,3976,497,4473,9163,9163
eventos,100,3,cl100k_base,general_fromschema,sin_ejemplo,4109,530,4639,9163,9163
eventos,100,3,r50k_base,general_fromschema,sin_ejemplo,4745,680,5427,9163,9163
eventos,100,3,o200k_base,general_fromschema,con_ejemplo,3976,582,4559,9163,9163
eventos,100,3,cl100k_base,general_fromschema,con_ejemplo,4109,621,4731,9163,9163
eventos,100,3,r50k_base,general_fromschema,con_ejemplo,4745,791,5538,9163,9163
eventos,100,3,o200k_base,general_dominio,sin_ejemplo,2465,693,3158,3682,3682
eventos,100,3,cl100k_base,general_dominio,sin_ejemplo,2468,737,3205,3682,3682
eventos,100,3,r50k_base,general_dominio,sin_ejemplo,2611,939,3551,3682,3682
eventos,100,3,o200k_base,general_dominio,con_ejemplo,2465,804,3269,3682,3682
eventos,100,3,cl100k_base,general_dominio,con_ejemplo,2468,851,3319,3682,3682
eventos,100,3,r50k_base,general_dominio,con_ejemplo,2611,1076,3688,3682,3682
eventos,100,3,o200k_base,especializado,compacta_sin_ejemplo,1627,313,1940,2449,2449
eventos,100,3,cl100k_base,especializado,compacta_sin_ejemplo,1518,331,1849,2449,2449
eventos,100,3,r50k_base,especializado,compacta_sin_ejemplo,1629,420,2051,2449,2449
eventos,100,3,o200k_base,especializado,compacta_con_ejemplo,1627,363,1991,2449,2449
eventos,100,3,cl100k_base,especializado,compacta_con_ejemplo,1518,377,1896,2449,2449
eventos,100,3,r50k_base,especializado,compacta_con_ejemplo,1629,477,2108,2449,2449
eventos,100,3,o200k_base,especializado,spec_block_sin_ejemplo,1627,624,2251,2449,2449
eventos,100,3,cl100k_base,especializado,spec_block_sin_ejemplo,1518,656,2174,2449,2449
eventos,100,3,r50k_base,especializado,spec_block_sin_ejemplo,1629,831,2462,2449,2449
eventos,100,3,o200k_base,especializado,spec_block_con_ejemplo,1627,674,2302,2449,2449
eventos,100,3,cl100k_base,especializado,spec_block_con_ejemplo,1518,702,2221,2449,2449
eventos,100,3,r50k_base,especializado,spec_block_con_ejemplo,1629,888,2519,2449,2449
eventos,100,4,o200k_base,json_compacto,ninguna,6583,0,6583,19910,19910
eventos,100,4,cl100k_base,json_compacto,ninguna,6720,0,6720,19910,19910
eventos,100,4,r50k_base,json_compacto,ninguna,8197,0,8197,19910,19910
eventos,100,4,o200k_base,json_compacto,schema_sin_ejemplo,6583,327,6910,19910,19910
eventos,100,4,cl100k_base,json_compacto,schema_sin_ejemplo,6720,332,7053,19910,19910
eventos,100,4,r50k_base,json_compacto,schema_sin_ejemplo,8197,406,8605,19910,19910
eventos,100,4,o200k_base,json_compacto,schema_con_ejemplo,6583,464,7047,19910,19910
eventos,100,4,cl100k_base,json_compacto,schema_con_ejemplo,6720,475,7195,19910,19910
eventos,100,4,r50k_base,json_compacto,schema_con_ejemplo,8197,587,8786,19910,19910
eventos,100,4,o200k_base,json_legible,ninguna,9587,0,9587,28118,28118
eventos,100,4,cl100k_base,json_legible,ninguna,9725,0,9725,28118,28118
eventos,100,4,r50k_base,json_legible,ninguna,16105,0,16105,28118,28118
eventos,100,4,o200k_base,json_abreviado,ninguna,4020,0,4020,11867,11867
eventos,100,4,cl100k_base,json_abreviado,ninguna,4019,0,4019,11867,11867
eventos,100,4,r50k_base,json_abreviado,ninguna,4724,0,4724,11867,11867
eventos,100,4,o200k_base,general_fromschema,sin_ejemplo,3956,497,4453,9079,9079
eventos,100,4,cl100k_base,general_fromschema,sin_ejemplo,4084,530,4614,9079,9079
eventos,100,4,r50k_base,general_fromschema,sin_ejemplo,4671,680,5353,9079,9079
eventos,100,4,o200k_base,general_fromschema,con_ejemplo,3956,582,4539,9079,9079
eventos,100,4,cl100k_base,general_fromschema,con_ejemplo,4084,621,4706,9079,9079
eventos,100,4,r50k_base,general_fromschema,con_ejemplo,4671,791,5464,9079,9079
eventos,100,4,o200k_base,general_dominio,sin_ejemplo,2465,693,3158,3684,3684
eventos,100,4,cl100k_base,general_dominio,sin_ejemplo,2468,737,3205,3684,3684
eventos,100,4,r50k_base,general_dominio,sin_ejemplo,2611,939,3551,3684,3684
eventos,100,4,o200k_base,general_dominio,con_ejemplo,2465,804,3269,3684,3684
eventos,100,4,cl100k_base,general_dominio,con_ejemplo,2468,851,3319,3684,3684
eventos,100,4,r50k_base,general_dominio,con_ejemplo,2611,1076,3688,3684,3684
eventos,100,4,o200k_base,especializado,compacta_sin_ejemplo,1619,313,1932,2459,2459
eventos,100,4,cl100k_base,especializado,compacta_sin_ejemplo,1499,331,1830,2459,2459
eventos,100,4,r50k_base,especializado,compacta_sin_ejemplo,1624,420,2046,2459,2459
eventos,100,4,o200k_base,especializado,compacta_con_ejemplo,1619,363,1983,2459,2459
eventos,100,4,cl100k_base,especializado,compacta_con_ejemplo,1499,377,1877,2459,2459
eventos,100,4,r50k_base,especializado,compacta_con_ejemplo,1624,477,2103,2459,2459
eventos,100,4,o200k_base,especializado,spec_block_sin_ejemplo,1619,624,2243,2459,2459
eventos,100,4,cl100k_base,especializado,spec_block_sin_ejemplo,1499,656,2155,2459,2459
eventos,100,4,r50k_base,especializado,spec_block_sin_ejemplo,1624,831,2457,2459,2459
eventos,100,4,o200k_base,especializado,spec_block_con_ejemplo,1619,674,2294,2459,2459
eventos,100,4,cl100k_base,especializado,spec_block_con_ejemplo,1499,702,2202,2459,2459
eventos,100,4,r50k_base,especializado,spec_block_con_ejemplo,1624,888,2514,2459,2459
eventos,250,0,o200k_base,json_compacto,ninguna,16456,0,16456,49764,49764
eventos,250,0,cl100k_base,json_compacto,ninguna,16776,0,16776,49764,49764
eventos,250,0,r50k_base,json_compacto,ninguna,20577,0,20577,49764,49764
eventos,250,0,o200k_base,json_compacto,schema_sin_ejemplo,16456,327,16783,49764,49764
eventos,250,0,cl100k_base,json_compacto,schema_sin_ejemplo,16776,332,17109,49764,49764
eventos,250,0,r50k_base,json_compacto,schema_sin_ejemplo,20577,406,20985,49764,49764
eventos,250,0,o200k_base,json_compacto,schema_con_ejemplo,16456,464,16920,49764,49764
eventos,250,0,cl100k_base,json_compacto,schema_con_ejemplo,16776,475,17251,49764,49764
eventos,250,0,r50k_base,json_compacto,schema_con_ejemplo,20577,587,21166,49764,49764
eventos,250,0,o200k_base,json_legible,ninguna,23960,0,23960,70272,70272
eventos,250,0,cl100k_base,json_legible,ninguna,24281,0,24281,70272,70272
eventos,250,0,r50k_base,json_legible,ninguna,40335,0,40335,70272,70272
eventos,250,0,o200k_base,json_abreviado,ninguna,10098,0,10098,29715,29715
eventos,250,0,cl100k_base,json_abreviado,ninguna,10097,0,10097,29715,29715
eventos,250,0,r50k_base,json_abreviado,ninguna,11885,0,11885,29715,29715
eventos,250,0,o200k_base,general_fromschema,sin_ejemplo,9907,497,10404,22711,22711
eventos,250,0,cl100k_base,general_fromschema,sin_ejemplo,10196,530,10726,22711,22711
eventos,250,0,r50k_base,general_fromschema,sin_ejemplo,11779,680,12461,22711,22711
eventos,250,0,o200k_base,general_fromschema,con_ejemplo,9907,582,10490,22711,22711
eventos,250,0,cl100k_base,general_fromschema,con_ejemplo,10196,621,10818,22711,22711
eventos,250,0,r50k_base,general_fromschema,con_ejemplo,11779,791,12572,22711,22711
eventos,250,0,o200k_base,general_dominio,sin_ejemplo,5915,693,6608,8504,8504
eventos,250,0,cl100k_base,general_dominio,sin_ejemplo,5918,737,6655,8504,8504
eventos,250,0,r50k_base,general_dominio,sin_ejemplo,6207,939,7147,8504,8504
eventos,250,0,o200k_base,general_dominio,con_ejemplo,5915,804,6719,8504,8504
eventos,250,0,cl100k_base,general_dominio,con_ejemplo,5918,851,6769,8504,8504
eventos,250,0,r50k_base,general_dominio,con_ejemplo,6207,1076,7284,8504,8504
eventos,250,0,o200k_base,especializado,compacta_sin_ejemplo,4097,313,4410,6207,6207
eventos,250,0,cl100k_base,especializado,compacta_sin_ejemplo,3820,331,4151,6207,6207
eventos,250,0,r50k_base,especializado,compacta_sin_ejemplo,4135,420,4557,6207,6207
eventos,250,0,o200k_base,especializado,compacta_con_ejemplo,4097,363,4461,6207,6207
eventos,250,0,cl100k_base,especializado,compacta_con_ejemplo,3820,377,4198,6207,6207
eventos,250,0,r50k_base,especializado,compacta_con_ejemplo,4135,477,4614,6207,6207
eventos,250,0,o200k_base,especializado,spec_block_sin_ejemplo,4097,624,4721,6207,6207
eventos,250,0,cl100k_base,especializado,spec_block_sin_ejemplo,3820,656,4476,6207,6207
eventos,250,0,r50k_base,especializado,spec_block_sin_ejemplo,4135,831,4968,6207,6207
eventos,250,0,o200k_base,especializado,spec_block_con_ejemplo,4097,674,4772,6207,6207
eventos,250,0,cl100k_base,especializado,spec_block_con_ejemplo,3820,702,4523,6207,6207
eventos,250,0,r50k_base,especializado,spec_block_con_ejemplo,4135,888,5025,6207,6207
eventos,250,1,o200k_base,json_compacto,ninguna,16526,0,16526,49853,49853
eventos,250,1,cl100k_base,json_compacto,ninguna,16856,0,16856,49853,49853
eventos,250,1,r50k_base,json_compacto,ninguna,20642,0,20642,49853,49853
eventos,250,1,o200k_base,json_compacto,schema_sin_ejemplo,16526,327,16853,49853,49853
eventos,250,1,cl100k_base,json_compacto,schema_sin_ejemplo,16856,332,17189,49853,49853
eventos,250,1,r50k_base,json_compacto,schema_sin_ejemplo,20642,406,21050,49853,49853
eventos,250,1,o200k_base,json_compacto,schema_con_ejemplo,16526,464,16990,49853,49853
eventos,250,1,cl100k_base,json_compacto,schema_con_ejemplo,16856,475,17331,49853,49853
eventos,250,1,r50k_base,json_compacto,schema_con_ejemplo,20642,587,21231,49853,49853
eventos,250,1,o200k_base,json_legible,ninguna,24030,0,24030,70361,70361
eventos,250,1,cl100k_base,json_legible,ninguna,24361,0,24361,70361,70361
eventos,250,1,r50k_base,json_legible,ninguna,40400,0,40400,70361,70361
eventos,250,1,o200k_base,json_abreviado,ninguna,10099,0,10099,29678,29678
eventos,250,1,cl100k_base,json_abreviado,ninguna,10098,0,10098,29678,29678
eventos,250,1,r50k_base,json_abreviado,ninguna,11892,0,11892,29678,29678
eventos,250,1,o200k_base,general_fromschema,sin_ejemplo,9983,497,10480,22806,22806
eventos,250,1,cl100k_base,general_fromschema,sin_ejemplo,10283,530,10813,22806,22806
eventos,250,1,r50k_base,general_fromschema,sin_ejemplo,11850,680,12532,22806,22806
eventos,250,1,o200k_base,general_fromschema,con_ejemplo,9983,582,10566,22806,22806
eventos,250,1,cl100k_base,general_fromschema,con_ejemplo,10283,621,10905,22806,22806
eventos,250,1,r50k_base,general_fromschema,con_ejemplo,11850,791,12643,22806,22806
eventos,250,1,o200k_base,general_dominio,sin_ejemplo,5915,693,6608,8489,8489
eventos,250,1,cl100k_base,general_dominio,sin_ejemplo,5918,737,6655,8489,8489
eventos,250,1,r50k_base,general_dominio,sin_ejemplo,6206,939,7146,8489,8489
eventos,250,1,o200k_base,general_dominio,con_ejemplo,5915,804,6719,8489,8489
eventos,250,1,cl100k_base,general_dominio,con_ejemplo,5918,851,6769,8489,8489
eventos,250,1,r50k_base,general_dominio,con_ejemplo,6206,1076,7283,8489,8489
eventos,250,1,o200k_base,especializado,compacta_sin_ejemplo,4098,313,4411,6170,6170
eventos,250,1,cl100k_base,especializado,compacta_sin_ejemplo,3826,331,4157,6170,6170
eventos,250,1,r50k_base,especializado,compacta_sin_ejemplo,4142,420,4564,6170,6170
eventos,250,1,o200k_base,especializado,compacta_con_ejemplo,4098,363,4462,6170,6170
eventos,250,1,cl100k_base,especializado,compacta_con_ejemplo,3826,377,4204,6170,6170
eventos,250,1,r50k_base,especializado,compacta_con_ejemplo,4142,477,4621,6170,6170
eventos,250,1,o200k_base,especializado,spec_block_sin_ejemplo,4098,624,4722,6170,6170
eventos,250,1,cl100k_base,especializado,spec_block_sin_ejemplo,3826,656,4482,6170,6170
eventos,250,1,r50k_base,especializado,spec_block_sin_ejemplo,4142,831,4975,6170,6170
eventos,250,1,o200k_base,especializado,spec_block_con_ejemplo,4098,674,4773,6170,6170
eventos,250,1,cl100k_base,especializado,spec_block_con_ejemplo,3826,702,4529,6170,6170
eventos,250,1,r50k_base,especializado,spec_block_con_ejemplo,4142,888,5032,6170,6170
eventos,250,2,o200k_base,json_compacto,ninguna,16517,0,16517,49850,49850
eventos,250,2,cl100k_base,json_compacto,ninguna,16831,0,16831,49850,49850
eventos,250,2,r50k_base,json_compacto,ninguna,20627,0,20627,49850,49850
eventos,250,2,o200k_base,json_compacto,schema_sin_ejemplo,16517,327,16844,49850,49850
eventos,250,2,cl100k_base,json_compacto,schema_sin_ejemplo,16831,332,17164,49850,49850
eventos,250,2,r50k_base,json_compacto,schema_sin_ejemplo,20627,406,21035,49850,49850
eventos,250,2,o200k_base,json_compacto,schema_con_ejemplo,16517,464,16981,49850,49850
eventos,250,2,cl100k_base,json_compacto,schema_con_ejemplo,16831,475,17306,49850,49850
eventos,250,2,r50k_base,json_compacto,schema_con_ejemplo,20627,587,21216,49850,49850
eventos,250,2,o200k_base,json_legible,ninguna,24021,0,24021,70358,70358
eventos,250,2,cl100k_base,json_legible,ninguna,24336,0,24336,70358,70358
eventos,250,2,r50k_base,json_legible,ninguna,40385,0,40385,70358,70358
eventos,250,2,o200k_base,json_abreviado,ninguna,10121,0,10121,29727,29727
eventos,250,2,cl100k_base,json_abreviado,ninguna,10120,0,10120,29727,29727
eventos,250,2,r50k_base,json_abreviado,ninguna,11908,0,11908,29727,29727
eventos,250,2,o200k_base,general_fromschema,sin_ejemplo,9964,497,10461,22793,22793
eventos,250,2,cl100k_base,general_fromschema,sin_ejemplo,10257,530,10787,22793,22793
eventos,250,2,r50k_base,general_fromschema,sin_ejemplo,11825,680,12507,22793,22793
eventos,250,2,o200k_base,general_fromschema,con_ejemplo,9964,582,10547,22793,22793
eventos,250,2,cl100k_base,general_fromschema,con_ejemplo,10257,621,10879,22793,22793
eventos,250,2,r50k_base,general_fromschema,con_ejemplo,11825,791,12618,22793,22793
eventos,250,2,o200k_base,general_dominio,sin_ejemplo,5915,693,6608,8496,8496
eventos,250,2,cl100k_base,general_dominio,sin_ejemplo,5918,737,6655,8496,8496
eventos,250,2,r50k_base,general_dominio,sin_ejemplo,6210,939,7150,8496,8496
eventos,250,2,o200k_base,general_dominio,con_ejemplo,5915,804,6719,8496,8496
eventos,250,2,cl100k_base,general_dominio,con_ejemplo,5918,851,6769,8496,8496
eventos,250,2,r50k_base,general_dominio,con_ejemplo,6210,1076,7287,8496,8496
eventos,250,2,o200k_base,especializado,compacta_sin_ejemplo,4120,313,4433,6219,6219
eventos,250,2,cl100k_base,especializado,compacta_sin_ejemplo,3870,331,4201,6219,6219
eventos,250,2,r50k_base,especializado,compacta_sin_ejemplo,4158,420,4580,6219,6219
eventos,250,2,o200k_base,especializado,compacta_con_ejemplo,4120,363,4484,6219,6219
eventos,250,2,cl100k_base,especializado,compacta_con_ejemplo,3870,377,4248,6219,6219
eventos,250,2,r50k_base,especializado,compacta_con_ejemplo,4158,477,4637,6219,6219
eventos,250,2,o200k_base,especializado,spec_block_sin_ejemplo,4120,624,4744,6219,6219
eventos,250,2,cl100k_base,especializado,spec_block_sin_ejemplo,3870,656,4526,6219,6219
eventos,250,2,r50k_base,especializado,spec_block_sin_ejemplo,4158,831,4991,6219,6219
eventos,250,2,o200k_base,especializado,spec_block_con_ejemplo,4120,674,4795,6219,6219
eventos,250,2,cl100k_base,especializado,spec_block_con_ejemplo,3870,702,4573,6219,6219
eventos,250,2,r50k_base,especializado,spec_block_con_ejemplo,4158,888,5048,6219,6219
eventos,250,3,o200k_base,json_compacto,ninguna,16465,0,16465,49774,49774
eventos,250,3,cl100k_base,json_compacto,ninguna,16782,0,16782,49774,49774
eventos,250,3,r50k_base,json_compacto,ninguna,20535,0,20535,49774,49774
eventos,250,3,o200k_base,json_compacto,schema_sin_ejemplo,16465,327,16792,49774,49774
eventos,250,3,cl100k_base,json_compacto,schema_sin_ejemplo,16782,332,17115,49774,49774
eventos,250,3,r50k_base,json_compacto,schema_sin_ejemplo,20535,406,20943,49774,49774
eventos,250,3,o200k_base,json_compacto,schema_con_ejemplo,16465,464,16929,49774,49774
eventos,250,3,cl100k_base,json_compacto,schema_con_ejemplo,16782,475,17257,49774,49774
eventos,250,3,r50k_base,json_compacto,schema_con_ejemplo,20535,587,21124,49774,49774
eventos,250,3,o200k_base,json_legible,ninguna,23969,0,23969,70282,70282
eventos,250,3,cl100k_base,json_legible,ninguna,24287,0,24287,70282,70282
eventos,250,3,r50k_base,json_legible,ninguna,40293,0,40293,70282,70282
eventos,250,3,o200k_base,json_abreviado,ninguna,10107,0,10107,29685,29685
eventos,250,3,cl100k_base,json_abreviado,ninguna,10106,0,10106,29685,29685
eventos,250,3,r50k_base,json_abreviado,ninguna,11890,0,11890,29685,29685
eventos,250,3,o200k_base,general_fromschema,sin_ejemplo,9926,497,10423,22731,22731
eventos,250,3,cl100k_base,general_fromschema,sin_ejemplo,10222,530,10752,22731,22731
eventos,250,3,r50k_base,general_fromschema,sin_ejemplo,11747,680,12429,22731,22731
eventos,250,3,o200k_base,general_fromschema,con_ejemplo,9926,582,10509,22731,22731
eventos,250,3,cl100k_base,general_fromschema,con_ejemplo,10222,621,10844,22731,22731
eventos,250,3,r50k_base,general_fromschema,con_ejemplo,11747,791,12540,22731,22731
eventos,250,3,o200k_base,general_dominio,sin_ejemplo,5915,693,6608,8490,8490
eventos,250,3,cl100k_base,general_dominio,sin_ejemplo,5918,737,6655,8490,8490
eventos,250,3,r50k_base,general_dominio,sin_ejemplo,6205,939,7145,8490,8490
eventos,250,3,o200k_base,general_dominio,con_ejemplo,5915,804,6719,8490,8490
eventos,250,3,cl100k_base,general_dominio,con_ejemplo,5918,851,6769,8490,8490
eventos,250,3,r50k_base,general_dominio,con_ejemplo,6205,1076,7282,8490,8490
eventos,250,3,o200k_base,especializado,compacta_sin_ejemplo,4106,313,4419,6177,6177
eventos,250,3,cl100k_base,especializado,compacta_sin_ejemplo,3838,331,4169,6177,6177
eventos,250,3,r50k_base,especializado,compacta_sin_ejemplo,4140,420,4562,6177,6177
eventos,250,3,o200k_base,especializado,compacta_con_ejemplo,4106,363,4470,6177,6177
eventos,250,3,cl100k_base,especializado,compacta_con_ejemplo,3838,377,4216,6177,6177
eventos,250,3,r50k_base,especializado,compacta_con_ejemplo,4140,477,4619,6177,6177
eventos,250,3,o200k_base,especializado,spec_block_sin_ejemplo,4106,624,4730,6177,6177
eventos,250,3,cl100k_base,especializado,spec_block_sin_ejemplo,3838,656,4494,6177,6177
eventos,250,3,r50k_base,especializado,spec_block_sin_ejemplo,4140,831,4973,6177,6177
eventos,250,3,o200k_base,especializado,spec_block_con_ejemplo,4106,674,4781,6177,6177
eventos,250,3,cl100k_base,especializado,spec_block_con_ejemplo,3838,702,4541,6177,6177
eventos,250,3,r50k_base,especializado,spec_block_con_ejemplo,4140,888,5030,6177,6177
eventos,250,4,o200k_base,json_compacto,ninguna,16469,0,16469,49740,49740
eventos,250,4,cl100k_base,json_compacto,ninguna,16786,0,16786,49740,49740
eventos,250,4,r50k_base,json_compacto,ninguna,20517,0,20517,49740,49740
eventos,250,4,o200k_base,json_compacto,schema_sin_ejemplo,16469,327,16796,49740,49740
eventos,250,4,cl100k_base,json_compacto,schema_sin_ejemplo,16786,332,17119,49740,49740
eventos,250,4,r50k_base,json_compacto,schema_sin_ejemplo,20517,406,20925,49740,49740
eventos,250,4,o200k_base,json_compacto,schema_con_ejemplo,16469,464,16933,49740,49740
eventos,250,4,cl100k_base,json_compacto,schema_con_ejemplo,16786,475,17261,49740,49740
eventos,250,4,r50k_base,json_compacto,schema_con_ejemplo,20517,587,21106,49740,49740
eventos,250,4,o200k_base,json_legible,ninguna,23973,0,23973,70248,70248
eventos,250,4,cl100k_base,json_legible,ninguna,24291,0,24291,70248,70248
eventos,250,4,r50k_base,json_legible,ninguna,40275,0,40275,70248,70248
eventos,250,4,o200k_base,json_abreviado,ninguna,10111,0,10111,29715,29715
eventos,250,4,cl100k_base,json_abreviado,ninguna,10110,0,10110,29715,29715
eventos,250,4,r50k_base,json_abreviado,ninguna,11895,0,11895,29715,29715
eventos,250,4,o200k_base,general_fromschema,sin_ejemplo,9918,497,10415,22685,22685
eventos,250,4,cl100k_base,general_fromschema,sin_ejemplo,10210,530,10740,22685,22685
eventos,250,4,r50k_base,general_fromschema,sin_ejemplo,11717,680,12399,22685,22685
eventos,250,4,o200k_base,general_fromschema,con_ejemplo,9918,582,10501,22685,22685
eventos,250,4,cl100k_base,general_fromschema,con_ejemplo,10210,621,10832,22685,22685
eventos,250,4,r50k_base,general_fromschema,con_ejemplo,11717,791,12510,22685,22685
eventos,250,4,o200k_base,general_dominio,sin_ejemplo,5915,693,6608,8499,8499
eventos,250,4,cl100k_base,general_dominio,sin_ejemplo,5918,737,6655,8499,8499
eventos,250,4,r50k_base,general_dominio,sin_ejemplo,6210,939,7150,8499,8499
eventos,250,4,o200k_base,general_dominio,con_ejemplo,5915,804,6719,8499,8499
eventos,250,4,cl100k_base,general_dominio,con_ejemplo,5918,851,6769,8499,8499
eventos,250,4,r50k_base,general_dominio,con_ejemplo,6210,1076,7287,8499,8499
eventos,250,4,o200k_base,especializado,compacta_sin_ejemplo,4110,313,4423,6207,6207
eventos,250,4,cl100k_base,especializado,compacta_sin_ejemplo,3835,331,4166,6207,6207
eventos,250,4,r50k_base,especializado,compacta_sin_ejemplo,4145,420,4567,6207,6207
eventos,250,4,o200k_base,especializado,compacta_con_ejemplo,4110,363,4474,6207,6207
eventos,250,4,cl100k_base,especializado,compacta_con_ejemplo,3835,377,4213,6207,6207
eventos,250,4,r50k_base,especializado,compacta_con_ejemplo,4145,477,4624,6207,6207
eventos,250,4,o200k_base,especializado,spec_block_sin_ejemplo,4110,624,4734,6207,6207
eventos,250,4,cl100k_base,especializado,spec_block_sin_ejemplo,3835,656,4491,6207,6207
eventos,250,4,r50k_base,especializado,spec_block_sin_ejemplo,4145,831,4978,6207,6207
eventos,250,4,o200k_base,especializado,spec_block_con_ejemplo,4110,674,4785,6207,6207
eventos,250,4,cl100k_base,especializado,spec_block_con_ejemplo,3835,702,4538,6207,6207
eventos,250,4,r50k_base,especializado,spec_block_con_ejemplo,4145,888,5035,6207,6207
comentarios,1,0,o200k_base,json_compacto,ninguna,86,0,86,351,351
comentarios,1,0,cl100k_base,json_compacto,ninguna,98,0,98,351,351
comentarios,1,0,r50k_base,json_compacto,ninguna,116,0,116,351,351
comentarios,1,0,o200k_base,json_compacto,schema_sin_ejemplo,86,143,229,351,351
comentarios,1,0,cl100k_base,json_compacto,schema_sin_ejemplo,98,140,239,351,351
comentarios,1,0,r50k_base,json_compacto,schema_sin_ejemplo,116,169,287,351,351
comentarios,1,0,o200k_base,json_compacto,schema_con_ejemplo,86,290,377,351,351
comentarios,1,0,cl100k_base,json_compacto,schema_con_ejemplo,98,306,405,351,351
comentarios,1,0,r50k_base,json_compacto,schema_con_ejemplo,116,374,492,351,351
comentarios,1,0,o200k_base,json_legible,ninguna,109,0,109,409,409
comentarios,1,0,cl100k_base,json_legible,ninguna,122,0,122,409,409
comentarios,1,0,r50k_base,json_legible,ninguna,172,0,172,409,409
comentarios,1,0,o200k_base,json_abreviado,ninguna,86,0,86,351,351
comentarios,1,0,cl100k_base,json_abreviado,ninguna,98,0,98,351,351
comentarios,1,0,r50k_base,json_abreviado,ninguna,116,0,116,351,351
comentarios,1,0,o200k_base,general_fromschema,sin_ejemplo,75,335,410,299,299
comentarios,1,0,cl100k_base,general_fromschema,sin_ejemplo,89,361,450,299,299
comentarios,1,0,r50k_base,general_fromschema,sin_ejemplo,106,466,574,299,299
comentarios,1,0,o200k_base,general_fromschema,con_ejemplo,75,461,537,299,299
comentarios,1,0,cl100k_base,general_fromschema,con_ejemplo,89,508,598,299,299
comentarios,1,0,r50k_base,general_fromschema,con_ejemplo,106,650,758,299,299
comentarios,1,0,o200k_base,general_dominio,sin_ejemplo,93,595,688,326,326
comentarios,1,0,cl100k_base,general_dominio,sin_ejemplo,105,636,741,326,326
comentarios,1,0,r50k_base,general_dominio,sin_ejemplo,126,813,940,326,326
comentarios,1,0,o200k_base,general_dominio,con_ejemplo,93,746,839,326,326
comentarios,1,0,cl100k_base,general_dominio,con_ejemplo,105,805,910,326,326
comentarios,1,0,r50k_base,general_dominio,con_ejemplo,126,1023,1150,326,326
comentarios,1,0,o200k_base,especializado,compacta_sin_ejemplo,76,143,219,300,300
comentarios,1,0,cl100k_base,especializado,compacta_sin_ejemplo,90,153,243,300,300
comentarios,1,0,r50k_base,especializado,compacta_sin_ejemplo,107,203,312,300,300
comentarios,1,0,o200k_base,especializado,compacta_con_ejemplo,76,270,347,300,300
comentarios,1,0,cl100k_base,especializado,compacta_con_ejemplo,90,301,392,300,300
comentarios,1,0,r50k_base,especializado,compacta_con_ejemplo,107,388,497,300,300
comentarios,1,0,o200k_base,especializado,spec_block_sin_ejemplo,76,346,422,300,300
comentarios,1,0,cl100k_base,especializado,spec_block_sin_ejemplo,90,373,463,300,300
comentarios,1,0,r50k_base,especializado,spec_block_sin_ejemplo,107,484,593,300,300
comentarios,1,0,o200k_base,especializado,spec_block_con_ejemplo,76,473,550,300,300
comentarios,1,0,cl100k_base,especializado,spec_block_con_ejemplo,90,521,612,300,300
comentarios,1,0,r50k_base,especializado,spec_block_con_ejemplo,107,669,778,300,300
comentarios,1,1,o200k_base,json_compacto,ninguna,71,0,71,261,261
comentarios,1,1,cl100k_base,json_compacto,ninguna,83,0,83,261,261
comentarios,1,1,r50k_base,json_compacto,ninguna,92,0,92,261,261
comentarios,1,1,o200k_base,json_compacto,schema_sin_ejemplo,71,143,214,261,261
comentarios,1,1,cl100k_base,json_compacto,schema_sin_ejemplo,83,140,224,261,261
comentarios,1,1,r50k_base,json_compacto,schema_sin_ejemplo,92,169,263,261,261
comentarios,1,1,o200k_base,json_compacto,schema_con_ejemplo,71,290,362,261,261
comentarios,1,1,cl100k_base,json_compacto,schema_con_ejemplo,83,306,390,261,261
comentarios,1,1,r50k_base,json_compacto,schema_con_ejemplo,92,374,468,261,261
comentarios,1,1,o200k_base,json_legible,ninguna,94,0,94,319,319
comentarios,1,1,cl100k_base,json_legible,ninguna,107,0,107,319,319
comentarios,1,1,r50k_base,json_legible,ninguna,148,0,148,319,319
comentarios,1,1,o200k_base,json_abreviado,ninguna,71,0,71,261,261
comentarios,1,1,cl100k_base,json_abreviado,ninguna,83,0,83,261,261
comentarios,1,1,r50k_base,json_abreviado,ninguna,92,0,92,261,261
comentarios,1,1,o200k_base,general_fromschema,sin_ejemplo,60,335,395,209,209
comentarios,1,1,cl100k_base,general_fromschema,sin_ejemplo,74,361,435,209,209
comentarios,1,1,r50k_base,general_fromschema,sin_ejemplo,82,466,550,209,209
comentarios,1,1,o200k_base,general_fromschema,con_ejemplo,60,461,522,209,209
comentarios,1,1,cl100k_base,general_fromschema,con_ejemplo,74,508,583,209,209
comentarios,1,1,r50k_base,general_fromschema,con_ejemplo,82,650,734,209,209
comentarios,1,1,o200k_base,general_dominio,sin_ejemplo,78,595,673,236,236
comentarios,1,1,cl100k_base,general_dominio,sin_ejemplo,90,636,726,236,236
comentarios,1,1,r50k_base,general_dominio,sin_ejemplo,102,813,916,236,236
comentarios,1,1,o200k_base,general_dominio,con_ejemplo,78,746,824,236,236
comentarios,1,1,cl100k_base,general_dominio,con_ejemplo,90,805,895,236,236
comentarios,1,1,r50k_base,general_dominio,con_ejemplo,102,1023,1126,236,236
comentarios,1,1,o200k_base,especializado,compacta_sin_ejemplo,61,143,204,210,210
comentarios,1,1,cl100k_base,especializado,compacta_sin_ejemplo,75,153,228,210,210
comentarios,1,1,r50k_base,especializado,compacta_sin_ejemplo,83,203,288,210,210
comentarios,1,1,o200k_base,especializado,compacta_con_ejemplo,61,270,332,210,210
comentarios,1,1,cl100k_base,especializado,compacta_con_ejemplo,75,301,377,210,210
comentarios,1,1,r50k_base,especializado,compacta_con_ejemplo,83,388,473,210,210
comentarios,1,1,o200k_base,especializado,spec_block_sin_ejemplo,61,346,407,210,210
comentarios,1,1,cl100k_base,especializado,spec_block_sin_ejemplo,75,373,448,210,210
comentarios,1,1,r50k_base,especializado,spec_block_sin_ejemplo,83,484,569,210,210
comentarios,1,1,o200k_base,especializado,spec_block_con_ejemplo,61,473,535,210,210
comentarios,1,1,cl100k_base,especializado,spec_block_con_ejemplo,75,521,597,210,210
comentarios,1,1,r50k_base,especializado,spec_block_con_ejemplo,83,669,754,210,210
comentarios,1,2,o200k_base,json_compacto,ninguna,73,0,73,295,295
comentarios,1,2,cl100k_base,json_compacto,ninguna,84,0,84,295,295
comentarios,1,2,r50k_base,json_compacto,ninguna,98,0,98,295,295
comentarios,1,2,o200k_base,json_compacto,schema_sin_ejemplo,73,143,216,295,295
comentarios,1,2,cl100k_base,json_compacto,schema_sin_ejemplo,84,140,225,295,295
comentarios,1,2,r50k_base,json_compacto,schema_sin_ejemplo,98,169,269,295,295
comentarios,1,2,o200k_base,json_compacto,schema_con_ejemplo,73,290,364,295,295
comentarios,1,2,cl100k_base,json_compacto,schema_con_ejemplo,84,306,391,295,295
comentarios,1,2,r50k_base,json_compacto,schema_con_ejemplo,98,374,474,295,295
comentarios,1,2,o200k_base,json_legible,ninguna,96,0,96,353,353
comentarios,1,2,cl100k_base,json_legible,ninguna,108,0,108,353,353
comentarios,1,2,r50k_base,json_legible,ninguna,154,0,154,353,353
comentarios,1,2,o200k_base,json_abreviado,ninguna,73,0,73,295,295
comentarios,1,2,cl100k_base,json_abreviado,ninguna,84,0,84,295,295
comentarios,1,2,r50k_base,json_abreviado,ninguna,98,0,98,295,295
comentarios,1,2,o200k_base,general_fromschema,sin_ejemplo,62,335,397,243,243
comentarios,1,2,cl100k_base,general_fromschema,sin_ejemplo,75,361,436,243,243
comentarios,1,2,r50k_base,general_fromschema,sin_ejemplo,88,466,556,243,243
comentarios,1,2,o200k_base,general_fromschema,con_ejemplo,62,461,524,243,243
comentarios,1,2,cl100k_base,general_fromschema,con_ejemplo,75,508,584,243,243
comentarios,1,2,r50k_base,general_fromschema,con_ejemplo,88,650,740,243,243
comentarios,1,2,o200k_base,general_dominio,sin_ejemplo,80,595,675,270,270
comentarios,1,2,cl100k_base,general_dominio,sin_ejemplo,91,636,727,270,270
comentarios,1,2,r50k_base,general_dominio,sin_ejemplo,108,813,922,270,270
comentarios,1,2,o200k_base,general_dominio,con_ejemplo,80,746,826,270,270
comentarios,1,2,cl100k_base,general_dominio,con_ejemplo,91,805,896,270,270
comentarios,1,2,r50k_base,general_dominio,con_ejemplo,108,1023,1132,270,270
comentarios,1,2,o200k_base,especializado,compacta_sin_ejemplo,63,143,206,244,244
comentarios,1,2,cl100k_base,especializado,compacta_sin_ejemplo,76,153,229,244,244
comentarios,1,2,r50k_base,especializado,compacta_sin_ejemplo,89,203,294,244,244
comentarios,1,2,o200k_base,especializado,compacta_con_ejemplo,63,270,334,244,244
comentarios,1,2,cl100k_base,especializado,compacta_con_ejemplo,76,301,378,244,244
comentarios,1,2,r50k_base,especializado,compacta_con_ejemplo,89,388,479,244,244
comentarios,1,2,o200k_base,especializado,spec_block_sin_ejemplo,63,346,409,244,244
comentarios,1,2,cl100k_base,especializado,spec_block_sin_ejemplo,76,373,449,244,244
comentarios,1,2,r50k_base,especializado,spec_block_sin_ejemplo,89,484,575,244,244
comentarios,1,2,o200k_base,especializado,spec_block_con_ejemplo,63,473,537,244,244
comentarios,1,2,cl100k_base,especializado,spec_block_con_ejemplo,76,521,598,244,244
comentarios,1,2,r50k_base,especializado,spec_block_con_ejemplo,89,669,760,244,244
comentarios,1,3,o200k_base,json_compacto,ninguna,72,0,72,270,270
comentarios,1,3,cl100k_base,json_compacto,ninguna,82,0,82,270,270
comentarios,1,3,r50k_base,json_compacto,ninguna,102,0,102,270,270
comentarios,1,3,o200k_base,json_compacto,schema_sin_ejemplo,72,143,215,270,270
comentarios,1,3,cl100k_base,json_compacto,schema_sin_ejemplo,82,140,223,270,270
comentarios,1,3,r50k_base,json_compacto,schema_sin_ejemplo,102,169,273,270,270
comentarios,1,3,o200k_base,json_compacto,schema_con_ejemplo,72,290,363,270,270
comentarios,1,3,cl100k_base,json_compacto,schema_con_ejemplo,82,306,389,270,270
comentarios,1,3,r50k_base,json_compacto,schema_con_ejemplo,102,374,478,270,270
comentarios,1,3,o200k_base,json_legible,ninguna,95,0,95,328,328
comentarios,1,3,cl100k_base,json_legible,ninguna,106,0,106,328,328
comentarios,1,3,r50k_base,json_legible,ninguna,158,0,158,328,328
comentarios,1,3,o200k_base,json_abreviado,ninguna,72,0,72,270,270
comentarios,1,3,cl100k_base,json_abreviado,ninguna,82,0,82,270,270
comentarios,1,3,r50k_base,json_abreviado,ninguna,102,0,102,270,270
comentarios,1,3,o200k_base,general_fromschema,sin_ejemplo,61,335,396,218,218
comentarios,1,3,cl100k_base,general_fromschema,sin_ejemplo,73,361,434,218,218
comentarios,1,3,r50k_base,general_fromschema,sin_ejemplo,92,466,560,218,218
comentarios,1,3,o200k_base,general_fromschema,con_ejemplo,61,461,523,218,218
comentarios,1,3,cl100k_base,general_fromschema,con_ejemplo,73,508,582,218,218
comentarios,1,3,r50k_base,general_fromschema,con_ejemplo,92,650,744,218,218
comentarios,1,3,o200k_base,general_dominio,sin_ejemplo,79,595,674,245,245
comentarios,1,3,cl100k_base,general_dominio,sin_ejemplo,89,636,725,245,245
comentarios,1,3,r50k_base,general_dominio,sin_ejemplo,112,813,926,245,245
comentarios,1,3,o200k_base,general_dominio,con_ejemplo,79,746,825,245,245
comentarios,1,3,cl100k_base,general_dominio,con_ejemplo,89,805,894,245,245
comentarios,1,3,r50k_base,general_dominio,con_ejemplo,112,1023,1136,245,245
comentarios,1,3,o200k_base,especializado,compacta_sin_ejemplo,62,143,205,219,219
comentarios,1,3,cl100k_base,especializado,compacta_sin_ejemplo,74,153,227,219,219
comentarios,1,3,r50k_base,especializado,compacta_sin_ejemplo,93,203,298,219,219
comentarios,1,3,o200k_base,especializado,compacta_con_ejemplo,62,270,333,219,219
comentarios,1,3,cl100k_base,especializado,compacta_con_ejemplo,74,301,376,219,219
comentarios,1,3,r50k_base,especializado,compacta_con_ejemplo,93,388,483,219,219
comentarios,1,3,o200k_base,especializado,spec_block_sin_ejemplo,62,346,408,219,219
comentarios,1,3,cl100k_base,especializado,spec_block_sin_ejemplo,74,373,447,219,219
comentarios,1,3,r50k_base,especializado,spec_block_sin_ejemplo,93,484,579,219,219
comentarios,1,3,o200k_base,especializado,spec_block_con_ejemplo,62,473,536,219,219
comentarios,1,3,cl100k_base,especializado,spec_block_con_ejemplo,74,521,596,219,219
comentarios,1,3,r50k_base,especializado,spec_block_con_ejemplo,93,669,764,219,219
comentarios,1,4,o200k_base,json_compacto,ninguna,80,0,80,295,295
comentarios,1,4,cl100k_base,json_compacto,ninguna,89,0,89,295,295
comentarios,1,4,r50k_base,json_compacto,ninguna,103,0,103,295,295
comentarios,1,4,o200k_base,json_compacto,schema_sin_ejemplo,80,143,223,295,295
comentarios,1,4,cl100k_base,json_compacto,schema_sin_ejemplo,89,140,230,295,295
comentarios,1,4,r50k_base,json_compacto,schema_sin_ejemplo,103,169,274,295,295
comentarios,1,4,o200k_base,json_compacto,schema_con_ejemplo,80,290,371,295,295
comentarios,1,4,cl100k_base,json_compacto,schema_con_ejemplo,89,306,396,295,295
comentarios,1,4,r50k_base,json_compacto,schema_con_ejemplo,103,374,479,295,295
comentarios,1,4,o200k_base,json_legible,ninguna,103,0,103,353,353
comentarios,1,4,cl100k_base,json_legible,ninguna,113,0,113,353,353
comentarios,1,4,r50k_base,json_legible,ninguna,159,0,159,353,353
comentarios,1,4,o200k_base,json_abreviado,ninguna,80,0,80,295,295
comentarios,1,4,cl100k_base,json_abreviado,ninguna,89,0,89,295,295
comentarios,1,4,r50k_base,json_abreviado,ninguna,103,0,103,295,295
comentarios,1,4,o200k_base,general_fromschema,sin_ejemplo,69,335,404,243,243
comentarios,1,4,cl100k_base,general_fromschema,sin_ejemplo,80,361,441,243,243
comentarios,1,4,r50k_base,general_fromschema,sin_ejemplo,93,466,561,243,243
comentarios,1,4,o200k_base,general_fromschema,con_ejemplo,69,461,531,243,243
comentarios,1,4,cl100k_base,general_fromschema,con_ejemplo,80,508,589,243,243
comentarios,1,4,r50k_base,general_fromschema,con_ejemplo,93,650,745,243,243
comentarios,1,4,o200k_base,general_dominio,sin_ejemplo,87,595,682,270,270
comentarios,1,4,cl100k_base,general_dominio,sin_ejemplo,96,636,732,270,270
comentarios,1,4,r50k_base,general_dominio,sin_ejemplo,113,813,927,270,270
comentarios,1,4,o200k_base,general_dominio,con_ejemplo,87,746,833,270,270
comentarios,1,4,cl100k_base,general_dominio,con_ejemplo,96,805,901,270,270
comentarios,1,4,r50k_base,general_dominio,con_ejemplo,113,1023,1137,270,270
comentarios,1,4,o200k_base,especializado,compacta_sin_ejemplo,70,143,213,244,244
comentarios,1,4,cl100k_base,especializado,compacta_sin_ejemplo,81,153,234,244,244
comentarios,1,4,r50k_base,especializado,compacta_sin_ejemplo,94,203,299,244,244
comentarios,1,4,o200k_base,especializado,compacta_con_ejemplo,70,270,341,244,244
comentarios,1,4,cl100k_base,especializado,compacta_con_ejemplo,81,301,383,244,244
comentarios,1,4,r50k_base,especializado,compacta_con_ejemplo,94,388,484,244,244
comentarios,1,4,o200k_base,especializado,spec_block_sin_ejemplo,70,346,416,244,244
comentarios,1,4,cl100k_base,especializado,spec_block_sin_ejemplo,81,373,454,244,244
comentarios,1,4,r50k_base,especializado,spec_block_sin_ejemplo,94,484,580,244,244
comentarios,1,4,o200k_base,especializado,spec_block_con_ejemplo,70,473,544,244,244
comentarios,1,4,cl100k_base,especializado,spec_block_con_ejemplo,81,521,603,244,244
comentarios,1,4,r50k_base,especializado,spec_block_con_ejemplo,94,669,765,244,244
comentarios,5,0,o200k_base,json_compacto,ninguna,362,0,362,1416,1416
comentarios,5,0,cl100k_base,json_compacto,ninguna,420,0,420,1416,1416
comentarios,5,0,r50k_base,json_compacto,ninguna,495,0,495,1416,1416
comentarios,5,0,o200k_base,json_compacto,schema_sin_ejemplo,362,143,505,1416,1416
comentarios,5,0,cl100k_base,json_compacto,schema_sin_ejemplo,420,140,561,1416,1416
comentarios,5,0,r50k_base,json_compacto,schema_sin_ejemplo,495,169,666,1416,1416
comentarios,5,0,o200k_base,json_compacto,schema_con_ejemplo,362,290,653,1416,1416
comentarios,5,0,cl100k_base,json_compacto,schema_con_ejemplo,420,306,727,1416,1416
comentarios,5,0,r50k_base,json_compacto,schema_con_ejemplo,495,374,871,1416,1416
comentarios,5,0,o200k_base,json_legible,ninguna,461,0,461,1674,1674
comentarios,5,0,cl100k_base,json_legible,ninguna,520,0,520,1674,1674
comentarios,5,0,r50k_base,json_legible,ninguna,743,0,743,1674,1674
comentarios,5,0,o200k_base,json_abreviado,ninguna,362,0,362,1416,1416
comentarios,5,0,cl100k_base,json_abreviado,ninguna,420,0,420,1416,1416
comentarios,5,0,r50k_base,json_abreviado,ninguna,495,0,495,1416,1416
comentarios,5,0,o200k_base,general_fromschema,sin_ejemplo,307,335,642,1188,1188
comentarios,5,0,cl100k_base,general_fromschema,sin_ejemplo,371,361,732,1188,1188
comentarios,5,0,r50k_base,general_fromschema,sin_ejemplo,441,466,909,1188,1188
comentarios,5,0,o200k_base,general_fromschema,con_ejemplo,307,461,769,1188,1188
comentarios,5,0,cl100k_base,general_fromschema,con_ejemplo,371,508,880,1188,1188
comentarios,5,0,r50k_base,general_fromschema,con_ejemplo,441,650,1093,1188,1188
comentarios,5,0,o200k_base,general_dominio,sin_ejemplo,322,595,917,1213,1213
comentarios,5,0,cl100k_base,general_dominio,sin_ejemplo,383,636,1019,1213,1213
comentarios,5,0,r50k_base,general_dominio,sin_ejemplo,460,813,1274,1213,1213
comentarios,5,0,o200k_base,general_dominio,con_ejemplo,322,746,1068,1213,1213
comentarios,5,0,cl100k_base,general_dominio,con_ejemplo,383,805,1188,1213,1213
comentarios,5,0,r50k_base,general_dominio,con_ejemplo,460,1023,1484,1213,1213
comentarios,5,0,o200k_base,especializado,compacta_sin_ejemplo,308,143,451,1189,1189
comentarios,5,0,cl100k_base,especializado,compacta_sin_ejemplo,372,153,525,1189,1189
comentarios,5,0,r50k_base,especializado,compacta_sin_ejemplo,442,203,647,1189,1189
comentarios,5,0,o200k_base,especializado,compacta_con_ejemplo,308,270,579,1189,1189
comentarios,5,0,cl100k_base,especializado,compacta_con_ejemplo,372,301,674,1189,1189
comentarios,5,0,r50k_base,especializado,compacta_con_ejemplo,442,388,832,1189,1189
comentarios,5,0,o200k_base,especializado,spec_block_sin_ejemplo,308,346,654,1189,1189
comentarios,5,0,cl100k_base,especializado,spec_block_sin_ejemplo,372,373,745,1189,1189
comentarios,5,0,r50k_base,especializado,spec_block_sin_ejemplo,442,484,928,1189,1189
comentarios,5,0,o200k_base,especializado,spec_block_con_ejemplo,308,473,782,1189,1189
comentarios,5,0,cl100k_base,especializado,spec_block_con_ejemplo,372,521,894,1189,1189
comentarios,5,0,r50k_base,especializado,spec_block_con_ejemplo,442,669,1113,1189,1189
comentarios,5,1,o200k_base,json_compacto,ninguna,350,0,350,1363,1363
comentarios,5,1,cl100k_base,json_compacto,ninguna,400,0,400,1363,1363
comentarios,5,1,r50k_base,json_compacto,ninguna,464,0,464,1363,1363
comentarios,5,1,o200k_base,json_compacto,schema_sin_ejemplo,350,143,493,1363,1363
comentarios,5,1,cl100k_base,json_compacto,schema_sin_ejemplo,400,140,541,1363,1363
comentarios,5,1,r50k_base,json_compacto,schema_sin_ejemplo,464,169,635,1363,1363
comentarios,5,1,o200k_base,json_compacto,schema_con_ejemplo,350,290,641,1363,1363
comentarios,5,1,cl100k_base,json_compacto,schema_con_ejemplo,400,306,707,1363,1363
comentarios,5,1,r50k_base,json_compacto,schema_con_ejemplo,464,374,840,1363,1363
comentarios,5,1,o200k_base,json_legible,ninguna,449,0,449,1621,1621
comentarios,5,1,cl100k_base,json_legible,ninguna,500,0,500,1621,1621
comentarios,5,1,r50k_base,json_legible,ninguna,712,0,712,1621,1621
comentarios,5,1,o200k_base,json_abreviado,ninguna,350,0,350,1363,1363
comentarios,5,1,cl100k_base,json_abreviado,ninguna,400,0,400,1363,1363
comentarios,5,1,r50k_base,json_abreviado,ninguna,464,0,464,1363,1363
comentarios,5,1,o200k_base,general_fromschema,sin_ejemplo,295,335,630,1135,1135
comentarios,5,1,cl100k_base,general_fromschema,sin_ejemplo,350,361,711,1135,1135
comentarios,5,1,r50k_base,general_fromschema,sin_ejemplo,410,466,878,1135,1135
comentarios,5,1,o200k_base,general_fromschema,con_ejemplo,295,461,757,1135,1135
comentarios,5,1,cl100k_base,general_fromschema,con_ejemplo,350,508,859,1135,1135
comentarios,5,1,r50k_base,general_fromschema,con_ejemplo,410,650,1062,1135,1135
comentarios,5,1,o200k_base,general_dominio,sin_ejemplo,310,595,905,1160,1160
comentarios,5,1,cl100k_base,general_dominio,sin_ejemplo,362,636,998,1160,1160
comentarios,5,1,r50k_base,general_dominio,sin_ejemplo,429,813,1243,1160,1160
comentarios,5,1,o200k_base,general_dominio,con_ejemplo,310,746,1056,1160,1160
comentarios,5,1,cl100k_base,general_dominio,con_ejemplo,362,805,1167,1160,1160
comentarios,5,1,r50k_base,general_dominio,con_ejemplo,429,1023,1453,1160,1160
comentarios,5,1,o200k_base,especializado,compacta_sin_ejemplo,296,143,439,1136,1136
comentarios,5,1,cl100k_base,especializado,compacta_sin_ejemplo,351,153,504,1136,1136
comentarios,5,1,r50k_base,especializado,compacta_sin_ejemplo,411,203,616,1136,1136
comentarios,5,1,o200k_base,especializado,compacta_con_ejemplo,296,270,567,1136,1136
comentarios,5,1,cl100k_base,especializado,compacta_con_ejemplo,351,301,653,1136,1136
comentarios,5,1,r50k_base,especializado,compacta_con_ejemplo,411,388,801,1136,1136
comentarios,5,1,o200k_base,especializado,spec_block_sin_ejemplo,296,346,642,1136,1136
comentarios,5,1,cl100k_base,especializado,spec_block_sin_ejemplo,351,373,724,1136,1136
comentarios,5,1,r50k_base,especializado,spec_block_sin_ejemplo,411,484,897,1136,1136
comentarios,5,1,o200k_base,especializado,spec_block_con_ejemplo,296,473,770,1136,1136
comentarios,5,1,cl100k_base,especializado,spec_block_con_ejemplo,351,521,873,1136,1136
comentarios,5,1,r50k_base,especializado,spec_block_con_ejemplo,411,669,1082,1136,1136
comentarios,5,2,o200k_base,json_compacto,ninguna,370,0,370,1432,1432
comentarios,5,2,cl100k_base,json_compacto,ninguna,430,0,430,1432,1432
comentarios,5,2,r50k_base,json_compacto,ninguna,484,0,484,1432,1432
comentarios,5,2,o200k_base,json_compacto,schema_sin_ejemplo,370,143,513,1432,1432
comentarios,5,2,cl100k_base,json_compacto,schema_sin_ejemplo,430,140,571,1432,1432
comentarios,5,2,r50k_base,json_compacto,schema_sin_ejemplo,484,169,655,1432,1432
comentarios,5,2,o200k_base,json_compacto,schema_con_ejemplo,370,290,661,1432,1432
comentarios,5,2,cl100k_base,json_compacto,schema_con_ejemplo,430,306,737,1432,1432
comentarios,5,2,r50k_base,json_compacto,schema_con_ejemplo,484,374,860,1432,1432
comentarios,5,2,o200k_base,json_legible,ninguna,469,0,469,1690,1690
comentarios,5,2,cl100k_base,json_legible,ninguna,530,0,530,1690,1690
comentarios,5,2,r50k_base,json_legible,ninguna,732,0,732,1690,1690
comentarios,5,2,o200k_base,json_abreviado,ninguna,370,0,370,1432,1432
comentarios,5,2,cl100k_base,json_abreviado,ninguna,430,0,430,1432,1432
comentarios,5,2,r50k_base,json_abreviado,ninguna,484,0,484,1432,1432
comentarios,5,2,o200k_base,general_fromschema,sin_ejemplo,314,335,649,1204,1204
comentarios,5,2,cl100k_base,general_fromschema,sin_ejemplo,379,361,740,1204,1204
comentarios,5,2,r50k_base,general_fromschema,sin_ejemplo,430,466,898,1204,1204
comentarios,5,2,o200k_base,general_fromschema,con_ejemplo,314,461,776,1204,1204
comentarios,5,2,cl100k_base,general_fromschema,con_ejemplo,379,508,888,1204,1204
comentarios,5,2,r50k_base,general_fromschema,con_ejemplo,430,650,1082,1204,1204
comentarios,5,2,o200k_base,general_dominio,sin_ejemplo,329,595,924,1229,1229
comentarios,5,2,cl100k_base,general_dominio,sin_ejemplo,391,636,1027,1229,1229
comentarios,5,2,r50k_base,general_dominio,sin_ejemplo,449,813,1263,1229,1229
comentarios,5,2,o200k_base,general_dominio,con_ejemplo,329,746,1075,1229,1229
comentarios,5,2,cl100k_base,general_dominio,con_ejemplo,391,805,1196,1229,1229
comentarios,5,2,r50k_base,general_dominio,con_ejemplo,449,1023,1473,1229,1229
comentarios,5,2,o200k_base,especializado,compacta_sin_ejemplo,315,143,458,1205,1205
comentarios,5,2,cl100k_base,especializado,compacta_sin_ejemplo,380,153,533,1205,1205
comentarios,5,2,r50k_base,especializado,compacta_sin_ejemplo,431,203,636,1205,1205
comentarios,5,2,o200k_base,especializado,compacta_con_ejemplo,315,270,586,1205,1205
comentarios,5,2,cl100k_base,especializado,compacta_con_ejemplo,380,301,682,1205,1205
comentarios,5,2,r50k_base,especializado,compacta_con_ejemplo,431,388,821,1205,1205
comentarios,5,2,o200k_base,especializado,spec_block_sin_ejemplo,315,346,661,1205,1205
comentarios,5,2,cl100k_base,especializado,spec_block_sin_ejemplo,380,373,753,1205,1205
comentarios,5,2,r50k_base,especializado,spec_block_sin_ejemplo,431,484,917,1205,1205
comentarios,5,2,o200k_base,especializado,spec_block_con_ejemplo,315,473,789,1205,1205
comentarios,5,2,cl100k_base,especializado,spec_block_con_ejemplo,380,521,902,1205,1205
comentarios,5,2,r50k_base,especializado,spec_block_con_ejemplo,431,669,1102,1205,1205
comentarios,5,3,o200k_base,json_compacto,ninguna,330,0,330,1230,1230
comentarios,5,3,cl100k_base,json_compacto,ninguna,370,0,370,1230,1230
comentarios,5,3,r50k_base,json_compacto,ninguna,429,0,429,1230,1230
comentarios,5,3,o200k_base,json_compacto,schema_sin_ejemplo,330,143,473,1230,1230
comentarios,5,3,cl100k_base,json_compacto,schema_sin_ejemplo,370,140,511,1230,1230
comentarios,5,3,r50k_base,json_compacto,schema_sin_ejemplo,429,169,600,1230,1230
comentarios,5,3,o200k_base,json_compacto,schema_con_ejemplo,330,290,621,1230,1230
comentarios,5,3,cl100k_base,json_compacto,schema_con_ejemplo,370,306,677,1230,1230
comentarios,5,3,r50k_base,json_compacto,schema_con_ejemplo,429,374,805,1230,1230
comentarios,5,3,o200k_base,json_legible,ninguna,429,0,429,1488,1488
comentarios,5,3,cl100k_base,json_legible,ninguna,470,0,470,1488,1488
comentarios,5,3,r50k_base,json_legible,ninguna,677,0,677,1488,1488
comentarios,5,3,o200k_base,json_abreviado,ninguna,330,0,330,1230,1230
comentarios,5,3,cl100k_base,json_abreviado,ninguna,370,0,370,1230,1230
comentarios,5,3,r50k_base,json_abreviado,ninguna,429,0,429,1230,1230
comentarios,5,3,o200k_base,general_fromschema,sin_ejemplo,275,335,610,1002,1002
comentarios,5,3,cl100k_base,general_fromschema,sin_ejemplo,320,361,681,1002,1002
comentarios,5,3,r50k_base,general_fromschema,sin_ejemplo,375,466,843,1002,1002
comentarios,5,3,o200k_base,general_fromschema,con_ejemplo,275,461,737,1002,1002
comentarios,5,3,cl100k_base,general_fromschema,con_ejemplo,320,508,829,1002,1002
comentarios,5,3,r50k_base,general_fromschema,con_ejemplo,375,650,1027,1002,1002
comentarios,5,3,o200k_base,general_dominio,sin_ejemplo,290,595,885,1027,1027
comentarios,5,3,cl100k_base,general_dominio,sin_ejemplo,332,636,968,1027,1027
comentarios,5,3,r50k_base,general_dominio,sin_ejemplo,394,813,1208,1027,1027
comentarios,5,3,o200k_base,general_dominio,con_ejemplo,290,746,1036,1027,1027
comentarios,5,3,cl100k_base,general_dominio,con_ejemplo,332,805,1137,1027,1027
comentarios,5,3,r50k_base,general_dominio,con_ejemplo,394,1023,1418,1027,1027
comentarios,5,3,o200k_base,especializado,compacta_sin_ejemplo,276,143,419,1003,1003
comentarios,5,3,cl100k_base,especializado,compacta_sin_ejemplo,321,153,474,1003,1003
comentarios,5,3,r50k_base,especializado,compacta_sin_ejemplo,376,203,581,1003,1003
comentarios,5,3,o200k_base,especializado,compacta_con_ejemplo,276,270,547,1003,1003
comentarios,5,3,cl100k_base,especializado,compacta_con_ejemplo,321,301,623,1003,1003
comentarios,5,3,r50k_base,especializado,compacta_con_ejemplo,376,388,766,1003,1003
comentarios,5,3,o200k_base,especializado,spec_block_sin_ejemplo,276,346,622,1003,1003
comentarios,5,3,cl100k_base,especializado,spec_block_sin_ejemplo,321,373,694,1003,1003
comentarios,5,3,r50k_base,especializado,spec_block_sin_ejemplo,376,484,862,1003,1003
comentarios,5,3,o200k_base,especializado,spec_block_con_ejemplo,276,473,750,1003,1003
comentarios,5,3,cl100k_base,especializado,spec_block_con_ejemplo,321,521,843,1003,1003
comentarios,5,3,r50k_base,especializado,spec_block_con_ejemplo,376,669,1047,1003,1003
comentarios,5,4,o200k_base,json_compacto,ninguna,355,0,355,1326,1326
comentarios,5,4,cl100k_base,json_compacto,ninguna,398,0,398,1326,1326
comentarios,5,4,r50k_base,json_compacto,ninguna,461,0,461,1326,1326
comentarios,5,4,o200k_base,json_compacto,schema_sin_ejemplo,355,143,498,1326,1326
comentarios,5,4,cl100k_base,json_compacto,schema_sin_ejemplo,398,140,539,1326,1326
comentarios,5,4,r50k_base,json_compacto,schema_sin_ejemplo,461,169,632,1326,1326
comentarios,5,4,o200k_base,json_compacto,schema_con_ejemplo,355,290,646,1326,1326
comentarios,5,4,cl100k_base,json_compacto,schema_con_ejemplo,398,306,705,1326,1326
comentarios,5,4,r50k_base,json_compacto,schema_con_ejemplo,461,374,837,1326,1326
comentarios,5,4,o200k_base,json_legible,ninguna,454,0,454,1584,1584
comentarios,5,4,cl100k_base,json_legible,ninguna,498,0,498,1584,1584
comentarios,5,4,r50k_base,json_legible,ninguna,709,0,709,1584,1584
comentarios,5,4,o200k_base,json_abreviado,ninguna,355,0,355,1326,1326
comentarios,5,4,cl100k_base,json_abreviado,ninguna,398,0,398,1326,1326
comentarios,5,4,r50k_base,json_abreviado,ninguna,461,0,461,1326,1326
comentarios,5,4,o200k_base,general_fromschema,sin_ejemplo,299,335,634,1098,1098
comentarios,5,4,cl100k_base,general_fromschema,sin_ejemplo,347,361,708,1098,1098
comentarios,5,4,r50k_base,general_fromschema,sin_ejemplo,407,466,875,1098,1098
comentarios,5,4,o200k_base,general_fromschema,con_ejemplo,299,461,761,1098,1098
comentarios,5,4,cl100k_base,general_fromschema,con_ejemplo,347,508,856,1098,1098
comentarios,5,4,r50k_base,general_fromschema,con_ejemplo,407,650,1059,1098,1098
comentarios,5,4,o200k_base,general_dominio,sin_ejemplo,314,595,909,1123,1123
comentarios,5,4,cl100k_base,general_dominio,sin_ejemplo,359,636,995,1123,1123
comentarios,5,4,r50k_base,general_dominio,sin_ejemplo,426,813,1240,1123,1123
comentarios,5,4,o200k_base,general_dominio,con_ejemplo,314,746,1060,1123,1123
comentarios,5,4,cl100k_base,general_dominio,con_ejemplo,359,805,1164,1123,1123
comentarios,5,4,r50k_base,general_dominio,con_ejemplo,426,1023,1450,1123,1123
comentarios,5,4,o200k_base,especializado,compacta_sin_ejemplo,300,143,443,1099,1099
comentarios,5,4,cl100k_base,especializado,compacta_sin_ejemplo,348,153,501,1099,1099
comentarios,5,4,r50k_base,especializado,compacta_sin_ejemplo,408,203,613,1099,1099
comentarios,5,4,o200k_base,especializado,compacta_con_ejemplo,300,270,571,1099,1099
comentarios,5,4,cl100k_base,especializado,compacta_con_ejemplo,348,301,650,1099,1099
comentarios,5,4,r50k_base,especializado,compacta_con_ejemplo,408,388,798,1099,1099
comentarios,5,4,o200k_base,especializado,spec_block_sin_ejemplo,300,346,646,1099,1099
comentarios,5,4,cl100k_base,especializado,spec_block_sin_ejemplo,348,373,721,1099,1099
comentarios,5,4,r50k_base,especializado,spec_block_sin_ejemplo,408,484,894,1099,1099
comentarios,5,4,o200k_base,especializado,spec_block_con_ejemplo,300,473,774,1099,1099
comentarios,5,4,cl100k_base,especializado,spec_block_con_ejemplo,348,521,870,1099,1099
comentarios,5,4,r50k_base,especializado,spec_block_con_ejemplo,408,669,1079,1099,1099
comentarios,10,0,o200k_base,json_compacto,ninguna,707,0,707,2765,2765
comentarios,10,0,cl100k_base,json_compacto,ninguna,816,0,816,2765,2765
comentarios,10,0,r50k_base,json_compacto,ninguna,955,0,955,2765,2765
comentarios,10,0,o200k_base,json_compacto,schema_sin_ejemplo,707,143,850,2765,2765
comentarios,10,0,cl100k_base,json_compacto,schema_sin_ejemplo,816,140,957,2765,2765
comentarios,10,0,r50k_base,json_compacto,schema_sin_ejemplo,955,169,1126,2765,2765
comentarios,10,0,o200k_base,json_compacto,schema_con_ejemplo,707,290,998,2765,2765
comentarios,10,0,cl100k_base,json_compacto,schema_con_ejemplo,816,306,1123,2765,2765
comentarios,10,0,r50k_base,json_compacto,schema_con_ejemplo,955,374,1331,2765,2765
comentarios,10,0,o200k_base,json_legible,ninguna,901,0,901,3273,3273
comentarios,10,0,cl100k_base,json_legible,ninguna,1011,0,1011,3273,3273
comentarios,10,0,r50k_base,json_legible,ninguna,1443,0,1443,3273,3273
comentarios,10,0,o200k_base,json_abreviado,ninguna,707,0,707,2765,2765
comentarios,10,0,cl100k_base,json_abreviado,ninguna,816,0,816,2765,2765
comentarios,10,0,r50k_base,json_abreviado,ninguna,955,0,955,2765,2765
comentarios,10,0,o200k_base,general_fromschema,sin_ejemplo,597,335,932,2318,2318
comentarios,10,0,cl100k_base,general_fromschema,sin_ejemplo,716,361,1077,2318,2318
comentarios,10,0,r50k_base,general_fromschema,sin_ejemplo,846,466,1314,2318,2318
comentarios,10,0,o200k_base,general_fromschema,con_ejemplo,597,461,1059,2318,2318
comentarios,10,0,cl100k_base,general_fromschema,con_ejemplo,716,508,1225,2318,2318
comentarios,10,0,r50k_base,general_fromschema,con_ejemplo,846,650,1498,2318,2318
comentarios,10,0,o200k_base,general_dominio,sin_ejemplo,615,595,1210,2345,2345
comentarios,10,0,cl100k_base,general_dominio,sin_ejemplo,732,636,1368,2345,2345
comentarios,10,0,r50k_base,general_dominio,sin_ejemplo,866,813,1680,2345,2345
comentarios,10,0,o200k_base,general_dominio,con_ejemplo,615,746,1361,2345,2345
comentarios,10,0,cl100k_base,general_dominio,con_ejemplo,732,805,1537,2345,2345
comentarios,10,0,r50k_base,general_dominio,con_ejemplo,866,1023,1890,2345,2345
comentarios,10,0,o200k_base,especializado,compacta_sin_ejemplo,598,143,741,2319,2319
comentarios,10,0,cl100k_base,especializado,compacta_sin_ejemplo,717,153,870,2319,2319
comentarios,10,0,r50k_base,especializado,compacta_sin_ejemplo,847,203,1052,2319,2319
comentarios,10,0,o200k_base,especializado,compacta_con_ejemplo,598,270,869,2319,2319
comentarios,10,0,cl100k_base,especializado,compacta_con_ejemplo,717,301,1019,2319,2319
comentarios,10,0,r50k_base,especializado,compacta_con_ejemplo,847,388,1237,2319,2319
comentarios,10,0,o200k_base,especializado,spec_block_sin_ejemplo,598,346,944,2319,2319
comentarios,10,0,cl100k_base,especializado,spec_block_sin_ejemplo,717,373,1090,2319,2319
comentarios,10,0,r50k_base,especializado,spec_block_sin_ejemplo,847,484,1333,2319,2319
comentarios,10,0,o200k_base,especializado,spec_block_con_ejemplo,598,473,1072,2319,2319
comentarios,10,0,cl100k_base,especializado,spec_block_con_ejemplo,717,521,1239,2319,2319
comentarios,10,0,r50k_base,especializado,spec_block_con_ejemplo,847,669,1518,2319,2319
comentarios,10,1,o200k_base,json_compacto,ninguna,695,0,695,2648,2648
comentarios,10,1,cl100k_base,json_compacto,ninguna,796,0,796,2648,2648
comentarios,10,1,r50k_base,json_compacto,ninguna,909,0,909,2648,2648
comentarios,10,1,o200k_base,json_compacto,schema_sin_ejemplo,695,143,838,2648,2648
comentarios,10,1,cl100k_base,json_compacto,schema_sin_ejemplo,796,140,937,2648,2648
comentarios,10,1,r50k_base,json_compacto,schema_sin_ejemplo,909,169,1080,2648,2648
comentarios,10,1,o200k_base,json_compacto,schema_con_ejemplo,695,290,986,2648,2648
comentarios,10,1,cl100k_base,json_compacto,schema_con_ejemplo,796,306,1103,2648,2648
comentarios,10,1,r50k_base,json_compacto,schema_con_ejemplo,909,374,1285,2648,2648
comentarios,10,1,o200k_base,json_legible,ninguna,889,0,889,3156,3156
comentarios,10,1,cl100k_base,json_legible,ninguna,991,0,991,3156,3156
comentarios,10,1,r50k_base,json_legible,ninguna,1397,0,1397,3156,3156
comentarios,10,1,o200k_base,json_abreviado,ninguna,695,0,695,2648,2648
comentarios,10,1,cl100k_base,json_abreviado,ninguna,796,0,796,2648,2648
comentarios,10,1,r50k_base,json_abreviado,ninguna,909,0,909,2648,2648
comentarios,10,1,o200k_base,general_fromschema,sin_ejemplo,584,335,919,2201,2201
comentarios,10,1,cl100k_base,general_fromschema,sin_ejemplo,694,361,1055,2201,2201
comentarios,10,1,r50k_base,general_fromschema,sin_ejemplo,800,466,1268,2201,2201
comentarios,10,1,o200k_base,general_fromschema,con_ejemplo,584,461,1046,2201,2201
comentarios,10,1,cl100k_base,general_fromschema,con_ejemplo,694,508,1203,2201,2201
comentarios,10,1,r50k_base,general_fromschema,con_ejemplo,800,650,1452,2201,2201
comentarios,10,1,o200k_base,general_dominio,sin_ejemplo,602,595,1197,2228,2228
comentarios,10,1,cl100k_base,general_dominio,sin_ejemplo,710,636,1346,2228,2228
comentarios,10,1,r50k_base,general_dominio,sin_ejemplo,820,813,1634,2228,2228
comentarios,10,1,o200k_base,general_dominio,con_ejemplo,602,746,1348,2228,2228
comentarios,10,1,cl100k_base,general_dominio,con_ejemplo,710,805,1515,2228,2228
comentarios,10,1,r50k_base,general_dominio,con_ejemplo,820,1023,1844,2228,2228
comentarios,10,1,o200k_base,especializado,compacta_sin_ejemplo,585,143,728,2202,2202
comentarios,10,1,cl100k_base,especializado,compacta_sin_ejemplo,695,153,848,2202,2202
comentarios,10,1,r50k_base,especializado,compacta_sin_ejemplo,801,203,1006,2202,2202
comentarios,10,1,o200k_base,especializado,compacta_con_ejemplo,585,270,856,2202,2202
comentarios,10,1,cl100k_base,especializado,compacta_con_ejemplo,695,301,997,2202,2202
comentarios,10,1,r50k_base,especializado,compacta_con_ejemplo,801,388,1191,2202,2202
comentarios,10,1,o200k_base,especializado,spec_block_sin_ejemplo,585,346,931,2202,2202
comentarios,10,1,cl100k_base,especializado,spec_block_sin_ejemplo,695,373,1068,2202,2202
comentarios,10,1,r50k_base,especializado,spec_block_sin_ejemplo,801,484,1287,2202,2202
comentarios,10,1,o200k_base,especializado,spec_block_con_ejemplo,585,473,1059,2202,2202
comentarios,10,1,cl100k_base,especializado,spec_block_con_ejemplo,695,521,1217,2202,2202
comentarios,10,1,r50k_base,especializado,spec_block_con_ejemplo,801,669,1472,2202,2202
comentarios,10,2,o200k_base,json_compacto,ninguna,674,0,674,2541,2541
comentarios,10,2,cl100k_base,json_compacto,ninguna,766,0,766,2541,2541
comentarios,10,2,r50k_base,json_compacto,ninguna,892,0,892,2541,2541
comentarios,10,2,o200k_base,json_compacto,schema_sin_ejemplo,674,143,817,2541,2541
comentarios,10,2,cl100k_base,json_compacto,schema_sin_ejemplo,766,140,907,2541,2541
comentarios,10,2,r50k_base,json_compacto,schema_sin_ejemplo,892,169,1063,2541,2541
comentarios,10,2,o200k_base,json_compacto,schema_con_ejemplo,674,290,965,2541,2541
comentarios,10,2,cl100k_base,json_compacto,schema_con_ejemplo,766,306,1073,2541,2541
comentarios,10,2,r50k_base,json_compacto,schema_con_ejemplo,892,374,1268,2541,2541
comentarios,10,2,o200k_base,json_legible,ninguna,868,0,868,3049,3049
comentarios,10,2,cl100k_base,json_legible,ninguna,961,0,961,3049,3049
comentarios,10,2,r50k_base,json_legible,ninguna,1380,0,1380,3049,3049
comentarios,10,2,o200k_base,json_abreviado,ninguna,674,0,674,2541,2541
comentarios,10,2,cl100k_base,json_abreviado,ninguna,766,0,766,2541,2541
comentarios,10,2,r50k_base,json_abreviado,ninguna,892,0,892,2541,2541
comentarios,10,2,o200k_base,general_fromschema,sin_ejemplo,563,335,898,2094,2094
comentarios,10,2,cl100k_base,general_fromschema,sin_ejemplo,665,361,1026,2094,2094
comentarios,10,2,r50k_base,general_fromschema,sin_ejemplo,783,466,1251,2094,2094
comentarios,10,2,o200k_base,general_fromschema,con_ejemplo,563,461,1025,2094,2094
comentarios,10,2,cl100k_base,general_fromschema,con_ejemplo,665,508,1174,2094,2094
comentarios,10,2,r50k_base,general_fromschema,con_ejemplo,783,650,1435,2094,2094
comentarios,10,2,o200k_base,general_dominio,sin_ejemplo,581,595,1176,2121,2121
comentarios,10,2,cl100k_base,general_dominio,sin_ejemplo,681,636,1317,2121,2121
comentarios,10,2,r50k_base,general_dominio,sin_ejemplo,803,813,1617,2121,2121
comentarios,10,2,o200k_base,general_dominio,con_ejemplo,581,746,1327,2121,2121
comentarios,10,2,cl100k_base,general_dominio,con_ejemplo,681,805,1486,2121,2121
comentarios,10,2,r50k_base,general_dominio,con_ejemplo,803,1023,1827,2121,2121
comentarios,10,2,o200k_base,especializado,compacta_sin_ejemplo,564,143,707,2095,2095
comentarios,10,2,cl100k_base,especializado,compacta_sin_ejemplo,666,153,819,2095,2095
comentarios,10,2,r50k_base,especializado,compacta_sin_ejemplo,784,203,989,2095,2095
comentarios,10,2,o200k_base,especializado,compacta_con_ejemplo,564,270,835,2095,2095
comentarios,10,2,cl100k_base,especializado,compacta_con_ejemplo,666,301,968,2095,2095
comentarios,10,2,r50k_base,especializado,compacta_con_ejemplo,784,388,1174,2095,2095
comentarios,10,2,o200k_base,especializado,spec_block_sin_ejemplo,564,346,910,2095,2095
comentarios,10,2,cl100k_base,especializado,spec_block_sin_ejemplo,666,373,1039,2095,2095
comentarios,10,2,r50k_base,especializado,spec_block_sin_ejemplo,784,484,1270,2095,2095
comentarios,10,2,o200k_base,especializado,spec_block_con_ejemplo,564,473,1038,2095,2095
comentarios,10,2,cl100k_base,especializado,spec_block_con_ejemplo,666,521,1188,2095,2095
comentarios,10,2,r50k_base,especializado,spec_block_con_ejemplo,784,669,1455,2095,2095
comentarios,10,3,o200k_base,json_compacto,ninguna,727,0,727,2805,2805
comentarios,10,3,cl100k_base,json_compacto,ninguna,832,0,832,2805,2805
comentarios,10,3,r50k_base,json_compacto,ninguna,967,0,967,2805,2805
comentarios,10,3,o200k_base,json_compacto,schema_sin_ejemplo,727,143,870,2805,2805
comentarios,10,3,cl100k_base,json_compacto,schema_sin_ejemplo,832,140,973,2805,2805
comentarios,10,3,r50k_base,json_compacto,schema_sin_ejemplo,967,169,1138,2805,2805
comentarios,10,3,o200k_base,json_compacto,schema_con_ejemplo,727,290,1018,2805,2805
comentarios,10,3,cl100k_base,json_compacto,schema_con_ejemplo,832,306,1139,2805,2805
comentarios,10,3,r50k_base,json_compacto,schema_con_ejemplo,967,374,1343,2805,2805
comentarios,10,3,o200k_base,json_legible,ninguna,921,0,921,3313,3313
comentarios,10,3,cl100k_base,json_legible,ninguna,1027,0,1027,3313,3313
comentarios,10,3,r50k_base,json_legible,ninguna,1455,0,1455,3313,3313
comentarios,10,3,o200k_base,json_abreviado,ninguna,727,0,727,2805,2805
comentarios,10,3,cl100k_base,json_abreviado,ninguna,832,0,832,2805,2805
comentarios,10,3,r50k_base,json_abreviado,ninguna,967,0,967,2805,2805
comentarios,10,3,o200k_base,general_fromschema,sin_ejemplo,617,335,952,2358,2358
comentarios,10,3,cl100k_base,general_fromschema,sin_ejemplo,733,361,1094,2358,2358
comentarios,10,3,r50k_base,general_fromschema,sin_ejemplo,858,466,1326,2358,2358
comentarios,10,3,o200k_base,general_fromschema,con_ejemplo,617,461,1079,2358,2358
comentarios,10,3,cl100k_base,general_fromschema,con_ejemplo,733,508,1242,2358,2358
comentarios,10,3,r50k_base,general_fromschema,con_ejemplo,858,650,1510,2358,2358
comentarios,10,3,o200k_base,general_dominio,sin_ejemplo,635,595,1230,2385,2385
comentarios,10,3,cl100k_base,general_dominio,sin_ejemplo,749,636,1385,2385,2385
comentarios,10,3,r50k_base,general_dominio,sin_ejemplo,878,813,1692,2385,2385
comentarios,10,3,o200k_base,general_dominio,con_ejemplo,635,746,1381,2385,2385
comentarios,10,3,cl100k_base,general_dominio,con_ejemplo,749,805,1554,2385,2385
comentarios,10,3,r50k_base,general_dominio,con_ejemplo,878,1023,1902,2385,2385
comentarios,10,3,o200k_base,especializado,compacta_sin_ejemplo,618,143,761,2359,2359
comentarios,10,3,cl100k_base,especializado,compacta_sin_ejemplo,734,153,887,2359,2359
comentarios,10,3,r50k_base,especializado,compacta_sin_ejemplo,859,203,1064,2359,2359
comentarios,10,3,o200k_base,especializado,compacta_con_ejemplo,618,270,889,2359,2359
comentarios,10,3,cl100k_base,especializado,compacta_con_ejemplo,734,301,1036,2359,2359
comentarios,10,3,r50k_base,especializado,compacta_con_ejemplo,859,388,1249,2359,2359
comentarios,10,3,o200k_base,especializado,spec_block_sin_ejemplo,618,346,964,2359,2359
comentarios,10,3,cl100k_base,especializado,spec_block_sin_ejemplo,734,373,1107,2359,2359
comentarios,10,3,r50k_base,especializado,spec_block_sin_ejemplo,859,484,1345,2359,2359
comentarios,10,3,o200k_base,especializado,spec_block_con_ejemplo,618,473,1092,2359,2359
comentarios,10,3,cl100k_base,especializado,spec_block_con_ejemplo,734,521,1256,2359,2359
comentarios,10,3,r50k_base,especializado,spec_block_con_ejemplo,859,669,1530,2359,2359
comentarios,10,4,o200k_base,json_compacto,ninguna,710,0,710,2758,2758
comentarios,10,4,cl100k_base,json_compacto,ninguna,826,0,826,2758,2758
comentarios,10,4,r50k_base,json_compacto,ninguna,962,0,962,2758,2758
comentarios,10,4,o200k_base,json_compacto,schema_sin_ejemplo,710,143,853,2758,2758
comentarios,10,4,cl100k_base,json_compacto,schema_sin_ejemplo,826,140,967,2758,2758
comentarios,10,4,r50k_base,json_compacto,schema_sin_ejemplo,962,169,1133,2758,2758
comentarios,10,4,o200k_base,json_compacto,schema_con_ejemplo,710,290,1001,2758,2758
comentarios,10,4,cl100k_base,json_compacto,schema_con_ejemplo,826,306,1133,2758,2758
comentarios,10,4,r50k_base,json_compacto,schema_con_ejemplo,962,374,1338,2758,2758
comentarios,10,4,o200k_base,json_legible,ninguna,904,0,904,3266,3266
comentarios,10,4,cl100k_base,json_legible,ninguna,1021,0,1021,3266,3266
comentarios,10,4,r50k_base,json_legible,ninguna,1450,0,1450,3266,3266
comentarios,10,4,o200k_base,json_abreviado,ninguna,710,0,710,2758,2758
comentarios,10,4,cl100k_base,json_abreviado,ninguna,826,0,826,2758,2758
comentarios,10,4,r50k_base,json_abreviado,ninguna,962,0,962,2758,2758
comentarios,10,4,o200k_base,general_fromschema,sin_ejemplo,600,335,935,2311,2311
comentarios,10,4,cl100k_base,general_fromschema,sin_ejemplo,727,361,1088,2311,2311
comentarios,10,4,r50k_base,general_fromschema,sin_ejemplo,853,466,1321,2311,2311
comentarios,10,4,o200k_base,general_fromschema,con_ejemplo,600,461,1062,2311,2311
comentarios,10,4,cl100k_base,general_fromschema,con_ejemplo,727,508,1236,2311,2311
comentarios,10,4,r50k_base,general_fromschema,con_ejemplo,853,650,1505,2311,2311
comentarios,10,4,o200k_base,general_dominio,sin_ejemplo,618,595,1213,2338,2338
comentarios,10,4,cl100k_base,general_dominio,sin_ejemplo,743,636,1379,2338,2338
comentarios,10,4,r50k_base,general_dominio,sin_ejemplo,873,813,1687,2338,2338
comentarios,10,4,o200k_base,general_dominio,con_ejemplo,618,746,1364,2338,2338
comentarios,10,4,cl100k_base,general_dominio,con_ejemplo,743,805,1548,2338,2338
comentarios,10,4,r50k_base,general_dominio,con_ejemplo,873,1023,1897,2338,2338
comentarios,10,4,o200k_base,especializado,compacta_sin_ejemplo,601,143,744,2312,2312
comentarios,10,4,cl100k_base,especializado,compacta_sin_ejemplo,728,153,881,2312,2312
comentarios,10,4,r50k_base,especializado,compacta_sin_ejemplo,854,203,1059,2312,2312
comentarios,10,4,o200k_base,especializado,compacta_con_ejemplo,601,270,872,2312,2312
comentarios,10,4,cl100k_base,especializado,compacta_con_ejemplo,728,301,1030,2312,2312
comentarios,10,4,r50k_base,especializado,compacta_con_ejemplo,854,388,1244,2312,2312
comentarios,10,4,o200k_base,especializado,spec_block_sin_ejemplo,601,346,947,2312,2312
comentarios,10,4,cl100k_base,especializado,spec_block_sin_ejemplo,728,373,1101,2312,2312
comentarios,10,4,r50k_base,especializado,spec_block_sin_ejemplo,854,484,1340,2312,2312
comentarios,10,4,o200k_base,especializado,spec_block_con_ejemplo,601,473,1075,2312,2312
comentarios,10,4,cl100k_base,especializado,spec_block_con_ejemplo,728,521,1250,2312,2312
comentarios,10,4,r50k_base,especializado,spec_block_con_ejemplo,854,669,1525,2312,2312
comentarios,25,0,o200k_base,json_compacto,ninguna,1747,0,1747,6711,6711
comentarios,25,0,cl100k_base,json_compacto,ninguna,2002,0,2002,6711,6711
comentarios,25,0,r50k_base,json_compacto,ninguna,2317,0,2317,6711,6711
comentarios,25,0,o200k_base,json_compacto,schema_sin_ejemplo,1747,143,1890,6711,6711
comentarios,25,0,cl100k_base,json_compacto,schema_sin_ejemplo,2002,140,2143,6711,6711
comentarios,25,0,r50k_base,json_compacto,schema_sin_ejemplo,2317,169,2488,6711,6711
comentarios,25,0,o200k_base,json_compacto,schema_con_ejemplo,1747,290,2038,6711,6711
comentarios,25,0,cl100k_base,json_compacto,schema_con_ejemplo,2002,306,2309,6711,6711
comentarios,25,0,r50k_base,json_compacto,schema_con_ejemplo,2317,374,2693,6711,6711
comentarios,25,0,o200k_base,json_legible,ninguna,2226,0,2226,7969,7969
comentarios,25,0,cl100k_base,json_legible,ninguna,2482,0,2482,7969,7969
comentarios,25,0,r50k_base,json_legible,ninguna,3525,0,3525,7969,7969
comentarios,25,0,o200k_base,json_abreviado,ninguna,1747,0,1747,6711,6711
comentarios,25,0,cl100k_base,json_abreviado,ninguna,2002,0,2002,6711,6711
comentarios,25,0,r50k_base,json_abreviado,ninguna,2317,0,2317,6711,6711
comentarios,25,0,o200k_base,general_fromschema,sin_ejemplo,1470,335,1805,5604,5604
comentarios,25,0,cl100k_base,general_fromschema,sin_ejemplo,1747,361,2108,5604,5604
comentarios,25,0,r50k_base,general_fromschema,sin_ejemplo,2043,466,2511,5604,5604
comentarios,25,0,o200k_base,general_fromschema,con_ejemplo,1470,461,1932,5604,5604
comentarios,25,0,cl100k_base,general_fromschema,con_ejemplo,1747,508,2256,5604,5604
comentarios,25,0,r50k_base,general_fromschema,con_ejemplo,2043,650,2695,5604,5604
comentarios,25,0,o200k_base,general_dominio,sin_ejemplo,1488,595,2083,5631,5631
comentarios,25,0,cl100k_base,general_dominio,sin_ejemplo,1763,636,2399,5631,5631
comentarios,25,0,r50k_base,general_dominio,sin_ejemplo,2063,813,2877,5631,5631
comentarios,25,0,o200k_base,general_dominio,con_ejemplo,1488,746,2234,5631,5631
comentarios,25,0,cl100k_base,general_dominio,con_ejemplo,1763,805,2568,5631,5631
comentarios,25,0,r50k_base,general_dominio,con_ejemplo,2063,1023,3087,5631,5631
comentarios,25,0,o200k_base,especializado,compacta_sin_ejemplo,1471,143,1614,5605,5605
comentarios,25,0,cl100k_base,especializado,compacta_sin_ejemplo,1748,153,1901,5605,5605
comentarios,25,0,r50k_base,especializado,compacta_sin_ejemplo,2044,203,2249,5605,5605
comentarios,25,0,o200k_base,especializado,compacta_con_ejemplo,1471,270,1742,5605,5605
comentarios,25,0,cl100k_base,especializado,compacta_con_ejemplo,1748,301,2050,5605,5605
comentarios,25,0,r50k_base,especializado,compacta_con_ejemplo,2044,388,2434,5605,5605
comentarios,25,0,o200k_base,especializado,spec_block_sin_ejemplo,1471,346,1817,5605,5605
comentarios,25,0,cl100k_base,especializado,spec_block_sin_ejemplo,1748,373,2121,5605,5605
comentarios,25,0,r50k_base,especializado,spec_block_sin_ejemplo,2044,484,2530,5605,5605
comentarios,25,0,o200k_base,especializado,spec_block_con_ejemplo,1471,473,1945,5605,5605
comentarios,25,0,cl100k_base,especializado,spec_block_con_ejemplo,1748,521,2270,5605,5605
comentarios,25,0,r50k_base,especializado,spec_block_con_ejemplo,2044,669,2715,5605,5605
comentarios,25,1,o200k_base,json_compacto,ninguna,1751,0,1751,6764,6764
comentarios,25,1,cl100k_base,json_compacto,ninguna,2022,0,2022,6764,6764
comentarios,25,1,r50k_base,json_compacto,ninguna,2356,0,2356,6764,6764
comentarios,25,1,o200k_base,json_compacto,schema_sin_ejemplo,1751,143,1894,6764,6764
comentarios,25,1,cl100k_base,json_compacto,schema_sin_ejemplo,2022,140,2163,6764,6764
comentarios,25,1,r50k_base,json_compacto,schema_sin_ejemplo,2356,169,2527,6764,6764
comentarios,25,1,o200k_base,json_compacto,schema_con_ejemplo,1751,290,2042,6764,6764
comentarios,25,1,cl100k_base,json_compacto,schema_con_ejemplo,2022,306,2329,6764,6764
comentarios,25,1,r50k_base,json_compacto,schema_con_ejemplo,2356,374,2732,6764,6764
comentarios,25,1,o200k_base,json_legible,ninguna,2230,0,2230,8022,8022
comentarios,25,1,cl100k_base,json_legible,ninguna,2502,0,2502,8022,8022
comentarios,25,1,r50k_base,json_legible,ninguna,3564,0,3564,8022,8022
comentarios,25,1,o200k_base,json_abreviado,ninguna,1751,0,1751,6764,6764
comentarios,25,1,cl100k_base,json_abreviado,ninguna,2022,0,2022,6764,6764
comentarios,25,1,r50k_base,json_abreviado,ninguna,2356,0,2356,6764,6764
comentarios,25,1,o200k_base,general_fromschema,sin_ejemplo,1476,335,1811,5657,5657
comentarios,25,1,cl100k_base,general_fromschema,sin_ejemplo,1773,361,2134,5657,5657
comentarios,25,1,r50k_base,general_fromschema,sin_ejemplo,2082,466,2550,5657,5657
comentarios,25,1,o200k_base,general_fromschema,con_ejemplo,1476,461,1938,5657,5657
comentarios,25,1,cl100k_base,general_fromschema,con_ejemplo,1773,508,2282,5657,5657
comentarios,25,1,r50k_base,general_fromschema,con_ejemplo,2082,650,2734,5657,5657
comentarios,25,1,o200k_base,general_dominio,sin_ejemplo,1494,595,2089,5684,5684
comentarios,25,1,cl100k_base,general_dominio,sin_ejemplo,1789,636,2425,5684,5684
comentarios,25,1,r50k_base,general_dominio,sin_ejemplo,2102,813,2916,5684,5684
comentarios,25,1,o200k_base,general_dominio,con_ejemplo,1494,746,2240,5684,5684
comentarios,25,1,cl100k_base,general_dominio,con_ejemplo,1789,805,2594,5684,5684
comentarios,25,1,r50k_base,general_dominio,con_ejemplo,2102,1023,3126,5684,5684
comentarios,25,1,o200k_base,especializado,compacta_sin_ejemplo,1477,143,1620,5658,5658
comentarios,25,1,cl100k_base,especializado,compacta_sin_ejemplo,1774,153,1927,5658,5658
comentarios,25,1,r50k_base,especializado,compacta_sin_ejemplo,2083,203,2288,5658,5658
comentarios,25,1,o200k_base,especializado,compacta_con_ejemplo,1477,270,1748,5658,5658
comentarios,25,1,cl100k_base,especializado,compacta_con_ejemplo,1774,301,2076,5658,5658
comentarios,25,1,r50k_base,especializado,compacta_con_ejemplo,2083,388,2473,5658,5658
comentarios,25,1,o200k_base,especializado,spec_block_sin_ejemplo,1477,346,1823,5658,5658
comentarios,25,1,cl100k_base,especializado,spec_block_sin_ejemplo,1774,373,2147,5658,5658
comentarios,25,1,r50k_base,especializado,spec_block_sin_ejemplo,2083,484,2569,5658,5658
comentarios,25,1,o200k_base,especializado,spec_block_con_ejemplo,1477,473,1951,5658,5658
comentarios,25,1,cl100k_base,especializado,spec_block_con_ejemplo,1774,521,2296,5658,5658
comentarios,25,1,r50k_base,especializado,spec_block_con_ejemplo,2083,669,2754,5658,5658
comentarios,25,2,o200k_base,json_compacto,ninguna,1775,0,1775,6855,6855
comentarios,25,2,cl100k_base,json_compacto,ninguna,2046,0,2046,6855,6855
comentarios,25,2,r50k_base,json_compacto,ninguna,2359,0,2359,6855,6855
comentarios,25,2,o200k_base,json_compacto,schema_sin_ejemplo,1775,143,1918,6855,6855
comentarios,25,2,cl100k_base,json_compacto,schema_sin_ejemplo,2046,140,2187,6855,6855
comentarios,25,2,r50k_base,json_compacto,schema_sin_ejemplo,2359,169,2530,6855,6855
comentarios,25,2,o200k_base,json_compacto,schema_con_ejemplo,1775,290,2066,6855,6855
comentarios,25,2,cl100k_base,json_compacto,schema_con_ejemplo,2046,306,2353,6855,6855
comentarios,25,2,r50k_base,json_compacto,schema_con_ejemplo,2359,374,2735,6855,6855
comentarios,25,2,o200k_base,json_legible,ninguna,2254,0,2254,8113,8113
comentarios,25,2,cl100k_base,json_legible,ninguna,2526,0,2526,8113,8113
comentarios,25,2,r50k_base,json_legible,ninguna,3567,0,3567,8113,8113
comentarios,25,2,o200k_base,json_abreviado,ninguna,1775,0,1775,6855,6855
comentarios,25,2,cl100k_base,json_abreviado,ninguna,2046,0,2046,6855,6855
comentarios,25,2,r50k_base,json_abreviado,ninguna,2359,0,2359,6855,6855
comentarios,25,2,o200k_base,general_fromschema,sin_ejemplo,1498,335,1833,5748,5748
comentarios,25,2,cl100k_base,general_fromschema,sin_ejemplo,1795,361,2156,5748,5748
comentarios,25,2,r50k_base,general_fromschema,sin_ejemplo,2085,466,2553,5748,5748
comentarios,25,2,o200k_base,general_fromschema,con_ejemplo,1498,461,1960,5748,5748
comentarios,25,2,cl100k_base,general_fromschema,con_ejemplo,1795,508,2304,5748,5748
comentarios,25,2,r50k_base,general_fromschema,con_ejemplo,2085,650,2737,5748,5748
comentarios,25,2,o200k_base,general_dominio,sin_ejemplo,1516,595,2111,5775,5775
comentarios,25,2,cl100k_base,general_dominio,sin_ejemplo,1811,636,2447,5775,5775
comentarios,25,2,r50k_base,general_dominio,sin_ejemplo,2105,813,2919,5775,5775
comentarios,25,2,o200k_base,general_dominio,con_ejemplo,1516,746,2262,5775,5775
comentarios,25,2,cl100k_base,general_dominio,con_ejemplo,1811,805,2616,5775,5775
comentarios,25,2,r50k_base,general_dominio,con_ejemplo,2105,1023,3129,5775,5775
comentarios,25,2,o200k_base,especializado,compacta_sin_ejemplo,1499,143,1642,5749,5749
comentarios,25,2,cl100k_base,especializado,compacta_sin_ejemplo,1796,153,1949,5749,5749
comentarios,25,2,r50k_base,especializado,compacta_sin_ejemplo,2086,203,2291,5749,5749
comentarios,25,2,o200k_base,especializado,compacta_con_ejemplo,1499,270,1770,5749,5749
comentarios,25,2,cl100k_base,especializado,compacta_con_ejemplo,1796,301,2098,5749,5749
comentarios,25,2,r50k_base,especializado,compacta_con_ejemplo,2086,388,2476,5749,5749
comentarios,25,2,o200k_base,especializado,spec_block_sin_ejemplo,1499,346,1845,5749,5749
comentarios,25,2,cl100k_base,especializado,spec_block_sin_ejemplo,1796,373,2169,5749,5749
comentarios,25,2,r50k_base,especializado,spec_block_sin_ejemplo,2086,484,2572,5749,5749
comentarios,25,2,o200k_base,especializado,spec_block_con_ejemplo,1499,473,1973,5749,5749
comentarios,25,2,cl100k_base,especializado,spec_block_con_ejemplo,1796,521,2318,5749,5749
comentarios,25,2,r50k_base,especializado,spec_block_con_ejemplo,2086,669,2757,5749,5749
comentarios,25,3,o200k_base,json_compacto,ninguna,1801,0,1801,7144,7144
comentarios,25,3,cl100k_base,json_compacto,ninguna,2079,0,2079,7144,7144
comentarios,25,3,r50k_base,json_compacto,ninguna,2420,0,2420,7144,7144
comentarios,25,3,o200k_base,json_compacto,schema_sin_ejemplo,1801,143,1944,7144,7144
comentarios,25,3,cl100k_base,json_compacto,schema_sin_ejemplo,2079,140,2220,7144,7144
comentarios,25,3,r50k_base,json_compacto,schema_sin_ejemplo,2420,169,2591,7144,7144
comentarios,25,3,o200k_base,json_compacto,schema_con_ejemplo,1801,290,2092,7144,7144
comentarios,25,3,cl100k_base,json_compacto,schema_con_ejemplo,2079,306,2386,7144,7144
comentarios,25,3,r50k_base,json_compacto,schema_con_ejemplo,2420,374,2796,7144,7144
comentarios,25,3,o200k_base,json_legible,ninguna,2280,0,2280,8402,8402
comentarios,25,3,cl100k_base,json_legible,ninguna,2559,0,2559,8402,8402
comentarios,25,3,r50k_base,json_legible,ninguna,3628,0,3628,8402,8402
comentarios,25,3,o200k_base,json_abreviado,ninguna,1801,0,1801,7144,7144
comentarios,25,3,cl100k_base,json_abreviado,ninguna,2079,0,2079,7144,7144
comentarios,25,3,r50k_base,json_abreviado,ninguna,2420,0,2420,7144,7144
comentarios,25,3,o200k_base,general_fromschema,sin_ejemplo,1525,335,1860,6037,6037
comentarios,25,3,cl100k_base,general_fromschema,sin_ejemplo,1827,361,2188,6037,6037
comentarios,25,3,r50k_base,general_fromschema,sin_ejemplo,2146,466,2614,6037,6037
comentarios,25,3,o200k_base,general_fromschema,con_ejemplo,1525,461,1987,6037,6037
comentarios,25,3,cl100k_base,general_fromschema,con_ejemplo,1827,508,2336,6037,6037
comentarios,25,3,r50k_base,general_fromschema,con_ejemplo,2146,650,2798,6037,6037
comentarios,25,3,o200k_base,general_dominio,sin_ejemplo,1543,595,2138,6064,6064
comentarios,25,3,cl100k_base,general_dominio,sin_ejemplo,1843,636,2479,6064,6064
comentarios,25,3,r50k_base,general_dominio,sin_ejemplo,2166,813,2980,6064,6064
comentarios,25,3,o200k_base,general_dominio,con_ejemplo,1543,746,2289,6064,6064
comentarios,25,3,cl100k_base,general_dominio,con_ejemplo,1843,805,2648,6064,6064
comentarios,25,3,r50k_base,general_dominio,con_ejemplo,2166,1023,3190,6064,6064
comentarios,25,3,o200k_base,especializado,compacta_sin_ejemplo,1526,143,1669,6038,6038
comentarios,25,3,cl100k_base,especializado,compacta_sin_ejemplo,1828,153,1981,6038,6038
comentarios,25,3,r50k_base,especializado,compacta_sin_ejemplo,2147,203,2352,6038,6038
comentarios,25,3,o200k_base,especializado,compacta_con_ejemplo,1526,270,1797,6038,6038
comentarios,25,3,cl100k_base,especializado,compacta_con_ejemplo,1828,301,2130,6038,6038
comentarios,25,3,r50k_base,especializado,compacta_con_ejemplo,2147,388,2537,6038,6038
comentarios,25,3,o200k_base,especializado,spec_block_sin_ejemplo,1526,346,1872,6038,6038
comentarios,25,3,cl100k_base,especializado,spec_block_sin_ejemplo,1828,373,2201,6038,6038
comentarios,25,3,r50k_base,especializado,spec_block_sin_ejemplo,2147,484,2633,6038,6038
comentarios,25,3,o200k_base,especializado,spec_block_con_ejemplo,1526,473,2000,6038,6038
comentarios,25,3,cl100k_base,especializado,spec_block_con_ejemplo,1828,521,2350,6038,6038
comentarios,25,3,r50k_base,especializado,spec_block_con_ejemplo,2147,669,2818,6038,6038
comentarios,25,4,o200k_base,json_compacto,ninguna,1831,0,1831,7132,7132
comentarios,25,4,cl100k_base,json_compacto,ninguna,2098,0,2098,7132,7132
comentarios,25,4,r50k_base,json_compacto,ninguna,2467,0,2467,7132,7132
comentarios,25,4,o200k_base,json_compacto,schema_sin_ejemplo,1831,143,1974,7132,7132
comentarios,25,4,cl100k_base,json_compacto,schema_sin_ejemplo,2098,140,2239,7132,7132
comentarios,25,4,r50k_base,json_compacto,schema_sin_ejemplo,2467,169,2638,7132,7132
comentarios,25,4,o200k_base,json_compacto,schema_con_ejemplo,1831,290,2122,7132,7132
comentarios,25,4,cl100k_base,json_compacto,schema_con_ejemplo,2098,306,2405,7132,7132
comentarios,25,4,r50k_base,json_compacto,schema_con_ejemplo,2467,374,2843,7132,7132
comentarios,25,4,o200k_base,json_legible,ninguna,2310,0,2310,8390,8390
comentarios,25,4,cl100k_base,json_legible,ninguna,2578,0,2578,8390,8390
comentarios,25,4,r50k_base,json_legible,ninguna,3675,0,3675,8390,8390
comentarios,25,4,o200k_base,json_abreviado,ninguna,1831,0,1831,7132,7132
comentarios,25,4,cl100k_base,json_abreviado,ninguna,2098,0,2098,7132,7132
comentarios,25,4,r50k_base,json_abreviado,ninguna,2467,0,2467,7132,7132
comentarios,25,4,o200k_base,general_fromschema,sin_ejemplo,1556,335,1891,6025,6025
comentarios,25,4,cl100k_base,general_fromschema,sin_ejemplo,1846,361,2207,6025,6025
comentarios,25,4,r50k_base,general_fromschema,sin_ejemplo,2193,466,2661,6025,6025
comentarios,25,4,o200k_base,general_fromschema,con_ejemplo,1556,461,2018,6025,6025
comentarios,25,4,cl100k_base,general_fromschema,con_ejemplo,1846,508,2355,6025,6025
comentarios,25,4,r50k_base,general_fromschema,con_ejemplo,2193,650,2845,6025,6025
comentarios,25,4,o200k_base,general_dominio,sin_ejemplo,1574,595,2169,6052,6052
comentarios,25,4,cl100k_base,general_dominio,sin_ejemplo,1862,636,2498,6052,6052
comentarios,25,4,r50k_base,general_dominio,sin_ejemplo,2213,813,3027,6052,6052
comentarios,25,4,o200k_base,general_dominio,con_ejemplo,1574,746,2320,6052,6052
comentarios,25,4,cl100k_base,general_dominio,con_ejemplo,1862,805,2667,6052,6052
comentarios,25,4,r50k_base,general_dominio,con_ejemplo,2213,1023,3237,6052,6052
comentarios,25,4,o200k_base,especializado,compacta_sin_ejemplo,1557,143,1700,6026,6026
comentarios,25,4,cl100k_base,especializado,compacta_sin_ejemplo,1847,153,2000,6026,6026
comentarios,25,4,r50k_base,especializado,compacta_sin_ejemplo,2194,203,2399,6026,6026
comentarios,25,4,o200k_base,especializado,compacta_con_ejemplo,1557,270,1828,6026,6026
comentarios,25,4,cl100k_base,especializado,compacta_con_ejemplo,1847,301,2149,6026,6026
comentarios,25,4,r50k_base,especializado,compacta_con_ejemplo,2194,388,2584,6026,6026
comentarios,25,4,o200k_base,especializado,spec_block_sin_ejemplo,1557,346,1903,6026,6026
comentarios,25,4,cl100k_base,especializado,spec_block_sin_ejemplo,1847,373,2220,6026,6026
comentarios,25,4,r50k_base,especializado,spec_block_sin_ejemplo,2194,484,2680,6026,6026
comentarios,25,4,o200k_base,especializado,spec_block_con_ejemplo,1557,473,2031,6026,6026
comentarios,25,4,cl100k_base,especializado,spec_block_con_ejemplo,1847,521,2369,6026,6026
comentarios,25,4,r50k_base,especializado,spec_block_con_ejemplo,2194,669,2865,6026,6026
comentarios,50,0,o200k_base,json_compacto,ninguna,3493,0,3493,13461,13461
comentarios,50,0,cl100k_base,json_compacto,ninguna,4020,0,4020,13461,13461
comentarios,50,0,r50k_base,json_compacto,ninguna,4669,0,4669,13461,13461
comentarios,50,0,o200k_base,json_compacto,schema_sin_ejemplo,3493,143,3636,13461,13461
comentarios,50,0,cl100k_base,json_compacto,schema_sin_ejemplo,4020,140,4161,13461,13461
comentarios,50,0,r50k_base,json_compacto,schema_sin_ejemplo,4669,169,4840,13461,13461
comentarios,50,0,o200k_base,json_compacto,schema_con_ejemplo,3493,290,3784,13461,13461
comentarios,50,0,cl100k_base,json_compacto,schema_con_ejemplo,4020,306,4327,13461,13461
comentarios,50,0,r50k_base,json_compacto,schema_con_ejemplo,4669,374,5045,13461,13461
comentarios,50,0,o200k_base,json_legible,ninguna,4447,0,4447,15969,15969
comentarios,50,0,cl100k_base,json_legible,ninguna,4975,0,4975,15969,15969
comentarios,50,0,r50k_base,json_legible,ninguna,7077,0,7077,15969,15969
comentarios,50,0,o200k_base,json_abreviado,ninguna,3493,0,3493,13461,13461
comentarios,50,0,cl100k_base,json_abreviado,ninguna,4020,0,4020,13461,13461
comentarios,50,0,r50k_base,json_abreviado,ninguna,4669,0,4669,13461,13461
comentarios,50,0,o200k_base,general_fromschema,sin_ejemplo,2941,335,3276,11254,11254
comentarios,50,0,cl100k_base,general_fromschema,sin_ejemplo,3515,361,3876,11254,11254
comentarios,50,0,r50k_base,general_fromschema,sin_ejemplo,4120,466,4588,11254,11254
comentarios,50,0,o200k_base,general_fromschema,con_ejemplo,2941,461,3403,11254,11254
comentarios,50,0,cl100k_base,general_fromschema,con_ejemplo,3515,508,4024,11254,11254
comentarios,50,0,r50k_base,general_fromschema,con_ejemplo,4120,650,4772,11254,11254
comentarios,50,0,o200k_base,general_dominio,sin_ejemplo,2959,595,3554,11281,11281
comentarios,50,0,cl100k_base,general_dominio,sin_ejemplo,3531,636,4167,11281,11281
comentarios,50,0,r50k_base,general_dominio,sin_ejemplo,4140,813,4954,11281,11281
comentarios,50,0,o200k_base,general_dominio,con_ejemplo,2959,746,3705,11281,11281
comentarios,50,0,cl100k_base,general_dominio,con_ejemplo,3531,805,4336,11281,11281
comentarios,50,0,r50k_base,general_dominio,con_ejemplo,4140,1023,5164,11281,11281
comentarios,50,0,o200k_base,especializado,compacta_sin_ejemplo,2942,143,3085,11255,11255
comentarios,50,0,cl100k_base,especializado,compacta_sin_ejemplo,3516,153,3669,11255,11255
comentarios,50,0,r50k_base,especializado,compacta_sin_ejemplo,4121,203,4326,11255,11255
comentarios,50,0,o200k_base,especializado,compacta_con_ejemplo,2942,270,3213,11255,11255
comentarios,50,0,cl100k_base,especializado,compacta_con_ejemplo,3516,301,3818,11255,11255
comentarios,50,0,r50k_base,especializado,compacta_con_ejemplo,4121,388,4511,11255,11255
comentarios,50,0,o200k_base,especializado,spec_block_sin_ejemplo,2942,346,3288,11255,11255
comentarios,50,0,cl100k_base,especializado,spec_block_sin_ejemplo,3516,373,3889,11255,11255
comentarios,50,0,r50k_base,especializado,spec_block_sin_ejemplo,4121,484,4607,11255,11255
comentarios,50,0,o200k_base,especializado,spec_block_con_ejemplo,2942,473,3416,11255,11255
comentarios,50,0,cl100k_base,especializado,spec_block_con_ejemplo,3516,521,4038,11255,11255
comentarios,50,0,r50k_base,especializado,spec_block_con_ejemplo,4121,669,4792,11255,11255
comentarios,50,1,o200k_base,json_compacto,ninguna,3571,0,3571,13985,13985
comentarios,50,1,cl100k_base,json_compacto,ninguna,4121,0,4121,13985,13985
comentarios,50,1,r50k_base,json_compacto,ninguna,4775,0,4775,13985,13985
comentarios,50,1,o200k_base,json_compacto,schema_sin_ejemplo,3571,143,3714,13985,13985
comentarios,50,1,cl100k_base,json_compacto,schema_sin_ejemplo,4121,140,4262,13985,13985
comentarios,50,1,r50k_base,json_compacto,schema_sin_ejemplo,4775,169,4946,13985,13985
comentarios,50,1,o200k_base,json_compacto,schema_con_ejemplo,3571,290,3862,13985,13985
comentarios,50,1,cl100k_base,json_compacto,schema_con_ejemplo,4121,306,4428,13985,13985
comentarios,50,1,r50k_base,json_compacto,schema_con_ejemplo,4775,374,5151,13985,13985
comentarios,50,1,o200k_base,json_legible,ninguna,4525,0,4525,16493,16493
comentarios,50,1,cl100k_base,json_legible,ninguna,5076,0,5076,16493,16493
comentarios,50,1,r50k_base,json_legible,ninguna,7183,0,7183,16493,16493
comentarios,50,1,o200k_base,json_abreviado,ninguna,3571,0,3571,13985,13985
comentarios,50,1,cl100k_base,json_abreviado,ninguna,4121,0,4121,13985,13985
comentarios,50,1,r50k_base,json_abreviado,ninguna,4775,0,4775,13985,13985
comentarios,50,1,o200k_base,general_fromschema,sin_ejemplo,3018,335,3353,11778,11778
comentarios,50,1,cl100k_base,general_fromschema,sin_ejemplo,3617,361,3978,11778,11778
comentarios,50,1,r50k_base,general_fromschema,sin_ejemplo,4226,466,4694,11778,11778
comentarios,50,1,o200k_base,general_fromschema,con_ejemplo,3018,461,3480,11778,11778
comentarios,50,1,cl100k_base,general_fromschema,con_ejemplo,3617,508,4126,11778,11778
comentarios,50,1,r50k_base,general_fromschema,con_ejemplo,4226,650,4878,11778,11778
comentarios,50,1,o200k_base,general_dominio,sin_ejemplo,3036,595,3631,11805,11805
comentarios,50,1,cl100k_base,general_dominio,sin_ejemplo,3633,636,4269,11805,11805
comentarios,50,1,r50k_base,general_dominio,sin_ejemplo,4246,813,5060,11805,11805
comentarios,50,1,o200k_base,general_dominio,con_ejemplo,3036,746,3782,11805,11805
comentarios,50,1,cl100k_base,general_dominio,con_ejemplo,3633,805,4438,11805,11805
comentarios,50,1,r50k_base,general_dominio,con_ejemplo,4246,1023,5270,11805,11805
comentarios,50,1,o200k_base,especializado,compacta_sin_ejemplo,3019,143,3162,11779,11779
comentarios,50,1,cl100k_base,especializado,compacta_sin_ejemplo,3618,153,3771,11779,11779
comentarios,50,1,r50k_base,especializado,compacta_sin_ejemplo,4227,203,4432,11779,11779
comentarios,50,1,o200k_base,especializado,compacta_con_ejemplo,3019,270,3290,11779,11779
comentarios,50,1,cl100k_base,especializado,compacta_con_ejemplo,3618,301,3920,11779,11779
comentarios,50,1,r50k_base,especializado,compacta_con_ejemplo,4227,388,4617,11779,11779
comentarios,50,1,o200k_base,especializado,spec_block_sin_ejemplo,3019,346,3365,11779,11779
comentarios,50,1,cl100k_base,especializado,spec_block_sin_ejemplo,3618,373,3991,11779,11779
comentarios,50,1,r50k_base,especializado,spec_block_sin_ejemplo,4227,484,4713,11779,11779
comentarios,50,1,o200k_base,especializado,spec_block_con_ejemplo,3019,473,3493,11779,11779
comentarios,50,1,cl100k_base,especializado,spec_block_con_ejemplo,3618,521,4140,11779,11779
comentarios,50,1,r50k_base,especializado,spec_block_con_ejemplo,4227,669,4898,11779,11779
comentarios,50,2,o200k_base,json_compacto,ninguna,3621,0,3621,14182,14182
comentarios,50,2,cl100k_base,json_compacto,ninguna,4166,0,4166,14182,14182
comentarios,50,2,r50k_base,json_compacto,ninguna,4901,0,4901,14182,14182
comentarios,50,2,o200k_base,json_compacto,schema_sin_ejemplo,3621,143,3764,14182,14182
comentarios,50,2,cl100k_base,json_compacto,schema_sin_ejemplo,4166,140,4307,14182,14182
comentarios,50,2,r50k_base,json_compacto,schema_sin_ejemplo,4901,169,5072,14182,14182
comentarios,50,2,o200k_base,json_compacto,schema_con_ejemplo,3621,290,3912,14182,14182
comentarios,50,2,cl100k_base,json_compacto,schema_con_ejemplo,4166,306,4473,14182,14182
comentarios,50,2,r50k_base,json_compacto,schema_con_ejemplo,4901,374,5277,14182,14182
comentarios,50,2,o200k_base,json_legible,ninguna,4575,0,4575,16690,16690
comentarios,50,2,cl100k_base,json_legible,ninguna,5121,0,5121,16690,16690
comentarios,50,2,r50k_base,json_legible,ninguna,7309,0,7309,16690,16690
comentarios,50,2,o200k_base,json_abreviado,ninguna,3621,0,3621,14182,14182
comentarios,50,2,cl100k_base,json_abreviado,ninguna,4166,0,4166,14182,14182
comentarios,50,2,r50k_base,json_abreviado,ninguna,4901,0,4901,14182,14182
comentarios,50,2,o200k_base,general_fromschema,sin_ejemplo,3071,335,3406,11975,11975
comentarios,50,2,cl100k_base,general_fromschema,sin_ejemplo,3662,361,4023,11975,11975
comentarios,50,2,r50k_base,general_fromschema,sin_ejemplo,4352,466,4820,11975,11975
comentarios,50,2,o200k_base,general_fromschema,con_ejemplo,3071,461,3533,11975,11975
comentarios,50,2,cl100k_base,general_fromschema,con_ejemplo,3662,508,4171,11975,11975
comentarios,50,2,r50k_base,general_fromschema,con_ejemplo,4352,650,5004,11975,11975
comentarios,50,2,o200k_base,general_dominio,sin_ejemplo,3089,595,3684,12002,12002
comentarios,50,2,cl100k_base,general_dominio,sin_ejemplo,3678,636,4314,12002,12002
comentarios,50,2,r50k_base,general_dominio,sin_ejemplo,4372,813,5186,12002,12002
comentarios,50,2,o200k_base,general_dominio,con_ejemplo,3089,746,3835,12002,12002
comentarios,50,2,cl100k_base,general_dominio,con_ejemplo,3678,805,4483,12002,12002
comentarios,50,2,r50k_base,general_dominio,con_ejemplo,4372,1023,5396,12002,12002
comentarios,50,2,o200k_base,especializado,compacta_sin_ejemplo,3072,143,3215,11976,11976
comentarios,50,2,cl100k_base,especializado,compacta_sin_ejemplo,3663,153,3816,11976,11976
comentarios,50,2,r50k_base,especializado,compacta_sin_ejemplo,4353,203,4558,11976,11976
comentarios,50,2,o200k_base,especializado,compacta_con_ejemplo,3072,270,3343,11976,11976
comentarios,50,2,cl100k_base,especializado,compacta_con_ejemplo,3663,301,3965,11976,11976
comentarios,50,2,r50k_base,especializado,compacta_con_ejemplo,4353,388,4743,11976,11976
comentarios,50,2,o200k_base,especializado,spec_block_sin_ejemplo,3072,346,3418,11976,11976
comentarios,50,2,cl100k_base,especializado,spec_block_sin_ejemplo,3663,373,4036,11976,11976
comentarios,50,2,r50k_base,especializado,spec_block_sin_ejemplo,4353,484,4839,11976,11976
comentarios,50,2,o200k_base,especializado,spec_block_con_ejemplo,3072,473,3546,11976,11976
comentarios,50,2,cl100k_base,especializado,spec_block_con_ejemplo,3663,521,4185,11976,11976
comentarios,50,2,r50k_base,especializado,spec_block_con_ejemplo,4353,669,5024,11976,11976
comentarios,50,3,o200k_base,json_compacto,ninguna,3651,0,3651,14133,14133
comentarios,50,3,cl100k_base,json_compacto,ninguna,4205,0,4205,14133,14133
comentarios,50,3,r50k_base,json_compacto,ninguna,4923,0,4923,14133,14133
comentarios,50,3,o200k_base,json_compacto,schema_sin_ejemplo,3651,143,3794,14133,14133
comentarios,50,3,cl100k_base,json_compacto,schema_sin_ejemplo,4205,140,4346,14133,14133
comentarios,50,3,r50k_base,json_compacto,schema_sin_ejemplo,4923,169,5094,14133,14133
comentarios,50,3,o200k_base,json_compacto,schema_con_ejemplo,3651,290,3942,14133,14133
comentarios,50,3,cl100k_base,json_compacto,schema_con_ejemplo,4205,306,4512,14133,14133
comentarios,50,3,r50k_base,json_compacto,schema_con_ejemplo,4923,374,5299,14133,14133
comentarios,50,3,o200k_base,json_legible,ninguna,4605,0,4605,16641,16641
comentarios,50,3,cl100k_base,json_legible,ninguna,5160,0,5160,16641,16641
comentarios,50,3,r50k_base,json_legible,ninguna,7331,0,7331,16641,16641
comentarios,50,3,o200k_base,json_abreviado,ninguna,3651,0,3651,14133,14133
comentarios,50,3,cl100k_base,json_abreviado,ninguna,4205,0,4205,14133,14133
comentarios,50,3,r50k_base,json_abreviado,ninguna,4923,0,4923,14133,14133
comentarios,50,3,o200k_base,general_fromschema,sin_ejemplo,3098,335,3433,11926,11926
comentarios,50,3,cl100k_base,general_fromschema,sin_ejemplo,3695,361,4056,11926,11926
comentarios,50,3,r50k_base,general_fromschema,sin_ejemplo,4374,466,4842,11926,11926
comentarios,50,3,o200k_base,general_fromschema,con_ejemplo,3098,461,3560,11926,11926
comentarios,50,3,cl100k_base,general_fromschema,con_ejemplo,3695,508,4204,11926,11926
comentarios,50,3,r50k_base,general_fromschema,con_ejemplo,4374,650,5026,11926,11926
comentarios,50,3,o200k_base,general_dominio,sin_ejemplo,3116,595,3711,11953,11953
comentarios,50,3,cl100k_base,general_dominio,sin_ejemplo,3711,636,4347,11953,11953
comentarios,50,3,r50k_base,general_dominio,sin_ejemplo,4394,813,5208,11953,11953
comentarios,50,3,o200k_base,general_dominio,con_ejemplo,3116,746,3862,11953,11953
comentarios,50,3,cl100k_base,general_dominio,con_ejemplo,3711,805,4516,11953,11953
comentarios,50,3,r50k_base,general_dominio,con_ejemplo,4394,1023,5418,11953,11953
comentarios,50,3,o200k_base,especializado,compacta_sin_ejemplo,3099,143,3242,11927,11927
comentarios,50,3,cl100k_base,especializado,compacta_sin_ejemplo,3696,153,3849,11927,11927
comentarios,50,3,r50k_base,especializado,compacta_sin_ejemplo,4375,203,4580,11927,11927
comentarios,50,3,o200k_base,especializado,compacta_con_ejemplo,3099,270,3370,11927,11927
comentarios,50,3,cl100k_base,especializado,compacta_con_ejemplo,3696,301,3998,11927,11927
comentarios,50,3,r50k_base,especializado,compacta_con_ejemplo,4375,388,4765,11927,11927
comentarios,50,3,o200k_base,especializado,spec_block_sin_ejemplo,3099,346,3445,11927,11927
comentarios,50,3,cl100k_base,especializado,spec_block_sin_ejemplo,3696,373,4069,11927,11927
comentarios,50,3,r50k_base,especializado,spec_block_sin_ejemplo,4375,484,4861,11927,11927
comentarios,50,3,o200k_base,especializado,spec_block_con_ejemplo,3099,473,3573,11927,11927
comentarios,50,3,cl100k_base,especializado,spec_block_con_ejemplo,3696,521,4218,11927,11927
comentarios,50,3,r50k_base,especializado,spec_block_con_ejemplo,4375,669,5046,11927,11927
comentarios,50,4,o200k_base,json_compacto,ninguna,3622,0,3622,14300,14300
comentarios,50,4,cl100k_base,json_compacto,ninguna,4186,0,4186,14300,14300
comentarios,50,4,r50k_base,json_compacto,ninguna,4910,0,4910,14300,14300
comentarios,50,4,o200k_base,json_compacto,schema_sin_ejemplo,3622,143,3765,14300,14300
comentarios,50,4,cl100k_base,json_compacto,schema_sin_ejemplo,4186,140,4327,14300,14300
comentarios,50,4,r50k_base,json_compacto,schema_sin_ejemplo,4910,169,5081,14300,14300
comentarios,50,4,o200k_base,json_compacto,schema_con_ejemplo,3622,290,3913,14300,14300
comentarios,50,4,cl100k_base,json_compacto,schema_con_ejemplo,4186,306,4493,14300,14300
comentarios,50,4,r50k_base,json_compacto,schema_con_ejemplo,4910,374,5286,14300,14300
comentarios,50,4,o200k_base,json_legible,ninguna,4576,0,4576,16808,16808
comentarios,50,4,cl100k_base,json_legible,ninguna,5141,0,5141,16808,16808
comentarios,50,4,r50k_base,json_legible,ninguna,7325,0,7325,16808,16808
comentarios,50,4,o200k_base,json_abreviado,ninguna,3622,0,3622,14300,14300
comentarios,50,4,cl100k_base,json_abreviado,ninguna,4186,0,4186,14300,14300
comentarios,50,4,r50k_base,json_abreviado,ninguna,4910,0,4910,14300,14300
comentarios,50,4,o200k_base,general_fromschema,sin_ejemplo,3072,335,3407,12093,12093
comentarios,50,4,cl100k_base,general_fromschema,sin_ejemplo,3684,361,4045,12093,12093
comentarios,50,4,r50k_base,general_fromschema,sin_ejemplo,4361,466,4829,12093,12093
comentarios,50,4,o200k_base,general_fromschema,con_ejemplo,3072,461,3534,12093,12093
comentarios,50,4,cl100k_base,general_fromschema,con_ejemplo,3684,508,4193,12093,12093
comentarios,50,4,r50k_base,general_fromschema,con_ejemplo,4361,650,5013,12093,12093
comentarios,50,4,o200k_base,general_dominio,sin_ejemplo,3090,595,3685,12120,12120
comentarios,50,4,cl100k_base,general_dominio,sin_ejemplo,3700,636,4336,12120,12120
comentarios,50,4,r50k_base,general_dominio,sin_ejemplo,4381,813,5195,12120,12120
comentarios,50,4,o200k_base,general_dominio,con_ejemplo,3090,746,3836,12120,12120
comentarios,50,4,cl100k_base,general_dominio,con_ejemplo,3700,805,4505,12120,12120
comentarios,50,4,r50k_base,general_dominio,con_ejemplo,4381,1023,5405,12120,12120
comentarios,50,4,o200k_base,especializado,compacta_sin_ejemplo,3073,143,3216,12094,12094
comentarios,50,4,cl100k_base,especializado,compacta_sin_ejemplo,3685,153,3838,12094,12094
comentarios,50,4,r50k_base,especializado,compacta_sin_ejemplo,4362,203,4567,12094,12094
comentarios,50,4,o200k_base,especializado,compacta_con_ejemplo,3073,270,3344,12094,12094
comentarios,50,4,cl100k_base,especializado,compacta_con_ejemplo,3685,301,3987,12094,12094
comentarios,50,4,r50k_base,especializado,compacta_con_ejemplo,4362,388,4752,12094,12094
comentarios,50,4,o200k_base,especializado,spec_block_sin_ejemplo,3073,346,3419,12094,12094
comentarios,50,4,cl100k_base,especializado,spec_block_sin_ejemplo,3685,373,4058,12094,12094
comentarios,50,4,r50k_base,especializado,spec_block_sin_ejemplo,4362,484,4848,12094,12094
comentarios,50,4,o200k_base,especializado,spec_block_con_ejemplo,3073,473,3547,12094,12094
comentarios,50,4,cl100k_base,especializado,spec_block_con_ejemplo,3685,521,4207,12094,12094
comentarios,50,4,r50k_base,especializado,spec_block_con_ejemplo,4362,669,5033,12094,12094
comentarios,100,0,o200k_base,json_compacto,ninguna,7059,0,7059,27432,27432
comentarios,100,0,cl100k_base,json_compacto,ninguna,8137,0,8137,27432,27432
comentarios,100,0,r50k_base,json_compacto,ninguna,9440,0,9440,27432,27432
comentarios,100,0,o200k_base,json_compacto,schema_sin_ejemplo,7059,143,7202,27432,27432
comentarios,100,0,cl100k_base,json_compacto,schema_sin_ejemplo,8137,140,8278,27432,27432
comentarios,100,0,r50k_base,json_compacto,schema_sin_ejemplo,9440,169,9611,27432,27432
comentarios,100,0,o200k_base,json_compacto,schema_con_ejemplo,7059,290,7350,27432,27432
comentarios,100,0,cl100k_base,json_compacto,schema_con_ejemplo,8137,306,8444,27432,27432
comentarios,100,0,r50k_base,json_compacto,schema_con_ejemplo,9440,374,9816,27432,27432
comentarios,100,0,o200k_base,json_legible,ninguna,8963,0,8963,32440,32440
comentarios,100,0,cl100k_base,json_legible,ninguna,10042,0,10042,32440,32440
comentarios,100,0,r50k_base,json_legible,ninguna,14248,0,14248,32440,32440
comentarios,100,0,o200k_base,json_abreviado,ninguna,7059,0,7059,27432,27432
comentarios,100,0,cl100k_base,json_abreviado,ninguna,8137,0,8137,27432,27432
comentarios,100,0,r50k_base,json_abreviado,ninguna,9440,0,9440,27432,27432
comentarios,100,0,o200k_base,general_fromschema,sin_ejemplo,5954,335,6289,23026,23026
comentarios,100,0,cl100k_base,general_fromschema,sin_ejemplo,7127,361,7488,23026,23026
comentarios,100,0,r50k_base,general_fromschema,sin_ejemplo,8341,466,8809,23026,23026
comentarios,100,0,o200k_base,general_fromschema,con_ejemplo,5954,461,6416,23026,23026
comentarios,100,0,cl100k_base,general_fromschema,con_ejemplo,7127,508,7636,23026,23026
comentarios,100,0,r50k_base,general_fromschema,con_ejemplo,8341,650,8993,23026,23026
comentarios,100,0,o200k_base,general_dominio,sin_ejemplo,5972,595,6567,23053,23053
comentarios,100,0,cl100k_base,general_dominio,sin_ejemplo,7143,636,7779,23053,23053
comentarios,100,0,r50k_base,general_dominio,sin_ejemplo,8361,813,9175,23053,23053
comentarios,100,0,o200k_base,general_dominio,con_ejemplo,5972,746,6718,23053,23053
comentarios,100,0,cl100k_base,general_dominio,con_ejemplo,7143,805,7948,23053,23053
comentarios,100,0,r50k_base,general_dominio,con_ejemplo,8361,1023,9385,23053,23053
comentarios,100,0,o200k_base,especializado,compacta_sin_ejemplo,5955,143,6098,23027,23027
comentarios,100,0,cl100k_base,especializado,compacta_sin_ejemplo,7128,153,7281,23027,23027
comentarios,100,0,r50k_base,especializado,compacta_sin_ejemplo,8342,203,8547,23027,23027
comentarios,100,0,o200k_base,especializado,compacta_con_ejemplo,5955,270,6226,23027,23027
comentarios,100,0,cl100k_base,especializado,compacta_con_ejemplo,7128,301,7430,23027,23027
comentarios,100,0,r50k_base,especializado,compacta_con_ejemplo,8342,388,8732,23027,23027
comentarios,100,0,o200k_base,especializado,spec_block_sin_ejemplo,5955,346,6301,23027,23027
comentarios,100,0,cl100k_base,especializado,spec_block_sin_ejemplo,7128,373,7501,23027,23027
comentarios,100,0,r50k_base,especializado,spec_block_sin_ejemplo,8342,484,8828,23027,23027
comentarios,100,0,o200k_base,especializado,spec_block_con_ejemplo,5955,473,6429,23027,23027
comentarios,100,0,cl100k_base,especializado,spec_block_con_ejemplo,7128,521,7650,23027,23027
comentarios,100,0,r50k_base,especializado,spec_block_con_ejemplo,8342,669,9013,23027,23027
comentarios,100,1,o200k_base,json_compacto,ninguna,7267,0,7267,28301,28301
comentarios,100,1,cl100k_base,json_compacto,ninguna,8367,0,8367,28301,28301
comentarios,100,1,r50k_base,json_compacto,ninguna,9820,0,9820,28301,28301
comentarios,100,1,o200k_base,json_compacto,schema_sin_ejemplo,7267,143,7410,28301,28301
comentarios,100,1,cl100k_base,json_compacto,schema_sin_ejemplo,8367,140,8508,28301,28301
comentarios,100,1,r50k_base,json_compacto,schema_sin_ejemplo,9820,169,9991,28301,28301
comentarios,100,1,o200k_base,json_compacto,schema_con_ejemplo,7267,290,7558,28301,28301
comentarios,100,1,cl100k_base,json_compacto,schema_con_ejemplo,8367,306,8674,28301,28301
comentarios,100,1,r50k_base,json_compacto,schema_con_ejemplo,9820,374,10196,28301,28301
comentarios,100,1,o200k_base,json_legible,ninguna,9171,0,9171,33309,33309
comentarios,100,1,cl100k_base,json_legible,ninguna,10272,0,10272,33309,33309
comentarios,100,1,r50k_base,json_legible,ninguna,14628,0,14628,33309,33309
comentarios,100,1,o200k_base,json_abreviado,ninguna,7267,0,7267,28301,28301
comentarios,100,1,cl100k_base,json_abreviado,ninguna,8367,0,8367,28301,28301
comentarios,100,1,r50k_base,json_abreviado,ninguna,9820,0,9820,28301,28301
comentarios,100,1,o200k_base,general_fromschema,sin_ejemplo,6164,335,6499,23895,23895
comentarios,100,1,cl100k_base,general_fromschema,sin_ejemplo,7352,361,7713,23895,23895
comentarios,100,1,r50k_base,general_fromschema,sin_ejemplo,8721,466,9189,23895,23895
comentarios,100,1,o200k_base,general_fromschema,con_ejemplo,6164,461,6626,23895,23895
comentarios,100,1,cl100k_base,general_fromschema,con_ejemplo,7352,508,7861,23895,23895
comentarios,100,1,r50k_base,general_fromschema,con_ejemplo,8721,650,9373,23895,23895
comentarios,100,1,o200k_base,general_dominio,sin_ejemplo,6182,595,6777,23922,23922
comentarios,100,1,cl100k_base,general_dominio,sin_ejemplo,7368,636,8004,23922,23922
comentarios,100,1,r50k_base,general_dominio,sin_ejemplo,8741,813,9555,23922,23922
comentarios,100,1,o200k_base,general_dominio,con_ejemplo,6182,746,6928,23922,23922
comentarios,100,1,cl100k_base,general_dominio,con_ejemplo,7368,805,8173,23922,23922
comentarios,100,1,r50k_base,general_dominio,con_ejemplo,8741,1023,9765,23922,23922
comentarios,100,1,o200k_base,especializado,compacta_sin_ejemplo,6165,143,6308,23896,23896
comentarios,100,1,cl100k_base,especializado,compacta_sin_ejemplo,7353,153,7506,23896,23896
comentarios,100,1,r50k_base,especializado,compacta_sin_ejemplo,8722,203,8927,23896,23896
comentarios,100,1,o200k_base,especializado,compacta_con_ejemplo,6165,270,6436,23896,23896
comentarios,100,1,cl100k_base,especializado,compacta_con_ejemplo,7353,301,7655,23896,23896
comentarios,100,1,r50k_base,especializado,compacta_con_ejemplo,8722,388,9112,23896,23896
comentarios,100,1,o200k_base,especializado,spec_block_sin_ejemplo,6165,346,6511,23896,23896
comentarios,100,1,cl100k_base,especializado,spec_block_sin_ejemplo,7353,373,7726,23896,23896
comentarios,100,1,r50k_base,especializado,spec_block_sin_ejemplo,8722,484,9208,23896,23896
comentarios,100,1,o200k_base,especializado,spec_block_con_ejemplo,6165,473,6639,23896,23896
comentarios,100,1,cl100k_base,especializado,spec_block_con_ejemplo,7353,521,7875,23896,23896
comentarios,100,1,r50k_base,especializado,spec_block_con_ejemplo,8722,669,9393,23896,23896
comentarios,100,2,o200k_base,json_compacto,ninguna,7235,0,7235,28595,28595
comentarios,100,2,cl100k_base,json_compacto,ninguna,8382,0,8382,28595,28595
comentarios,100,2,r50k_base,json_compacto,ninguna,9862,0,9862,28595,28595
comentarios,100,2,o200k_base,json_compacto,schema_sin_ejemplo,7235,143,7378,28595,28595
comentarios,100,2,cl100k_base,json_compacto,schema_sin_ejemplo,8382,140,8523,28595,28595
comentarios,100,2,r50k_base,json_compacto,schema_sin_ejemplo,9862,169,10033,28595,28595
comentarios,100,2,o200k_base,json_compacto,schema_con_ejemplo,7235,290,7526,28595,28595
comentarios,100,2,cl100k_base,json_compacto,schema_con_ejemplo,8382,306,8689,28595,28595
comentarios,100,2,r50k_base,json_compacto,schema_con_ejemplo,9862,374,10238,28595,28595
comentarios,100,2,o200k_base,json_legible,ninguna,9139,0,9139,33603,33603
comentarios,100,2,cl100k_base,json_legible,ninguna,10287,0,10287,33603,33603
comentarios,100,2,r50k_base,json_legible,ninguna,14687,0,14687,33603,33603
comentarios,100,2,o200k_base,json_abreviado,ninguna,7235,0,7235,28595,28595
comentarios,100,2,cl100k_base,json_abreviado,ninguna,8382,0,8382,28595,28595
comentarios,100,2,r50k_base,json_abreviado,ninguna,9862,0,9862,28595,28595
comentarios,100,2,o200k_base,general_fromschema,sin_ejemplo,6135,335,6470,24189,24189
comentarios,100,2,cl100k_base,general_fromschema,sin_ejemplo,7375,361,7736,24189,24189
comentarios,100,2,r50k_base,general_fromschema,sin_ejemplo,8763,466,9231,24189,24189
comentarios,100,2,o200k_base,general_fromschema,con_ejemplo,6135,461,6597,24189,24189
comentarios,100,2,cl100k_base,general_fromschema,con_ejemplo,7375,508,7884,24189,24189
comentarios,100,2,r50k_base,general_fromschema,con_ejemplo,8763,650,9415,24189,24189
comentarios,100,2,o200k_base,general_dominio,sin_ejemplo,6153,595,6748,24216,24216
comentarios,100,2,cl100k_base,general_dominio,sin_ejemplo,7391,636,8027,24216,24216
comentarios,100,2,r50k_base,general_dominio,sin_ejemplo,8783,813,9597,24216,24216
comentarios,100,2,o200k_base,general_dominio,con_ejemplo,6153,746,6899,24216,24216
comentarios,100,2,cl100k_base,general_dominio,con_ejemplo,7391,805,8196,24216,24216
comentarios,100,2,r50k_base,general_dominio,con_ejemplo,8783,1023,9807,24216,24216
comentarios,100,2,o200k_base,especializado,compacta_sin_ejemplo,6136,143,6279,24190,24190
comentarios,100,2,cl100k_base,especializado,compacta_sin_ejemplo,7376,153,7529,24190,24190
comentarios,100,2,r50k_base,especializado,compacta_sin_ejemplo,8764,203,8969,24190,24190
comentarios,100,2,o200k_base,especializado,compacta_con_ejemplo,6136,270,6407,24190,24190
comentarios,100,2,cl100k_base,especializado,compacta_con_ejemplo,7376,301,7678,24190,24190
comentarios,100,2,r50k_base,especializado,compacta_con_ejemplo,8764,388,9154,24190,24190
comentarios,100,2,o200k_base,especializado,spec_block_sin_ejemplo,6136,346,6482,24190,24190
comentarios,100,2,cl100k_base,especializado,spec_block_sin_ejemplo,7376,373,7749,24190,24190
comentarios,100,2,r50k_base,especializado,spec_block_sin_ejemplo,8764,484,9250,24190,24190
comentarios,100,2,o200k_base,especializado,spec_block_con_ejemplo,6136,473,6610,24190,24190
comentarios,100,2,cl100k_base,especializado,spec_block_con_ejemplo,7376,521,7898,24190,24190
comentarios,100,2,r50k_base,especializado,spec_block_con_ejemplo,8764,669,9435,24190,24190
comentarios,250,0,o200k_base,json_compacto,ninguna,17938,0,17938,70005,70005
comentarios,250,0,cl100k_base,json_compacto,ninguna,20682,0,20682,70005,70005
comentarios,250,0,r50k_base,json_compacto,ninguna,24162,0,24162,70005,70005
comentarios,250,0,o200k_base,json_compacto,schema_sin_ejemplo,17938,143,18081,70005,70005
comentarios,250,0,cl100k_base,json_compacto,schema_sin_ejemplo,20682,140,20823,70005,70005
comentarios,250,0,r50k_base,json_compacto,schema_sin_ejemplo,24162,169,24333,70005,70005
comentarios,250,0,o200k_base,json_compacto,schema_con_ejemplo,17938,290,18229,70005,70005
comentarios,250,0,cl100k_base,json_compacto,schema_con_ejemplo,20682,306,20989,70005,70005
comentarios,250,0,r50k_base,json_compacto,schema_con_ejemplo,24162,374,24538,70005,70005
comentarios,250,0,o200k_base,json_legible,ninguna,22692,0,22692,82513,82513
comentarios,250,0,cl100k_base,json_legible,ninguna,25437,0,25437,82513,82513
comentarios,250,0,r50k_base,json_legible,ninguna,36177,0,36177,82513,82513
comentarios,250,0,o200k_base,json_abreviado,ninguna,17938,0,17938,70005,70005
comentarios,250,0,cl100k_base,json_abreviado,ninguna,20682,0,20682,70005,70005
comentarios,250,0,r50k_base,json_abreviado,ninguna,24162,0,24162,70005,70005
comentarios,250,0,o200k_base,general_fromschema,sin_ejemplo,15180,335,15515,58999,58999
comentarios,250,0,cl100k_base,general_fromschema,sin_ejemplo,18153,361,18514,58999,58999
comentarios,250,0,r50k_base,general_fromschema,sin_ejemplo,21413,466,21881,58999,58999
comentarios,250,0,o200k_base,general_fromschema,con_ejemplo,15180,461,15642,58999,58999
comentarios,250,0,cl100k_base,general_fromschema,con_ejemplo,18153,508,18662,58999,58999
comentarios,250,0,r50k_base,general_fromschema,con_ejemplo,21413,650,22065,58999,58999
comentarios,250,0,o200k_base,general_dominio,sin_ejemplo,15198,595,15793,59026,59026
comentarios,250,0,cl100k_base,general_dominio,sin_ejemplo,18169,636,18805,59026,59026
comentarios,250,0,r50k_base,general_dominio,sin_ejemplo,21433,813,22247,59026,59026
comentarios,250,0,o200k_base,general_dominio,con_ejemplo,15198,746,15944,59026,59026
comentarios,250,0,cl100k_base,general_dominio,con_ejemplo,18169,805,18974,59026,59026
comentarios,250,0,r50k_base,general_dominio,con_ejemplo,21433,1023,22457,59026,59026
comentarios,250,0,o200k_base,especializado,compacta_sin_ejemplo,15181,143,15324,59000,59000
comentarios,250,0,cl100k_base,especializado,compacta_sin_ejemplo,18154,153,18307,59000,59000
comentarios,250,0,r50k_base,especializado,compacta_sin_ejemplo,21414,203,21619,59000,59000
comentarios,250,0,o200k_base,especializado,compacta_con_ejemplo,15181,270,15452,59000,59000
comentarios,250,0,cl100k_base,especializado,compacta_con_ejemplo,18154,301,18456,59000,59000
comentarios,250,0,r50k_base,especializado,compacta_con_ejemplo,21414,388,21804,59000,59000
comentarios,250,0,o200k_base,especializado,spec_block_sin_ejemplo,15181,346,15527,59000,59000
comentarios,250,0,cl100k_base,especializado,spec_block_sin_ejemplo,18154,373,18527,59000,59000
comentarios,250,0,r50k_base,especializado,spec_block_sin_ejemplo,21414,484,21900,59000,59000
comentarios,250,0,o200k_base,especializado,spec_block_con_ejemplo,15181,473,15655,59000,59000
comentarios,250,0,cl100k_base,especializado,spec_block_con_ejemplo,18154,521,18676,59000,59000
comentarios,250,0,r50k_base,especializado,spec_block_con_ejemplo,21414,669,22085,59000,59000
