variante,dominio,n,formato,estado,causa,normalizaciones,decodificacion,texto_sha256,replicacion_de_base
muestreo,a,1,json_pretty,reversible,,,autocontenida,f76325d241df1865d3ac1e635e91f255aea69b57b7aac409916f13afef69fae1,False
muestreo,a,1,json_compact,reversible,,,autocontenida,52ec06b5c1cc599fcefc19eaf3a10cf7fde9ac754ad1f8502e2ec80fa22bbafa,False
muestreo,a,1,yaml,reversible,,,autocontenida,89a419d6873c7c295ea0d2b579060d41d9e7a92273956ba83d99142254f866f5,False
muestreo,a,1,xml,reversible,,,con_contrato,beaba74ab1ca4d81fd0dc1152817fc571cc3f7be6cba66941fdfc91e70692cf5,False
muestreo,a,1,csv,no_reversible,"el CSV descarta los metadatos del documento (header con 7 claves: m, d, l, t, bd, cat, k); solo los registros se reconstruyen: reversible",,con_contrato,0b48a1918602d9887082156edf84eb2278887cdda8eac74c996392d97091c434,False
muestreo,a,1,toon,reversible,,,autocontenida,eb0874209ec537e2f025316997698b6f8ca20ed2e76a8e1f582c92c0c55155f2,False
muestreo,a,1,toon_flat,reversible,,,con_contrato,78ffbb22029f305cfd75e10c4191a208cc37f99309667917d576cd48f74cda53,False
muestreo,a,1,mini,reversible_normalizado,,header.n lo añade el serializador .mini; header.v lo añade el serializador .mini,con_contrato,f2f17a2b2c89108d78ade09fbe1ece1fac7b6e956e768b5d9b2d5ffbd5ecc1da,False
muestreo,a,1,xml_tipado,reversible,,,autocontenida,4d6c1f9441a2663274dfba04f1e8dfe1ebc0b9cc666feeeabfb96fb30110e325,False
muestreo,a,1,csv_reversible:celdas,reversible,,,con_mapa,f1ce0a74cabb0d0bc5509a8275cebd7086ac705446552d0a65fb8d5de1ed501e,False
muestreo,a,1,csv_reversible:columnas,reversible,,,con_mapa,6d0749447b2ce2ae5b810224e6052288e34a848d3218a0f0f490b6dfd2b61050,False
muestreo,a,1,toon_reversible:celdas,reversible,,,con_mapa,93e87b6564536aad59e6cea7f99ca109cc4e6c2b4ec68341e231e6549e4a7ace,False
muestreo,a,1,toon_reversible:columnas,reversible,,,con_mapa,960e25fb3c8633fa143f730e04cf8a0054761540528bd2ee0505049ae5c88542,False
muestreo,a,5,json_pretty,reversible,,,autocontenida,88fb3577e86232f448a3e942c9b2d19ff3477d26d87557a2f08f78d3a09f1e85,False
muestreo,a,5,json_compact,reversible,,,autocontenida,831eb117e08d485fc49c305927b9edcc66bfb0ac63153dee02fa1fa2a4664eaf,False
muestreo,a,5,yaml,reversible,,,autocontenida,6dd6ed169e56cba65eb40c76fe8e5a9ff90e2cfbc721ff21b3a1a1223c60e335,False
muestreo,a,5,xml,reversible,,,con_contrato,5dd3b7ce44ebf9491fb0d47120ec9065c81638ccede31d1ee9e9cbd958ff0e2c,False
muestreo,a,5,csv,no_reversible,"el CSV descarta los metadatos del documento (header con 7 claves: m, d, l, t, bd, cat, k); solo los registros se reconstruyen: reversible",,con_contrato,c9d04f7c3f64f38a8263e893dd656dda11f60aeb067ac061713a004919ad297e,False
muestreo,a,5,toon,reversible,,,autocontenida,edd8eec390f1c4b59972b201ef4a7bae3a193efe1cd998a41904e9e314590a5a,False
muestreo,a,5,toon_flat,reversible,,,con_contrato,bd547a37a7bb718dcc43210c114ec107f134f5c9e064eec60eceb5385f2a5e6a,False
muestreo,a,5,mini,reversible_normalizado,,header.n lo añade el serializador .mini; header.v lo añade el serializador .mini,con_contrato,58d67855ada381f389ce86cd1fd9fa119a231c9a2efa8fb7c61648743595b430,False
muestreo,a,5,xml_tipado,reversible,,,autocontenida,576e26caf7c14a2ee8c7b991cf218509344c2f54533ca1cda14713055b10af30,False
muestreo,a,5,csv_reversible:celdas,reversible,,,con_mapa,ddbcc19ad6ca4bdb143d25871bb6b342a00774676f34f43dde04b00d7f7270f2,False
muestreo,a,5,csv_reversible:columnas,reversible,,,con_mapa,95184a3e4bde00902e03c1177e0f4e58d95b13895109c49e4cf2017f5ac2f070,False
muestreo,a,5,toon_reversible:celdas,reversible,,,con_mapa,9b361c036a48c8df3158023da0ff76ac4efe680b56729571696ce4c661f9a183,False
muestreo,a,5,toon_reversible:columnas,reversible,,,con_mapa,60a8c79b657e3a05c5b8a04a1163f401ea188f5f4257c1ebaa677d95ef9448d5,False
muestreo,a,10,json_pretty,reversible,,,autocontenida,2730ed907a1308036ab9395e7e34e82a1dd2f08b4fec9aaa84816a4fddccaa3d,False
muestreo,a,10,json_compact,reversible,,,autocontenida,8a07ae3af8c10fde22be56f3b35e8f41bfa0c88bcf54e9647334b802dd607e0a,False
muestreo,a,10,yaml,reversible,,,autocontenida,f5b938fccc4621a0da3c9f0ff445819cff9b9886538756bc92600d6262ecf407,False
muestreo,a,10,xml,reversible,,,con_contrato,5cefaf01157821a32fb5870912148e196f898f69af56c192e80fb2cabe5de45c,False
muestreo,a,10,csv,no_reversible,"el CSV descarta los metadatos del documento (header con 7 claves: m, d, l, t, bd, cat, k); solo los registros se reconstruyen: reversible",,con_contrato,4cbdf0a6c5beeb0c0e27865102457bb7a2e9545aaf04bb5e9197ca3b9db56bba,False
muestreo,a,10,toon,reversible,,,autocontenida,642c9e14bf3a4c8ba7f03c39103d7f03f873b6c99af668f803d7bee6d9db4cc1,False
muestreo,a,10,toon_flat,reversible,,,con_contrato,a893f840a5349fe212b3fb77565bb9583104a0abc3352a98aa29cbca8248a5c0,False
muestreo,a,10,mini,reversible_normalizado,,header.n lo añade el serializador .mini; header.v lo añade el serializador .mini,con_contrato,fc2055cae12976c438afa4c678409852c1647d08480f3c824c4bbacefeaf5caf,False
muestreo,a,10,xml_tipado,reversible,,,autocontenida,35410339dfdb477e02cb8e5c88baec2b17ecf48ae8da3f27617f66107e9421c5,False
muestreo,a,10,csv_reversible:celdas,reversible,,,con_mapa,2d8f98e854069978e9d2a4f43333d248480f82ba6791ef3e1d38f23c0be890b9,False
muestreo,a,10,csv_reversible:columnas,reversible,,,con_mapa,d515fff969ba3e13c3b7e7dc73eae72c4814110f95070b11723b217624e32a2a,False
muestreo,a,10,toon_reversible:celdas,reversible,,,con_mapa,4862332548e71bd3d2a1c089952fd6cb68877dfa0c64ccdef61b3160f4d00681,False
muestreo,a,10,toon_reversible:columnas,reversible,,,con_mapa,197b5fc31a590dae06e78d57d563663c511f8441f723e346086d39a2f2e569cd,False
muestreo,a,12,json_pretty,reversible,,,autocontenida,97d1b2469fc476df3abb36d072498d170562a63f9506267296fff347cfb440d4,False
muestreo,a,12,json_compact,reversible,,,autocontenida,8b18d3f755776308a56a90d6f8af9f5deaed87e46e26638de58b4be1f2830b5e,False
muestreo,a,12,yaml,reversible,,,autocontenida,827aafebfb2740bf6c69cac901b3a2b7fbbc232dcc2884b24661dd9494242be3,False
muestreo,a,12,xml,reversible,,,con_contrato,1cbf65acb6618ef06f7a63c7068458716d0ca74082e8c7466cb5f65a86ee764e,False
muestreo,a,12,csv,no_reversible,"el CSV descarta los metadatos del documento (header con 7 claves: m, d, l, t, bd, cat, k); solo los registros se reconstruyen: reversible",,con_contrato,d016a4b9e1f6c48ecaf23d809b25622abf631fe73bf101d1a1613db6744e657b,False
muestreo,a,12,toon,reversible,,,autocontenida,41abb47d97ff68a15a72410531059d7a33f78f006b115656e4665b05311ad186,False
muestreo,a,12,toon_flat,reversible,,,con_contrato,6666aedab7d6a838f0780cc09219d48f98ff1eed897051686f27d504445c711b,False
muestreo,a,12,mini,reversible_normalizado,,header.n lo añade el serializador .mini; header.v lo añade el serializador .mini,con_contrato,bceb7f5458ba909b4b8d0ebf17d76aeef1e57d4580c21736f2a7711ed904ff45,False
muestreo,a,12,xml_tipado,reversible,,,autocontenida,5e32972ffa671b69629b93b3dc5344a34acf51cba150d4be17ac535acc70124a,False
muestreo,a,12,csv_reversible:celdas,reversible,,,con_mapa,17cb45a6f297d918d91f6b355ac6b0241fad853e28dabca7c3d6978722d8f7a7,False
muestreo,a,12,csv_reversible:columnas,reversible,,,con_mapa,b14694c8b64355dfb0f1bedb87aeaad4bf19270e8392d9761b611fd758543e1e,False
muestreo,a,12,toon_reversible:celdas,reversible,,,con_mapa,d7604d82aaa2e697ae1561c851c5496f583fd672fe40e89d20906a9f2680e586,False
muestreo,a,12,toon_reversible:columnas,reversible,,,con_mapa,13e08a6e0d0264f6d85598d82844e4fab30b187f45b0cf99aceeb9099b160523,False
muestreo,a,25,json_pretty,reversible,,,autocontenida,ef0a4d10f6dbba0238d8c61fc364eb4302532695177f671a9909e91c0eed0be6,True
muestreo,a,25,json_compact,reversible,,,autocontenida,78d021ed638c879c8f9b30a80b61c5a56930ac2bdf745341f27e5499beee1897,True
muestreo,a,25,yaml,reversible,,,autocontenida,9f30325b00030b35440b53261d6a4e50569a22bd32ce98df1f83d984a48ab370,True
muestreo,a,25,xml,reversible,,,con_contrato,2f346b93e8e4e7baafdb1bb2e1f4f830da8e90174dad3cfa2853cafed91d4337,True
muestreo,a,25,csv,no_reversible,"el CSV descarta los metadatos del documento (header con 7 claves: m, d, l, t, bd, cat, k); solo los registros se reconstruyen: reversible",,con_contrato,bce93f0bdb8a6d6a42499951a7b29ad3ad4d56f071979b3b3ba7b8db78c4ab09,True
muestreo,a,25,toon,reversible,,,autocontenida,ba3584d933443010f82c52345c4f31e4d82440f6d1d0de0dfd9709bdc331994d,True
muestreo,a,25,toon_flat,reversible,,,con_contrato,b45cb0e66eb038684150d67340dedf4d7a32b3ceaff53b97958e8863f22a8132,True
muestreo,a,25,mini,reversible_normalizado,,header.n lo añade el serializador .mini; header.v lo añade el serializador .mini,con_contrato,2ead9938d3a5325b95324b2921c73ece5f7ba6e15cf6cb16c8d5f5ae3c16ad81,True
muestreo,a,25,xml_tipado,reversible,,,autocontenida,7081bf0bea5383af6fde86c7581c6bcebaa6e9b673fd35bd800c97fe56a34897,True
muestreo,a,25,csv_reversible:celdas,reversible,,,con_mapa,395e4c5f0ab687eff420d908e8275b1b6311118e599eff662b77dc8889e8c443,True
muestreo,a,25,csv_reversible:columnas,reversible,,,con_mapa,ec36f701041971a41d2c15ba6210e87198acdb6e2879261aa8de63e61e719d0d,True
muestreo,a,25,toon_reversible:celdas,reversible,,,con_mapa,83f8ee74e9432c7fca53fef2c718d35fa489cc9a33fcae3524e9e68327345090,True
muestreo,a,25,toon_reversible:columnas,reversible,,,con_mapa,0b1782140dd3503ef9f872d6b068733f7072e64d4bd719cf100aa10da6cbcbb2,True
muestreo,a,50,json_pretty,reversible,,,autocontenida,82bb2fb8bf2c6591731d4f2076f7d2545c902fff64047a9b31c8770301a20503,True
muestreo,a,50,json_compact,reversible,,,autocontenida,63e6abc11b98353acda7e03ae16651737bc44984fdee382ad36de7a38d79f859,True
muestreo,a,50,yaml,reversible,,,autocontenida,abb71b8ff825dc136b668e545ed11807010045ccb7e7c16d9e498339cff18698,True
muestreo,a,50,xml,reversible,,,con_contrato,dd747d73890820fcc9d83a8dd24784484cead688e2d8d18436118f15c73bee52,True
muestreo,a,50,csv,no_reversible,"el CSV descarta los metadatos del documento (header con 7 claves: m, d, l, t, bd, cat, k); solo los registros se reconstruyen: reversible",,con_contrato,dd50f63df9ceb064ec03f2e0a72e5f1d76ebe157a170ec7ab0e1e899b09e58e9,True
muestreo,a,50,toon,reversible,,,autocontenida,08488f61bb9c836f3deb75e8bc2e13151b41de6860959bf5658488af5bb07c69,True
muestreo,a,50,toon_flat,reversible,,,con_contrato,14e1783b5e41ce309425bafdc71c90ad659424c9745b7761a94dc4aa8ba15070,True
muestreo,a,50,mini,reversible_normalizado,,header.n lo añade el serializador .mini; header.v lo añade el serializador .mini,con_contrato,1955b96d57090cdd70b445ffb110105165119be98844f2c54d10ba5f8d7fa009,True
muestreo,a,50,xml_tipado,reversible,,,autocontenida,3b14939dc24295c8537ddd3a7f177249c49f94b1cc0cec76fabcbf82c8e5747c,True
muestreo,a,50,csv_reversible:celdas,reversible,,,con_mapa,4d5ddf0767f65b0ed751b431a454e39638a279ba19d9dff01bc00b6702330f32,True
muestreo,a,50,csv_reversible:columnas,reversible,,,con_mapa,366aa1e3ec3570d8618f7ebdb1c94787e7a1f2030122228e87aa421f5c7280c0,True
muestreo,a,50,toon_reversible:celdas,reversible,,,con_mapa,bece559e54d8a85c9f592fe14b94e9d263aab0f3a4f251ce5000ce1bfdc4523e,True
muestreo,a,50,toon_reversible:columnas,reversible,,,con_mapa,d229c9055a6cb1b9a2473e8fc24df096efdaa58066af90aa8ec065bf0d4469cd,True
muestreo,a,100,json_pretty,reversible,,,autocontenida,e9186b3f98eb944f20f3336283d3b76fe4a6e79dfd644967763e404c18889f5a,True
muestreo,a,100,json_compact,reversible,,,autocontenida,f363c407aa1152dc2f1779a106c3795d89b89769eb7849b6f682ff7a0b714d4e,True
muestreo,a,100,yaml,reversible,,,autocontenida,ef1386fa2e483ad55aae6148853545eb4e365ceb416a8d0b020a174cf3a013c4,True
muestreo,a,100,xml,reversible,,,con_contrato,39ba0f159c97674ebf0556de8030b30706661f9b6a683e50e3db848864b87bf4,True
muestreo,a,100,csv,no_reversible,"el CSV descarta los metadatos del documento (header con 7 claves: m, d, l, t, bd, cat, k); solo los registros se reconstruyen: reversible",,con_contrato,e65a6dad30b4a7d7c3298d53bffbb71cfffc83b91a702eb1fe0716ce870bd374,True
muestreo,a,100,toon,reversible,,,autocontenida,77da4d0e3f3f4d3b185784861f22e033c2487d7f42e09166cdf8f56259aacbaa,True
muestreo,a,100,toon_flat,reversible,,,con_contrato,3c57e71198e5dcce2513b45f30e23837f0df0ee862bb485b3ffbd6de11b9ce2e,True
muestreo,a,100,mini,reversible_normalizado,,header.n lo añade el serializador .mini; header.v lo añade el serializador .mini,con_contrato,081776eb144ebe1ff6b682678022ad57e1f797624a480580331a19f4ccba87c0,True
muestreo,a,100,xml_tipado,reversible,,,autocontenida,fc23619aaa565b5f82e8b4d0acee9d5165cb2c2608819c1492c6d514b850c817,True
muestreo,a,100,csv_reversible:celdas,reversible,,,con_mapa,c24e2baf186ffa089d525cabef4969ba9a02a37266a1addaa5f3018442041b49,True
muestreo,a,100,csv_reversible:columnas,reversible,,,con_mapa,ca758d1a043e8bee0019996354fbc884a5091d328705fd4c7fc384dbf54b1a23,True
muestreo,a,100,toon_reversible:celdas,reversible,,,con_mapa,776ca0b05cc0fbadc898a48eb4e38f374da050c7fc97c3dff68548020113bfff,True
muestreo,a,100,toon_reversible:columnas,reversible,,,con_mapa,85137475b0e94d71f421b62f0e01f28ef0e855af50269d1697c148d71a3308a0,True
muestreo,a,250,json_pretty,reversible,,,autocontenida,897118089f2ceb3ce7a0bc6cc889336ede72a37910d45c6eaa20e22531e0b84b,True
muestreo,a,250,json_compact,reversible,,,autocontenida,b153af1b9cbc463fe571b64a6e36a8b9f75087d3908c3a511d4140863676224b,True
muestreo,a,250,yaml,reversible,,,autocontenida,df624256a3f831d219159456f5f3858149603a571f0a8e08a73e15ad1c04372b,True
muestreo,a,250,xml,reversible,,,con_contrato,aaab542b04834108c57981575ea5bb9b69cb057d48b2f409a8fc8d2f00e94c0b,True
muestreo,a,250,csv,no_reversible,"el CSV descarta los metadatos del documento (header con 7 claves: m, d, l, t, bd, cat, k); solo los registros se reconstruyen: reversible",,con_contrato,a23db0fec100ce76bc5006ee61e7392ecd8a05f33cc3f3f7be96355882fb761a,True
muestreo,a,250,toon,reversible,,,autocontenida,d3b378f52d0de045ece1677c055346342887ffab3d13301953c76b2bb370d5f7,True
muestreo,a,250,toon_flat,reversible,,,con_contrato,48dc5932cb39e51143aa730d995cfeaf0f3d4dd1a01d3ed01a18e567636a8d0f,True
muestreo,a,250,mini,reversible_normalizado,,header.n lo añade el serializador .mini; header.v lo añade el serializador .mini,con_contrato,eae0278a05c5cdbd43ddb68e9eaa1cfd3ef0d7f7153eaf94296fb0e62fd43fc1,True
muestreo,a,250,xml_tipado,reversible,,,autocontenida,bf6a2df8514147101c708a1cb19181a1d6eb70641344eb9f6ff9e4a9ff88df27,True
muestreo,a,250,csv_reversible:celdas,reversible,,,con_mapa,734e4981ad05b2955b1e335285a6ac926bcaa47fefcabeb7b9d1b12bf2bef059,True
muestreo,a,250,csv_reversible:columnas,reversible,,,con_mapa,80f7f28f7c7bbbd0e632214bcfa34bd581f7ca6dc8707982d0bee0a19d325fc1,True
muestreo,a,250,toon_reversible:celdas,reversible,,,con_mapa,64ed150ad551a33c775a7b0190431466438668b65d1174287be92e76d25a3038,True
muestreo,a,250,toon_reversible:columnas,reversible,,,con_mapa,1af36708237c59411d0222ba5712b6d8e7faec3b7e9c3521901553c8ea482cac,True
muestreo,card,1,json_pretty,reversible,,,autocontenida,a8162083d27bd06dbe4c779804d6d6dc5afc5332fa4659433fcd8cc5050b8236,False
muestreo,card,1,json_compact,reversible,,,autocontenida,fa34eaeca9a849a24318a2bee7cee5c7f65204256b537cbb3da87fb4d3e64d53,False
muestreo,card,1,yaml,reversible,,,autocontenida,8c0b670761a1941a2f44d4b25410866382860f1f6d2ef11dcdcb7759a394d071,False
muestreo,card,1,xml,reversible,,,con_contrato,0647705771b68ea9f4734aa2df332c20c36f7882ddb5ca07dd2d2d1b004e61eb,False
muestreo,card,1,csv,no_reversible,"el CSV descarta los metadatos del documento (header con 4 claves: d, l, t, src); solo los registros se reconstruyen: reversible",,con_contrato,6394cb678745aa0cd64a84348647915d151bdafc8bd53a12ede1d8040d710bc1,False
muestreo,card,1,toon,reversible,,,autocontenida,083e273275b967cafbbfce360c164332b74bb7d56856519d07d83c70f259dece,False
muestreo,card,1,toon_flat,reversible,,,con_contrato,43b9feabb3f6becf73d7a54e9305c041f1cefe3c15a00843b886339d45da1328,False
muestreo,card,1,mini,reversible_normalizado,,header.n lo añade el serializador .mini; header.v lo añade el serializador .mini,con_contrato,3337d2f66cf5897ad550aa84726e64f4d6ec4aa0a9b9ab846f0ba2b157deace1,False
muestreo,card,1,xml_tipado,reversible,,,autocontenida,0618b0f94ec3e7ecb300685294bacb3491df40443f430950afed3d8652272a53,False
muestreo,card,1,csv_reversible:celdas,reversible,,,con_mapa,3697eb7a0b40ae3f945606f58216bf7a00b0d28c55c49e49d4f16b9c0a9e0a3b,False
muestreo,card,1,csv_reversible:columnas,reversible,,,con_mapa,e3f9b758268aec521a895571a1602c21e573cecc26c233637654140246f7ca27,False
muestreo,card,1,toon_reversible:celdas,reversible,,,con_mapa,d0b3a1a13f3e5bde7a3446ce9b90d91b08bbec2c06e321ed73bb4feb70b00a75,False
muestreo,card,1,toon_reversible:columnas,reversible,,,con_mapa,3ac9cb036a0cbbfbd7bbb9d500a9841a7717ef1bea331b859303b27fd2dc283f,False
muestreo,card,5,json_pretty,reversible,,,autocontenida,9e4c2ab03e3efc936c2c0e806ca7a4c1174319cb3426f466292f9ae5fac6c15f,False
muestreo,card,5,json_compact,reversible,,,autocontenida,b47b25fc92113126c1a245e6ee187ca75c668840f8fd8ced8258e7e00773b5ea,False
muestreo,card,5,yaml,reversible,,,autocontenida,6341ea84b3faf8ef725636dbf5ef39606fb7d46acd4489bacc7b6ad0634383af,False
muestreo,card,5,xml,reversible,,,con_contrato,feed22ca0cb2025e9c19bb13061e69af03424f8fff3ae2fa0789e517f99304c3,False
muestreo,card,5,csv,no_reversible,"el CSV descarta los metadatos del documento (header con 4 claves: d, l, t, src); solo los registros se reconstruyen: reversible",,con_contrato,77e6c543d504871e5e49200b9545aa0ad4a8f7217c56a1b55c57bce226bc306a,False
muestreo,card,5,toon,reversible,,,autocontenida,9c40cf2f9b51b1ebd939c6dc07cbf1d3bad781aaa60d6a5e606120a09e330519,False
muestreo,card,5,toon_flat,reversible,,,con_contrato,848f85599d80f25844ce7f720e54dcd83e96a28e5a4c5472a6c814a3afda93a5,False
muestreo,card,5,mini,reversible_normalizado,,header.n lo añade el serializador .mini; header.v lo añade el serializador .mini,con_contrato,05882e9b62fcb4c500dbb9e3569bd54125239b4d2ff3957330f478f96986f08a,False
muestreo,card,5,xml_tipado,reversible,,,autocontenida,73e12be9fef3ba82bd338c83070c5685f1bb65a4c4a981462cb1387695c0ccba,False
muestreo,card,5,csv_reversible:celdas,reversible,,,con_mapa,46eb47fcae6c795c4ef9c4ea322c473ca17e51c47b7d893b699c7ab60ff03e60,False
muestreo,card,5,csv_reversible:columnas,reversible,,,con_mapa,6f1dadb6ca9dcc80593c962f1b8d5a55b5f3894ebc9aceb5344a7b0d22a98793,False
muestreo,card,5,toon_reversible:celdas,reversible,,,con_mapa,a492ec27f93e4eddb171cd73f26f1dedaaf2c74e7a1b9584038237043519edcc,False
muestreo,card,5,toon_reversible:columnas,reversible,,,con_mapa,bc180a54400dd26c7c56f360b8fdd426520bc56cd928d6d1695d8bfe2103e405,False
muestreo,card,10,json_pretty,reversible,,,autocontenida,feecb25465c31109ce2f84a9eb4fee5a832f34ea2d2a1adc9e6106b107c5cf96,False
muestreo,card,10,json_compact,reversible,,,autocontenida,2432527df43c2fde3f899d507c80905be7fb326e930fee89761cf7d485732196,False
muestreo,card,10,yaml,reversible,,,autocontenida,7d0e45e75a1d107bad623bf0c2d84782f1ad99f3959df07fe847e8a8e3319ce7,False
muestreo,card,10,xml,reversible,,,con_contrato,2fe90b769d6b2fd0d66b98f444ab9890cb6a22409cea7fd7355ef953e04bedc1,False
muestreo,card,10,csv,no_reversible,"el CSV descarta los metadatos del documento (header con 4 claves: d, l, t, src); solo los registros se reconstruyen: reversible",,con_contrato,10c3f70144a4aa37013e3e92bb26b221287e9fb1185963ec3c14973844956200,False
muestreo,card,10,toon,reversible,,,autocontenida,d289faa8f13be78503043e3bdc5e81b06eb77186ffab32f7a2f852e7ccc8b4e5,False
muestreo,card,10,toon_flat,reversible,,,con_contrato,d09d5712986254f9f9d4adbc140278e1742b2dde68e1d61f7154fcd18ab1c84c,False
muestreo,card,10,mini,reversible_normalizado,,header.n lo añade el serializador .mini; header.v lo añade el serializador .mini,con_contrato,1264d87f358c52b5b9bc946c4d1a6c4ba4f5bcf6b6e121d765d97bd2531d86e4,False
muestreo,card,10,xml_tipado,reversible,,,autocontenida,301de95d992e61fec392ebb44da6247fdbc50e6d18b12022084e6bf960c22c3a,False
muestreo,card,10,csv_reversible:celdas,reversible,,,con_mapa,59171ffbe3fd1ab81d91ab7e6d77cebe903b37bb2eb907060cf371e0c96daf59,False
muestreo,card,10,csv_reversible:columnas,reversible,,,con_mapa,484df911e80828051ccdec0d808184bc37bf974e6ccbd1312e92095e560447e6,False
muestreo,card,10,toon_reversible:celdas,reversible,,,con_mapa,a0fbe2fecf378b800c9d087836a68d6790d3783ea7eca484ffd900d649881a2c,False
muestreo,card,10,toon_reversible:columnas,reversible,,,con_mapa,ca13c6d8ffa0f331d28a0dfd0f547a4bf1527677a069f65717ddcc5f62035de3,False
muestreo,card,12,json_pretty,reversible,,,autocontenida,a59af92a621ec312a49b2bc24a2522ffa004d787c0d570b506baf92dd34ee413,False
muestreo,card,12,json_compact,reversible,,,autocontenida,e9450014d90b8af9e9a4062a378927156b7d3256eb621f26be7f021bfd5bf765,False
muestreo,card,12,yaml,reversible,,,autocontenida,a43e2bf57de8e0cedbc728030a6c44c48fa68c162671efeea2f17c7b7a937c28,False
muestreo,card,12,xml,reversible,,,con_contrato,09aacba715d8180d623bcdd145c07973485cf9a42af9904a9a88381c4cb51f0c,False
muestreo,card,12,csv,no_reversible,"el CSV descarta los metadatos del documento (header con 4 claves: d, l, t, src); solo los registros se reconstruyen: reversible",,con_contrato,c789460ff9d17773c276c1b1ae9604e728514a71dcf7e71a4bcda6fc508bd025,False
muestreo,card,12,toon,reversible,,,autocontenida,91bd3ec090306f496b3a1b0a1c6107243486f1cec63588f8dcdc767efc2f68c9,False
muestreo,card,12,toon_flat,reversible,,,con_contrato,1006bcbce7498969d2252d752a7d31c974302bf8878fbd7f676a0b240f25a39d,False
muestreo,card,12,mini,reversible_normalizado,,header.n lo añade el serializador .mini; header.v lo añade el serializador .mini,con_contrato,64a1cdfbb516c08db6f6912c901c005c27f60c8ad736f26008e842f64c51f27c,False
muestreo,card,12,xml_tipado,reversible,,,autocontenida,4af6f7e331860686b246cbc79b47c6e491fcfe0e4f2238a48ede2ca75b25234f,False
muestreo,card,12,csv_reversible:celdas,reversible,,,con_mapa,7b0d850991e2a82e40caeaa47edf7f57b448c1090ebd1b20626c8839e7bde781,False
muestreo,card,12,csv_reversible:columnas,reversible,,,con_mapa,99f8df818c959beaa7e12fa7edcf54fda667d1365eef329d8cb05b24c0805845,False
muestreo,card,12,toon_reversible:celdas,reversible,,,con_mapa,782b1d651d39eb53f0da4250f392d00419ab5bc3b864841f6ee80253295e0125,False
muestreo,card,12,toon_reversible:columnas,reversible,,,con_mapa,933b5c24ede90932736dcc1ac55ee3c2f4f0b2a2e3076dd869d7c585e29cf118,False
muestreo,card,25,json_pretty,reversible,,,autocontenida,f56e0885d4175657bc6b042d8ab52d6d680cc0559f3f77800de917ec3b057839,True
muestreo,card,25,json_compact,reversible,,,autocontenida,ddb2017b66658adaa93281aebf7bf4f7b1b406f5079dee0ee0982169bbdfa22a,True
muestreo,card,25,yaml,reversible,,,autocontenida,ca46f588e06047c156d364bd129a438d286c5ce98d2c2ee41d400bacd5754633,True
muestreo,card,25,xml,reversible,,,con_contrato,e80a181f0a047bc75ca94798f3f07fb2d22ece899606d91d2ccd87a3acba373c,True
muestreo,card,25,csv,no_reversible,"el CSV descarta los metadatos del documento (header con 4 claves: d, l, t, src); solo los registros se reconstruyen: reversible",,con_contrato,03c5b47a4452c26ce4aefb95462d944938f76bd6f15fdde359063205efd0e092,True
muestreo,card,25,toon,reversible,,,autocontenida,c2bfa73e8770408abc3f7ad8250d7f68ac9cf80594405aa53288e4b61e433a32,True
muestreo,card,25,toon_flat,reversible,,,con_contrato,7efb436b31fdd4cb6cdaae6a4c9fc77c82723e1854b02652e730ccfad282c915,True
muestreo,card,25,mini,reversible_normalizado,,header.n lo añade el serializador .mini; header.v lo añade el serializador .mini,con_contrato,c876e4b5990bc0b9704f6bc4f2e5d9e66f66e4ed60672c8094f2ebddd385816c,True
muestreo,card,25,xml_tipado,reversible,,,autocontenida,8c639e71e7288d2a266b814fd18fc383ed4b575eff589bced0c795dfab29cc8f,True
muestreo,card,25,csv_reversible:celdas,reversible,,,con_mapa,38b8ee6c65ea691edf84da8db7c342404cc31a0273ac7ef784bb033fb39ae150,True
muestreo,card,25,csv_reversible:columnas,reversible,,,con_mapa,64f3cef477a05b0351faaaa7413409416650d9f9ae12586b15b51ab448bbdde1,True
muestreo,card,25,toon_reversible:celdas,reversible,,,con_mapa,fe43fb4c3932ff299be916729cc85c6eb876523494b1dfd425900c5196e82b57,True
muestreo,card,25,toon_reversible:columnas,reversible,,,con_mapa,3b26a9808790270cf9528a25e5db8f28681bc55dc2b053c8eaaac7aaf9b1ca21,True
muestreo,card,50,json_pretty,reversible,,,autocontenida,430fdddbff60ab6639d376a0908bca42925ae704781e4f80a546a595b29401eb,True
muestreo,card,50,json_compact,reversible,,,autocontenida,a8c040229380c887719d1ee1665a2ac45464bd3f22922f1be917b9f7b66cef45,True
muestreo,card,50,yaml,reversible,,,autocontenida,77b287f76d7a1113c984a128f041157a3c13ec189580a018be32f8f0d86c3d53,True
muestreo,card,50,xml,reversible,,,con_contrato,43c6161b1898bd61d609fbbe26c546261a05d7a307fe015ff7ea375b4da7b876,True
muestreo,card,50,csv,no_reversible,"el CSV descarta los metadatos del documento (header con 4 claves: d, l, t, src); solo los registros se reconstruyen: reversible",,con_contrato,5f47f80380c20cc49b1b79a90ef5aedfde57065be91dc29b46d30e138a306713,True
muestreo,card,50,toon,reversible,,,autocontenida,e78f96ac9d05e63054922b3c7631c6d5707e1b00501cc72cafc806d4b611cf4a,True
muestreo,card,50,toon_flat,reversible,,,con_contrato,9a57100bb739406d32eea939a9f079da3278a000a631dff16a0faf6552d41794,True
muestreo,card,50,mini,reversible_normalizado,,header.n lo añade el serializador .mini; header.v lo añade el serializador .mini,con_contrato,e73887293e470cf77b71a084a8fb84be06a762f879a6614b63486bb44117f5bb,True
muestreo,card,50,xml_tipado,reversible,,,autocontenida,4b2a0c37c49e6695a57cd6a414d1b7e23ba001496419c22f763d33cc81b6b6fe,True
muestreo,card,50,csv_reversible:celdas,reversible,,,con_mapa,26e830e411cd5590039adbe3167d27a9f2b66168e5907904bbf364bcca38de67,True
muestreo,card,50,csv_reversible:columnas,reversible,,,con_mapa,77c8604ab7f553bafaa9fe570e7c99a95c3077cf0efe00c7ddab7a75b52eb663,True
muestreo,card,50,toon_reversible:celdas,reversible,,,con_mapa,21a30c05f4927cb48a1b70378f69a69cd61c46967d47c68716c392e8fed88705,True
muestreo,card,50,toon_reversible:columnas,reversible,,,con_mapa,6f6790afd808578b8e42915f9b216f0a8050b409a1f8e09a721575e3d3796be4,True
muestreo,card,100,json_pretty,reversible,,,autocontenida,da5593b08060e87b741fd22b7b51e9256d7d163222185634b024c670d6a54afe,True
muestreo,card,100,json_compact,reversible,,,autocontenida,3857889c13e70bccb3f7131cfed31603cf417cb8fc13636f221a955caa7c0867,True
muestreo,card,100,yaml,reversible,,,autocontenida,29e09cf1d8093e5ee857e97e30544796438f396472aa51cfc3f55b844f5e6179,True
muestreo,card,100,xml,reversible,,,con_contrato,6bac0807eabbd9b9d522d2b1826de2d44474a0005288657f3858c6a7b28cb789,True
muestreo,card,100,csv,no_reversible,"el CSV descarta los metadatos del documento (header con 4 claves: d, l, t, src); solo los registros se reconstruyen: reversible",,con_contrato,f10416c03b0e1dcf78e6b08e2ab36f966163db0a42179b42b77164547dff5dca,True
muestreo,card,100,toon,reversible,,,autocontenida,5fe73fbd3fa1328f63c3a957f2395ce33f95db56b0bbb0efdfff3612dcafb37c,True
muestreo,card,100,toon_flat,reversible,,,con_contrato,163ee370d390a5c309052228092056dca4fd1b4a413616d602904c398cc9d50c,True
muestreo,card,100,mini,reversible_normalizado,,header.n lo añade el serializador .mini; header.v lo añade el serializador .mini,con_contrato,d71e64b5c9e24dd1dd6574fafbb3f65d72b6778df456d01327a6f4102be02497,True
muestreo,card,100,xml_tipado,reversible,,,autocontenida,91b9afa72f956ce80a7bc9a0c71271e6d160365b936ec180dd2966a164993e2e,True
muestreo,card,100,csv_reversible:celdas,reversible,,,con_mapa,cd5fb1db0c4525290616fbe5c0e44cb838180efbf08e3924d83c508ddc98eaec,True
muestreo,card,100,csv_reversible:columnas,reversible,,,con_mapa,46823f05dcae469a20498ea5ea853707c90894b194fc093c9c7646687d15ac2d,True
muestreo,card,100,toon_reversible:celdas,reversible,,,con_mapa,4fe242eda7ccc4af29f5b2e435531147e46df73bcd7df847c1672282526dc493,True
muestreo,card,100,toon_reversible:columnas,reversible,,,con_mapa,eb0e29846db8b1dba1d75f4e816be42fccfe8cc04d0bcf84537e46b7c1ecc429,True
muestreo,card,250,json_pretty,reversible,,,autocontenida,0ab60b80cbf7ea7bd3dd7c064728ac454399262219d8250e5651e0d27f61b560,True
muestreo,card,250,json_compact,reversible,,,autocontenida,0b7aea11c5b8bf9998a60dc8cb497a9093622f49bd409b3dabea0c3876b9c782,True
muestreo,card,250,yaml,reversible,,,autocontenida,543998b45ee31bb0000076eb47c5782446c3f7b1fc8b97e121653708e0e20b6c,True
muestreo,card,250,xml,reversible,,,con_contrato,3080d91b2522ef30d0670b98a1b302ee42694f201f29f74f4d8d0650dde7b04f,True
muestreo,card,250,csv,no_reversible,"el CSV descarta los metadatos del documento (header con 4 claves: d, l, t, src); solo los registros se reconstruyen: reversible",,con_contrato,7e6183970464e44c32b4134bc08d6062790e31837fe29b3f13bbd6ccad35a487,True
muestreo,card,250,toon,reversible,,,autocontenida,214bd7b888c9c6483282ecd3782b33ce822e145cedd34a404f0d8b131a95bc50,True
muestreo,card,250,toon_flat,reversible,,,con_contrato,e1280b3117dfc80ccd7214cfbe05a3982fea4f10bc1a3de62b4bc6d255fd60e8,True
muestreo,card,250,mini,reversible_normalizado,,header.n lo añade el serializador .mini; header.v lo añade el serializador .mini,con_contrato,8aa787952bc3450ab762a2a68e091adc4f4f9bb7c50ad8567a238755c6e84dcd,True
muestreo,card,250,xml_tipado,reversible,,,autocontenida,41e71a02407766482fd5b48d4d59faf19171032cc3d8b12a1f4d1b40ea7483d3,True
muestreo,card,250,csv_reversible:celdas,reversible,,,con_mapa,f8cce907b76c9a369485aeb7de84866fac00acc1bcb20f2b37839166477d999a,True
muestreo,card,250,csv_reversible:columnas,reversible,,,con_mapa,125a8f7637dac4e0a5fb92c026213e67029bb98ac7d43a8e289b929fb43c4e55,True
muestreo,card,250,toon_reversible:celdas,reversible,,,con_mapa,03b59eb9ce49cadc2623746efd62fc74e7713a143e813b266c3856e6a9016062,True
muestreo,card,250,toon_reversible:columnas,reversible,,,con_mapa,5b707b5c2e1774b747d15f49e0ae168b9b22c899de0840f49ba08f08153e4936,True
muestreo,cat,1,json_pretty,reversible,,,autocontenida,b4dfbff65694715f39fc90e1128c56d45a97497ed8a2207f63a28a27690716ad,False
muestreo,cat,1,json_compact,reversible,,,autocontenida,da813f7412dbc6bb49ea86314455a1df1bf5adbcc40fb83b6ff91a4ccdc54c81,False
muestreo,cat,1,yaml,reversible,,,autocontenida,03ceb430dc8bab7d1d649de2a4cc9251394d8d2fe26dc4677ea5ce27c60f189c,False
muestreo,cat,1,xml,reversible,,,con_contrato,3c9b8872cb45a9452032698a09243449f498927e890f918b544b60742418ef4c,False
muestreo,cat,1,csv,no_reversible,"el CSV descarta los metadatos del documento (header con 3 claves: d, store, cur); solo los registros se reconstruyen: reversible",,con_contrato,f51bc1da02907ecb20bcfbf6cb6706386c975913fc92fe93a42618ddf6e4ebc0,False
muestreo,cat,1,toon,reversible,,,autocontenida,fde5124576a71c24d9c55e79b157bbd366507bb5af992893f4ad3c0750e1addb,False
muestreo,cat,1,toon_flat,reversible,,,con_contrato,dd23694095feabea9ca04ff50ece8bbc7937ac7b1a4ffa89fd77536c63cfb2c2,False
muestreo,cat,1,mini,reversible_normalizado,,header.n lo añade el serializador .mini; header.v lo añade el serializador .mini,con_contrato,eae590a4202096fb52f3f881fdc8555dead7af56fa7e507ce27c426564ea4447,False
muestreo,cat,1,xml_tipado,reversible,,,autocontenida,353171c0d1ec16667c5eb7c3178ac39950d664133c037ab5e928d9f7a186fefd,False
muestreo,cat,1,csv_reversible:celdas,reversible,,,con_mapa,f6dc25860d5acab5d500e5d326c8c4119dd53b2b98a10326343b59017f35b1fc,False
muestreo,cat,1,csv_reversible:columnas,reversible,,,con_mapa,e88bb66fce1b1bf66a7e78f69b8690781365e53a3c3872a87967a59036dde332,False
muestreo,cat,1,toon_reversible:celdas,reversible,,,con_mapa,d16030ca7840eb0b8788fb82eb7736e651efe030cf8f0f158744a470a8284e28,False
muestreo,cat,1,toon_reversible:columnas,reversible,,,con_mapa,5ad63c3cd3e644aa41d605d10464c463f99cecdc3479d0c8448e64d2f954fdad,False
muestreo,cat,5,json_pretty,reversible,,,autocontenida,613296c4b664bd6900aaa4fa30f900660b3f67c05699b26e2b09552740793a19,False
muestreo,cat,5,json_compact,reversible,,,autocontenida,dc9e88f56ca5098f678364ba0d1bf585c5badc2abcbcbb6c554355603226f137,False
muestreo,cat,5,yaml,reversible,,,autocontenida,6d062a90c8d5cd20d5c66d26afa8d95dadd6cc53624467fc761342226ab292b5,False
muestreo,cat,5,xml,reversible,,,con_contrato,b036a21ca4222c370f44179ca835736f47bd9e11b0b1483c680ceca45a6c2786,False
muestreo,cat,5,csv,no_reversible,"el CSV descarta los metadatos del documento (header con 3 claves: d, store, cur); solo los registros se reconstruyen: reversible",,con_contrato,b64cbf2a2aacd2fa55adce64e27b98fe8535ffbb6d3fd4fad5288fa053e8ec87,False
muestreo,cat,5,toon,reversible,,,autocontenida,d250a95424806e2ac853bc3077dad86c57e23b3a400bc82184acf948a8729421,False
muestreo,cat,5,toon_flat,reversible,,,con_contrato,ea9b133863843cb768fe4c63eb5a7ff3c41cea49fb49459f809dce51496b703d,False
muestreo,cat,5,mini,reversible_normalizado,,header.n lo añade el serializador .mini; header.v lo añade el serializador .mini,con_contrato,3d7ee774d3ddbf28efa3adb51dc1b2cf705a760fc0b90621bfe957b8d151aece,False
muestreo,cat,5,xml_tipado,reversible,,,autocontenida,7ff67deb8fae6257baa468648b61d0729c4f44ac78431ae541de10f24269f467,False
muestreo,cat,5,csv_reversible:celdas,reversible,,,con_mapa,df3568793e6af49c76f2e76df50645f96115147d69c83c1568fa1f46dd39e75c,False
muestreo,cat,5,csv_reversible:columnas,reversible,,,con_mapa,d3eda605af32c893a1edb69ca20c7094ea5c8cdbf3839654bf50a64a65d221d4,False
muestreo,cat,5,toon_reversible:celdas,reversible,,,con_mapa,3ecaad6637b67d6c1afa59359e40d2d5c8d2498df03f7a9b7a6cee6495470a80,False
muestreo,cat,5,toon_reversible:columnas,reversible,,,con_mapa,e5b5a7fd58116509dda317d88bb6c7d49dfd0a51fe334833db8dbe1b7f210c54,False
muestreo,cat,10,json_pretty,reversible,,,autocontenida,5e001bb73e40be409311a59c7549e5b13177adc21d0f406bcb71d4c75631313d,False
muestreo,cat,10,json_compact,reversible,,,autocontenida,e56bbbb30bb445bda6f60bb291d0a80dde0f09ba311d639879fbb7b99178e279,False
muestreo,cat,10,yaml,reversible,,,autocontenida,f9de943a9b9ec6cbbdf87a4dbd8f3e98059c21f65bb0b3b74ce0e45b661c1d5e,False
muestreo,cat,10,xml,reversible,,,con_contrato,8887efe23ee457408678752b3a9935e588d81eddcae92efed60e15653699b2c1,False
muestreo,cat,10,csv,no_reversible,"el CSV descarta los metadatos del documento (header con 3 claves: d, store, cur); solo los registros se reconstruyen: reversible",,con_contrato,08d979f5bab8934041e9b11a9eb012c46a2d5c59ef3dcd3119034c9f00421548,False
muestreo,cat,10,toon,reversible,,,autocontenida,de4bf471215235076cae2e7f3c3aba9697b0a664b18314622413992e325ae1e0,False
muestreo,cat,10,toon_flat,reversible,,,con_contrato,7d47959b992d0d0f31bfc13c9e7cf5ca076de8e3027daee7d6bc20b7d29dedae,False
muestreo,cat,10,mini,reversible_normalizado,,header.n lo añade el serializador .mini; header.v lo añade el serializador .mini,con_contrato,20895ec6e3da2b4864fb264a531ff858ea498fee52aaa80b53533d228fb7d3dd,False
muestreo,cat,10,xml_tipado,reversible,,,autocontenida,243579c6d01e1461fb9af639f1cc4fe250d16ccadb0c41c71c2f97ead156e4fe,False
muestreo,cat,10,csv_reversible:celdas,reversible,,,con_mapa,d945a4ddac6fdf0f435c4a692f38a88291708511a71fe59df8175a9706913054,False
muestreo,cat,10,csv_reversible:columnas,reversible,,,con_mapa,b2a1d7b7ae9129aede97a707ac75768e1d8dabdbd5555f1b470913dbbc27c734,False
muestreo,cat,10,toon_reversible:celdas,reversible,,,con_mapa,0bb3038830753de738c76520c52a249e15f2a1cff27a1a0f96eea0afb47459e7,False
muestreo,cat,10,toon_reversible:columnas,reversible,,,con_mapa,f7229b09303dddd5c58770fe0e6b7812af64f6144f2fc1279f99a97bb1feb615,False
muestreo,cat,12,json_pretty,reversible,,,autocontenida,5554440dacc7123a68de3c1f1e89c78f2ea4fa32e4ea9e52ddfc6d013d9d3303,False
muestreo,cat,12,json_compact,reversible,,,autocontenida,3afac82f830465cc7ed7d6d02ceca1f049f7cfa649c110765ff4efe1fe627580,False
muestreo,cat,12,yaml,reversible,,,autocontenida,8a7b6d9ecbefe69a8c80ca02e1cbf975f411952c80a86ec50bf7234c402eabaa,False
muestreo,cat,12,xml,reversible,,,con_contrato,6f9f18b1e98eaa9b6d263094bdfa67997a54c41d3f17c902196faef7dd2c4031,False
muestreo,cat,12,csv,no_reversible,"el CSV descarta los metadatos del documento (header con 3 claves: d, store, cur); solo los registros se reconstruyen: reversible",,con_contrato,3e48db71e96197383fc641da508e0e0a6dedaabc897c02bd4b328f5416b030e7,False
muestreo,cat,12,toon,reversible,,,autocontenida,b3bb3950ff813b731d152619d4793b3a7a1cc60ae53b368e4e56eed798a6c00a,False
muestreo,cat,12,toon_flat,reversible,,,con_contrato,c55e06a97497252dad480830475b351c1441e0d1337f1a3b685505d9abb1c1d3,False
muestreo,cat,12,mini,reversible_normalizado,,header.n lo añade el serializador .mini; header.v lo añade el serializador .mini,con_contrato,297212e3094756c8d0fe0e762dad8f33265da8491c8c60911863df80d0719b55,False
muestreo,cat,12,xml_tipado,reversible,,,autocontenida,d026175603766d5ab72c1a38ce5e4a516ec789dbf6a6b615c21da456aae22d01,False
muestreo,cat,12,csv_reversible:celdas,reversible,,,con_mapa,9262309d5c774acfa4c58dbe5c089ed519eb7b2bd03ea139f2d54726b7940f8e,False
muestreo,cat,12,csv_reversible:columnas,reversible,,,con_mapa,6aede737425b90d8e3876d0686efdc3745e3469b595900db3e5eaea2300f2aa7,False
muestreo,cat,12,toon_reversible:celdas,reversible,,,con_mapa,014e8a10424e5275026e2193f008cbe518e8acc6ec27fcfc68a26e577d694bd2,False
muestreo,cat,12,toon_reversible:columnas,reversible,,,con_mapa,0f79d3b0e94da2fc0b1fc76c2aa6cf2552a2e997cc1913726e7a84b488aee0e8,False
muestreo,cat,25,json_pretty,reversible,,,autocontenida,2d37cd5d4ba48f584e6ad4e819710d697e0fcdaaed58e12d9cbe5dbef868b69b,True
muestreo,cat,25,json_compact,reversible,,,autocontenida,3a0d9f159b67667a39218e6e0075fafe01dd2b683b632b07df9fc0b5428e0487,True
muestreo,cat,25,yaml,reversible,,,autocontenida,2d490afc200e5ca5c111954188c5695818a51018c2678d3caff1b6317dd4a1c4,True
muestreo,cat,25,xml,reversible,,,con_contrato,24988c8c112ff0fa77e856e9be44e4b4ebb40ee22193d8327584c4449a0c11ca,True
muestreo,cat,25,csv,no_reversible,"el CSV descarta los metadatos del documento (header con 3 claves: d, store, cur); solo los registros se reconstruyen: reversible",,con_contrato,e049796bbee535e529a2e0121742c56cc7d70ec6ff561d89930333dfc18893ca,True
muestreo,cat,25,toon,reversible,,,autocontenida,c76c32519108c1ca7e86f5c42ae6da7a5ad78dd8bdbd60821ad169c3f66439b9,True
muestreo,cat,25,toon_flat,reversible,,,con_contrato,a7c97fd6c771367b18436169b3b3588e8ec10747f91c308d79404c431fa9140a,True
muestreo,cat,25,mini,reversible_normalizado,,header.n lo añade el serializador .mini; header.v lo añade el serializador .mini,con_contrato,cd8160b85c7b8ca934d1189d919ce9727f01e5f140f6a46034f4e62896ebde05,True
muestreo,cat,25,xml_tipado,reversible,,,autocontenida,87f29b466bbbad9b318bd07662d5604beb4394d629d60b5a32387193068a4505,True
muestreo,cat,25,csv_reversible:celdas,reversible,,,con_mapa,60b86578ef69b50968f13829ff327c9b16e7c109e09e13560148eb2223b01ed5,True
muestreo,cat,25,csv_reversible:columnas,reversible,,,con_mapa,3195edebfd7ed9781f49210992d9de198a192517b1e5ff0411dd7d76b8c351fe,True
muestreo,cat,25,toon_reversible:celdas,reversible,,,con_mapa,dc73ef2b73b014bdd77357dcc54d00fe15dad29f0463034f2656f17089462f62,True
muestreo,cat,25,toon_reversible:columnas,reversible,,,con_mapa,013c3b9418279720742e32dbc2955d499dd9ad3cb5872703af4b7b8e0abf9138,True
muestreo,cat,50,json_pretty,reversible,,,autocontenida,3a9b0e77e86a833ba4add9b98fddf36e550c953aeec55bf154fc0265cba188d3,True
muestreo,cat,50,json_compact,reversible,,,autocontenida,15bb7dd3f1a69c9b8233df239c38c2938843581c3c2c265c7614e09907cd80d9,True
muestreo,cat,50,yaml,reversible,,,autocontenida,5584ec0f126976a2661e326bad98933124d99f61bfeeff07d036c393657aab7f,True
muestreo,cat,50,xml,reversible,,,con_contrato,ebf22066e96bc6ff12b0ba95ab8882173535f3d43f7266f2d4316dadbd32060c,True
muestreo,cat,50,csv,no_reversible,"el CSV descarta los metadatos del documento (header con 3 claves: d, store, cur); solo los registros se reconstruyen: reversible",,con_contrato,62874a032d8ce8c500f8aa52a36ef89f3d2e428106d858a48d0de14ab9fede73,True
muestreo,cat,50,toon,reversible,,,autocontenida,e31af89b565654ee7f8cf0b8d00d96cf2a289c10a87668a29a429030c2a46f33,True
muestreo,cat,50,toon_flat,reversible,,,con_contrato,4099841d7e63fc82ea59c3828228c9975589b1c73d74b75ab2829302d6de6e33,True
muestreo,cat,50,mini,reversible_normalizado,,header.n lo añade el serializador .mini; header.v lo añade el serializador .mini,con_contrato,90597f75a9f4d553ee8d8edcf3d3ab2ce3fec23040a12b4301b5ec6f52193f82,True
muestreo,cat,50,xml_tipado,reversible,,,autocontenida,a77876ccec3d5269ee7949c47d96b534400e6e34270a5f0affb949585bf701b4,True
muestreo,cat,50,csv_reversible:celdas,reversible,,,con_mapa,7382872d37fab701e271d790c5840dc7faa65fd8fbe8eb47a05d471278df7033,True
muestreo,cat,50,csv_reversible:columnas,reversible,,,con_mapa,94aa058ba0321e30c01455b70c0545ef6e9c6d46668127f221ca4bc13b7765ed,True
muestreo,cat,50,toon_reversible:celdas,reversible,,,con_mapa,c66c39c5f752c4c021e3d3147796718e24237ce04718aa26d79770017556bbad,True
muestreo,cat,50,toon_reversible:columnas,reversible,,,con_mapa,8a9460020f21c0f9ee9c9517c23a967b4be64ec811edb42e879597572e8310f6,True
muestreo,cat,100,json_pretty,reversible,,,autocontenida,589f7bc602826ed997e94ef433f719ba6053702239499bff0866b14893d388f4,True
muestreo,cat,100,json_compact,reversible,,,autocontenida,3d6048c7e61529c80f4e224facea178c95b6258975a26917971cfe3e72516e42,True
muestreo,cat,100,yaml,reversible,,,autocontenida,32458b9b8b30b81036a75c469162408f34bb5b56dc81ade044b00b754db067fa,True
muestreo,cat,100,xml,reversible,,,con_contrato,fed4894a77223223640b86ad91f448c10ecfb7dd2ff7fe3f3e1eb502b6c8c468,True
muestreo,cat,100,csv,no_reversible,"el CSV descarta los metadatos del documento (header con 3 claves: d, store, cur); solo los registros se reconstruyen: reversible",,con_contrato,3d886273db6ad4458b3cb28c4952f2d8436b63b4723104b990365b83041d33e7,True
muestreo,cat,100,toon,reversible,,,autocontenida,e8250da11fe1fee8ac115695781209c4916c1db2ce220c163f97eed79da780aa,True
muestreo,cat,100,toon_flat,reversible,,,con_contrato,33f8088f75793de9c325f038f64a82c94d65a6e16f5a4fe632154536b052046a,True
muestreo,cat,100,mini,reversible_normalizado,,header.n lo añade el serializador .mini; header.v lo añade el serializador .mini,con_contrato,3c08a06e62eaa85eab69365204df25e9fd898d2a7181e5508a4d3cf35581211a,True
muestreo,cat,100,xml_tipado,reversible,,,autocontenida,712f54733ced8b06d8d3d9b632348da8f911f8da25d8f0887e35d9240ff85e76,True
muestreo,cat,100,csv_reversible:celdas,reversible,,,con_mapa,f183535c40a484a712e2804eab526800128137c03091906892bf66e3eff2236d,True
muestreo,cat,100,csv_reversible:columnas,reversible,,,con_mapa,146429cc3cad6ee426a7030edeff223e576dee9025c703aebd410dd026238356,True
muestreo,cat,100,toon_reversible:celdas,reversible,,,con_mapa,cb54a7ae06f4b9fc424a563a531a84fb9b09c6d9bf39995609dc32949a7e8fa6,True
muestreo,cat,100,toon_reversible:columnas,reversible,,,con_mapa,a9f7e1685b31408121a2812c111f69ebf31f8ff07f42282cef91bda4e1bdc8ab,True
muestreo,cat,250,json_pretty,reversible,,,autocontenida,f23e48658099066cb85ac38ba59d0efce04f225051d6b37098aed9fc2aa0a0da,True
muestreo,cat,250,json_compact,reversible,,,autocontenida,d27d0fa11dab6487678d7f64708e04758f6764b7388d03a0481864337cefbf1a,True
muestreo,cat,250,yaml,reversible,,,autocontenida,6c90c22cc2eeecb4c9db6a968a0a33a4eb12e6ed1275efb4552dec2e30b4033e,True
muestreo,cat,250,xml,reversible,,,con_contrato,9f123df7c5d24a3d7d9758a96f45f1c0eb8217ab0887429b488141b29b98ef6a,True
muestreo,cat,250,csv,no_reversible,"el CSV descarta los metadatos del documento (header con 3 claves: d, store, cur); solo los registros se reconstruyen: reversible",,con_contrato,4050cbaee18bbf88223745645561d855f4eb63e879cc4aaad986ca69ed0a16ed,True
muestreo,cat,250,toon,reversible,,,autocontenida,6adc1cac6238625134741aeacbc730e317de39b819700ab5d4576ab2080e0f64,True
muestreo,cat,250,toon_flat,reversible,,,con_contrato,6346e5a234e2b56f5a40b6b6fc71ee365b106fd9d390875184fc41ae4a14f9da,True
muestreo,cat,250,mini,reversible_normalizado,,header.n lo añade el serializador .mini; header.v lo añade el serializador .mini,con_contrato,edb2ee2cdea04786edf20958c06b1acf7233ff3c4a8c737940fe4dd05e24cefb,True
muestreo,cat,250,xml_tipado,reversible,,,autocontenida,ff3e410d0be3a35f8e0eb1ef1d9681ff64df88b87303d6edbdf982cfef6a560b,True
muestreo,cat,250,csv_reversible:celdas,reversible,,,con_mapa,d7be1e3a2d2642ac47d791a307a5d2cf533a67362d22b9181d2e08e8cd518de6,True
muestreo,cat,250,csv_reversible:columnas,reversible,,,con_mapa,0586f7b33902754c37578a835ccff3359b1815a46d4e8f187e93c384fc65939f,True
muestreo,cat,250,toon_reversible:celdas,reversible,,,con_mapa,563edd80bab90991725a8cde0a96d5d6a61a0167d7665161e781ccc2e32a47a7,True
muestreo,cat,250,toon_reversible:columnas,reversible,,,con_mapa,a77891f2d617257a708ed663ef4ef8eea5103b7216df0ec2f0c0433cd8df5ae5,True
muestreo,cls,1,json_pretty,reversible,,,autocontenida,1c8bcc5e03b3af0d2cb9065c6e19978a72eb0f66454f8ebbad0e925dbb1caabf,False
muestreo,cls,1,json_compact,reversible,,,autocontenida,2ab5edc2d2cc4a02b5df9a2b2bb2ffda189d0c4649664be6b84291e0d291a9df,False
muestreo,cls,1,yaml,reversible,,,autocontenida,c26553fd4d4bad3ce803de9c11abbc5753c187417cdb92dc881a71401248568a,False
muestreo,cls,1,xml,reversible,,,con_contrato,94068d773a40c630112a88b239334e1857367db6f8cfc6c92ad8b8425b3e777c,False
muestreo,cls,1,csv,no_reversible,"el CSV descarta los metadatos del documento (header con 4 claves: d, l, model, k); solo los registros se reconstruyen: reversible",,con_contrato,0b46e3194f924933a3f5b3ddad85d46ec343cbfba6dd5c9b4fa8167f94a5e638,False
muestreo,cls,1,toon,reversible,,,autocontenida,3feb0b1670c26633b3fd673991caa494eb266380e97231f8d80b264376a11e3c,False
muestreo,cls,1,toon_flat,reversible,,,con_contrato,35384b93573be890f7ec928d963d831618adcf6fe7b65102a8188009cfd7529e,False
muestreo,cls,1,mini,reversible_normalizado,,header.n lo añade el serializador .mini; header.v lo añade el serializador .mini,con_contrato,575cfe453327275a47fdf78cd4dc2d52eef74eb8275c11c3f14ed8f3500ad7f4,False
muestreo,cls,1,xml_tipado,reversible,,,autocontenida,789c5ea106f022f0d7a0e9317abe41243db52570d6ead41bc772139528c10657,False
muestreo,cls,1,csv_reversible:celdas,reversible,,,con_mapa,61272aaa141d71655df4fff859e4d568add5ba7f36465f41d50571098ed2cd47,False
muestreo,cls,1,csv_reversible:columnas,reversible,,,con_mapa,3c2d302d988e0f53aabfc444e21fc4056494e43440cdfd1514429859e65d7d05,False
muestreo,cls,1,toon_reversible:celdas,reversible,,,con_mapa,da4dde861f929b93d6516f26bd5cc5ea25ec491b04b3739c8b31565bee0898e5,False
muestreo,cls,1,toon_reversible:columnas,reversible,,,con_mapa,a798724419c594d6ac2700c076af8246319145a80685c39b9b406847c91dd23a,False
muestreo,cls,5,json_pretty,reversible,,,autocontenida,f4d7ae1edb9886ab2d1d5a09deaf87f56348d20e956fb85db45124b5f985d9ca,False
muestreo,cls,5,json_compact,reversible,,,autocontenida,f66593112ff75714e8fae115d24e7fc8c21cc2c0745603e0152a41906289f618,False
muestreo,cls,5,yaml,reversible,,,autocontenida,dca9573346b23ca89ef6f34d5e88541ec50f81b478bd7c3a50fe12c53e203ed5,False
muestreo,cls,5,xml,reversible,,,con_contrato,d443ed78dc5244ca424aade7bff5173c58b56d238a5a1cc27ac69e6024b2e3a1,False
muestreo,cls,5,csv,no_reversible,"el CSV descarta los metadatos del documento (header con 4 claves: d, l, model, k); solo los registros se reconstruyen: reversible",,con_contrato,aa1759db6051af80b5cf879c4428436472b682a10a24c3fe873c19212908af51,False
muestreo,cls,5,toon,reversible,,,autocontenida,add8113fd62882ba0c3e1b877ddec9c7136597eea685defd7e4301cb0ee53f1b,False
muestreo,cls,5,toon_flat,reversible,,,con_contrato,1d7b6e2119d69546d270f70fad912022db68b75effcfe6a5ba4af23fa333fa58,False
muestreo,cls,5,mini,reversible_normalizado,,header.n lo añade el serializador .mini; header.v lo añade el serializador .mini,con_contrato,4aa366ffb4e1be468cefe9392313ba9c774866ef1bbc7854163162baad8456e8,False
muestreo,cls,5,xml_tipado,reversible,,,autocontenida,f2efe33b4686cab98ed047294423e7a070f0ccc79f8e41629dae87fc913cc397,False
muestreo,cls,5,csv_reversible:celdas,reversible,,,con_mapa,f899c758a1a9123774c04f08b44004b987038224aed7c74c953b34580ab96600,False
muestreo,cls,5,csv_reversible:columnas,reversible,,,con_mapa,4badf2d0caaf627eec4667fa1ce76fea79032ed941a074212609db048b40623e,False
muestreo,cls,5,toon_reversible:celdas,reversible,,,con_mapa,422e37344a7ac4276926018a23225bfa218987df92e1fadac14cd16365f61c9c,False
muestreo,cls,5,toon_reversible:columnas,reversible,,,con_mapa,ddfaf2ff7d4baaea836212ed423a075bbd8a09312d9fb77b1398a6dc2b98dca4,False
muestreo,cls,10,json_pretty,reversible,,,autocontenida,3f3ab5b83c92aff1f2add7ba4b09e663f5a395c550dece1b09101eec77ed57d8,False
muestreo,cls,10,json_compact,reversible,,,autocontenida,f609023c0fdf696d1b139c2b9caa522eef5a6e32a4f9d16f432948debb63b27d,False
muestreo,cls,10,yaml,reversible,,,autocontenida,e19791115fe09ee050837b84a60ff5289f8886e20c006420deeb447e2355b452,False
muestreo,cls,10,xml,reversible,,,con_contrato,4e0b5ea5357ecbea9a877bdd54de1ecb93656465ef63f898fb1faa33f6b081c2,False
muestreo,cls,10,csv,no_reversible,"el CSV descarta los metadatos del documento (header con 4 claves: d, l, model, k); solo los registros se reconstruyen: reversible",,con_contrato,e61deced3af745f60f8936fa5dca199562dd9751bea7f1448b2214958f54ce51,False
muestreo,cls,10,toon,reversible,,,autocontenida,c29c0ff387ce8cc1f634eb6c6eefba6f67da9d22eef34438073c1890d8f5cc2d,False
muestreo,cls,10,toon_flat,reversible,,,con_contrato,b12998e85f55a1066608995ab301355c65a8ae59ba365d248b097b993dd7398a,False
muestreo,cls,10,mini,reversible_normalizado,,header.n lo añade el serializador .mini; header.v lo añade el serializador .mini,con_contrato,a38bad6480e4ebef6fa61383dde5fde21e6f94541446200fd332dc2c04e6dc01,False
muestreo,cls,10,xml_tipado,reversible,,,autocontenida,637f01aa0e46a02a03aec21cb7b1098481c4099a5f17a3764dfd670b8fa52a84,False
muestreo,cls,10,csv_reversible:celdas,reversible,,,con_mapa,c28f7b7037f032ad5d924b2598fde1c23d6d479429066f43ce7058d86c1b291e,False
muestreo,cls,10,csv_reversible:columnas,reversible,,,con_mapa,e48aa7f8bd0152a47d70137702a00508b048e5e2a126e3c9c54032905b6d5d84,False
muestreo,cls,10,toon_reversible:celdas,reversible,,,con_mapa,30bd0097672ea584ffcc484429bb8354bee31cf71e73168d40d2304275f786e4,False
muestreo,cls,10,toon_reversible:columnas,reversible,,,con_mapa,d8fb7d75feb061936e99461876345c5db427abac1ef3d4f4e33f401d2926a419,False
muestreo,cls,12,json_pretty,reversible,,,autocontenida,aa67f4fa9c54b942633fd87b72cb7ae1e681fad5774ee2320c0101dfa0a5ebe6,False
muestreo,cls,12,json_compact,reversible,,,autocontenida,93cb356897c5f24040db371b93e97cd0636206713f003542fd39c934cc18e087,False
muestreo,cls,12,yaml,reversible,,,autocontenida,d9e6e21e27afd52ff7409533d3772bc5f9b89a8d21a9d290cda7d588a7b91317,False
muestreo,cls,12,xml,reversible,,,con_contrato,0f658b28bfd52d1da758ee64f58354ac7082e3187fcd72abd011fe485348e61d,False
muestreo,cls,12,csv,no_reversible,"el CSV descarta los metadatos del documento (header con 4 claves: d, l, model, k); solo los registros se reconstruyen: reversible",,con_contrato,3bfb4d6b0526e232b5bda9c6ef7302779d28fb0932d9aee9a91516e268d46fba,False
muestreo,cls,12,toon,reversible,,,autocontenida,d1c7b8de76789bcde7a14e5d3dd05afc9caddc72938566020d579ed5e6772f7b,False
muestreo,cls,12,toon_flat,reversible,,,con_contrato,a89bf1d9057387132c51a655e36a1c0303713ba9315759f034a3f6f7c6685132,False
muestreo,cls,12,mini,reversible_normalizado,,header.n lo añade el serializador .mini; header.v lo añade el serializador .mini,con_contrato,874ce4729a2a8f3c247e8fbdfd6c1b5f5792973813cca4318694d608c0758957,False
muestreo,cls,12,xml_tipado,reversible,,,autocontenida,1cc388fecd910b38993cc1915017253d63606d5b087e8c330bd5598dd42854c5,False
muestreo,cls,12,csv_reversible:celdas,reversible,,,con_mapa,aba8b6b64116c944bea5a92834f51fbdca767229a12251c6a449d8d7bb780e31,False
muestreo,cls,12,csv_reversible:columnas,reversible,,,con_mapa,84882c158badf4549dd0770dba95861335c0d18d9bc4ea1f7f9b630bac74048c,False
muestreo,cls,12,toon_reversible:celdas,reversible,,,con_mapa,43904f24e4f946dd55ad85b413e02b6bb064fba531e3a33b6b9ca0b6a9d78b8f,False
muestreo,cls,12,toon_reversible:columnas,reversible,,,con_mapa,e0b0571cbcc17f329046cafdd7dcc6f2a0a5cb04e942975a6f1c877f16749085,False
muestreo,cls,25,json_pretty,reversible,,,autocontenida,82ec217603c53e6ad3ec9a3687fff4ca1f40bc9651b68f9815775a896b6f0aba,True
muestreo,cls,25,json_compact,reversible,,,autocontenida,d8aa499070c0561bcdff3e009767dab8333cd25e1fd0761b954346fb223bb85b,True
muestreo,cls,25,yaml,reversible,,,autocontenida,c68ca9216b522ff8426463662b2b5190da5b06d9ab9a7b88b739299290998c31,True
muestreo,cls,25,xml,reversible,,,con_contrato,641d2b790142dd1e18c1d8f2939b5083ef01edfb8d4535b37b7f2d510b18c6cb,True
muestreo,cls,25,csv,no_reversible,"el CSV descarta los metadatos del documento (header con 4 claves: d, l, model, k); solo los registros se reconstruyen: reversible",,con_contrato,f22029731a4669dfefb6f7af763cb4f74bdba1dfdbceeb0c44d906282779e9ba,True
muestreo,cls,25,toon,reversible,,,autocontenida,efbdc20d8026b9a300876eab86b2da7c791ed4a109adfba4f4419c6727f3e03d,True
muestreo,cls,25,toon_flat,reversible,,,con_contrato,1c6467977c8eb85437c2f88c5484d159e5689fd782498e72148782393721384a,True
muestreo,cls,25,mini,reversible_normalizado,,header.n lo añade el serializador .mini; header.v lo añade el serializador .mini,con_contrato,5421889eddc420dd9253a652cc27d31c69523515c52025e52a2b30bb1af46ab7,True
muestreo,cls,25,xml_tipado,reversible,,,autocontenida,d7862925c761416eb7134b913bd080621ba60c3831c41639d5651ff4842c7b7e,True
muestreo,cls,25,csv_reversible:celdas,reversible,,,con_mapa,338c8a1adb8b43d9536b80d2354bd2d358294188d78866897c1164dfc7a18d2e,True
muestreo,cls,25,csv_reversible:columnas,reversible,,,con_mapa,6ff9ea5726636580ebd0ca2b7cbec4328bbfebbce63e2d42300762298d4b98c1,True
muestreo,cls,25,toon_reversible:celdas,reversible,,,con_mapa,7ae0e7a6bbfd523649dc5ac1ef67afed6df7d8df9d0002086b92e5b3ed665def,True
muestreo,cls,25,toon_reversible:columnas,reversible,,,con_mapa,99d245a7153debb21b14c6927c885a17fbf347fa466a6a25482e6883363bdc42,True
muestreo,cls,50,json_pretty,reversible,,,autocontenida,80acc9bdf1809a6091afa4b3e940810c4ba4b2b69382cc21f5f81e60496bd43e,True
muestreo,cls,50,json_compact,reversible,,,autocontenida,805570dec1fbe11551e665538c6b13abd694ee5cdeceb7f6593f6d020025f72a,True
muestreo,cls,50,yaml,reversible,,,autocontenida,7e8f4086827dc8e0f7888eefb55df6581d01efdb07cb52aaf77b444f5677e143,True
muestreo,cls,50,xml,reversible,,,con_contrato,3d4707b134ceb32093d3c175d8d5deedca16c85aaa226b384162f908d705ab37,True
muestreo,cls,50,csv,no_reversible,"el CSV descarta los metadatos del documento (header con 4 claves: d, l, model, k); solo los registros se reconstruyen: reversible",,con_contrato,a4887f777b9faf53fa69018b8a077fc528cefa73fc1d159626841a8e74191aef,True
muestreo,cls,50,toon,reversible,,,autocontenida,b425c16e1f351e3b4549a559feaf8c3b1418b25da0a2334e34dfe4eb44c59297,True
muestreo,cls,50,toon_flat,reversible,,,con_contrato,5eceb7e24f4140d91a515158ac9836df157498c75b0184e52260e9f337f1156b,True
muestreo,cls,50,mini,reversible_normalizado,,header.n lo añade el serializador .mini; header.v lo añade el serializador .mini,con_contrato,31622561efd4ff8d46b5966b012309c9932cf9043397db39cb142509a842fa5e,True
muestreo,cls,50,xml_tipado,reversible,,,autocontenida,37e7ff7bcc151194176293366699df560ffd818761df8ea1d135801a8d2e76c5,True
muestreo,cls,50,csv_reversible:celdas,reversible,,,con_mapa,7f2ef8f16c88aecbbafd5f6288561fcad288349bae1e9869c075f720da9dd522,True
muestreo,cls,50,csv_reversible:columnas,reversible,,,con_mapa,4b4004535de4352ce0ed5c602b30c7ca2e9b1fc1896011ab217697719b507c66,True
muestreo,cls,50,toon_reversible:celdas,reversible,,,con_mapa,ec2bc173c34908786feefaab942e42468470bd8267876d01b598bf3dcd8210c0,True
muestreo,cls,50,toon_reversible:columnas,reversible,,,con_mapa,6482c166303c02ee9c2f8708a4a630c948408575e6a6237b79b25e3b6e5c7870,True
muestreo,cls,100,json_pretty,reversible,,,autocontenida,0da4ccab73470efac9c556579e54b0b2495481fd8421834a2b3786317a76c3e8,True
muestreo,cls,100,json_compact,reversible,,,autocontenida,6e4b9abea175198a7402caca627ff8b86ec08c262256c2247a94ee2963e49fa6,True
muestreo,cls,100,yaml,reversible,,,autocontenida,201ae40cd389847cc1a6e40372147745473a6532debe7a2aa40e3a7f26e3fb22,True
muestreo,cls,100,xml,reversible,,,con_contrato,b3c605eee23813f6ac5b4656256c85a781679d6c83ca11529e706fc91a6ebc66,True
muestreo,cls,100,csv,no_reversible,"el CSV descarta los metadatos del documento (header con 4 claves: d, l, model, k); solo los registros se reconstruyen: reversible",,con_contrato,3106db000e07d4647dbb9f6a564af5f18ae63032e279e16d0c7a237307504ae0,True
muestreo,cls,100,toon,reversible,,,autocontenida,efe0899514e32b06bc2ac73db53af78d32ee4973e62f46d1a8a228bb24584ab0,True
muestreo,cls,100,toon_flat,reversible,,,con_contrato,77805c5184f08335c264bf911002e6744a28e0bb38674221f0e568b67d718af0,True
muestreo,cls,100,mini,reversible_normalizado,,header.n lo añade el serializador .mini; header.v lo añade el serializador .mini,con_contrato,bb8a5b7997d062c92816b5b1aad5be85aba735f359997629f243cc5e856bea87,True
muestreo,cls,100,xml_tipado,reversible,,,autocontenida,c0acaec579e00b94de28c508a8ba0f27ba9437e7bccce35c75abece128b0e1d6,True
muestreo,cls,100,csv_reversible:celdas,reversible,,,con_mapa,ff01d02ab7820ea8ef7ede7c4798c52bc2b1003cb59fcf9c7fb242daca04a9eb,True
muestreo,cls,100,csv_reversible:columnas,reversible,,,con_mapa,96ba8f307e00c4b011c8d92a951fcf63d8c7ef0af05f1e57a0e63dac9ef37709,True
muestreo,cls,100,toon_reversible:celdas,reversible,,,con_mapa,616355fdf407617e64e9273d3e1b2427572c98158496ab12fe8ac7a5e0580f93,True
muestreo,cls,100,toon_reversible:columnas,reversible,,,con_mapa,5001b10acf12104f616edd72627890805031e2f6fbca5ff4ca200748acad8b22,True
muestreo,cls,250,json_pretty,reversible,,,autocontenida,8138aebe681f86085772c6b56dfdc2d1a01f05b664bab0101a1d69d5d3c9ca09,True
muestreo,cls,250,json_compact,reversible,,,autocontenida,51812f9f254ecb09e64e747d7d773b05ae57c635866fc31f4a9193f61301c0ea,True
muestreo,cls,250,yaml,reversible,,,autocontenida,5a207009ae717d9eeedc91dcee347e7d0d45e204f608103f33d4d64a4fa70238,True
muestreo,cls,250,xml,reversible,,,con_contrato,1e1cb311c336a9446431c9df0bc8c4649b46904c2ea98db8a1400c13c834ff01,True
muestreo,cls,250,csv,no_reversible,"el CSV descarta los metadatos del documento (header con 4 claves: d, l, model, k); solo los registros se reconstruyen: reversible",,con_contrato,c36eddb4c870d58ed8c68774a5850438111b4f1e2f0b90481973b34c7a23f98d,True
muestreo,cls,250,toon,reversible,,,autocontenida,b05566ab25d1bc0abe3ad1bd160618dacf6abe7f92c655578ef55b020d8458e1,True
muestreo,cls,250,toon_flat,reversible,,,con_contrato,a68e42a7978f730f738a694d3de667821b1876c3db2fe7417e5228db3401fbdd,True
muestreo,cls,250,mini,reversible_normalizado,,header.n lo añade el serializador .mini; header.v lo añade el serializador .mini,con_contrato,19026724503f42fba4233a267ebfd4bdcd4cfc02de8d3d213b67e81a2bc473ae,True
muestreo,cls,250,xml_tipado,reversible,,,autocontenida,aca852be06ecff45896318a372916ed4e2eab98994bb726b6a2c7abd283caf3a,True
muestreo,cls,250,csv_reversible:celdas,reversible,,,con_mapa,a9047dd053345420c4c428772c778d1ef40b3dc529046850a92cb53257ee044e,True
muestreo,cls,250,csv_reversible:columnas,reversible,,,con_mapa,d42259467a0f6af33068504a315a23db023f2319e9b61187e778a61508a3e4ed,True
muestreo,cls,250,toon_reversible:celdas,reversible,,,con_mapa,fbaee067c0337dbb6340ca35714314cf80cea20c4201bf4c2de188c158d252a3,True
muestreo,cls,250,toon_reversible:columnas,reversible,,,con_mapa,f1efa7d9328f73581a0c5311cc82d2a982c85a56f9c35cf9f3a24cd39f71eb49,True
muestreo,code,1,json_pretty,reversible,,,autocontenida,e62502f91262f116e8e52533064c4311791e1b06be1a4c082807d1a1934d818a,False
muestreo,code,1,json_compact,reversible,,,autocontenida,550f8c9a9492c262eb4bdfa6839262ff6a9f2769bcafb4bab443e8e0f3f7e2a2,False
muestreo,code,1,yaml,reversible,,,autocontenida,1926966b43c035f48db093ca9d4864c2eee66d42229fa9bee11d68c30a83ec12,False
muestreo,code,1,xml,reversible,,,con_contrato,209722f0ea24a737a09c68a35fa10381ec0751fde90994a09e7b98e5d0aba432,False
muestreo,code,1,csv,no_reversible,"el CSV descarta los metadatos del documento (header con 3 claves: d, l, t); solo los registros se reconstruyen: reversible",,con_contrato,2599362a5bea9e70e0beb4bc91efb1e666c38017927e019f11162e32dc7cef6b,False
muestreo,code,1,toon,reversible,,,autocontenida,af48ff7e7399f2201fe69ffe95a787eac7aab32b07ac91218ccadb2433d41410,False
muestreo,code,1,toon_flat,reversible,,,con_contrato,505b385977366f09ce0da63825cc3bfbc1cd9e01e9406ba68458128aff0594ee,False
muestreo,code,1,mini,reversible_normalizado,,header.n lo añade el serializador .mini; header.v lo añade el serializador .mini,con_contrato,01164fb26fe9aebe4e80a24411033fc42f7c3e007b487851af10ff487b1c9e88,False
muestreo,code,1,xml_tipado,reversible,,,autocontenida,a741b7aa4f405d82d2e3c6762cf5a07903a43b7c2d4c5f78f42b4b36c492dd1c,False
muestreo,code,1,csv_reversible:celdas,reversible,,,con_mapa,0eeb8ec518341bde22017c3dc77d27db98c4b909470946e622d4f99c1315b948,False
muestreo,code,1,csv_reversible:columnas,reversible,,,con_mapa,d47145d28e1fa5b1cb90daa0b2ed240911e402358ab80a54563c6ea15b0a9d03,False
muestreo,code,1,toon_reversible:celdas,reversible,,,con_mapa,56a496e4b67b5dcf02c1786d07b9fd4b8001c80a42997fed7c3b887b252075f0,False
muestreo,code,1,toon_reversible:columnas,reversible,,,con_mapa,30f425fd382cf4b5bdb03555316aa52f273971aaa6d46134fe88d74c165bdb1e,False
muestreo,code,5,json_pretty,reversible,,,autocontenida,3a8fdd5b024d61d36f25e09705ba137094e667fbadd7a9505a3de8a3406f5911,False
muestreo,code,5,json_compact,reversible,,,autocontenida,6be7ae3f31873c5a30e82932fe080198df94a30f53186c530e4fc767e91ca906,False
muestreo,code,5,yaml,reversible,,,autocontenida,6ca3820f9ac55a101115b46fb577d65db069da6d747113d7dddf2bdf8888a4d6,False
muestreo,code,5,xml,reversible,,,con_contrato,06e8fd110d1b72b85a87ceacb38b63872976904b1f0bad795cce5639884fd83f,False
muestreo,code,5,csv,no_reversible,"el CSV descarta los metadatos del documento (header con 3 claves: d, l, t); solo los registros se reconstruyen: reversible",,con_contrato,500e2803c0df4f28b74034dc0b5c2401988371aedc6c3111705f65c5d6481f2c,False
muestreo,code,5,toon,reversible,,,autocontenida,35032dba04d344bd68ca717af13cbfb65b2db7c5d910c126984bc5cc5292c20d,False
muestreo,code,5,toon_flat,reversible,,,con_contrato,671f91320381a4244c82aa4e2b0bd9eda6947506122a8f3f1b35382a209f2404,False
muestreo,code,5,mini,reversible_normalizado,,header.n lo añade el serializador .mini; header.v lo añade el serializador .mini,con_contrato,416f3ea144755a101d4dfd649ecee7fe93cf417fa2db37913b2cc0df02d3eb73,False
muestreo,code,5,xml_tipado,reversible,,,autocontenida,99b6de8a79320e3a078cb05d052daf02ad7e8af1b907e0d254a9ccc3c355a10e,False
muestreo,code,5,csv_reversible:celdas,reversible,,,con_mapa,a0c68d01fc6a682364840e4061a69328661b667a027cf32261f873510badfb11,False
muestreo,code,5,csv_reversible:columnas,reversible,,,con_mapa,ea67bb919767c2ceac12c1bae223840ba79aadb5913a9f3c3632ef9f8b8c1b29,False
muestreo,code,5,toon_reversible:celdas,reversible,,,con_mapa,6e1d0367fab33057139154e90305f490d80e5365c1d892295a805fae3715160d,False
muestreo,code,5,toon_reversible:columnas,reversible,,,con_mapa,759fbfa4aef4c5d24389a361230e5cb7e2be06ad55517023600c2dcdc465e6ac,False
muestreo,code,10,json_pretty,reversible,,,autocontenida,182a52d5e34454e402888087b38955c6540fe4b82caafe9d9aafa9eb287bb809,False
muestreo,code,10,json_compact,reversible,,,autocontenida,310b909276f619b2cc41db5b3a9c573ecac1b1aa09423fe8947c90cea9813607,False
muestreo,code,10,yaml,reversible,,,autocontenida,41daf7d32e0fa3c79fe37d989b260fd1d8af930d7579e16d8d3702abad225aa9,False
muestreo,code,10,xml,reversible,,,con_contrato,4f2050c877f00d793d540a0192db8d5fe5765270d428deab378b233cda9428e4,False
muestreo,code,10,csv,no_reversible,"el CSV descarta los metadatos del documento (header con 3 claves: d, l, t); solo los registros se reconstruyen: reversible",,con_contrato,5f7f4b6f4fca1cd980b39af8a31ed8fd946093f2681c0bd8ad8ea8de0563c47e,False
muestreo,code,10,toon,reversible,,,autocontenida,a10d04bc03d87808a6a420fb4cc8ad173416ad494d9b73636b3a257c8666958f,False
muestreo,code,10,toon_flat,reversible,,,con_contrato,b2be9acb77284dba985d8fb4b5dd40e663cc6c4303b254fde5d4574ca904094e,False
muestreo,code,10,mini,reversible_normalizado,,header.n lo añade el serializador .mini; header.v lo añade el serializador .mini,con_contrato,d627d259fb56affae4f88fa93686bc0602e67bcf50813f7acddf634da6ebefa3,False
muestreo,code,10,xml_tipado,reversible,,,autocontenida,f1c6805cd15ad256b8c541eb00f68487272ebd178dc6c6dfd417840c919226b1,False
muestreo,code,10,csv_reversible:celdas,reversible,,,con_mapa,5a833ba04025dd303e652e18edf6961637cc6ed5556f2851af4f90ef19117cdc,False
muestreo,code,10,csv_reversible:columnas,reversible,,,con_mapa,a7a5d2f968f176ca4a9a50cf30a9013edb23f69bf32a9af0d87a6361d2039403,False
muestreo,code,10,toon_reversible:celdas,reversible,,,con_mapa,16388f091e1f40a7e260b78c4d245b5bccb2d5fef7cf47b236ad215b18ca80e1,False
muestreo,code,10,toon_reversible:columnas,reversible,,,con_mapa,8ece4ad3e05b11d2a74d88127441dab42154a2d03b6e3d4da8c7bf95638dd9e5,False
muestreo,code,12,json_pretty,reversible,,,autocontenida,2d26c68cb282f0d27c6f63c97087729da9ea5483e859a8eb1d019e7fb663c559,False
muestreo,code,12,json_compact,reversible,,,autocontenida,742093aef2ed8c7949ecaf85ab590f2be0b984dc703c6c926e6fbe6b68964e32,False
muestreo,code,12,yaml,reversible,,,autocontenida,c07be774b15006cd1d244321edcecff4a2e4de8e7e126f6e308c2f650eb52efb,False
muestreo,code,12,xml,reversible,,,con_contrato,a699e0ffc1a9361e57792dcb67f406e0eb0bc2fb8ef53687a5b32ed483c3aea3,False
muestreo,code,12,csv,no_reversible,"el CSV descarta los metadatos del documento (header con 3 claves: d, l, t); solo los registros se reconstruyen: reversible",,con_contrato,562d98fd30ab510399595224ecb49b21892780c35cf47442d026d9996b9e061c,False
muestreo,code,12,toon,reversible,,,autocontenida,5b9fdfb130716b653ca3ad33f0c794b146cc721df2987f10dd9eaa667eb2f102,False
muestreo,code,12,toon_flat,reversible,,,con_contrato,75d60ebfead36c92e410c2babb9d6411c66d4d74ad6263a760c337331fc1f674,False
muestreo,code,12,mini,reversible_normalizado,,header.n lo añade el serializador .mini; header.v lo añade el serializador .mini,con_contrato,505f8cb936abafa1937032ce405fbe7d4dfc7b921d025f5ae6d1cb1cc5f8c74a,False
muestreo,code,12,xml_tipado,reversible,,,autocontenida,52f227ae90f26e525eb66ce1c60adc09730ef6363867d0912edc8dc86819d248,False
muestreo,code,12,csv_reversible:celdas,reversible,,,con_mapa,a3f311e9291de9c0e320eec25497ed57ce8f1174d3171930685c66d9c52f6b29,False
muestreo,code,12,csv_reversible:columnas,reversible,,,con_mapa,2ed894afe25a8c40d94fa79ede920a82f4bed7164a2b8bdc18707ee1004179ea,False
muestreo,code,12,toon_reversible:celdas,reversible,,,con_mapa,5f3e7cb475f2d985a71c072c7fb0d6fe7175d910a4c48741cc223af2542c74d9,False
muestreo,code,12,toon_reversible:columnas,reversible,,,con_mapa,66b4c96cf16386a2b32847154604b8bf6da362358cd861ea8267fa290a0c1ff8,False
muestreo,code,25,json_pretty,reversible,,,autocontenida,ce7706f4e0662ea8c6eef8f7cb97ef4c07059688685a81f26f10834b6f5a9a3f,True
muestreo,code,25,json_compact,reversible,,,autocontenida,bad83da649ed09d58858d4dc46f68a07410a36541b0391f6375c3caa126d1dd1,True
muestreo,code,25,yaml,reversible,,,autocontenida,d4e08cd63034d0240cfcd89eb8018bb4e737190614c283dc51864c4f30b7e679,True
muestreo,code,25,xml,reversible,,,con_contrato,2ac603c3880490035fb21dbc34d6a2e74cb6f7c3130d96c5962e17197d5f3fde,True
muestreo,code,25,csv,no_reversible,"el CSV descarta los metadatos del documento (header con 3 claves: d, l, t); solo los registros se reconstruyen: reversible",,con_contrato,259dd4bb842183d6ac60c4383e88a51e077547fdc6242afc32433997777606ad,True
muestreo,code,25,toon,reversible,,,autocontenida,22e56a41212d791a96ff89ed97e3a11d4f716ca65a02d3361797457bc81ce73f,True
muestreo,code,25,toon_flat,reversible,,,con_contrato,00acbba79b63d5411adcc6cc2de2f7d5e7ade4e5b67db4b066a03324f1390363,True
muestreo,code,25,mini,reversible_normalizado,,header.n lo añade el serializador .mini; header.v lo añade el serializador .mini,con_contrato,641f6245ff26cc1b8a3f5f91a41411ba71373b8d41e1a655428567f316125f67,True
muestreo,code,25,xml_tipado,reversible,,,autocontenida,989287f2f84021e7c934c591f0630ed6cee2e8b5c0cffc9287af8746bb0c6e9d,True
muestreo,code,25,csv_reversible:celdas,reversible,,,con_mapa,ebf344df709f3928dd951b9be6f98ac553212ece18bf4a72f5ad6dea9b89f87b,True
muestreo,code,25,csv_reversible:columnas,reversible,,,con_mapa,1a640b6af9910e06e37aa249576faaa60e8e3cf091d9bacb258af02227dc1949,True
muestreo,code,25,toon_reversible:celdas,reversible,,,con_mapa,3fd0c61e099298b9227d73afa4e5d3c0f4fa1992b6a5cc7d1e277ef15c96648f,True
muestreo,code,25,toon_reversible:columnas,reversible,,,con_mapa,38e1748b138f2bcdcaefd847113225465a3dd013296ad8fc89efb6eded833a41,True
muestreo,code,50,json_pretty,reversible,,,autocontenida,a3d3f6a437c4c4e3b79b8e6f62a02b01d8215ed76d35d8907785a40f97b87859,True
muestreo,code,50,json_compact,reversible,,,autocontenida,be1d29b216bd24bf3621ac0e2e8c4c78d01eb4534ebfdafa80067baa2ef42f64,True
muestreo,code,50,yaml,reversible,,,autocontenida,afff9232415d3aa091c627f54f6680a7fdf2c91d3b506f0b4101e7a00bd82b49,True
muestreo,code,50,xml,reversible,,,con_contrato,5f5c9fc064f83888e700845795fd83e701fc7ff7fac5a056510fb8d6fabc1f1e,True
muestreo,code,50,csv,no_reversible,"el CSV descarta los metadatos del documento (header con 3 claves: d, l, t); solo los registros se reconstruyen: reversible",,con_contrato,8dd325c34bf0695ab77a97162ab7b5f6bbe675117ac442114ba05352915569d9,True
muestreo,code,50,toon,reversible,,,autocontenida,5a0669f5f5ed1abe446bfc98bde52ce4b220dcab623b4a21d6804bca45c75b43,True
muestreo,code,50,toon_flat,reversible,,,con_contrato,8c322cbde3265041b816eeeae7890a91719ec8ee06effefc31f5cadd8325d080,True
muestreo,code,50,mini,reversible_normalizado,,header.n lo añade el serializador .mini; header.v lo añade el serializador .mini,con_contrato,ba66307c9a2c756b714569b8015e81431533654c1a31965fd2549b1b0c7a08b5,True
muestreo,code,50,xml_tipado,reversible,,,autocontenida,6156733e3409574c02c8910f68e1bfb34bad3b211f1874b0a7f6bb6430d1a290,True
muestreo,code,50,csv_reversible:celdas,reversible,,,con_mapa,f7611fb1bcee7ef8344d859c7618260ee1ff6c3c64a7b4c5dc86cac577f4b690,True
muestreo,code,50,csv_reversible:columnas,reversible,,,con_mapa,26587f57566aace52957471bca9a260266307b0551b8685fe8f3fa0487e66741,True
muestreo,code,50,toon_reversible:celdas,reversible,,,con_mapa,894d5993a0475528cbe0d3727a096c547743fcd9f0d3e44db1aec9875da8ec18,True
muestreo,code,50,toon_reversible:columnas,reversible,,,con_mapa,37ba97409721a947499d077ecb4a7abd22bc68580c41686347949814edf660cd,True
muestreo,code,100,json_pretty,reversible,,,autocontenida,bfe6fd208905353d4d952540e6303569e33e7ddbc342ae606e5346fa6047edc4,True
muestreo,code,100,json_compact,reversible,,,autocontenida,7330643908aa2668ee52ecd15ebea6933ca90cfa95b070bcdf6f153f48afb7ec,True
muestreo,code,100,yaml,reversible,,,autocontenida,c08ba77e14c169f94f9c5a3061383d4ce9e2413b860af62569cfb7d995b3f1f6,True
muestreo,code,100,xml,reversible,,,con_contrato,8dc7453a3cfaa585d119bc26a6a9260721eb63e564b8bd49734e82eabe1f4a96,True
muestreo,code,100,csv,no_reversible,"el CSV descarta los metadatos del documento (header con 3 claves: d, l, t); solo los registros se reconstruyen: reversible",,con_contrato,1de2d5eb90f09f41abc37c2a896fd9d6a8adf2340d58a0b6a160c5249bcf88bc,True
muestreo,code,100,toon,reversible,,,autocontenida,506334aaba26f6d8d2b2dd70149ba6b944a6456d3c3ef072971916e470084097,True
muestreo,code,100,toon_flat,reversible,,,con_contrato,679933c0cc660499630bc0d8b5307b12bcc54861100a83fdd08dbd7f01f99482,True
muestreo,code,100,mini,reversible_normalizado,,header.n lo añade el serializador .mini; header.v lo añade el serializador .mini,con_contrato,a8444785a3a7fbff52b3d82862bdc7ee428b90630f6b4a98924bb9e962b31b85,True
muestreo,code,100,xml_tipado,reversible,,,autocontenida,bb9ae39e62ce3a2145efece3d98b68d41858b52358dc890b1bd65f643b23598a,True
muestreo,code,100,csv_reversible:celdas,reversible,,,con_mapa,3dfde05b6c805724914cd277d5a5cb3af4dcd4076610ac2d1dcae9907e4a1599,True
muestreo,code,100,csv_reversible:columnas,reversible,,,con_mapa,55cabbc95b1c1ebcc634282f75a4539fd44edda390eebe4b540256e0ac4224c0,True
muestreo,code,100,toon_reversible:celdas,reversible,,,con_mapa,662b2d4a013962602cbe4974a01bd6e90fdb38b8ca555e23bb70c51293a43815,True
muestreo,code,100,toon_reversible:columnas,reversible,,,con_mapa,ad6c990ded16127ab1631ed48d9407a3096e567809d23c15783d5d7c28c425e2,True
muestreo,code,250,json_pretty,reversible,,,autocontenida,5dc4c79c4f21f443628abd193a9e03621d6a4887aae3e6de346afcd67552cd02,True
muestreo,code,250,json_compact,reversible,,,autocontenida,a34593f0792d4d651bdb7ed0e305d93e666e503287a72a9b48e2312ef748b696,True
muestreo,code,250,yaml,reversible,,,autocontenida,1dabe5ab714952911cb1186eaa030725c53d2d4ce91a14f543fbfddb82f42ee8,True
muestreo,code,250,xml,reversible,,,con_contrato,11eeb56b279edbdeac4c3a2f75a3d554f39103c05ce305cca3d4324cd76c0268,True
muestreo,code,250,csv,no_reversible,"el CSV descarta los metadatos del documento (header con 3 claves: d, l, t); solo los registros se reconstruyen: reversible",,con_contrato,f7f949795b5a3948fda16d68ca2ad9159ea95fd4882e44e6b51e4947b00145cb,True
muestreo,code,250,toon,reversible,,,autocontenida,4ff1929a042fbcc01ce168f4c135228c1031ee1479bcbfc03dfa782aa966bbce,True
muestreo,code,250,toon_flat,reversible,,,con_contrato,3bc66a0cfcd7da22d5fdfe7213bfe8cfdbda244f872e7986cdde3924474ecb49,True
muestreo,code,250,mini,reversible_normalizado,,header.n lo añade el serializador .mini; header.v lo añade el serializador .mini,con_contrato,41466c85fce79d7d060302ec1504e79feb57b5a21f22483a7674a85e23d5d2fc,True
muestreo,code,250,xml_tipado,reversible,,,autocontenida,1199e812dacdb59a1cc57da429b8248053a013ee6c22916e348900261ed86005,True
muestreo,code,250,csv_reversible:celdas,reversible,,,con_mapa,ed51dbff3db156fde9da16d9a24919eab39fbd23467c784c746174542c9e5357,True
muestreo,code,250,csv_reversible:columnas,reversible,,,con_mapa,d010082e39fae03eec5270cc9a44ac737e87791ca38e0be024edc6c0cba5b0e1,True
muestreo,code,250,toon_reversible:celdas,reversible,,,con_mapa,f1de088b75c8d7c9103598af0edd4a8dd9ebd6a0114f3bb0a2d0a519258390be,True
muestreo,code,250,toon_reversible:columnas,reversible,,,con_mapa,64622444ded1731c0bb634be3e2a58a5ff4761a8b664a857e8294dc22e076bb5,True
muestreo,log,1,json_pretty,reversible,,,autocontenida,74ee5e7822ffbccc4e2f952c88618ce221dee22b4eb72f7757e23124e922d278,False
muestreo,log,1,json_compact,reversible,,,autocontenida,3f050d5a82d3f920fa1ccb5250443b7e66e8103b1d378b880f1d5bc46d2579f6,False
muestreo,log,1,yaml,reversible,,,autocontenida,9c0047be5781956b55210228006ac29f0c7af2d8fb0687af32f5f3ee540b8c2f,False
muestreo,log,1,xml,reversible,,,con_contrato,fc0cbde26e79fd559e87ec326fa850d61f376f5ee931f6ab14a4b61c1a11dcb8,False
muestreo,log,1,csv,no_reversible,"el CSV descarta los metadatos del documento (header con 3 claves: d, env, host); solo los registros se reconstruyen: reversible",,con_contrato,256cfc5a5e0e4786ec1d0e6c9400ba165a220257490845e3890a595ba263c266,False
muestreo,log,1,toon,reversible,,,autocontenida,bf2a5bb2bd201f0557533a6f8a078a1247f623fee39f5824fde04715968c4b6a,False
muestreo,log,1,toon_flat,reversible,,,con_contrato,49aa9e9b5293ded3f54a5aede15ba050c7902e4c5f3ce936fec4e22524f6127f,False
muestreo,log,1,mini,reversible_normalizado,,header.n lo añade el serializador .mini; header.v lo añade el serializador .mini,con_contrato,ec3cbbdf0458cdf7f969b1131598efd9f1c8846daa2751a016f9830027feac27,False
muestreo,log,1,xml_tipado,reversible,,,autocontenida,1c09fca0378491bc48817e63d04239d4f09386b6bfd0ed37d453e1e939d8b681,False
muestreo,log,1,csv_reversible:celdas,reversible,,,con_mapa,99bfc065876175d21fbf445aeb46adba6f31a0692a13b257502c42aaf14e4125,False
muestreo,log,1,csv_reversible:columnas,reversible,,,con_mapa,3f76ffaa568731b4997e0da3b0b9f1824d4ab6c9f271b936c4eba9a9ee4d6878,False
muestreo,log,1,toon_reversible:celdas,reversible,,,con_mapa,bd6f0f0f6f9611552b1998571f31632ba458d654e1f8a4c3c1e8e96ecdf4a7f4,False
muestreo,log,1,toon_reversible:columnas,reversible,,,con_mapa,df2239e972c93511b8710b4f3f5eb8518382704ed0dcf596e338fa21aba97156,False
muestreo,log,5,json_pretty,reversible,,,autocontenida,32489f66454fe11bff7f242f1efeddb6a3a7c1d4ac77ec9676e6e94592f8f43c,False
muestreo,log,5,json_compact,reversible,,,autocontenida,2ed662db431154bc77f9270c207abe8c1459be790684646aa3b04d6aa291b209,False
muestreo,log,5,yaml,reversible,,,autocontenida,f5abc51141312f5cf89a4b843de6499e0f94254298f5d5fcd46082d4c6e41800,False
muestreo,log,5,xml,reversible,,,con_contrato,df0f06de6aee4c8816dc1559dc237ea344ec82f073d168a40aa3e6c27f54edd5,False
muestreo,log,5,csv,no_reversible,"el CSV descarta los metadatos del documento (header con 3 claves: d, env, host); solo los registros se reconstruyen: reversible",,con_contrato,7a30bb0347932e7c07daf77d9d1ae7a3160fcd161d75fbb20de48819f7ce65fb,False
muestreo,log,5,toon,reversible,,,autocontenida,967fc92cc7ffca50e2957a353dfd2f14ac453b23200d94dc1fe29ee891bd2492,False
muestreo,log,5,toon_flat,reversible,,,con_contrato,28d5fd9b5cea0f2b672ffc7b5c1a2f480cb17427bf8205058a835f2da2c8fa7c,False
muestreo,log,5,mini,reversible_normalizado,,header.n lo añade el serializador .mini; header.v lo añade el serializador .mini,con_contrato,97a23307446fabb64a48bf8c5719871acb04bd5632aacc4dc7b0cd64c4a654fb,False
muestreo,log,5,xml_tipado,reversible,,,autocontenida,1fb1f6dc827fa4cbb7794921957f477d872d28203491bc40f5b180cc1d19ff07,False
muestreo,log,5,csv_reversible:celdas,reversible,,,con_mapa,054f6169274d5f8e99497d69426e613dc476e06856486a6c7c5818ee14c19e3c,False
muestreo,log,5,csv_reversible:columnas,reversible,,,con_mapa,fff9a3fce5822021c133b7b9bf699656065d362691988780bb5b869942629a4e,False
muestreo,log,5,toon_reversible:celdas,reversible,,,con_mapa,e69fb5d4ee55f5af86cb3dd362eb1d3f18e7b16c21794b995c40927d6948758d,False
muestreo,log,5,toon_reversible:columnas,reversible,,,con_mapa,23d170732a3029441a31f1a7a3fdeaf026a28ea023f7557c3088202b7c86573e,False
muestreo,log,10,json_pretty,reversible,,,autocontenida,330b27df11368b122131a2a73826e48b9ed534e47f55d73215c36c168974512f,False
muestreo,log,10,json_compact,reversible,,,autocontenida,918ee102f08610eddf6afaaf53da4e8eba69a08c1f74f1b17039a797d75d09e4,False
muestreo,log,10,yaml,reversible,,,autocontenida,698cad7f4f5f74a642f4eb1ea175a80c0e17004514145e3d0543dab0c37eab09,False
muestreo,log,10,xml,reversible,,,con_contrato,d1916a858b47e2ba8fc6e224bc6c4f0939422794d658628a48e6d6f157d1dc84,False
muestreo,log,10,csv,no_reversible,"el CSV descarta los metadatos del documento (header con 3 claves: d, env, host); solo los registros se reconstruyen: reversible",,con_contrato,daf9bb65223553005608bd5c8cd1ce562416df580785aa77e3d6312dad44a3e6,False
muestreo,log,10,toon,reversible,,,autocontenida,8258c12b42cea280bae5653fddf7d4b3bd1d315f51693f1462162cda9b95705b,False
muestreo,log,10,toon_flat,reversible,,,con_contrato,f4d2e50463256beedee679fa8597138d2a3a0f2acd77820fb2b4f88f69b3807d,False
muestreo,log,10,mini,reversible_normalizado,,header.n lo añade el serializador .mini; header.v lo añade el serializador .mini,con_contrato,1ed5ad1acf1b52a37de9c64fb72f4a5b4485f5ee60c21ba8d67e7c532a9e6057,False
muestreo,log,10,xml_tipado,reversible,,,autocontenida,098c771e8cf1f3d7d8d7974395950d0098837ad9bfad063eca32aff3451f8766,False
muestreo,log,10,csv_reversible:celdas,reversible,,,con_mapa,29d53d2d650982204bdc91bc6832e7bb1da3f4a7d33a24e399456547ccd5b3ad,False
muestreo,log,10,csv_reversible:columnas,reversible,,,con_mapa,f0848abc22fd7f9da76af8ec4ce24519fa35787acf4b8ea1c40ff53669496e56,False
muestreo,log,10,toon_reversible:celdas,reversible,,,con_mapa,7af1217eaf052e3702c0e8a097e8c2432ce09bb8a496ff5efd7b9818bc88ae53,False
muestreo,log,10,toon_reversible:columnas,reversible,,,con_mapa,c03e912c12b55a72ed8e0a2192e6230bfbfbacb510158907b92ee999ed4d2e6a,False
muestreo,log,12,json_pretty,reversible,,,autocontenida,fa484e52a5d4bc589d785e60a7c48b74f44fae38fbb5a38b8089853da7b3e0d0,False
muestreo,log,12,json_compact,reversible,,,autocontenida,22118940f7e79ffba230354ea773ee1cd29c61b4be2398c6315da0a3574398f4,False
muestreo,log,12,yaml,reversible,,,autocontenida,08c55de7b04210193ad38bd24a47dd5c8ccc1434e9cf1a5cb11d90bcb06fee67,False
muestreo,log,12,xml,reversible,,,con_contrato,298b8b6b556bedb6e1151e62266e30d8f532efa882117a087ae0c7204ec96cc3,False
muestreo,log,12,csv,no_reversible,"el CSV descarta los metadatos del documento (header con 3 claves: d, env, host); solo los registros se reconstruyen: reversible",,con_contrato,d42fa19edab93d8cee27e766b6a00c9d965424ef5ec0259d61f07300d6815cd2,False
muestreo,log,12,toon,reversible,,,autocontenida,1b40cf0c438bd7277a1912e6683d210cb475fb722606a97986c863c634c6bc9a,False
muestreo,log,12,toon_flat,reversible,,,con_contrato,abd538d76ed3da65107915c176c28ddf3dd0f535f68187a5ba034d24c4298a6e,False
muestreo,log,12,mini,reversible_normalizado,,header.n lo añade el serializador .mini; header.v lo añade el serializador .mini,con_contrato,88eca7e82a81f712f6e85e445bf08062e6573cf01e4a73cb9957faf7e899264f,False
muestreo,log,12,xml_tipado,reversible,,,autocontenida,fdf13d734bdca0b39c9fd4941fbae2e8b476835282bf25513fab2737146ffc96,False
muestreo,log,12,csv_reversible:celdas,reversible,,,con_mapa,1d96ca5c843ada89054ae62774c089a3cfea71f7a317b39cb3fc760124e09766,False
muestreo,log,12,csv_reversible:columnas,reversible,,,con_mapa,63fa283a0c02a192c5008d51b8c79e59aa3ac623bd996c9befded2fa43f9620d,False
muestreo,log,12,toon_reversible:celdas,reversible,,,con_mapa,e70a80bb27820a4e5b7e15afe86353484efd39aca9a7ea65008416ce7cbf3c42,False
muestreo,log,12,toon_reversible:columnas,reversible,,,con_mapa,860a58beb5b6d31889e5b7469ac45a6eef518bea34f55abbfd0037451c82b047,False
muestreo,log,25,json_pretty,reversible,,,autocontenida,c56c4dc9ca2b07c9d9117224d05277b81ecc9d55a0214161bf95e231a67eb34c,True
muestreo,log,25,json_compact,reversible,,,autocontenida,fcb4e83bc2c62d1a01827ca8901b9f8a760b9d36e567a4531fdd7480a3f16cd6,True
muestreo,log,25,yaml,reversible,,,autocontenida,6b4788eeead367f95fdb44e20af6fc111d31682c78b70ce28dd836e144fa83cb,True
muestreo,log,25,xml,reversible,,,con_contrato,d4171b728db9f0e678af65216511bc98c5e41741971d78f78c63d8e1ace389f0,True
muestreo,log,25,csv,no_reversible,"el CSV descarta los metadatos del documento (header con 3 claves: d, env, host); solo los registros se reconstruyen: reversible",,con_contrato,5945634b4b29c9831bec716d2191248cb22e8a454f4cfe9af0b2d792d3d89a4b,True
muestreo,log,25,toon,reversible,,,autocontenida,ad09d087b072efb2feb508ebeffbcfc182f62f766f8d94fc3684a465998d1752,True
muestreo,log,25,toon_flat,reversible,,,con_contrato,520abd47626e8364425af3fc10c069303fa9db031bbd82e95fb9d669f42b2c97,True
muestreo,log,25,mini,reversible_normalizado,,header.n lo añade el serializador .mini; header.v lo añade el serializador .mini,con_contrato,ef3021ff9c7b4ae44db43fa48eb89b976d5e5c77c092c22974bd875231e80e43,True
muestreo,log,25,xml_tipado,reversible,,,autocontenida,ffd70b68dfd42b1880f3a89aa27c43b277d56d41b370cde65c2b6320cd864c9e,True
muestreo,log,25,csv_reversible:celdas,reversible,,,con_mapa,76b1843868dce7675470177f2e398c3e5048d09dac6d6bfa93bfa03a1e2bc587,True
muestreo,log,25,csv_reversible:columnas,reversible,,,con_mapa,6e68baf045fff4c2cd72342003f120ea762f3e394f9e31cd3b28338180ecc8dd,True
muestreo,log,25,toon_reversible:celdas,reversible,,,con_mapa,903ec81cbd176898736cb570d72b10d70d409fa8e611d57995b3719129683a92,True
muestreo,log,25,toon_reversible:columnas,reversible,,,con_mapa,2807e81c2f723ce1e03a7c7d26e96797921020945cda547b96dda850960bfd19,True
muestreo,log,50,json_pretty,reversible,,,autocontenida,f8c5ed66a984a2c6ad76566e2463bff3966cbc968c10b0aed698bb133b252d7e,True
muestreo,log,50,json_compact,reversible,,,autocontenida,e30f5ae4b62ce9fe38454927038a3bc3c2e9ce1dd73e1088e49d3cc72a02d92f,True
muestreo,log,50,yaml,reversible,,,autocontenida,94c8f5dafaefe10b5d8a64c6c039a666f9b65ca8948f16c6e6edfa1976b0272b,True
muestreo,log,50,xml,reversible,,,con_contrato,7147173ad109cb87d92fafb2e6847a5c5c655811274336bdf5afda2ddfbf47a2,True
muestreo,log,50,csv,no_reversible,"el CSV descarta los metadatos del documento (header con 3 claves: d, env, host); solo los registros se reconstruyen: reversible",,con_contrato,e9c34cae637ead23a9f2ae219a80af6b92b1aa328bf45cc8a445d1a1075d4789,True
muestreo,log,50,toon,reversible,,,autocontenida,cf744bb3ca107dc227aa6718799a9685e73829a6a2039b81ab2b0ef52de29872,True
muestreo,log,50,toon_flat,reversible,,,con_contrato,a1b6c7aee5a2c08da954ae59a708bdedc9703455dc4f5a2e34815bbba1c00b21,True
muestreo,log,50,mini,reversible_normalizado,,header.n lo añade el serializador .mini; header.v lo añade el serializador .mini,con_contrato,aa7a1cd719940a65a8d1274d285c83f9508e32af8e7ffd9ba722ba6f21c320dc,True
muestreo,log,50,xml_tipado,reversible,,,autocontenida,5ca6aaebfe33d5947860ff3b501edc63cb49b88b8ffca6cf161821be942e8498,True
muestreo,log,50,csv_reversible:celdas,reversible,,,con_mapa,3b1a0d23c2afbf892962269381fae9a4d975ad4ac918761aaf7e7d3a342c1a70,True
muestreo,log,50,csv_reversible:columnas,reversible,,,con_mapa,b48a9e2f786207d531d5b1208a70c258671ed3e6c9840c92009d22ba0272563c,True
muestreo,log,50,toon_reversible:celdas,reversible,,,con_mapa,4ffff7b59e67a892331782adb35256eae8065646012d2524102fffce9889595f,True
muestreo,log,50,toon_reversible:columnas,reversible,,,con_mapa,adf97d878688c3e8be95d71e7ebf901393f0b81a94990e69dc212dff17be874d,True
muestreo,log,100,json_pretty,reversible,,,autocontenida,7c9f82365aa52dcd51627abb8182b26780c417a26852aa45b0db4a73c8a0cbd3,True
muestreo,log,100,json_compact,reversible,,,autocontenida,b816b428ca34b2555ce388bc71887d4cc09c1ea22ed2a1c0e337492d2b66a87b,True
muestreo,log,100,yaml,reversible,,,autocontenida,510a12d23b3096720140a4d4184edfd3119109e896112a4a09e6d3156868f6a3,True
muestreo,log,100,xml,reversible,,,con_contrato,2199972c34328d939b925bd7c9254fc39abf4aad6b4ec95dc8db30fb4dbd9e82,True
muestreo,log,100,csv,no_reversible,"el CSV descarta los metadatos del documento (header con 3 claves: d, env, host); solo los registros se reconstruyen: reversible",,con_contrato,ca5d83d9196456712c3ab5c7d9884b10bf0985786fd2b32909ddb1c95d0b5237,True
muestreo,log,100,toon,reversible,,,autocontenida,67d35f5e1cfa233472ea43df50971a92f91ef9a486f9be63786cca35a62712ca,True
muestreo,log,100,toon_flat,reversible,,,con_contrato,dae7678689d9a8aacf27da52f9aa1d841854d4684fc3a7116f9d8da8e415e110,True
muestreo,log,100,mini,reversible_normalizado,,header.n lo añade el serializador .mini; header.v lo añade el serializador .mini,con_contrato,9c71746ace336bb2ad61c6e1831dc636081d01cfa3db619771b30c216cf44388,True
muestreo,log,100,xml_tipado,reversible,,,autocontenida,67d5f1c1552f08cc156f1a834b4e5679386de068cf7bb000ea07f13757d8c409,True
muestreo,log,100,csv_reversible:celdas,reversible,,,con_mapa,8a151fb14505f269e15922e50d1a154b26d7c7be477498ec216cd4ee640297dc,True
muestreo,log,100,csv_reversible:columnas,reversible,,,con_mapa,6ff94e2ba50097531f416d581c690147d8bd07602881e553a2986bc41e7c69e9,True
muestreo,log,100,toon_reversible:celdas,reversible,,,con_mapa,f7629cd4bce385f0b9e5d3d76849a131e7365daf73c20960ef7c716d920b1bbc,True
muestreo,log,100,toon_reversible:columnas,reversible,,,con_mapa,a7d56dde487da20093f48b6cebf1e76d584bea8153bc0637fbdde11d9a47936d,True
muestreo,log,250,json_pretty,reversible,,,autocontenida,151e97e0e5d31db5f5fbf78338805e3e2ceaffdb3e302074b9a31047b612a91b,True
muestreo,log,250,json_compact,reversible,,,autocontenida,c5b4589e284623fb74403182b3672504268192426950c8a3c1290383ae72bf52,True
muestreo,log,250,yaml,reversible,,,autocontenida,34bd20ad9b2b702cf1300c229ea2ddb14915a17382cc40b29e453d634b260e5b,True
muestreo,log,250,xml,reversible,,,con_contrato,d1c64e0e148c51589ca7a91a098ed4ccc9f39658a1970fe9cf28e362bf46cfd1,True
muestreo,log,250,csv,no_reversible,"el CSV descarta los metadatos del documento (header con 3 claves: d, env, host); solo los registros se reconstruyen: reversible",,con_contrato,cd77278989d8ab28c64eb8f1380cc8006d426e002c0ca56b5cd6da4a5dba4ab4,True
muestreo,log,250,toon,reversible,,,autocontenida,137704cff5ac0af78c3f6910148dbc6f4f2efb4e2a08f1bbc19e6844cc12c26c,True
muestreo,log,250,toon_flat,reversible,,,con_contrato,46398359c11cc62abee457503caa09a1bf1526bba25c9445703892b64a3bb576,True
muestreo,log,250,mini,reversible_normalizado,,header.n lo añade el serializador .mini; header.v lo añade el serializador .mini,con_contrato,3df658da8672bebbef3ca1a178fd0d2d301fe53e0c972517d136bc7bc28b47e0,True
muestreo,log,250,xml_tipado,reversible,,,autocontenida,883be65c1b8c906b025572dacef749e85ca92bbe26cb9e153f3575551373f4b9,True
muestreo,log,250,csv_reversible:celdas,reversible,,,con_mapa,e6b7f61b9aa5b457077c9e2a7e12ac9964e61b9b9d3073946e6b3923045b539b,True
muestreo,log,250,csv_reversible:columnas,reversible,,,con_mapa,1b56cfdfa5bd4844d3eda28c807643ab5038a2928ada0fc4780cb4815d86fb01,True
muestreo,log,250,toon_reversible:celdas,reversible,,,con_mapa,4342febc57b964a5cb831594d5e86fe61d38a07ee93db1c467dec2ace8f007ed,True
muestreo,log,250,toon_reversible:columnas,reversible,,,con_mapa,e54293e1956b320d5c85679029f47bd9fa5a7989bf9ab502b0c702457ff1776f,True
muestreo,map,1,json_pretty,reversible,,,autocontenida,5aeda530d81ce34f2d21c898dcb2c91d020ea390cd88ab8a8a85f6071192e3c4,False
muestreo,map,1,json_compact,reversible,,,autocontenida,af82f18450846512a6b8e8a0c0f2f5f0ba292cbb3ef6dbffbc14b11ceaca5416,False
muestreo,map,1,yaml,reversible,,,autocontenida,52d831f8d43db0a935138baae07251d0ec26cf8c3996a5f5f47b2a73f1e0fd2f,False
muestreo,map,1,xml,reversible,,,con_contrato,06892759c6074f433859b8b1b8d62e963d5a04eca7386f7178d4b0c1b10b2cf3,False
muestreo,map,1,csv,no_reversible,"el CSV descarta los metadatos del documento (header con 4 claves: d, l, t, src); solo los registros se reconstruyen: reversible",,con_contrato,d59d7e8f7e9507e14ef63bfaadaac0708cac92dda9a362c7a1c97b3a0c7a233d,False
muestreo,map,1,toon,reversible,,,autocontenida,a6d26072b2f701a410491a3f41e93985a7769d83cede4763a79aad95134cedbd,False
muestreo,map,1,toon_flat,reversible,,,con_contrato,a6d26072b2f701a410491a3f41e93985a7769d83cede4763a79aad95134cedbd,False
muestreo,map,1,mini,reversible_normalizado,,header.n lo añade el serializador .mini; header.v lo añade el serializador .mini,con_contrato,798a7746541782884056a02cc0e93f504ede854e6343130ae3861ffc5dfa5cb0,False
muestreo,map,1,xml_tipado,reversible,,,autocontenida,796c9834785892f8c93d1f628a8655985458998fa5da6f8b56e470a4c3079968,False
muestreo,map,1,csv_reversible:celdas,reversible,,,con_mapa,63cc1543ffecbc06da566b3500ed3ea1af192ebfb6d75883a142644b4337cc7e,False
muestreo,map,1,csv_reversible:columnas,reversible,,,con_mapa,63cc1543ffecbc06da566b3500ed3ea1af192ebfb6d75883a142644b4337cc7e,False
muestreo,map,1,toon_reversible:celdas,reversible,,,con_mapa,be721b502e868a773f25215edcd8b264c9d454974a63ff004d00a1c19f4a1d82,False
muestreo,map,1,toon_reversible:columnas,reversible,,,con_mapa,be721b502e868a773f25215edcd8b264c9d454974a63ff004d00a1c19f4a1d82,False
muestreo,map,5,json_pretty,reversible,,,autocontenida,42feacba14f2752fe6b4998fd92e4e2364419b96e76c3339edde9c4747acc16d,False
muestreo,map,5,json_compact,reversible,,,autocontenida,b7a9620219a697eefcab6b5183d29451fa4410fa87648b52042b05eb40e3426b,False
muestreo,map,5,yaml,reversible,,,autocontenida,26a77faa1393bd53e9a0727d895359b7a30217773ec30861c0db722af6b663bb,False
muestreo,map,5,xml,reversible,,,con_contrato,3562564a4ff9878b790692eb29e9b0fcaac0a6c01d57c942d402d2e6844a4042,False
muestreo,map,5,csv,no_reversible,"el CSV descarta los metadatos del documento (header con 4 claves: d, l, t, src); solo los registros se reconstruyen: reversible",,con_contrato,b518760482084b43ae633ec9f35ca7a75c66f68ad088e29fdf8f6d5a89e0430d,False
muestreo,map,5,toon,reversible,,,autocontenida,f439544b602734f8191a2b0d418d437f01342645149edc6a3dcb38ba7940a072,False
muestreo,map,5,toon_flat,reversible,,,con_contrato,f439544b602734f8191a2b0d418d437f01342645149edc6a3dcb38ba7940a072,False
muestreo,map,5,mini,reversible_normalizado,,header.n lo añade el serializador .mini; header.v lo añade el serializador .mini,con_contrato,5c6d60ef5745dba9155f1e1760e98f5c7d36c21cf70ac162e77dc04436a105d2,False
muestreo,map,5,xml_tipado,reversible,,,autocontenida,9cc5449ba86000dfa9b8c34f62c4033e7339b4249d8c6f38200acde58529e07c,False
muestreo,map,5,csv_reversible:celdas,reversible,,,con_mapa,423dbd1d52113b0d4eeaea9cc39fac4fb31e19bef68af261b563ffffcabe909c,False
muestreo,map,5,csv_reversible:columnas,reversible,,,con_mapa,423dbd1d52113b0d4eeaea9cc39fac4fb31e19bef68af261b563ffffcabe909c,False
muestreo,map,5,toon_reversible:celdas,reversible,,,con_mapa,9e92f1d5f7e1c1a8a4393dddac705a7f20c1b7f38fc3c86bd7d15fc584e65e73,False
muestreo,map,5,toon_reversible:columnas,reversible,,,con_mapa,9e92f1d5f7e1c1a8a4393dddac705a7f20c1b7f38fc3c86bd7d15fc584e65e73,False
muestreo,map,10,json_pretty,reversible,,,autocontenida,0c3c9158cc6ee51fc7e0b24cae1fe5ec4f594cbeb2cdd502034aedff5e509d63,False
muestreo,map,10,json_compact,reversible,,,autocontenida,523eb7efa8d39ad72b36281207b1d43862412526506b25b087df9f7011b8afbb,False
muestreo,map,10,yaml,reversible,,,autocontenida,d84391e0bc058489c9b0b834152c8c4163de16bedcaaa049ccb8e944dfa62cc7,False
muestreo,map,10,xml,reversible,,,con_contrato,8aa06f491b36bb8184796bc6bbbf278a7e12fff363fc11078511926bb3966a4c,False
muestreo,map,10,csv,no_reversible,"el CSV descarta los metadatos del documento (header con 4 claves: d, l, t, src); solo los registros se reconstruyen: reversible",,con_contrato,e882ef4962135db9a69f3512f459bd671c5f0c307f4ea9172491f8f505206f29,False
muestreo,map,10,toon,reversible,,,autocontenida,04515f0a9f42490367da3ecf88c3262058628034bfdd1325387d256ee13d581c,False
muestreo,map,10,toon_flat,reversible,,,con_contrato,04515f0a9f42490367da3ecf88c3262058628034bfdd1325387d256ee13d581c,False
muestreo,map,10,mini,reversible_normalizado,,header.n lo añade el serializador .mini; header.v lo añade el serializador .mini,con_contrato,948852a0a87f3cdf9c0703dcf6e7ff6a830dc8c4b1d24dbf5d1edc66c927aef1,False
muestreo,map,10,xml_tipado,reversible,,,autocontenida,e7a2e3c342e487dcb0dffd045e96d7e9aac808f90376d0638acb7ab4676cbb91,False
muestreo,map,10,csv_reversible:celdas,reversible,,,con_mapa,5301e19e190465faed28d1edb95a560af89af9db3dc313be17de1123b8c5b9ff,False
muestreo,map,10,csv_reversible:columnas,reversible,,,con_mapa,5301e19e190465faed28d1edb95a560af89af9db3dc313be17de1123b8c5b9ff,False
muestreo,map,10,toon_reversible:celdas,reversible,,,con_mapa,cf7b81366f603b305261bf30be1e0f252caf20f63412b6f00a6d28abd948630b,False
muestreo,map,10,toon_reversible:columnas,reversible,,,con_mapa,cf7b81366f603b305261bf30be1e0f252caf20f63412b6f00a6d28abd948630b,False
muestreo,map,12,json_pretty,reversible,,,autocontenida,bb854ed30522ff0d8960cd72fb56b6b5884e62a348efc704778fb7d26fe18f82,False
muestreo,map,12,json_compact,reversible,,,autocontenida,47a8f23c8ccf4fed6bb4fe7b5558df01557305e479710e2650e168e6e2556c02,False
muestreo,map,12,yaml,reversible,,,autocontenida,9ad990982760a20c38de9eac7201a41c40c31fbff5862811e9aa0e08a4e30225,False
muestreo,map,12,xml,reversible,,,con_contrato,1d2d720be503287c482c21a99ea0536bc67aebae319ce947ff1aea7031dca91f,False
muestreo,map,12,csv,no_reversible,"el CSV descarta los metadatos del documento (header con 4 claves: d, l, t, src); solo los registros se reconstruyen: reversible",,con_contrato,a7d48631bd2db82aaad419c8b53e69be0b1f74099d578a1a36625a9517fea84d,False
muestreo,map,12,toon,reversible,,,autocontenida,a044f26b36282d10979753c646805acf064e9068b2c93105cb6c9960366b762c,False
muestreo,map,12,toon_flat,reversible,,,con_contrato,a044f26b36282d10979753c646805acf064e9068b2c93105cb6c9960366b762c,False
muestreo,map,12,mini,reversible_normalizado,,header.n lo añade el serializador .mini; header.v lo añade el serializador .mini,con_contrato,b04e95f8829f3dd90367dcb95e032151b8422c93d9e9fd4a41fc7621ffa3ecfa,False
muestreo,map,12,xml_tipado,reversible,,,autocontenida,5ea3e508f30f8de4a942e1e90539297b1646a3f3c82bddef55ccd2ead7823165,False
muestreo,map,12,csv_reversible:celdas,reversible,,,con_mapa,5b169d7ca8eb893ebc9b77cdbde4bb924211b72ae110b51996a0f0d681867fb9,False
muestreo,map,12,csv_reversible:columnas,reversible,,,con_mapa,5b169d7ca8eb893ebc9b77cdbde4bb924211b72ae110b51996a0f0d681867fb9,False
muestreo,map,12,toon_reversible:celdas,reversible,,,con_mapa,44626ffd9eb3d6677a9875d0badefca20c0764b0d86ef1217a50988882fa6f41,False
muestreo,map,12,toon_reversible:columnas,reversible,,,con_mapa,44626ffd9eb3d6677a9875d0badefca20c0764b0d86ef1217a50988882fa6f41,False
muestreo,map,25,json_pretty,reversible,,,autocontenida,cd8f523ce7213b38197514ba6a58bd5376f686b318a32fa67fb1e82a7e3abf30,True
muestreo,map,25,json_compact,reversible,,,autocontenida,e3fb763bd8e24f5a96f5689018182b776d098a52ce6876b51030f0754088c036,True
muestreo,map,25,yaml,reversible,,,autocontenida,8a867de61d0a9bddc49b55824fccd3dd269893f2b857a56e6e8b8c23822c4301,True
muestreo,map,25,xml,reversible,,,con_contrato,0c38b46c9dc3331cc231ddd67f57537896d4654727c9a58bdb5f7e23aaff4f17,True
muestreo,map,25,csv,no_reversible,"el CSV descarta los metadatos del documento (header con 4 claves: d, l, t, src); solo los registros se reconstruyen: reversible",,con_contrato,7c0fd2235b43a0576eb23ec3dea1149b240dad3f2340a24bec59b03174b7b69d,True
muestreo,map,25,toon,reversible,,,autocontenida,21499b491b435e2f1d2ccdb75057f7ffef44079c2770c7bbfcd3d90c26d0f8a6,True
muestreo,map,25,toon_flat,reversible,,,con_contrato,21499b491b435e2f1d2ccdb75057f7ffef44079c2770c7bbfcd3d90c26d0f8a6,True
muestreo,map,25,mini,reversible_normalizado,,header.n lo añade el serializador .mini; header.v lo añade el serializador .mini,con_contrato,7bb878139405fa30e31349d0b82333189efb04a963110e06198d4762ffde401a,True
muestreo,map,25,xml_tipado,reversible,,,autocontenida,3620f1a7e5b63ce0203ea0ed496125f87965d0d8ca52c595861ae00c032f6a96,True
muestreo,map,25,csv_reversible:celdas,reversible,,,con_mapa,b841f8b8033de0d1695206a8fddc88c12697dc370ff1522cbe545ad4aaf49e80,True
muestreo,map,25,csv_reversible:columnas,reversible,,,con_mapa,b841f8b8033de0d1695206a8fddc88c12697dc370ff1522cbe545ad4aaf49e80,True
muestreo,map,25,toon_reversible:celdas,reversible,,,con_mapa,7df61de74a6b37b5c065d2ffe0e4a11649e6d385b52aa63dd9420b1fa00b64e1,True
muestreo,map,25,toon_reversible:columnas,reversible,,,con_mapa,7df61de74a6b37b5c065d2ffe0e4a11649e6d385b52aa63dd9420b1fa00b64e1,True
muestreo,map,50,json_pretty,reversible,,,autocontenida,3feca1645cd284bd17b56bc7fcea0332f1f5c5069e30b7d583f4f405d2787ec4,True
muestreo,map,50,json_compact,reversible,,,autocontenida,56f3acbe5a91154cc154c5bc54535d1232e8d86bf8d36fad3bdb7a9d4a17e6dd,True
muestreo,map,50,yaml,reversible,,,autocontenida,6c164749b6c89b90f6f702c2112f626d791fd2a8d2f0b37d284cff723bb8ea5a,True
muestreo,map,50,xml,reversible,,,con_contrato,6dafb73f452c57e0107a21de021faab3a9258bddefcdd6157b82e831c73a9c3d,True
muestreo,map,50,csv,no_reversible,"el CSV descarta los metadatos del documento (header con 4 claves: d, l, t, src); solo los registros se reconstruyen: reversible",,con_contrato,13a8f8babd51c3a521d0f7cbf2fcef5892c3c43dbd26a0f560b4d27499695731,True
muestreo,map,50,toon,reversible,,,autocontenida,2ce170094ced47c99a813f818cab3f6a571077dd664d1b8dd8fb241366168c05,True
muestreo,map,50,toon_flat,reversible,,,con_contrato,2ce170094ced47c99a813f818cab3f6a571077dd664d1b8dd8fb241366168c05,True
muestreo,map,50,mini,reversible_normalizado,,header.n lo añade el serializador .mini; header.v lo añade el serializador .mini,con_contrato,eda9ffae7c6abdcd5c95c7b8dce52f532d9730fdc99eaf5c3013471b457d9c4a,True
muestreo,map,50,xml_tipado,reversible,,,autocontenida,be150c60c2bf56ed7d02904e8e3a2ac3c7ad8421f394a28421d80041b8e95e8b,True
muestreo,map,50,csv_reversible:celdas,reversible,,,con_mapa,d14e271731f89aed5bc81551e6327c40cfb4f862236b0df300ba717ff35e600c,True
muestreo,map,50,csv_reversible:columnas,reversible,,,con_mapa,d14e271731f89aed5bc81551e6327c40cfb4f862236b0df300ba717ff35e600c,True
muestreo,map,50,toon_reversible:celdas,reversible,,,con_mapa,dc36f45d7fc16135dbfa7f03b045a36042751537dbf805d2e18c6962bd796316,True
muestreo,map,50,toon_reversible:columnas,reversible,,,con_mapa,dc36f45d7fc16135dbfa7f03b045a36042751537dbf805d2e18c6962bd796316,True
muestreo,map,100,json_pretty,reversible,,,autocontenida,36d3f540f77c2682af40a6293c63192939380744cc6afc1cc830355de06e837e,True
muestreo,map,100,json_compact,reversible,,,autocontenida,82c64dbc2698e66cc3e9cbdf441e6cd2197fd37bb919abbc14ce31fcd46275e8,True
muestreo,map,100,yaml,reversible,,,autocontenida,154beff3314786d915a38752ff122963b6208794b0b273edccb9cd86627f4609,True
muestreo,map,100,xml,reversible,,,con_contrato,d79ad5f77ad66a946f3a53203d924683ea75d0b0a02b29e241ec6159da25675d,True
muestreo,map,100,csv,no_reversible,"el CSV descarta los metadatos del documento (header con 4 claves: d, l, t, src); solo los registros se reconstruyen: reversible",,con_contrato,85b617a0847a8cc32dd0163499ac5046b65955007a1190ddb9c5118d15562e09,True
muestreo,map,100,toon,reversible,,,autocontenida,acb4adbe146619a8457d0333ec99c633a347066b94d391a7cbf756e4de21b522,True
muestreo,map,100,toon_flat,reversible,,,con_contrato,acb4adbe146619a8457d0333ec99c633a347066b94d391a7cbf756e4de21b522,True
muestreo,map,100,mini,reversible_normalizado,,header.n lo añade el serializador .mini; header.v lo añade el serializador .mini,con_contrato,1f090b74414eb7d58abddbc4c05d7ff9ab7a38a588c07e4325497b89dced020a,True
muestreo,map,100,xml_tipado,reversible,,,autocontenida,928a3a8bf2bed5a66a9e74753175e127c67462036254c8670d6d395b5cbb4508,True
muestreo,map,100,csv_reversible:celdas,reversible,,,con_mapa,5845b6f876679d40bd634cfac2bf29f945d0e55628ffc9398bea6b0a494d22b7,True
muestreo,map,100,csv_reversible:columnas,reversible,,,con_mapa,5845b6f876679d40bd634cfac2bf29f945d0e55628ffc9398bea6b0a494d22b7,True
muestreo,map,100,toon_reversible:celdas,reversible,,,con_mapa,e5d97996c04b9678db4cfa1ac3b030606edb46c23402b42e09c30ff29dfe0bac,True
muestreo,map,100,toon_reversible:columnas,reversible,,,con_mapa,e5d97996c04b9678db4cfa1ac3b030606edb46c23402b42e09c30ff29dfe0bac,True
muestreo,map,250,json_pretty,reversible,,,autocontenida,0e1f135d3a80b01bf64c729f2dbcb5a43dd3a527176ebb1fc682f2a73181c7eb,True
muestreo,map,250,json_compact,reversible,,,autocontenida,e4fbb27cc82af0881a8bfcbe46ba3e109755efb6a589e663ea42f2a2064bf1a6,True
muestreo,map,250,yaml,reversible,,,autocontenida,9bd318c64577c70d29375534487b3c3558570be220b0bae32bde9ae04205ba76,True
muestreo,map,250,xml,reversible,,,con_contrato,ae526338ec1f57c78259526a4542e0f3ee01dce60c580bbd342075ca334bcfa7,True
muestreo,map,250,csv,no_reversible,"el CSV descarta los metadatos del documento (header con 4 claves: d, l, t, src); solo los registros se reconstruyen: reversible",,con_contrato,2e04cfb61eda332b2353e9d6a0565727070e4f46871121b767721adc3aded88b,True
muestreo,map,250,toon,reversible,,,autocontenida,92b371bf07e7bb9489e8452fe8a39ad32149147dffe50cb2bf421fea860c986b,True
muestreo,map,250,toon_flat,reversible,,,con_contrato,92b371bf07e7bb9489e8452fe8a39ad32149147dffe50cb2bf421fea860c986b,True
muestreo,map,250,mini,reversible_normalizado,,header.n lo añade el serializador .mini; header.v lo añade el serializador .mini,con_contrato,6b43d1cfe9947a0a1cad6b6836496bae8b5fdfb5ade1b4a4d3607222cda47d1d,True
muestreo,map,250,xml_tipado,reversible,,,autocontenida,bc2d6c3dfc2d9e8cad323f0ffe20daeb9c935a1e0b9a7389e51fd696766c4e5e,True
muestreo,map,250,csv_reversible:celdas,reversible,,,con_mapa,149edad69f6847c8d781117d93b16d3a0d4e8cad787329124ad622de15842c33,True
muestreo,map,250,csv_reversible:columnas,reversible,,,con_mapa,149edad69f6847c8d781117d93b16d3a0d4e8cad787329124ad622de15842c33,True
muestreo,map,250,toon_reversible:celdas,reversible,,,con_mapa,ae8cb9f591531b3bd54ace0b67cf37083cf9e7190e52dc421422a748d0a271d6,True
muestreo,map,250,toon_reversible:columnas,reversible,,,con_mapa,ae8cb9f591531b3bd54ace0b67cf37083cf9e7190e52dc421422a748d0a271d6,True
muestreo,ner,1,json_pretty,reversible,,,autocontenida,730437a2acb05294e3a8cf867b3f9be2ff0c4995ed8050844243b51cc5a31cb7,False
muestreo,ner,1,json_compact,reversible,,,autocontenida,2e2bac1788fa95ba523a9f99b25dd4ea79b466a631d50a4a87487215f3095cb3,False
muestreo,ner,1,yaml,reversible,,,autocontenida,b5bf1a831e957028d8ebb65a09123d67b1b3c4cfaeb9765f54af0317c93ce249,False
muestreo,ner,1,xml,reversible,,,con_contrato,6e5fa4b864b7836aebb0d5d84f2efff138de01cd0e6aa35f169c949b4cb7b6cf,False
muestreo,ner,1,csv,no_reversible,"el CSV descarta los metadatos del documento (header con 4 claves: d, l, model, schema); solo los registros se reconstruyen: reversible",,con_contrato,c2608d875779fd6e5ff9bfdcd17c2f2d1ed270f7070a39423a74ee61e40bc846,False
muestreo,ner,1,toon,reversible,,,autocontenida,6e06ac74a7bdec0787cd7722789936847a2cbba4dbd3c3ea0c78e216a164026b,False
muestreo,ner,1,toon_flat,reversible,,,con_contrato,6e06ac74a7bdec0787cd7722789936847a2cbba4dbd3c3ea0c78e216a164026b,False
muestreo,ner,1,mini,reversible_normalizado,,header.n lo añade el serializador .mini; header.v lo añade el serializador .mini,con_contrato,7349606a267616151794f05d959e15e4356eb6a0fb2f16dd83430f7dbc1cc39a,False
muestreo,ner,1,xml_tipado,reversible,,,autocontenida,b6e5ec5d2da4d2b8da525a29e4acac509b75dd35dcab38ffe1e638afb43a0995,False
muestreo,ner,1,csv_reversible:celdas,reversible,,,con_mapa,0f662dc31da65a4a0ad4545427a6700d67ff09679e1d71ca3e69fcd8fb0926ef,False
muestreo,ner,1,csv_reversible:columnas,reversible,,,con_mapa,0f662dc31da65a4a0ad4545427a6700d67ff09679e1d71ca3e69fcd8fb0926ef,False
muestreo,ner,1,toon_reversible:celdas,reversible,,,con_mapa,ad39d934282f8f6aa58e4c8ed6da31beddb70e0b0ced312126497a91dd0ea2ba,False
muestreo,ner,1,toon_reversible:columnas,reversible,,,con_mapa,ad39d934282f8f6aa58e4c8ed6da31beddb70e0b0ced312126497a91dd0ea2ba,False
muestreo,ner,5,json_pretty,reversible,,,autocontenida,33f9743ee8b16e2db5b2f31d3d0807a020dd9301b38a27e8f311582e0cddd278,False
muestreo,ner,5,json_compact,reversible,,,autocontenida,a17aaa335e53ce3acfd8457c5d8961951d47723a5cfde6811b1eb405d3d46d08,False
muestreo,ner,5,yaml,reversible,,,autocontenida,fc8c70e98cfc334347b50e85f1a6e04c275ed20966770254148dd6a681f3f309,False
muestreo,ner,5,xml,reversible,,,con_contrato,a461ff80f44d1f524dc30fd441aaecf5e28c83ea2015e41a3fbc9c0c81a087bf,False
muestreo,ner,5,csv,no_reversible,"el CSV descarta los metadatos del documento (header con 4 claves: d, l, model, schema); solo los registros se reconstruyen: reversible",,con_contrato,d7541f5bcc48dc00a54a0d7de347cb3675dce1da15a1ec76329dca0ed2d5c7b5,False
muestreo,ner,5,toon,reversible,,,autocontenida,61a891839866e8a5b956d3cf48f98a53c9d59226d355afba497c2555a0ed83d5,False
muestreo,ner,5,toon_flat,reversible,,,con_contrato,61a891839866e8a5b956d3cf48f98a53c9d59226d355afba497c2555a0ed83d5,False
muestreo,ner,5,mini,reversible_normalizado,,header.n lo añade el serializador .mini; header.v lo añade el serializador .mini,con_contrato,28cba7e74dcc1328c7a46bc469f9ce3d1482fc68f5d754db029edc31c9a0ac22,False
muestreo,ner,5,xml_tipado,reversible,,,autocontenida,9d8ad6ef2044f618630581bbf0df1a149a46575387090364b56eb698697feaeb,False
muestreo,ner,5,csv_reversible:celdas,reversible,,,con_mapa,eec5920c0bb8374e3973c257d4005721a2205bce53b036cc8211d8dfe204e52b,False
muestreo,ner,5,csv_reversible:columnas,reversible,,,con_mapa,eec5920c0bb8374e3973c257d4005721a2205bce53b036cc8211d8dfe204e52b,False
muestreo,ner,5,toon_reversible:celdas,reversible,,,con_mapa,ab99a1d1ca02dce63a1bd28ca2d823f58497f8decedd2fcad7530517a3668c69,False
muestreo,ner,5,toon_reversible:columnas,reversible,,,con_mapa,ab99a1d1ca02dce63a1bd28ca2d823f58497f8decedd2fcad7530517a3668c69,False
muestreo,ner,10,json_pretty,reversible,,,autocontenida,7ab26ba5e7307f13ce32e3601f27b97d48ec12c5328545ecd50fcf9388ad0aaa,False
muestreo,ner,10,json_compact,reversible,,,autocontenida,2ffcb913dae97daffd1ef4093ab49237320d2a7a1c6912ef9e3851465504bc80,False
muestreo,ner,10,yaml,reversible,,,autocontenida,4f98d6638af67cf45a9bec14b89c1098b6c0e8308c152e19ea909edefe747053,False
muestreo,ner,10,xml,reversible,,,con_contrato,7da1b8a17899ab593f6cc317bfcdd0c289c1534010f32926b7c0f7e7b21a436a,False
muestreo,ner,10,csv,no_reversible,"el CSV descarta los metadatos del documento (header con 4 claves: d, l, model, schema); solo los registros se reconstruyen: reversible",,con_contrato,cad94c292448de9b03f8ae9314152892b8e5fde9010a265fafdd24b2f78af580,False
muestreo,ner,10,toon,reversible,,,autocontenida,887b60b8f409f25b199c7f6d2c3e696b2cbe697b9fa419f7ffc3a9062511fcb8,False
muestreo,ner,10,toon_flat,reversible,,,con_contrato,887b60b8f409f25b199c7f6d2c3e696b2cbe697b9fa419f7ffc3a9062511fcb8,False
muestreo,ner,10,mini,reversible_normalizado,,header.n lo añade el serializador .mini; header.v lo añade el serializador .mini,con_contrato,8899482ab26182ec4e549891e35d3045ee9b5af48a3323d61165369fb1ebdbb0,False
muestreo,ner,10,xml_tipado,reversible,,,autocontenida,31697802e5bcb531dc616e63ba9d0ce01936de25beb1ccc59e66115bc89c23b7,False
muestreo,ner,10,csv_reversible:celdas,reversible,,,con_mapa,5cb2c9e336fe8fad9f00ad38b4631b8bd04beee65deba35a9df76dacb4ae9d3b,False
muestreo,ner,10,csv_reversible:columnas,reversible,,,con_mapa,5cb2c9e336fe8fad9f00ad38b4631b8bd04beee65deba35a9df76dacb4ae9d3b,False
muestreo,ner,10,toon_reversible:celdas,reversible,,,con_mapa,63d0babb27a150366eb664f246d75994c0172913569cd9390fd5c6c2e3849a5a,False
muestreo,ner,10,toon_reversible:columnas,reversible,,,con_mapa,63d0babb27a150366eb664f246d75994c0172913569cd9390fd5c6c2e3849a5a,False
muestreo,ner,12,json_pretty,reversible,,,autocontenida,7819d55267bfe0bc0e9b0a1190342bbdd77bc34ce86a824f8bdd53a685b6b82e,False
muestreo,ner,12,json_compact,reversible,,,autocontenida,0295c8725b073b654fa50c3f3b37962901e9e7e2f77a80af7aca77558acbe449,False
muestreo,ner,12,yaml,reversible,,,autocontenida,cd6d2f1ca129d426ad13dc6251ed8ad39078ff5cc3b6c904125d1e6328296dce,False
muestreo,ner,12,xml,reversible,,,con_contrato,676a4fa388065741973609522cf2d405977e47bab59032ecd443e269cefef80d,False
muestreo,ner,12,csv,no_reversible,"el CSV descarta los metadatos del documento (header con 4 claves: d, l, model, schema); solo los registros se reconstruyen: reversible",,con_contrato,635e2ea45125a0884e3da4cd1eefeb39b3205b4986bddf0ea84489c390137267,False
muestreo,ner,12,toon,reversible,,,autocontenida,2723ec1de73064625d9b481a50b6626bb92efe6b907965013140f8852df03ca7,False
muestreo,ner,12,toon_flat,reversible,,,con_contrato,2723ec1de73064625d9b481a50b6626bb92efe6b907965013140f8852df03ca7,False
muestreo,ner,12,mini,reversible_normalizado,,header.n lo añade el serializador .mini; header.v lo añade el serializador .mini,con_contrato,adf69401fb2ba56fa852cc7ed172f85be80b041e239676c2dc449a10fc36e4a1,False
muestreo,ner,12,xml_tipado,reversible,,,autocontenida,db8c20e5ee187ec328f8a2ece564b9e9f39106e553bae410392a2bfbb2827463,False
muestreo,ner,12,csv_reversible:celdas,reversible,,,con_mapa,38165b232693f485468affe3d33a47ff631fd2d1a84ade61fe57ab476bf1404c,False
muestreo,ner,12,csv_reversible:columnas,reversible,,,con_mapa,38165b232693f485468affe3d33a47ff631fd2d1a84ade61fe57ab476bf1404c,False
muestreo,ner,12,toon_reversible:celdas,reversible,,,con_mapa,c87666c47e042ef90f14812cfb2eda1a3a1b43f5ec39938140365628ae37cbf7,False
muestreo,ner,12,toon_reversible:columnas,reversible,,,con_mapa,c87666c47e042ef90f14812cfb2eda1a3a1b43f5ec39938140365628ae37cbf7,False
muestreo,ner,25,json_pretty,reversible,,,autocontenida,ceec7dab821b6cce490fcae3c33b87e21971f31673f1fab76487c51f851d80dd,True
muestreo,ner,25,json_compact,reversible,,,autocontenida,7c859450615fe8d5ac030da3d8c5f071f71d2de567baa4476e9e9fbb55900841,True
muestreo,ner,25,yaml,reversible,,,autocontenida,b46ded69c4af39b364e892772e9f4f612c3a654adf314967a8b153fa904242f2,True
muestreo,ner,25,xml,reversible,,,con_contrato,569b0931c2e159ccf51a9ea63d2dc9d09cd494adac6d084e7fd1ab38c9f7c44d,True
muestreo,ner,25,csv,no_reversible,"el CSV descarta los metadatos del documento (header con 4 claves: d, l, model, schema); solo los registros se reconstruyen: reversible",,con_contrato,006b196e6828ed1a00c768cf5d800807395c3f2c363f6a6b9371d54e23fcfff0,True
muestreo,ner,25,toon,reversible,,,autocontenida,80a3a266217f36f1ae86431a384d66a4e638737257917fccb5b65e3ab16fadb7,True
muestreo,ner,25,toon_flat,reversible,,,con_contrato,80a3a266217f36f1ae86431a384d66a4e638737257917fccb5b65e3ab16fadb7,True
muestreo,ner,25,mini,reversible_normalizado,,header.n lo añade el serializador .mini; header.v lo añade el serializador .mini,con_contrato,7a82939f0254994fbcfc13f7b83dcc60830be4c04300d9d7e86a716a7f1ca11f,True
muestreo,ner,25,xml_tipado,reversible,,,autocontenida,4c40c9bad26dfd7802ce880507d32cb705dd024a276a65103551a501be890aec,True
muestreo,ner,25,csv_reversible:celdas,reversible,,,con_mapa,479cf7802beb3343d46bc0c0995b7ac478852d9871f1a516b6f7bdbaceaa47eb,True
muestreo,ner,25,csv_reversible:columnas,reversible,,,con_mapa,479cf7802beb3343d46bc0c0995b7ac478852d9871f1a516b6f7bdbaceaa47eb,True
muestreo,ner,25,toon_reversible:celdas,reversible,,,con_mapa,88b25a9d150e0d39994793c8991613ba683e8f19023e6b57a3273160fe14eec4,True
muestreo,ner,25,toon_reversible:columnas,reversible,,,con_mapa,88b25a9d150e0d39994793c8991613ba683e8f19023e6b57a3273160fe14eec4,True
muestreo,ner,50,json_pretty,reversible,,,autocontenida,7ebe1a0c04b6ba1eaa63a7f934b79f256e575e120d4628130a2535d01b8ba000,True
muestreo,ner,50,json_compact,reversible,,,autocontenida,5c7719bb01493b3fb8a16d07ed500587d67231240493d0793d7d32f20dc8d19b,True
muestreo,ner,50,yaml,reversible,,,autocontenida,ad6bfe71050117438bd16f1e26cb080e63b61a9949e41533d971e95f0cfec84e,True
muestreo,ner,50,xml,reversible,,,con_contrato,1d5d29f91dc4c5d82d6bdcde285bbde4061843408e4205857ebedaafd08b1c5b,True
muestreo,ner,50,csv,no_reversible,"el CSV descarta los metadatos del documento (header con 4 claves: d, l, model, schema); solo los registros se reconstruyen: reversible",,con_contrato,504fbedb829eaac2f1a3259a44ca425c10283d9096c400cf17f386942c2add7f,True
muestreo,ner,50,toon,reversible,,,autocontenida,cb2a49198238922002d6ebbf49a8ad245ee2773a4f391ada7f8edb5ceab61c08,True
muestreo,ner,50,toon_flat,reversible,,,con_contrato,cb2a49198238922002d6ebbf49a8ad245ee2773a4f391ada7f8edb5ceab61c08,True
muestreo,ner,50,mini,reversible_normalizado,,header.n lo añade el serializador .mini; header.v lo añade el serializador .mini,con_contrato,48c4ba53c38a9bf496fcd527bd7b25e05ddd0924c195181d55897eb9e5021096,True
muestreo,ner,50,xml_tipado,reversible,,,autocontenida,0bf5d07ae52a7dd23667f398d674bf1686b06eb3698498be56e01fb96b7e9285,True
muestreo,ner,50,csv_reversible:celdas,reversible,,,con_mapa,8ec39ee0afe067e3805b13fc4cfac1ee23528c0b0ea2e8c01ccc618cfc2d50de,True
muestreo,ner,50,csv_reversible:columnas,reversible,,,con_mapa,8ec39ee0afe067e3805b13fc4cfac1ee23528c0b0ea2e8c01ccc618cfc2d50de,True
muestreo,ner,50,toon_reversible:celdas,reversible,,,con_mapa,16f3308f9fff5c1523d23af0df6d7a4c46482dfbb93d333a20d5f7c360c16364,True
muestreo,ner,50,toon_reversible:columnas,reversible,,,con_mapa,16f3308f9fff5c1523d23af0df6d7a4c46482dfbb93d333a20d5f7c360c16364,True
muestreo,ner,100,json_pretty,reversible,,,autocontenida,c635ca5c2d3532eaaedd1f040e6312b22278281a450b3f369b4218ab230221e0,True
muestreo,ner,100,json_compact,reversible,,,autocontenida,f83d7ab9799d4288da8d4b85a8813d6d90d5779c41fa3fca66f5b4853f1f47f0,True
muestreo,ner,100,yaml,reversible,,,autocontenida,9a979ab6bf952aeaf89cc77237f5924705d08f501a5a348b2f26a0fbfcfdbefa,True
muestreo,ner,100,xml,reversible,,,con_contrato,e051b651a248d71570309137e9bc396c55bde7044f172ca8f9fbdd6f45d61bd7,True
muestreo,ner,100,csv,no_reversible,"el CSV descarta los metadatos del documento (header con 4 claves: d, l, model, schema); solo los registros se reconstruyen: reversible",,con_contrato,ab509186a66d3a5fae42924e6c7e3b846b00e8740239920123c1b2f0e4ca1500,True
muestreo,ner,100,toon,reversible,,,autocontenida,932ce027da7d30bfc34f4980d0cd13e0b56db7b39482fe4bbe397528141926b9,True
muestreo,ner,100,toon_flat,reversible,,,con_contrato,932ce027da7d30bfc34f4980d0cd13e0b56db7b39482fe4bbe397528141926b9,True
muestreo,ner,100,mini,reversible_normalizado,,header.n lo añade el serializador .mini; header.v lo añade el serializador .mini,con_contrato,446976c9cf08a676e77129e28c7a879332d1ccd91250edbbe64708429feff69f,True
muestreo,ner,100,xml_tipado,reversible,,,autocontenida,bcdb4646950a823f395242d8b9dab661e7ac7aa5fc026ac41f52494775deb787,True
muestreo,ner,100,csv_reversible:celdas,reversible,,,con_mapa,3b3640354f25a5e4a87976fd28f13240f174f69ab6cb98c7c52e333ecdaf4a44,True
muestreo,ner,100,csv_reversible:columnas,reversible,,,con_mapa,3b3640354f25a5e4a87976fd28f13240f174f69ab6cb98c7c52e333ecdaf4a44,True
muestreo,ner,100,toon_reversible:celdas,reversible,,,con_mapa,6dfa0c3e0eefe7e52d80f1d9224850b8337f60ed8d0b893f1e967f16f0ec9cfb,True
muestreo,ner,100,toon_reversible:columnas,reversible,,,con_mapa,6dfa0c3e0eefe7e52d80f1d9224850b8337f60ed8d0b893f1e967f16f0ec9cfb,True
muestreo,ner,250,json_pretty,reversible,,,autocontenida,642ddf844b510e0e3e6d763226f2a1ebbce7b8fea2f0d92a7b345c5c2fe089d3,True
muestreo,ner,250,json_compact,reversible,,,autocontenida,15a8798406a816c22d6685cd4f9a3c668ded5587dad17c098e983080be340527,True
muestreo,ner,250,yaml,reversible,,,autocontenida,eecca4144742405572331342f409df6d76a70c0ea99beddd9d855264e14563df,True
muestreo,ner,250,xml,reversible,,,con_contrato,3287f125ae2093968b8867e56cf1b2183d9a72e7a55de1123d9d2056e11a3b91,True
muestreo,ner,250,csv,no_reversible,"el CSV descarta los metadatos del documento (header con 4 claves: d, l, model, schema); solo los registros se reconstruyen: reversible",,con_contrato,3376d3c011a144e7ab89c984e3e4c7a9979949564e2816fcacfdd25acf04426c,True
muestreo,ner,250,toon,reversible,,,autocontenida,1356c7936406ac35ef128d6a504162c7de0c5cf1d81dc4de19b69dc89bfe8139,True
muestreo,ner,250,toon_flat,reversible,,,con_contrato,1356c7936406ac35ef128d6a504162c7de0c5cf1d81dc4de19b69dc89bfe8139,True
muestreo,ner,250,mini,reversible_normalizado,,header.n lo añade el serializador .mini; header.v lo añade el serializador .mini,con_contrato,b6bc1eb23525add3457d3df88773d1b611e89d9918ade1bfeeb55770c8210e88,True
muestreo,ner,250,xml_tipado,reversible,,,autocontenida,41d24aa82a730d87afa08ba30c256ba977049639efdeb1d2ba840254b6eabb96,True
muestreo,ner,250,csv_reversible:celdas,reversible,,,con_mapa,980ff08a49d6621e664d65722182b8083a20ce0ab548c6e5921f9629ab6e2f07,True
muestreo,ner,250,csv_reversible:columnas,reversible,,,con_mapa,980ff08a49d6621e664d65722182b8083a20ce0ab548c6e5921f9629ab6e2f07,True
muestreo,ner,250,toon_reversible:celdas,reversible,,,con_mapa,29b7f2963428082c1b8962c8769b98e6e3ab04768a5256a7ad7b43b55ff421a6,True
muestreo,ner,250,toon_reversible:columnas,reversible,,,con_mapa,29b7f2963428082c1b8962c8769b98e6e3ab04768a5256a7ad7b43b55ff421a6,True
muestreo,q,1,json_pretty,reversible,,,autocontenida,e16b00162945a52ea929799cec8d941ec4f81ecb63898031b0094644c0402c29,False
muestreo,q,1,json_compact,reversible,,,autocontenida,dfc401a764dbb28dd831812d3b3c739dc433288a16adf3ed00583fe6736e2a5e,False
muestreo,q,1,yaml,reversible,,,autocontenida,daf37f1cf33b5cec3b79d9366e5cede07d5a31692b69af7e944c7c9b0bfb5d14,False
muestreo,q,1,xml,reversible,,,con_contrato,ab0aeeeb5a23e580642fa44165f60144e66bb8016476cfb7bb83a3441a323c11,False
muestreo,q,1,csv,no_reversible,"el CSV descarta los metadatos del documento (header con 7 claves: m, d, l, t, bd, cat, k); solo los registros se reconstruyen: reversible",,con_contrato,ea8f021f8bc72a7c25c3ccc409a0475dc9b57bf5399a7eece24c04d3a998ba09,False
muestreo,q,1,toon,reversible,,,autocontenida,ddfe9e8c0d4d5e59835a4452bb70e74c60e399118f42dc7f9d5189f6354925f2,False
muestreo,q,1,toon_flat,reversible,,,con_contrato,547a6b26c279b542fd8b373905517cec95be5dedefb1ccb41fc3acac35023110,False
muestreo,q,1,mini,reversible_normalizado,,header.n lo añade el serializador .mini; header.v lo añade el serializador .mini,con_contrato,344ebe61526990fcc7aed5a128cf153bcc5ca4674228d187fc4d02a31faaff85,False
muestreo,q,1,xml_tipado,reversible,,,autocontenida,461676521759d3be4371f159e494a07cd70d45d8c7e216971255935535e9cce7,False
muestreo,q,1,csv_reversible:celdas,reversible,,,con_mapa,b6afb7bbcd00dd78c68115612eed17c76c0b6499a62e87f936ec0579a493a154,False
muestreo,q,1,csv_reversible:columnas,reversible,,,con_mapa,ce8a72bef676026969039737fadf47ff4555e623f9586c06f1c57f39e380280a,False
muestreo,q,1,toon_reversible:celdas,reversible,,,con_mapa,42e9479b77fc1fb44c529dd5e1ffd5519d3925983c9adc6758e49acd19971fe3,False
muestreo,q,1,toon_reversible:columnas,reversible,,,con_mapa,b3216f8c3f8948fbc508c03e8e793ea5826f37dde6fdd54c0b83f9e139f75d76,False
muestreo,q,5,json_pretty,reversible,,,autocontenida,63119aaf1298e419b4f647f3a35f5c0ed3e52ce6b365ab0958379190589b98fb,False
muestreo,q,5,json_compact,reversible,,,autocontenida,05e1988e4517b7be787d04bd34002667fe21034b21bec04dee8f1e92632eec51,False
muestreo,q,5,yaml,reversible,,,autocontenida,4cd43fc5c156a2c7355db4d6e99fe001b74630abd6a439985ba95556f378d722,False
muestreo,q,5,xml,reversible,,,con_contrato,c23a76ab76530209fe1db8baa2df29a0bbafb1aa07dd243f9f41eff1a7d0cb44,False
muestreo,q,5,csv,no_reversible,"el CSV descarta los metadatos del documento (header con 7 claves: m, d, l, t, bd, cat, k); solo los registros se reconstruyen: reversible",,con_contrato,d1eeee208dc6f73ab219158565e14aeb10dc0f2c1097196923e522dc2104b940,False
muestreo,q,5,toon,reversible,,,autocontenida,5cd00fa56de02f4da511b021ff6937909dd5686d72a04dafcc31abb5bfe93d88,False
muestreo,q,5,toon_flat,reversible,,,con_contrato,27d3dbc9ae9f350a9c30552effd2978752d48b72c7920f27e3df6a7c714ba6b9,False
muestreo,q,5,mini,reversible_normalizado,,header.n lo añade el serializador .mini; header.v lo añade el serializador .mini,con_contrato,ecb38a5ce888841c67588737819b90404387347e3e3a1359407e1bd07801bfac,False
muestreo,q,5,xml_tipado,reversible,,,autocontenida,a27c34043b36268c9042c2ca725ffbd712892ca59b43c164c9527525436a5d2f,False
muestreo,q,5,csv_reversible:celdas,reversible,,,con_mapa,8478eb30a281c82c6df9e81367b56db714ca97c5ee308fc70536d8c5844a5c04,False
muestreo,q,5,csv_reversible:columnas,reversible,,,con_mapa,cb20b28a1e88173392801e5be544ffa1b479904be959ab1667cda0869136c6e7,False
muestreo,q,5,toon_reversible:celdas,reversible,,,con_mapa,4302582a48a572b00c9816a96a023fdeed6afdb94e331ed147b40f884a8b76bd,False
muestreo,q,5,toon_reversible:columnas,reversible,,,con_mapa,488c018488fc480c0689e074564f853b170519b5fd9f96af7cf3948161f34886,False
muestreo,q,10,json_pretty,reversible,,,autocontenida,e4c0ee39833f2ed6a75addf02b4a7c2cd25a9e637ff4afe7f9017c38be71e583,False
muestreo,q,10,json_compact,reversible,,,autocontenida,805464cbc27d75b081de2942c9068a9fa6a52e48f0fe90157fe64a9264d4ee6a,False
muestreo,q,10,yaml,reversible,,,autocontenida,47c1eb0be95134cb3cea200f17223f9c711f09259b9816ca7eac1e87471fc2bb,False
muestreo,q,10,xml,reversible,,,con_contrato,a39acede87ad2942ffaa5a68e93f2dd5a6a706a0d2e6da7ca690f200152317eb,False
muestreo,q,10,csv,no_reversible,"el CSV descarta los metadatos del documento (header con 7 claves: m, d, l, t, bd, cat, k); solo los registros se reconstruyen: reversible",,con_contrato,956f5d9b2d40a99d9af1cf6c5e41eef97499baa209eb9c349fb29cd67b6c4df6,False
muestreo,q,10,toon,reversible,,,autocontenida,32bd698cbe7508fb40f4b10be6f56b687f01007562ecee43bbac43a2a00ba5c2,False
muestreo,q,10,toon_flat,reversible,,,con_contrato,86d31970d8023b86018f285165ebb4cb9a83504f6d47d7fcec26960ade912f03,False
muestreo,q,10,mini,reversible_normalizado,,header.n lo añade el serializador .mini; header.v lo añade el serializador .mini,con_contrato,d63182598dbb791b1e741a3025f765a2660e79c2f916ad751fce0b1faac6eb67,False
muestreo,q,10,xml_tipado,reversible,,,autocontenida,2c0bef4c93c02a85fd658c83f68ea7aa874bff3d468c0a76d2619348f2bee691,False
muestreo,q,10,csv_reversible:celdas,reversible,,,con_mapa,84878117363ae0ba97bf93e55a522d65b7690d5c7a216c92b5cd693b9f5fdf7e,False
muestreo,q,10,csv_reversible:columnas,reversible,,,con_mapa,48ba7fdc162d638c611b790035fbe041ee3b4d4ae247f94b92427a67b98b30d7,False
muestreo,q,10,toon_reversible:celdas,reversible,,,con_mapa,086f125a221b13a46d0a3978ed1afc4195c4634c92f3ebbee8bd8b6fff927385,False
muestreo,q,10,toon_reversible:columnas,reversible,,,con_mapa,70b1fff45f97e1c9be49f7a0b9552db497bf9f26763d1e405a635e97f649d021,False
muestreo,q,12,json_pretty,reversible,,,autocontenida,9ad9cb7d809c91e0d92a5df08b33eebb9100967690af880f7dc14ae54253aad6,False
muestreo,q,12,json_compact,reversible,,,autocontenida,dcc9a0418c6e8cdbcc282e9373def24297a1a4f79dd2248cf6c0e8263abd219a,False
muestreo,q,12,yaml,reversible,,,autocontenida,7dee55c16cd7935c6303d51ec194471f6339fd1f496de82f656893f6b61e3ace,False
muestreo,q,12,xml,reversible,,,con_contrato,8f35f6aa9aac0c3571aee4edb9d1643a9651779b7b083a454b8adc636b0451ec,False
muestreo,q,12,csv,no_reversible,"el CSV descarta los metadatos del documento (header con 7 claves: m, d, l, t, bd, cat, k); solo los registros se reconstruyen: reversible",,con_contrato,db3d6a452cf4e63f5d949f71def91fdff669ec02ae237045cd4877b0a73d266a,False
muestreo,q,12,toon,reversible,,,autocontenida,92da07e1c50ce02f488491032072ff16b2d9c5749a749e39014d7ad98545b83c,False
muestreo,q,12,toon_flat,reversible,,,con_contrato,163f5f68bb18344430e8a53db19e0f51c25f800782ba7e642428a49dd876a393,False
muestreo,q,12,mini,reversible_normalizado,,header.n lo añade el serializador .mini; header.v lo añade el serializador .mini,con_contrato,4aa05f9a259567fddd5b4790c67bf6ae124ef6f92ab737f6b69797302744e618,False
muestreo,q,12,xml_tipado,reversible,,,autocontenida,7afa2ef319327b87fa6f97cd9f88f14b0dded01ad4a6606268cdc62d98d1b9a3,False
muestreo,q,12,csv_reversible:celdas,reversible,,,con_mapa,02aaac7a65cf51ca5ee3e7337f5f0fd8a9396e63de4932e6fc1735995b8e75c7,False
muestreo,q,12,csv_reversible:columnas,reversible,,,con_mapa,c3a4d2c89f761b69652b81c5fc21dd93372c48f02df8aaed201f3a66acd16b6b,False
muestreo,q,12,toon_reversible:celdas,reversible,,,con_mapa,99b982640b5febb29c34ca8e29dc0e1ef8f535c2fae662493bce025ee2e83875,False
muestreo,q,12,toon_reversible:columnas,reversible,,,con_mapa,d6a8083dcad3facaa262fc8de1869a2572732b44081321648b997daf4730344c,False
muestreo,q,25,json_pretty,reversible,,,autocontenida,80d63b9278a724a76562781c6ebb5b68cffc0cf67bda5a382d628f46e70bad6c,True
muestreo,q,25,json_compact,reversible,,,autocontenida,f20fa0ffde0c21debf327b21b8b91895dc1c8ef47b278b07e463c24b3d76c0ca,True
muestreo,q,25,yaml,reversible,,,autocontenida,dea56fd8c943defd74484b67144b2a624328dd66bf6a9b8c5a33f87672045bf2,True
muestreo,q,25,xml,reversible,,,con_contrato,de1221fad4cf93c6e0826d519ffe99bfe7fa29b21fff50ccd76460f2b7d68115,True
muestreo,q,25,csv,no_reversible,"el CSV descarta los metadatos del documento (header con 7 claves: m, d, l, t, bd, cat, k); solo los registros se reconstruyen: reversible",,con_contrato,276c3e327c12dc47f2c147723cbe7ab6cb476ff9dc48b7b8f32318fdd9abb8ee,True
muestreo,q,25,toon,reversible,,,autocontenida,b12fb45b551f8de79e975a8a8f07d90a07504d85b32ce53dd51d6005ac0661fc,True
muestreo,q,25,toon_flat,reversible,,,con_contrato,89385c94226613eca8a988f70662f1b94a6138903673458e83680b077cffe6d9,True
muestreo,q,25,mini,reversible_normalizado,,header.n lo añade el serializador .mini; header.v lo añade el serializador .mini,con_contrato,029dcb9e32316a4cdb9e4c445e985a7935fc8b55b37207dbcee8d6a536903bd2,True
muestreo,q,25,xml_tipado,reversible,,,autocontenida,66ead5973d797561d2b217d16f5cef0bf923d254c9a97409102cc1578835e8e5,True
muestreo,q,25,csv_reversible:celdas,reversible,,,con_mapa,56adc59e0507969c5001406fcb295d27d8f8e74233713d0804031402e6e9e323,True
muestreo,q,25,csv_reversible:columnas,reversible,,,con_mapa,7abbce3534e7e6b8282f7d0e59d730f78521ece65543ebb10f7982e694e2a3a5,True
muestreo,q,25,toon_reversible:celdas,reversible,,,con_mapa,a301824b0fd80c7c17018f274b8c5ffe8dc59a41872fa0cfa10337157ec96cbf,True
muestreo,q,25,toon_reversible:columnas,reversible,,,con_mapa,0d46a798f446ca5d78bb2082806fff7ccfe3623122910b0be85bdb9f47948f30,True
muestreo,q,50,json_pretty,reversible,,,autocontenida,38ff08f037d5658a845efbda9f4741bf23b0fdee4fba41a0680fe08aaf0b9694,True
muestreo,q,50,json_compact,reversible,,,autocontenida,086011341b93c2585ff8d03a7aa750191c418c6e131d7021766e2dba8993b48b,True
muestreo,q,50,yaml,reversible,,,autocontenida,1e471ad78ca7a383ad2c21a56329397f018b0010e88ab6349f0ec04700fc8328,True
muestreo,q,50,xml,reversible,,,con_contrato,1f80ebf32e071cf88f0fa816f74e595cb313d352b30db4853721aaa607d4656e,True
muestreo,q,50,csv,no_reversible,"el CSV descarta los metadatos del documento (header con 7 claves: m, d, l, t, bd, cat, k); solo los registros se reconstruyen: reversible",,con_contrato,cfb43d9068e9cf0fcb11ab9332c7e6a3aa1fcdcbec577d1fdf81e804879fb3ce,True
muestreo,q,50,toon,reversible,,,autocontenida,2186153693eb479a0479b50bde1c042b084fa2a4d6252f01b5d1a8a693fb4b39,True
muestreo,q,50,toon_flat,reversible,,,con_contrato,6302e6f62eea419aea6491436b283545eed9e083209f9ac5060103c43e26ea83,True
muestreo,q,50,mini,reversible_normalizado,,header.n lo añade el serializador .mini; header.v lo añade el serializador .mini,con_contrato,90f039a0a98bfb857493eeb0036efe639d9dcc3c3246836b261b1b84fc5d54ee,True
muestreo,q,50,xml_tipado,reversible,,,autocontenida,b3c19287f916423a286ba6ce8c3e42f15b3abc40cecae94b705e2daa955c01b5,True
muestreo,q,50,csv_reversible:celdas,reversible,,,con_mapa,7fc96d079c356cb84026ab9f2dc73ffba055efbb69710d090b9ec4dfb913d497,True
muestreo,q,50,csv_reversible:columnas,reversible,,,con_mapa,8768434a7f1af104207e9deeacd3cf69af39b8ac68f308579534b5e280a3455a,True
muestreo,q,50,toon_reversible:celdas,reversible,,,con_mapa,65412f6c7911dde169650f97f9ccf26acd286ecbab8af0ccd40d70378d05bae3,True
muestreo,q,50,toon_reversible:columnas,reversible,,,con_mapa,1f59074914d6caa86fd9b6c42c3a8dbab5780e6caf99dbd4463c8bb6e3528a81,True
muestreo,q,100,json_pretty,reversible,,,autocontenida,9dc8975c4906fa57e906945f55a092e71c41a8fcd006d12b7d022b87a8e149ec,True
muestreo,q,100,json_compact,reversible,,,autocontenida,b70768f1b1a4aa996af9d9ec1e45b10656d80c840eafede41f5e2a47629438e5,True
muestreo,q,100,yaml,reversible,,,autocontenida,2cb5b54e7c3cc98705106e0b94d40ac3200121504e433788d83716ed780e9147,True
muestreo,q,100,xml,reversible,,,con_contrato,53f39a6639301b0e491d5a2d2c4b57418cf376e63e816cfb3422fb6e782ca39c,True
muestreo,q,100,csv,no_reversible,"el CSV descarta los metadatos del documento (header con 7 claves: m, d, l, t, bd, cat, k); solo los registros se reconstruyen: reversible",,con_contrato,856872d1a8b595c7fdd24a0eb919b7e451038d01f046d5ec8cf1acb55029671f,True
muestreo,q,100,toon,reversible,,,autocontenida,cd966d9e7e0e41f3588ed8058b0d611c43706259a81f6e7712c81c16b18a09c9,True
muestreo,q,100,toon_flat,reversible,,,con_contrato,fe192ae527b54e90a041b51a112b1b01c508994808f564e4067db1dbe21918ba,True
muestreo,q,100,mini,reversible_normalizado,,header.n lo añade el serializador .mini; header.v lo añade el serializador .mini,con_contrato,051e10706e7e77b35b70f59d34f5092416197e4c13bea8cf2e593f9df51aea8d,True
muestreo,q,100,xml_tipado,reversible,,,autocontenida,5829097bc147feb3585cea555165d19977e1ee00a0816cf8b0d68e90bae639fd,True
muestreo,q,100,csv_reversible:celdas,reversible,,,con_mapa,2e29134bcaa9b085ab699f8a06cb5b8aa39a1c74200e6ef773c6ec44cca461ad,True
muestreo,q,100,csv_reversible:columnas,reversible,,,con_mapa,4570367329d6e0213383f32f83e9a8e34c9d0365922115104ccc66f1f2ba1978,True
muestreo,q,100,toon_reversible:celdas,reversible,,,con_mapa,a4ed96463ca0fb137bbff745854f80dd0d33919c78dc05722af19136084e0fef,True
muestreo,q,100,toon_reversible:columnas,reversible,,,con_mapa,40e699ac38d9f15fa82f615e9c2d472c39803e102d5534894b88f63d25587aae,True
muestreo,q,250,json_pretty,reversible,,,autocontenida,e8bef01c5ccd35b87dba83c03f4d45e1fea54240bc3f7f90ae21ceef2f2e7b5b,True
muestreo,q,250,json_compact,reversible,,,autocontenida,5f8c41e7ab23f02c8e9b2fbbf0bba9456ce817b0b54fb3ccc0f5b79cc83f74bd,True
muestreo,q,250,yaml,reversible,,,autocontenida,c25786a723ad18f9c653671c07675e12b2d61b522987955258521a1830c4e581,True
muestreo,q,250,xml,reversible,,,con_contrato,d6d605e5f600df2cede68897f2cb2365b55af7d825c297feaff322a83e4f3d9f,True
muestreo,q,250,csv,no_reversible,"el CSV descarta los metadatos del documento (header con 7 claves: m, d, l, t, bd, cat, k); solo los registros se reconstruyen: reversible",,con_contrato,52ee1b6bc48da5ab2fc34dc71637992fdfa06fda5ee9bab383c10fae7c9c5c2a,True
muestreo,q,250,toon,reversible,,,autocontenida,4e1f5847a7030b4a40aacd4a592022a6fe6af6c34251e9c1a1dd186e17880f5b,True
muestreo,q,250,toon_flat,reversible,,,con_contrato,96fe5767f84b4b58ea0e6fd9de3fb4766ffbdcb2eae11a5f80d7c95cb7518bf4,True
muestreo,q,250,mini,reversible_normalizado,,header.n lo añade el serializador .mini; header.v lo añade el serializador .mini,con_contrato,32c017d9630c76952f1b1c5955a58f97def42f0ae6ce80904b275c685dc918ed,True
muestreo,q,250,xml_tipado,reversible,,,autocontenida,7d4e93e4b20e50a167a933e7ed5d000403e396a076d1dcff8e9a8dc7bf1d1b9d,True
muestreo,q,250,csv_reversible:celdas,reversible,,,con_mapa,170ab167e3c13ffb8a75067909cb8c79c35510e734189d2d7548f4240756aefb,True
muestreo,q,250,csv_reversible:columnas,reversible,,,con_mapa,3f0e9085b8661a2f201af5e18476c6360feb5bb6840344ab2e90fa0f9ec63640,True
muestreo,q,250,toon_reversible:celdas,reversible,,,con_mapa,d2d66c73879f49af0cde13030ddc69141286e63a465a82726c02316f558eca18,True
muestreo,q,250,toon_reversible:columnas,reversible,,,con_mapa,54bc82af8006d23ea93998bf31ffc8384c9ec193e3bb2cf86c285325605d296f,True
muestreo,r,1,json_pretty,reversible,,,autocontenida,3635f5c7db227282111c8a2631e1ea232ea7e076427b414672103496626f3d4d,False
muestreo,r,1,json_compact,reversible,,,autocontenida,2904b8de5f6c59ec0e00bf287acdc4ff922055b209a6f3def8a98dd6f1d7308e,False
muestreo,r,1,yaml,reversible,,,autocontenida,b2239ac9b75f8c1c8f809a754a6b96775edd4b008a20dabe27f4b2ce23520f4d,False
muestreo,r,1,xml,reversible,,,con_contrato,2ff5032007dfc7ebbc07562b719b75913a881177b643020495ec4b1b4ae11cd0,False
muestreo,r,1,csv,no_reversible,"el CSV descarta los metadatos del documento (header con 5 claves: d, l, t, k, scale); solo los registros se reconstruyen: reversible",,con_contrato,69844d9b9e0645e4df0f646eb0fc395ee45e32ee8950488485b7b4248d5f3d95,False
muestreo,r,1,toon,reversible,,,autocontenida,7f3a3ce0149479e1945ed1f2f2ee8b7f78a8a3b22afb89bd7a00ad9f42eceae1,False
muestreo,r,1,toon_flat,reversible,,,con_contrato,f5509d85ad46954af02d7a7e8087d1f7512b1c3388412e181c48523c73b32649,False
muestreo,r,1,mini,reversible_normalizado,,header.n lo añade el serializador .mini; header.v lo añade el serializador .mini,con_contrato,04f7188f32d833b6e29955b4462cfe7e243e2cef756dc14ac5704ab5ad3134d0,False
muestreo,r,1,xml_tipado,reversible,,,autocontenida,057ce0f044ee9ff42e13cd23de3cc518922906dcb257e69f3dda7b76f108c97b,False
muestreo,r,1,csv_reversible:celdas,reversible,,,con_mapa,78cadbcc391b9e0ced8e72e1d759e2f3f20c3498b4236f77f6d21c7a640dfc7d,False
muestreo,r,1,csv_reversible:columnas,reversible,,,con_mapa,79e29e139ecfc3a801ea287aafc65462864181c9ef18fc42f340f6013a296260,False
muestreo,r,1,toon_reversible:celdas,reversible,,,con_mapa,e95ccdf8a31d9aa5fdd4f6fe7cd2405bf0c2584284d615dc6cc79a44941216ee,False
muestreo,r,1,toon_reversible:columnas,reversible,,,con_mapa,8e6d76dc26a0fe486a6fff28caa1e044984a9f09b448039ca2f896d083bc421e,False
muestreo,r,5,json_pretty,reversible,,,autocontenida,bcfa2d17ce2daac742e8ae03cc6afe5acde330df4b10d2365d5ef1bf42ee473a,False
muestreo,r,5,json_compact,reversible,,,autocontenida,f8a67dfb9e7b8876c757e46ab198b1f79a6d979190d6e7f84f375004e1d808e0,False
muestreo,r,5,yaml,reversible,,,autocontenida,41bca22e5f690ca8bdc7172b3991ecff8f2721c7cfd1849565832d7fc050b992,False
muestreo,r,5,xml,reversible,,,con_contrato,4e54f3d80eeac025937b2ab54236644e12022e99d4346dfa2566f91312a423a8,False
muestreo,r,5,csv,no_reversible,"el CSV descarta los metadatos del documento (header con 5 claves: d, l, t, k, scale); solo los registros se reconstruyen: reversible",,con_contrato,3f077ff0cfa9a68b4ddea834e84f70fd0a94dfada5c106f7b491f3fb720e75a1,False
muestreo,r,5,toon,reversible,,,autocontenida,8c843a5c268573ae22d94010d8e2664fe2d753f967c60bc3fb62121c67931d3f,False
muestreo,r,5,toon_flat,reversible,,,con_contrato,07e06d9b2d8086ae64b9de6ebd787e6e6178e6d73d72fbf01dbda8f72888ad58,False
muestreo,r,5,mini,reversible_normalizado,,header.n lo añade el serializador .mini; header.v lo añade el serializador .mini,con_contrato,8d80a729919ec7aa06804ef8fa160f6104c2e27a3d0b0e7f344c02c3f0f2b126,False
muestreo,r,5,xml_tipado,reversible,,,autocontenida,86e3f616d693b71789b05cf6632f2ef7d511b02547a667a2d0ff368c56105395,False
muestreo,r,5,csv_reversible:celdas,reversible,,,con_mapa,e1412a2c030165e84abce1671f89a2778037f5e931873de667062b018dfcb050,False
muestreo,r,5,csv_reversible:columnas,reversible,,,con_mapa,991f9fc5d7a3e602ebf6b6a73b4607558f71003326a7c12d5baa9acfd1d83d64,False
muestreo,r,5,toon_reversible:celdas,reversible,,,con_mapa,7cf42d147656318660be8cc07d2dd0eb6f0750b0b3c64f10d95f3e69700611dc,False
muestreo,r,5,toon_reversible:columnas,reversible,,,con_mapa,6c1d4c90a6ea0c73ba95e8b9a37cefceb5656c0f76d1087efd02187620967b20,False
muestreo,r,10,json_pretty,reversible,,,autocontenida,d22bdd68eada88e77d93ff92de7006367b68c0e7922fadc52c79252b6e179209,False
muestreo,r,10,json_compact,reversible,,,autocontenida,fc15fc66891da429dff462624ea6cd337d2dd7073e4f68d4d7b8202b85458aee,False
muestreo,r,10,yaml,reversible,,,autocontenida,0eeb79bd21a42e21f61fc8f9022d57ff1593d77fc2d042bbbbdf07263c33e093,False
muestreo,r,10,xml,reversible,,,con_contrato,18b74b98561eb3a5b3311d9d7632c75ab25e990e196fc11a0f791b7e66dbce43,False
muestreo,r,10,csv,no_reversible,"el CSV descarta los metadatos del documento (header con 5 claves: d, l, t, k, scale); solo los registros se reconstruyen: reversible",,con_contrato,33298c076973a2b7b0125225bea3fcceddbbd51c6f1456c38ee7d66e7486b3cd,False
muestreo,r,10,toon,reversible,,,autocontenida,7d9351267a0c1c66e6093b00e8ee2f2200f9a5f94218f97d3976ef4123abffd4,False
muestreo,r,10,toon_flat,reversible,,,con_contrato,af2c65474597ee9254b7a8e02927a51b85196cc7566aa6b4417981818e13666b,False
muestreo,r,10,mini,reversible_normalizado,,header.n lo añade el serializador .mini; header.v lo añade el serializador .mini,con_contrato,02eafa4ee092bd0e42033f6e2f5af681d67e06679114f2105b8776d50936be65,False
muestreo,r,10,xml_tipado,reversible,,,autocontenida,a283b1696b9e3ffd7f8e1f7ed2fcfb1e13d12b4ada91cd7a265fbb9483c02479,False
muestreo,r,10,csv_reversible:celdas,reversible,,,con_mapa,269eb8c196434082a06a4442158b211317eff84304d102cce25b67750aa2331c,False
muestreo,r,10,csv_reversible:columnas,reversible,,,con_mapa,7839f9e8159601b12bdff9b165bf11c01751d8722171fef49e8de73236784f3c,False
muestreo,r,10,toon_reversible:celdas,reversible,,,con_mapa,26dc7af4e5813f52363897b6d508ddcebb418b00e0246f1dd0b35961c88e3de6,False
muestreo,r,10,toon_reversible:columnas,reversible,,,con_mapa,3ac715e19b942d81041c797c26cce6370deb00d424fd27086fdfb61522eec785,False
muestreo,r,12,json_pretty,reversible,,,autocontenida,d9d625aa4a19fa31e49c75e4a298187f248039306de9fb06ebb16f1f0c3cd7e1,False
muestreo,r,12,json_compact,reversible,,,autocontenida,11e91c34f6db7cce785eafcf7699570102d665e33625e30880c357197e8f7e6a,False
muestreo,r,12,yaml,reversible,,,autocontenida,59c987e6a44adbc5306f3d7571ec21e1eb453fa1345580c5ca3735d2a9718bd2,False
muestreo,r,12,xml,reversible,,,con_contrato,3df891e2862d1d7074eb6c03e1d4e4d9d09eac49e6cc7c790e64af13a61a8223,False
muestreo,r,12,csv,no_reversible,"el CSV descarta los metadatos del documento (header con 5 claves: d, l, t, k, scale); solo los registros se reconstruyen: reversible",,con_contrato,7ce7f267a9ac7cc4425c968b3a3fcc8f114dec1ecfa1b70a23036d138a4becab,False
muestreo,r,12,toon,reversible,,,autocontenida,173ef955b90a0219b19bb86b883cf6fb419a879f8e426dc7ad781bf8f0347ab0,False
muestreo,r,12,toon_flat,reversible,,,con_contrato,49668f12eab42a4605688243b8b2c871ce76704f2431098849c29a07a2e42ed6,False
muestreo,r,12,mini,reversible_normalizado,,header.n lo añade el serializador .mini; header.v lo añade el serializador .mini,con_contrato,fb82842815cb1ad1a5259a777fc1aff16d6d81e1bf533087d1f2604b10ba0f88,False
muestreo,r,12,xml_tipado,reversible,,,autocontenida,57be8a5f1e999b7a44456ad4c3d2fb35034dcf1b169707091c9d7691764387ab,False
muestreo,r,12,csv_reversible:celdas,reversible,,,con_mapa,00800d4b8f58db842c4b75437e82cb1e5ac06d3cb7bc2724bfdfbe36a23dd2ef,False
muestreo,r,12,csv_reversible:columnas,reversible,,,con_mapa,296133ce8f6c3ca9452b5942f62322a13886c1334643bd8223aeaf4d7d1dc266,False
muestreo,r,12,toon_reversible:celdas,reversible,,,con_mapa,08920de025aa585c20479f683807a61489c14e9a184f69b0dc462997f4d2b1a2,False
muestreo,r,12,toon_reversible:columnas,reversible,,,con_mapa,432dc17a5c04ff943ae26ac25b07f6c584b7c35bcca19c571bf0ae8b3a4514d4,False
muestreo,r,25,json_pretty,reversible,,,autocontenida,79ccce77d7bb07186aff3c78158adbc763ce905baa1a942f69a52f8e433693b0,True
muestreo,r,25,json_compact,reversible,,,autocontenida,b2535fa70b8b125f80a9bbbfd2588ccc74b126cee32c699d51d8284087234450,True
muestreo,r,25,yaml,reversible,,,autocontenida,e62a4e8a250ab0e47a073924a7676c6d8457d654975667a67e994c5f3b76d0c8,True
muestreo,r,25,xml,reversible,,,con_contrato,1d0f549dc1582d88511189cb2ed5e8c320206cd79c6f97f6f30aca93b60d02da,True
muestreo,r,25,csv,no_reversible,"el CSV descarta los metadatos del documento (header con 5 claves: d, l, t, k, scale); solo los registros se reconstruyen: reversible",,con_contrato,80c655c0ebc4545313cd6c81e3a20d168439ea2c2b5f59f257c59c8f1045e796,True
muestreo,r,25,toon,reversible,,,autocontenida,302e94f6524a776446009591dafbfab32ec64a932e14faefb121071b965f1823,True
muestreo,r,25,toon_flat,reversible,,,con_contrato,d8dab0aa3914fb8613f1e6d5ce9b601c27959e2317c92bab96fe4234e1e59116,True
muestreo,r,25,mini,reversible_normalizado,,header.n lo añade el serializador .mini; header.v lo añade el serializador .mini,con_contrato,bca042cde7b4625e26609aa9cc48025b8368cc9a866a1c8166cf7585b2be08e4,True
muestreo,r,25,xml_tipado,reversible,,,autocontenida,3dbd57da0f0402db0d73c91bdd91b3fc25b00bc16141f84fbef482c0b0a1e22f,True
muestreo,r,25,csv_reversible:celdas,reversible,,,con_mapa,fb1d5c4202bd18d388575b3845147a38bff48569754f10c94aa7627c4d2920db,True
muestreo,r,25,csv_reversible:columnas,reversible,,,con_mapa,c6304c4ce247b22ac31213e03cb0316b02bc5e8802357923906989c14afd8b0f,True
muestreo,r,25,toon_reversible:celdas,reversible,,,con_mapa,b10ce7d32f8ac8811ccb5c0878c1fa460f67abe614b3c35f7b9b04c2155c43bc,True
muestreo,r,25,toon_reversible:columnas,reversible,,,con_mapa,d8832c01588fba42ebda330d7f2e1f18fea01cea97fe71f00dd13dacea28d092,True
muestreo,r,50,json_pretty,reversible,,,autocontenida,88e64d06944ea74cebe9c5b3e3f8a79dddbc49177f1e0c8f607e09a628cbab5b,True
muestreo,r,50,json_compact,reversible,,,autocontenida,ea9274914f97528ead7efa2c74050960a1c5c60dd2c4d0f5d5fa39fb7a6ed795,True
muestreo,r,50,yaml,reversible,,,autocontenida,551f0cb0034389bd8a0522baf0e5b62aace87738a1f527897758b141dc095cb5,True
muestreo,r,50,xml,reversible,,,con_contrato,f6220786079ecac4371d8b8c0039e0f44aec0e1d3fcddf82e7e9436bf81c900b,True
muestreo,r,50,csv,no_reversible,"el CSV descarta los metadatos del documento (header con 5 claves: d, l, t, k, scale); solo los registros se reconstruyen: reversible",,con_contrato,11d91d85cea9e37623781547146da72cab3b7b6d579408785e0f47d5cdc94c0f,True
muestreo,r,50,toon,reversible,,,autocontenida,8276fff76348c1d5bece16a8737a773ad562bc16a63d99190ddbe4bb8443a670,True
muestreo,r,50,toon_flat,reversible,,,con_contrato,f07aea86517b2513b9fd5754c414ea0ac76b2524d4b01f7640d9c5b7f982ff7b,True
muestreo,r,50,mini,reversible_normalizado,,header.n lo añade el serializador .mini; header.v lo añade el serializador .mini,con_contrato,504c11b0a1c4055e7196f1fb83f37651f34a94b3b2afab5e4e5246fca114dfd3,True
muestreo,r,50,xml_tipado,reversible,,,autocontenida,6d7659f26ffe7a6894ec0b3a05d793b28c50d02d26060fe6bdbf7e65de818394,True
muestreo,r,50,csv_reversible:celdas,reversible,,,con_mapa,355ad3b542eb457ef8ffa370d523b359d5a41e544ab3db1ce786718aa71ce450,True
muestreo,r,50,csv_reversible:columnas,reversible,,,con_mapa,33daf52a5c78df790b26f13ab736c20a248576b6609bf870fa711f5beed6082c,True
muestreo,r,50,toon_reversible:celdas,reversible,,,con_mapa,2864fe00f6cff0e8bfbfac6cd982fa9f5d9c31aefbe6cc3b1154d528739932cf,True
muestreo,r,50,toon_reversible:columnas,reversible,,,con_mapa,d66c72518b61809c6da08029646ac0261af58e2f3d55e43dcbf601536ad33bf9,True
muestreo,r,100,json_pretty,reversible,,,autocontenida,7a98bc324abbe717a264610f1e3ee8d95d9152a063ee89ac21a5338ed2b5dad6,True
muestreo,r,100,json_compact,reversible,,,autocontenida,4cb8a6a9425fa2d04c58c9f132d21954a5a5e2ac765b2f56001ffa7241b22e32,True
muestreo,r,100,yaml,reversible,,,autocontenida,1bbf94b3c5f67d8b548bfe5c93c22b3fc532fd704fc955ec9752049d1959a871,True
muestreo,r,100,xml,reversible,,,con_contrato,d04260bc568cda225710786c498f74e7129f21dd872f5ab78cebdbc778530b52,True
muestreo,r,100,csv,no_reversible,"el CSV descarta los metadatos del documento (header con 5 claves: d, l, t, k, scale); solo los registros se reconstruyen: reversible",,con_contrato,a8b9c6e8c3850f4f8549602b7ddfbcec82272dc310f9bbcd2142e3383358652e,True
muestreo,r,100,toon,reversible,,,autocontenida,5285c940ef11c021d63b1d6787c843dc685fa4636ec190f0f4a3c0042dbbc881,True
muestreo,r,100,toon_flat,reversible,,,con_contrato,ed4db8317a93b15c22523b38b901773b071896267c2146cdb63eba763362e510,True
muestreo,r,100,mini,reversible_normalizado,,header.n lo añade el serializador .mini; header.v lo añade el serializador .mini,con_contrato,37475508ad31fbf3ad5ee1bf6722d6e27f4d9858372111a15755b569483bc80a,True
muestreo,r,100,xml_tipado,reversible,,,autocontenida,15ed75b5134ebd63eb4ee8290a38ddd90656c5f6bcba70bfeaf17f402a9824e9,True
muestreo,r,100,csv_reversible:celdas,reversible,,,con_mapa,af9f78b4ca3ed2f746948169a826ed80031e413c3f26036854010f10d761af7c,True
muestreo,r,100,csv_reversible:columnas,reversible,,,con_mapa,29d295887bba22d6e19217b28cbb204eff36968506e5411ad904995e475e9fab,True
muestreo,r,100,toon_reversible:celdas,reversible,,,con_mapa,b43f11d495ac8344d19c76630479d8d20b03c5c3495b97e9e4fdb50d45ebf9ec,True
muestreo,r,100,toon_reversible:columnas,reversible,,,con_mapa,e0e38332cccb60c050face6cf3b5c0642244c485321353ecdfb0333f77a5b152,True
muestreo,r,250,json_pretty,reversible,,,autocontenida,1b0ae35a97df73930fcfbc7d572ca3de0bd1098eb1d179a9d8d5e872627275e5,True
muestreo,r,250,json_compact,reversible,,,autocontenida,7de253bad3d553f50eee2c9ea43dd4962ece00875a3fec619bb89d55d94a0d5c,True
muestreo,r,250,yaml,reversible,,,autocontenida,265f2d192d065f9d956daaf6d3695cf5f15af8e6e7d77ee7b07ab886a2421d07,True
muestreo,r,250,xml,reversible,,,con_contrato,969462740f91a12911d0983e85dff7e276036c790231e815edbc031ac99ea625,True
muestreo,r,250,csv,no_reversible,"el CSV descarta los metadatos del documento (header con 5 claves: d, l, t, k, scale); solo los registros se reconstruyen: reversible",,con_contrato,47f5ad89c06da382a29674322c117acbbdd9c2f34041bd47c10092f8079714d2,True
muestreo,r,250,toon,reversible,,,autocontenida,7f265bc98886a54111d6de2bf6b23dc1facf25af7e1836955d75dc5a7c01439b,True
muestreo,r,250,toon_flat,reversible,,,con_contrato,99bec4e3a15f6621d6c61f11c0f8e9eac09f9f41a169aa3760319b724ea09e62,True
muestreo,r,250,mini,reversible_normalizado,,header.n lo añade el serializador .mini; header.v lo añade el serializador .mini,con_contrato,564cde6dc1f999abef1c21baa7e6cf2202ddb9882418faca4b0ecb3a50407579,True
muestreo,r,250,xml_tipado,reversible,,,autocontenida,2cd6c28b490020f7bb5341f034ab2d0da0253aa0bbe27a7cc6bbe33bf462a87d,True
muestreo,r,250,csv_reversible:celdas,reversible,,,con_mapa,430e578e19ed968854f31366b4651f53f6f41928651b3008f457daa92ee9d59d,True
muestreo,r,250,csv_reversible:columnas,reversible,,,con_mapa,941f23895c2b299e5c309679a228994f8ce57101cd275deb9fba2b6bf8e0077d,True
muestreo,r,250,toon_reversible:celdas,reversible,,,con_mapa,3c194b20a4a2924cfbd415c1582e0db3280bc49762c65a150d70c8aa74dc101b,True
muestreo,r,250,toon_reversible:columnas,reversible,,,con_mapa,c74606155581f3a021d82807f5990da216376fbfa244eabf12cabb9892fc8181,True
muestreo,s,1,json_pretty,reversible,,,autocontenida,04c01eaaf211ab7b3bba07773b75603d20775a2293a1e1a765a3bc5486e835f1,False
muestreo,s,1,json_compact,reversible,,,autocontenida,812c39888286c29bec7e9fe1e667140e008b685075ce78b74c7a324aba25a693,False
muestreo,s,1,yaml,reversible,,,autocontenida,121b19f70d0bfb10986a85020195ba8b018f504618d44d0b4e55b53d7e99aaf9,False
muestreo,s,1,xml,reversible,,,con_contrato,c25865e5adda42378d8ceaa8ad238a3ae77ccc560e93249a64c6224f674a55fd,False
muestreo,s,1,csv,no_reversible,"el CSV descarta los metadatos del documento (header con 4 claves: d, l, t, k); solo los registros se reconstruyen: reversible",,con_contrato,c600e7f6627a054d73f5543caa5c13a2859420e7efb629b6cc54910af06a2bc2,False
muestreo,s,1,toon,reversible,,,autocontenida,8e33f0cf57cea5c4f9b372597701f8b1a279caf567efa551432c8d61c7f81146,False
muestreo,s,1,toon_flat,reversible,,,con_contrato,c249c2d4402ce70fbe38598ec6b083f3775e0740ef89a3f2ba39dd1cc9cfc5d7,False
muestreo,s,1,mini,reversible_normalizado,,header.n lo añade el serializador .mini; header.v lo añade el serializador .mini,con_contrato,359accd071344b6472e83ac5879a64577f8a406c0a9668641e6190d64ac0dd9b,False
muestreo,s,1,xml_tipado,reversible,,,autocontenida,1847126c89aecd3842c6abab0de8152f55416f1346b5f92aeeffa8e9efacbcc5,False
muestreo,s,1,csv_reversible:celdas,reversible,,,con_mapa,94920adef7da6ecfc9fc3b9b0a5a05d538096e3b741499ae71a1d197d6206a8b,False
muestreo,s,1,csv_reversible:columnas,reversible,,,con_mapa,d5a5c0f1bd57df518ced1f916ca298336c8f632a09c4eacbfbc32aea6e6b4560,False
muestreo,s,1,toon_reversible:celdas,reversible,,,con_mapa,e1fce6e7bebbd4f52fc99e13376a306f9b1271f92130272f98f62f34b085c8a1,False
muestreo,s,1,toon_reversible:columnas,reversible,,,con_mapa,13b30a61852dd966c92de8a2a24f4215f71c9b5480d234e861bfe37e12075991,False
muestreo,s,5,json_pretty,reversible,,,autocontenida,2cbb91f86e5b98ebdd73b18f6c64ccb9037eb07911e7ded92b2ba9a708901d12,False
muestreo,s,5,json_compact,reversible,,,autocontenida,e508e787a47af392b7387aa941eca8c99b1558aeb61c2afbc0b53576e71476b0,False
muestreo,s,5,yaml,reversible,,,autocontenida,8fda9480e3b76a1ce7ffc5136d3ab1f4bd9516ca2efca9f2894053c070dab277,False
muestreo,s,5,xml,reversible,,,con_contrato,a2c249189f2a79048ee7d46977b6104271e7649fcdfba8a786dcc5237589fced,False
muestreo,s,5,csv,no_reversible,"el CSV descarta los metadatos del documento (header con 4 claves: d, l, t, k); solo los registros se reconstruyen: reversible",,con_contrato,234c8ec7fdb43535174144801606825d7e584e4f783a42dae68bbd1380cc0226,False
muestreo,s,5,toon,reversible,,,autocontenida,6edc164c4b9dbddc68f4a84bd712c09c8fa6247546f7ae892cbedb60e2370909,False
muestreo,s,5,toon_flat,reversible,,,con_contrato,92467296dd14dc9b67503d76317a319f5a68b75f2bee110a99a73d4e23adbd3b,False
muestreo,s,5,mini,reversible_normalizado,,header.n lo añade el serializador .mini; header.v lo añade el serializador .mini,con_contrato,c9db0973a4d24879542a70eb22807d1829c38c9af99cc7c2c7d0ade24c9ca114,False
muestreo,s,5,xml_tipado,reversible,,,autocontenida,78124a73edf88bc03740c5d90884312a4b8cf673e131a992ba6333e89a6ef7e2,False
muestreo,s,5,csv_reversible:celdas,reversible,,,con_mapa,fc92abdb5da3683daecdfa32dbe89bdd1f4c3abc0f68098d0b5ed28ce08dacd9,False
muestreo,s,5,csv_reversible:columnas,reversible,,,con_mapa,b313bd2713be914b1eb181fc99d574af7f98ed8714925d13b4402a4ad7684c4c,False
muestreo,s,5,toon_reversible:celdas,reversible,,,con_mapa,ba02d9c35e70c7e38f63735053ee3aed6d6f26bc91576a660bfa5a893c3117e0,False
muestreo,s,5,toon_reversible:columnas,reversible,,,con_mapa,d54cae6a0e545d3f76d34fb4c55001bbc524814c27e3e537a7b63422ccebec0e,False
muestreo,s,10,json_pretty,reversible,,,autocontenida,11ab95d3810fbda92862549baad6a052607d0e5a5a44ed96d83399972807a234,False
muestreo,s,10,json_compact,reversible,,,autocontenida,46742a39aeaba8a81f638ba5ccd166a09bc94790479e6b4616f1995be57ec8ca,False
muestreo,s,10,yaml,reversible,,,autocontenida,9c6f30cc47b19fad1f981359e086d46e5cabc5d2cfa08ffe8acf72eba77b8e80,False
muestreo,s,10,xml,reversible,,,con_contrato,037c65cf01f2a9012b414f4d145959a2cb490f27309bd473097716d010c91da2,False
muestreo,s,10,csv,no_reversible,"el CSV descarta los metadatos del documento (header con 4 claves: d, l, t, k); solo los registros se reconstruyen: reversible",,con_contrato,9dd894251ee3e92e6f78b4b29854fdb6c6f2dedc69508847f50f24f41f29fd72,False
muestreo,s,10,toon,reversible,,,autocontenida,4c9aeb8d7254da878dc7b8ed4232e18dc1d076038854d8c37d67f67587b9c08c,False
muestreo,s,10,toon_flat,reversible,,,con_contrato,d8af36c395827bb624be1a22c4a249bc0bedd995a462510a37a0a3106d6839c0,False
muestreo,s,10,mini,reversible_normalizado,,header.n lo añade el serializador .mini; header.v lo añade el serializador .mini,con_contrato,dfc3db652678ebdf59eca4c8af0de3df0742f06ac3a6581d346ee7c9e943620e,False
muestreo,s,10,xml_tipado,reversible,,,autocontenida,0345ad559373b1f5c56d4efea25d64ef857a926e3769447c9be38d53fb705bdf,False
muestreo,s,10,csv_reversible:celdas,reversible,,,con_mapa,988a0208cc229605acfca1ce0f76c7d51e132fb87394200016dfc3d69de1a748,False
muestreo,s,10,csv_reversible:columnas,reversible,,,con_mapa,b6c2da9cd8bdaf0619363dcf574878246bb09b442038b80c0ee08cf2d35cbf53,False
muestreo,s,10,toon_reversible:celdas,reversible,,,con_mapa,62b8f7b8f389cce7eba7abfc6d1d93f444b966843a6f96f5c243d99d39183791,False
muestreo,s,10,toon_reversible:columnas,reversible,,,con_mapa,0c39f339df3f505b2c975beda394b5ed33425ab3be90c6de1c17daa4e053e5fe,False
muestreo,s,12,json_pretty,reversible,,,autocontenida,4ec438b895e5fcd9a25eef8f9c9c29955072d1fba89f9643ccfded643c4748f8,False
muestreo,s,12,json_compact,reversible,,,autocontenida,519c85ed0836b7aad60fd8018b7ad0cbb6adfca8339b1fbcfda0ba05d1c8589f,False
muestreo,s,12,yaml,reversible,,,autocontenida,3fa98f1361536435e8f1739db29a3c5901711858b3bf1875f73015b1221ddb90,False
muestreo,s,12,xml,reversible,,,con_contrato,641b1e657000f455dadcb54a34b05bcdf8f310bf6a7c1c63d129d770957816c6,False
muestreo,s,12,csv,no_reversible,"el CSV descarta los metadatos del documento (header con 4 claves: d, l, t, k); solo los registros se reconstruyen: reversible",,con_contrato,f376f108815e7e2679f7c233c2f460a1d77c9e2c93bdb7f2e2f8a6ec53c152eb,False
muestreo,s,12,toon,reversible,,,autocontenida,fdd73ffd2167fc74ae4fb544f5984c3778802d661b7f1b6e08441801012cb049,False
muestreo,s,12,toon_flat,reversible,,,con_contrato,a3c273af381308379d88f6eb073a000d5d26fc3846d2f824e5085fecbb7371c0,False
muestreo,s,12,mini,reversible_normalizado,,header.n lo añade el serializador .mini; header.v lo añade el serializador .mini,con_contrato,6b06cb6d2c3feb64e0d4f89ad7e1ad871efa4ac7bb4f666c4bb30703061de128,False
muestreo,s,12,xml_tipado,reversible,,,autocontenida,a7a1e01f029bea4f909fec1f97679bb5f3314615e5cdfb8fea7ccfbafeed782c,False
muestreo,s,12,csv_reversible:celdas,reversible,,,con_mapa,1da3e5baf1ab5f9c1baa5ef8b04dac1894d15e6fa7c45b6ee785cc950383d199,False
muestreo,s,12,csv_reversible:columnas,reversible,,,con_mapa,9dd69f0321966752bc31da8f623938c6682d59ffde1d3a31f14d3c05a9758f76,False
muestreo,s,12,toon_reversible:celdas,reversible,,,con_mapa,95029e2f44b3b91897bc10f30a333855eb16ef7183ddcd246bb701f702a3b4f1,False
muestreo,s,12,toon_reversible:columnas,reversible,,,con_mapa,6b45c3bad32cf152a71ac2d5fb4c180569ff58ebbcf3fed5e3736c8416ec9dc8,False
muestreo,s,25,json_pretty,reversible,,,autocontenida,501944ee6c7364677bb268f9de958f15f2b5da45d7f886398f2aca2da229e8c1,True
muestreo,s,25,json_compact,reversible,,,autocontenida,866ab19b47b704ad8a970ea68e6f9414ecca4c8cc6b0c9578962b730284727c0,True
muestreo,s,25,yaml,reversible,,,autocontenida,eb1ef015aae08477cd9e91b278fb10644e97f89372e0c787aa7b8d7037380acc,True
muestreo,s,25,xml,reversible,,,con_contrato,9e5d08167b7b8abf3140f06bc80bfe055aa4633bd7015cf814b531adf90c33ad,True
muestreo,s,25,csv,no_reversible,"el CSV descarta los metadatos del documento (header con 4 claves: d, l, t, k); solo los registros se reconstruyen: reversible",,con_contrato,f3e100a166a1f2070ac2619f89108f2a90a32e87a03810aa2efce76d930d0735,True
muestreo,s,25,toon,reversible,,,autocontenida,33afd4cba1e7b71c1cd353c62648c3fdb2a40ba241e568f384234b10290d498f,True
muestreo,s,25,toon_flat,reversible,,,con_contrato,b637b7ebff960f912f208a050badf41ab0bce751eb37aa237fdb180610d474bf,True
muestreo,s,25,mini,reversible_normalizado,,header.n lo añade el serializador .mini; header.v lo añade el serializador .mini,con_contrato,653161101e3f946ea5587b70cffef00b0ec937945c102572cc0e67f04efea2ca,True
muestreo,s,25,xml_tipado,reversible,,,autocontenida,e61a300c9025f185a3c13adbdde42b05bc87ff36be67347d3e9a21ca98123690,True
muestreo,s,25,csv_reversible:celdas,reversible,,,con_mapa,7d5ecc52ff8d67ac7fa4b3bb1f99dc40dd0a7ef11a76029e98d9625c6997a202,True
muestreo,s,25,csv_reversible:columnas,reversible,,,con_mapa,8f5a85cc5ed183dfca8cef6636a94985dce3091767e11119cc79621a4c59f937,True
muestreo,s,25,toon_reversible:celdas,reversible,,,con_mapa,f4a3bd96f69d56f4732dff5b53e44c20f38b741c3b99cfc745949d765be2eadb,True
muestreo,s,25,toon_reversible:columnas,reversible,,,con_mapa,87fc6b4e53279cdaf78750cb3e774885db3bada57890879ab8abb2025b643c6a,True
muestreo,s,50,json_pretty,reversible,,,autocontenida,81adc49c1055f4deeb10a6c5616a5fd0e57673e452d6083b469d1525eb929930,True
muestreo,s,50,json_compact,reversible,,,autocontenida,c70ed67c44dda850e4832361be25352fb306e4a71078781b48920893bab6c457,True
muestreo,s,50,yaml,reversible,,,autocontenida,0a6e263e2773f06d40d8a16c63a28caf8c275fcfab6fe28fe6bebb5513cd4084,True
muestreo,s,50,xml,reversible,,,con_contrato,9c30195a75fe20a44300c5c3464cb95f2dade9373adf556d1fba2f0ba8a9e6a0,True
muestreo,s,50,csv,no_reversible,"el CSV descarta los metadatos del documento (header con 4 claves: d, l, t, k); solo los registros se reconstruyen: reversible",,con_contrato,cefa7a8ba7228e6c303cf1f14fadefff750857ae14c146154bddd88da131b81e,True
muestreo,s,50,toon,reversible,,,autocontenida,5e2cd7d13805eb952dfafabb7876f10692cca7bb106425f2e882c9fb5c0b9714,True
muestreo,s,50,toon_flat,reversible,,,con_contrato,f9497ff4036bd12150ac44cc9d2f565b798c4711dbb7271d5ca087b82e986332,True
muestreo,s,50,mini,reversible_normalizado,,header.n lo añade el serializador .mini; header.v lo añade el serializador .mini,con_contrato,aed5a3eaffc4485cb038f9b9e1c90fc019e3172b618f37c8c3476ee6ffa6950a,True
muestreo,s,50,xml_tipado,reversible,,,autocontenida,58cf76719dcd7ddc1e04433d369addc73b560f23893bc70a592fcc996e736da9,True
muestreo,s,50,csv_reversible:celdas,reversible,,,con_mapa,060959ae9cd9a5abb6c759715f711c32e8398f813bac281a73930b2a81441a7f,True
muestreo,s,50,csv_reversible:columnas,reversible,,,con_mapa,789259e407e5cdb36bf651d684e97f341b345d0413b774fa1e33b054d61529c9,True
muestreo,s,50,toon_reversible:celdas,reversible,,,con_mapa,4e986b6feea8f7a50d8116c536d8764fca9f37c448178feca86e8507b84dffc4,True
muestreo,s,50,toon_reversible:columnas,reversible,,,con_mapa,7f0d9936295a44237c9388873880e2123f4cabd3b6f9ef9e7bdaa9d1ac602e29,True
muestreo,s,100,json_pretty,reversible,,,autocontenida,a079bdcefdf43b621e573b5135f653b0ed6c14c7f2ca2eaf1786a1635768f9dc,True
muestreo,s,100,json_compact,reversible,,,autocontenida,2518fa93c4d928fd1ce60f069528a4711daea1715ad9a838ab9267090e3491ee,True
muestreo,s,100,yaml,reversible,,,autocontenida,cfbc73f63351c8cb7b56e449c07c7393dd602253941a837b60d2d400de2ce2e5,True
muestreo,s,100,xml,reversible,,,con_contrato,85e478dcd2a4e8dfedd993e984193541389e81bfad1afdd1a32e094e0231e8e5,True
muestreo,s,100,csv,no_reversible,"el CSV descarta los metadatos del documento (header con 4 claves: d, l, t, k); solo los registros se reconstruyen: reversible",,con_contrato,30c73d614bd22f9b78d1c1d9dd6313395b02d9be6284a97d7c4fab362deb55e7,True
muestreo,s,100,toon,reversible,,,autocontenida,49a5b9990d51ec85c8577566509432d4a8d5ef3d5274755ffb8517a1fa53c9c2,True
muestreo,s,100,toon_flat,reversible,,,con_contrato,669274447df9c46537328ea502f2bc98d558a7fdb01ef31d7edbeeec5b6f2e60,True
muestreo,s,100,mini,reversible_normalizado,,header.n lo añade el serializador .mini; header.v lo añade el serializador .mini,con_contrato,fd8bd563fb4fbd737ee002a2d97eaf074988c4bb7bfa60656f9d9b0c178b1022,True
muestreo,s,100,xml_tipado,reversible,,,autocontenida,43b89e72bf838f8ed7ec2f8b35d955a579f8a4d224951d0c939eee5f0e73bae8,True
muestreo,s,100,csv_reversible:celdas,reversible,,,con_mapa,f0c31684a2c218b5d13cd1d59d5c25b8756c27e6cc7cfbd615497067c790fbe0,True
muestreo,s,100,csv_reversible:columnas,reversible,,,con_mapa,a8f08de4f51287b74833b92d93ccba721d397ea558a69487e66777462965cef3,True
muestreo,s,100,toon_reversible:celdas,reversible,,,con_mapa,fcb1d9841b170c475e6b26bf5d61c5942dc225d9196bb13b2d47ad4de47df10d,True
muestreo,s,100,toon_reversible:columnas,reversible,,,con_mapa,e5ba8c1d6e94a4fa72cd0489b6041dbf9e4eae7df15a5b766f2990bd95c65ecf,True
muestreo,s,250,json_pretty,reversible,,,autocontenida,fb6bf4e6c09cf591f627456eb9a4de8deda2157d753e6365c9867e40cc0af5d9,True
muestreo,s,250,json_compact,reversible,,,autocontenida,b8965e67592ca01d2befe7ac3df1c82a8ce3261efb6691d9d4faadb6439d22f5,True
muestreo,s,250,yaml,reversible,,,autocontenida,d6810c9ff00aa32f59c9dea94ba1a984a03d3bd768e799a90549bca26765a1cf,True
muestreo,s,250,xml,reversible,,,con_contrato,6bc7ce1a6f1f00f4deb97705de8a2060f4ac9d34fa570323ab7e6b8175c4ee68,True
muestreo,s,250,csv,no_reversible,"el CSV descarta los metadatos del documento (header con 4 claves: d, l, t, k); solo los registros se reconstruyen: reversible",,con_contrato,67573aac87a7d77ca7345e63d48ef4eac291c983a1d065c661b717e376938228,True
muestreo,s,250,toon,reversible,,,autocontenida,dd0a046a88387e98840d9d4d14e6f1af6a46e2d3f2fe62faf5217437abcf0a7e,True
muestreo,s,250,toon_flat,reversible,,,con_contrato,02fdb5491f42d7079aef33f4266f6da1642ced32000d017ec0b66916543ee79b,True
muestreo,s,250,mini,reversible_normalizado,,header.n lo añade el serializador .mini; header.v lo añade el serializador .mini,con_contrato,33c30407fa1600f253641397dc6ef45e0eaa5e369755447eef18495cfceb5e92,True
muestreo,s,250,xml_tipado,reversible,,,autocontenida,df3ddda8bf51caf1067a938a966eb30b9af46bbe568828cd7c49a4b888d718da,True
muestreo,s,250,csv_reversible:celdas,reversible,,,con_mapa,4f1a2739b5c4b432ed98649ad84ed66c06afb27ddc6bf9cb27c741e049c4957c,True
muestreo,s,250,csv_reversible:columnas,reversible,,,con_mapa,807277d04fb4398405088de489b9b4d6bca9104e49437bbc36d211ad0740e5eb,True
muestreo,s,250,toon_reversible:celdas,reversible,,,con_mapa,71f9f0ae080974fe9a936151c145be6dfb009568b21d1ef94f5584dd289e07a3,True
muestreo,s,250,toon_reversible:columnas,reversible,,,con_mapa,b9dd373b075476d46b12ab2013ea3fc0690ec7d26feb4729b31bad68ff21f561,True
muestreo,sum,1,json_pretty,reversible,,,autocontenida,563feedb8d1730983ef1e805b5c7527b8f7f192ee7992c6e28cf0a7573f6c719,False
muestreo,sum,1,json_compact,reversible,,,autocontenida,1e5d07b704a81255c84a7f1c52c8f6030d5faa397d4854f4ca40883da3cb4836,False
muestreo,sum,1,yaml,reversible,,,autocontenida,4a122c7933244eefc8b4ae56bcc13e299453962d18fa7ee073aa04177bc7bd81,False
muestreo,sum,1,xml,reversible,,,con_contrato,e3ae36266aff12b07d27fdacd27a43a44bbf8329ffac83dc1458a2b1acfc5e6d,False
muestreo,sum,1,csv,no_reversible,"el CSV descarta los metadatos del documento (header con 5 claves: d, l, t, src, dur); solo los registros se reconstruyen: reversible",,con_contrato,68d525cbb2c35df884f34b22acdbdbb0110e4cc072536fdf793d432a3ae8dfb3,False
muestreo,sum,1,toon,reversible,,,autocontenida,ff8beaa01dee6a9ceaf780178d302695b937dce07451a1fdf3fa4a65d423c19f,False
muestreo,sum,1,toon_flat,reversible,,,con_contrato,594a437e3176efbd53b9d7661aca956730e5bf50b3af608f95e221e1f10702d0,False
muestreo,sum,1,mini,reversible_normalizado,,header.n lo añade el serializador .mini; header.v lo añade el serializador .mini,con_contrato,88ddae762326c32f4fd577f88d7e5ba818e9f88a7089915cf57bb92890c762a8,False
muestreo,sum,1,xml_tipado,reversible,,,autocontenida,648c3796e0a116c6b0796d1e038864242956c34005d761abc5217ce17719fea1,False
muestreo,sum,1,csv_reversible:celdas,reversible,,,con_mapa,93fd05eb3d04509465b97536942ea2ea5b16c07ba5f19b557e1669efd0f72c84,False
muestreo,sum,1,csv_reversible:columnas,reversible,,,con_mapa,07fd28e4936ee5921577c85f5f927dda5c809bbc21710a4bfb61c72deee375fd,False
muestreo,sum,1,toon_reversible:celdas,reversible,,,con_mapa,02b4fba885483702d6ff452f4b970dfd20157e5ef0d41bab65ae4fb48b2abd7c,False
muestreo,sum,1,toon_reversible:columnas,reversible,,,con_mapa,b03ba79d91e4b8c0ef437080ce65086f2ccd966fa410d0bd2ffbc0f42e834065,False
muestreo,sum,5,json_pretty,reversible,,,autocontenida,1cbfa379798d05ced75ef4968570a4bee80f18ab4a69173a42e531c648b1b2f7,False
muestreo,sum,5,json_compact,reversible,,,autocontenida,a3a70b4838ee8408e825d2d0abe0023667b6909e165b578b172d2bf72bc293a2,False
muestreo,sum,5,yaml,reversible,,,autocontenida,60b7aad07cfa5ea66f02a84df6f0bb60420a0b4555d6314128496737c13aaeb5,False
muestreo,sum,5,xml,reversible,,,con_contrato,9bf3cff28c136222c3b3c115577ae102f50a464a42ef3c8192b308a93160582c,False
muestreo,sum,5,csv,no_reversible,"el CSV descarta los metadatos del documento (header con 5 claves: d, l, t, src, dur); solo los registros se reconstruyen: reversible",,con_contrato,a0bf8207008770660da7c1c017acfd930d00688c69366c770129a570c18f9150,False
muestreo,sum,5,toon,reversible,,,autocontenida,2ac5fd8470efd5c8eab9d587fd6ce267e131ca804cbd5438ac84ba9e7dd6d1f6,False
muestreo,sum,5,toon_flat,reversible,,,con_contrato,82bf6db151f915a9aeb1d2e19283c08e2bc27ad513f53b0c83c1f1a04cc1e6ac,False
muestreo,sum,5,mini,reversible_normalizado,,header.n lo añade el serializador .mini; header.v lo añade el serializador .mini,con_contrato,8196fc56f186e544ece2d21338907377a069ef58c5a5f360f416ca6d9c84f0c8,False
muestreo,sum,5,xml_tipado,reversible,,,autocontenida,a4306abc8f6828aec4e1d0f400dc24234e4b9e328db49230ca3571b8c0234c1e,False
muestreo,sum,5,csv_reversible:celdas,reversible,,,con_mapa,e3ae007692d5068b7c985f34f52697382059114a348d2e6fb6606840b85ad3fe,False
muestreo,sum,5,csv_reversible:columnas,reversible,,,con_mapa,376b39a37e362cb35ab400d55e16abb2b7b8e444c98e815924b47660021c128a,False
muestreo,sum,5,toon_reversible:celdas,reversible,,,con_mapa,47f080302bab2ca95f2d5679f58841378e88c74c73384f4cdbbe2f0014604df4,False
muestreo,sum,5,toon_reversible:columnas,reversible,,,con_mapa,d10be58b70d57f8a9da5a2e675222db0f9897e54fbe28c04ccebc7fcb846bd37,False
muestreo,sum,10,json_pretty,reversible,,,autocontenida,b1ef509838c417298bec06ec76ab50b46bcd33c6fe9b85b5b7aa5df3ea435bf6,False
muestreo,sum,10,json_compact,reversible,,,autocontenida,79ac5e1b1f8969269a7f1213610e81e06b58e14452bc8c79136ec6f53f902c42,False
muestreo,sum,10,yaml,reversible,,,autocontenida,5a5bbde40659be68a11a3c29ffa7ed617e0f4471ab8c21916ca4a4b9bc543564,False
muestreo,sum,10,xml,reversible,,,con_contrato,da74c71e658bbd6ef8c3927b780f241031661d05ffc8b3bb343d2bcc67286492,False
muestreo,sum,10,csv,no_reversible,"el CSV descarta los metadatos del documento (header con 5 claves: d, l, t, src, dur); solo los registros se reconstruyen: reversible",,con_contrato,4908c639395a77301a259dc88fd1de5fdbf6c54bb3c7be3f5f3d87f43f0a47a6,False
muestreo,sum,10,toon,reversible,,,autocontenida,fbae82ce61319785be07efaa3fd67839923c37dcf9b91b9a78981ef354c7630e,False
muestreo,sum,10,toon_flat,reversible,,,con_contrato,f886e0c904d00c4686cc871e5191ee9cba4b441243db5d76b8c0e6e8e1242513,False
muestreo,sum,10,mini,reversible_normalizado,,header.n lo añade el serializador .mini; header.v lo añade el serializador .mini,con_contrato,9b50a3ed22b15e72d5a4d4b45474c883bc4e713b57e2682c3ec4697c1e68418f,False
muestreo,sum,10,xml_tipado,reversible,,,autocontenida,5702c6fd01f5394802f14b4b4784efa508b9f643d683956abd5d6790fa69b1dc,False
muestreo,sum,10,csv_reversible:celdas,reversible,,,con_mapa,1adae25d4729e662f00df9b03d75d6dacef063aadb26d68f49b590f57941032b,False
muestreo,sum,10,csv_reversible:columnas,reversible,,,con_mapa,cb4ec25ad8d73ebd09e4139918bc6a285947e45ac96a579fdd28ec0f264d6f20,False
muestreo,sum,10,toon_reversible:celdas,reversible,,,con_mapa,294cef34ee676b3b510bf709994a3c01d04549611945f0ee4f1251c1b2fc7c3a,False
muestreo,sum,10,toon_reversible:columnas,reversible,,,con_mapa,bfb940fac25e43b98754126fc4e7bd9c85abe2963f5cf109dfdd882a6f83bcd6,False
muestreo,sum,12,json_pretty,reversible,,,autocontenida,4395987f5e3f9db56d609021b80d1c48143649f57d13636d7c7bb82dee9a46d8,False
muestreo,sum,12,json_compact,reversible,,,autocontenida,5342a5c85652e3cd55b19dd46159076073e23f9aba55a3003e52fb4cf31fa198,False
muestreo,sum,12,yaml,reversible,,,autocontenida,049facceb99dd7b312452774fa9c31fd3a7d109b3a1fccf99ffef9318f9a42d4,False
muestreo,sum,12,xml,reversible,,,con_contrato,314d8b20fdf9887d7ade63cf6eb9b89c42d81c7a06471a2277c10707925da069,False
muestreo,sum,12,csv,no_reversible,"el CSV descarta los metadatos del documento (header con 5 claves: d, l, t, src, dur); solo los registros se reconstruyen: reversible",,con_contrato,b82a6d772b6869f5901416b51e137f30714a12d0986eff368779752752417d5d,False
muestreo,sum,12,toon,reversible,,,autocontenida,d8c29ea3db22c4666355bc8e850469f66d1f13fbc8593e35df675752b7957318,False
muestreo,sum,12,toon_flat,reversible,,,con_contrato,ba048bc4d637985d68c36b0bbe482da138429e32dac67a8bdc70888525df476f,False
muestreo,sum,12,mini,reversible_normalizado,,header.n lo añade el serializador .mini; header.v lo añade el serializador .mini,con_contrato,1f27986fdcce737a6189ee41bb7ca808a822ffbbeb54b1b8c94c3278ebaf7ec2,False
muestreo,sum,12,xml_tipado,reversible,,,autocontenida,4fe85aa4068cd9a7382f0934826de2a8f208960022e2cd70bd712a1a02a93f86,False
muestreo,sum,12,csv_reversible:celdas,reversible,,,con_mapa,5c97208a90a8ca8b6569fca4a431b726c06c9cb97a3eaa5bb917c726b9442312,False
muestreo,sum,12,csv_reversible:columnas,reversible,,,con_mapa,f27dc109b6cb279b0b056bf176350ceee948a38c46b54bb21a880d60f8fe6bd7,False
muestreo,sum,12,toon_reversible:celdas,reversible,,,con_mapa,33eec6b24ac448ae13f2a25d013275f1df0fc27179715ae9432dcbf9bf4cc6b3,False
muestreo,sum,12,toon_reversible:columnas,reversible,,,con_mapa,d60953bdeaa3e72ddf9b84153f9ce05add82c879204f2cfd8af37d02b09b8e91,False
muestreo,sum,25,json_pretty,reversible,,,autocontenida,464348606e94ecdeffbb7ec46ff94812495080ccc34af54453bff35783cd9dc1,True
muestreo,sum,25,json_compact,reversible,,,autocontenida,6d84792264dc1fd4286f57f22070a48eb816ad3898824ec7d6aa5ac9a6a84aa3,True
muestreo,sum,25,yaml,reversible,,,autocontenida,b3577a1b8c08365d5e1c0645b08c0a853cac5b9033f3cf22357b518d4cf50324,True
muestreo,sum,25,xml,reversible,,,con_contrato,00db3711ca1a9c4d7ef0b6f67deba929dffd82e63b671cbbbb348325c51da4d0,True
muestreo,sum,25,csv,no_reversible,"el CSV descarta los metadatos del documento (header con 5 claves: d, l, t, src, dur); solo los registros se reconstruyen: reversible",,con_contrato,a3023c95ea02698366ebad395befe4c9e93e01831cabed84550aa9ae0ffa2ae5,True
muestreo,sum,25,toon,reversible,,,autocontenida,0f0f0ba703983fd9b9a33045d595994140d319a8c1413b7641533d8bde70eb35,True
muestreo,sum,25,toon_flat,reversible,,,con_contrato,95110f765b3538c53792effc7e1ea42b3889b170bc3a5e9e319f0d34ddb0083b,True
muestreo,sum,25,mini,reversible_normalizado,,header.n lo añade el serializador .mini; header.v lo añade el serializador .mini,con_contrato,27e6d8d1c9de1cda8430b3b58c2a6f20cdcdc91407b85f7604608003924c2b35,True
muestreo,sum,25,xml_tipado,reversible,,,autocontenida,0f0066173bb759f1a7181b898dbc7579a18ffa657d6c956d4d5fd90398672838,True
muestreo,sum,25,csv_reversible:celdas,reversible,,,con_mapa,754859b3d33f582c2be9532ec2f23e521406925c12058e7e11893cb182afb6cd,True
muestreo,sum,25,csv_reversible:columnas,reversible,,,con_mapa,eafbaa8a2b663208176850884d534460236aefd57733ca3612200f44efc07679,True
muestreo,sum,25,toon_reversible:celdas,reversible,,,con_mapa,224a2736af793a8f95c602cfcf372bc37d6e9c0786a070fd7f02b5f1e74df639,True
muestreo,sum,25,toon_reversible:columnas,reversible,,,con_mapa,0f640ecfc27a1576b2ed320b5af49304000210add65b5f9a6ec4e19828bf8285,True
muestreo,sum,50,json_pretty,reversible,,,autocontenida,dcc6df0b87f30d95056303a25a2a3e88437d8ae8247d0fe8c3b66338408fe8b0,True
muestreo,sum,50,json_compact,reversible,,,autocontenida,516068c8bf80ab1d019f0ef60faf3f211daa7342d1311ad8fd2b67267c250c84,True
muestreo,sum,50,yaml,reversible,,,autocontenida,ea842010b9a4774d6955129e769fc79f4eb3591b0b67097cdfc348eca21d2efb,True
muestreo,sum,50,xml,reversible,,,con_contrato,383c168d22e98a6db64d840e2fbc1cc056a77a964ee5686cd0ca2bc195ada2ac,True
muestreo,sum,50,csv,no_reversible,"el CSV descarta los metadatos del documento (header con 5 claves: d, l, t, src, dur); solo los registros se reconstruyen: reversible",,con_contrato,d6d8bc55871029e296eba845c5dd09c89307584affa50acd0f44cec9a04916cf,True
muestreo,sum,50,toon,reversible,,,autocontenida,8d532529b4b431cb643a431038481882559a792bb42bba84c805d314f018c0cc,True
muestreo,sum,50,toon_flat,reversible,,,con_contrato,0b26ecf1d80e4e0fa9c85345f1c4c2c577db6c0371187152c74b9b293bea0fdf,True
muestreo,sum,50,mini,reversible_normalizado,,header.n lo añade el serializador .mini; header.v lo añade el serializador .mini,con_contrato,a49be895c2538fd18eb4403d30f03badba45caaf7b1a62ddf1a6876a7c3f6e63,True
muestreo,sum,50,xml_tipado,reversible,,,autocontenida,f43d3359fd0bb4a65102137fd8a518801dc9f762e36b4d01c26da5ca79995ab7,True
muestreo,sum,50,csv_reversible:celdas,reversible,,,con_mapa,8b1d3934e4dbe766496ca6fcc65f3d4e6d064cbba7d3cceb5fa2279ac0af5102,True
muestreo,sum,50,csv_reversible:columnas,reversible,,,con_mapa,a451a3a1076393928b1cd3c8a65dc0234892d07333d3d19ad234ca5591866260,True
muestreo,sum,50,toon_reversible:celdas,reversible,,,con_mapa,73da87d43966f9277e0b2f88c53ba6a96a32edf6384f93fd3cb993f141d4ccaf,True
muestreo,sum,50,toon_reversible:columnas,reversible,,,con_mapa,87d6b726d0af3845a9cdd343cb5aadadd9d2ad29467c539919ec4cbd8aaf0e49,True
muestreo,sum,100,json_pretty,reversible,,,autocontenida,c8456b6df4da90938f346d4e524b59eea65cdd3eb7759984142ad1c92dfe553b,True
muestreo,sum,100,json_compact,reversible,,,autocontenida,b358a81543a2ba3820b70500c06604f58d54c7a1a07485d34dd8b7644ecd47e9,True
muestreo,sum,100,yaml,reversible,,,autocontenida,35eaeb1952e41c3c98e3914814e8dd03674c3d4dfbfd691295b65ab6d700776d,True
muestreo,sum,100,xml,reversible,,,con_contrato,3c1fb985549ea9af1fdfeeee204375c510eb8165f81947241b68654f5db0f973,True
muestreo,sum,100,csv,no_reversible,"el CSV descarta los metadatos del documento (header con 5 claves: d, l, t, src, dur); solo los registros se reconstruyen: reversible",,con_contrato,7b8af3f4bbd052120bcf96792a24cb0a20c15aea51a149389ec517b11b2a8225,True
muestreo,sum,100,toon,reversible,,,autocontenida,edb7bd722f5c7c25b12d2258190db03b344e689f8eb9b8eda5fab4a61a47c943,True
muestreo,sum,100,toon_flat,reversible,,,con_contrato,cb829b070383c44540ecfaaa79926d19f680caf4061392e0e226e8b972d97142,True
muestreo,sum,100,mini,reversible_normalizado,,header.n lo añade el serializador .mini; header.v lo añade el serializador .mini,con_contrato,b2ee3e4f7aafd4dd743527cc0a49fa4de90583572e5f20fd2c6e315b002b8cde,True
muestreo,sum,100,xml_tipado,reversible,,,autocontenida,35c5e64ba3d183882faf388328afa85dd4583834dba56fa484fdbe15341e735b,True
muestreo,sum,100,csv_reversible:celdas,reversible,,,con_mapa,10d048e91a9a30ea23343e808085ee1cf7349178632e02f6b49ecc4c74a4d1e1,True
muestreo,sum,100,csv_reversible:columnas,reversible,,,con_mapa,1139ea5906aea8284f3ed4b5996655eea84f2cb16c4b7eac140fc62691f22217,True
muestreo,sum,100,toon_reversible:celdas,reversible,,,con_mapa,472e52a96f87439c97e56334a70cc70184829e47f69de2bdedcbd578546213a6,True
muestreo,sum,100,toon_reversible:columnas,reversible,,,con_mapa,fcb81b52d4b25282e67ab465a9bb55858cffc29a563060132e8cfe074db2a116,True
muestreo,sum,250,json_pretty,reversible,,,autocontenida,3d76e770c97ee6e36c4c3f66ece291994b366a764b36c6f068e8d4da4c48577b,True
muestreo,sum,250,json_compact,reversible,,,autocontenida,49d3dff138ef39d9b6c70ba1f60e4373fa43b6ff29018a03fdf774f071dbbc33,True
muestreo,sum,250,yaml,reversible,,,autocontenida,48a2983ff8e28c744ee909e8c2e9fdcd08e1ba5e82d272f25436088f13456995,True
muestreo,sum,250,xml,reversible,,,con_contrato,1761c815451d8ff2e300ec1e66e61b6563401f305eb7774fd1b35d39ee3c8947,True
muestreo,sum,250,csv,no_reversible,"el CSV descarta los metadatos del documento (header con 5 claves: d, l, t, src, dur); solo los registros se reconstruyen: reversible",,con_contrato,8097910d70859f4b4513ae0cc266692af43c923f48becf37395fa199833785f9,True
muestreo,sum,250,toon,reversible,,,autocontenida,a0f79746b5e33ad30ba898b7822ea892e3d6ed5012729b4bd8334bc7a90772f6,True
muestreo,sum,250,toon_flat,reversible,,,con_contrato,109b447814e0793144eb46ab7d1cb5d36f92bd812d93f99c27d66cf32e11e03d,True
muestreo,sum,250,mini,reversible_normalizado,,header.n lo añade el serializador .mini; header.v lo añade el serializador .mini,con_contrato,2fda2868aba24f511408aa47b6e4888c8c94e6ca7d79166b915263858c1677ca,True
muestreo,sum,250,xml_tipado,reversible,,,autocontenida,a02dbd207217c093cb76d8e3d30d6092956f43cd410fc6a819a8eee06e1cc410,True
muestreo,sum,250,csv_reversible:celdas,reversible,,,con_mapa,b76abe0bdcbcbaf74845f46ec3450adaf0c9d28607c35812e3392e1c973985fd,True
muestreo,sum,250,csv_reversible:columnas,reversible,,,con_mapa,d460143452c3929221dee091abcba9a9ea7d5bd6c46f6d8d57a9fe9946d18a4e,True
muestreo,sum,250,toon_reversible:celdas,reversible,,,con_mapa,73a307ccf53d455d84c5380545af746450f11b3352d9bb83f676bd273deb107d,True
muestreo,sum,250,toon_reversible:columnas,reversible,,,con_mapa,ef300315573a51b5a18a11845619abbc8669ba55d004019289f236cad8fdfcb7,True
muestreo,tc,1,json_pretty,reversible,,,autocontenida,b65009643a92886fc9ac2c568731fa63b14a7fac3bb29620fbc2e6f289f9e69a,False
muestreo,tc,1,json_compact,reversible,,,autocontenida,5d2f47cf755bce79296f3b8ca52d59311002e4b53e965dbcf4d33e3c3fe67dc9,False
muestreo,tc,1,yaml,reversible,,,autocontenida,d106435683db685bfda4f52944bda447dff93761e370d95f65455ea05536362c,False
muestreo,tc,1,xml,reversible,,,con_contrato,699f931e4485659f0095b24ea095caaeecc95b052614f334e217e08b75c4eb8e,False
muestreo,tc,1,csv,no_reversible,"el CSV descarta los metadatos del documento (header con 4 claves: d, l, t, proj); solo los registros se reconstruyen: reversible",,con_contrato,3c7bd6c7bcbe1783f3eb0bd07e8550c09f80c43712e9971e62c055c7832665ca,False
muestreo,tc,1,toon,reversible,,,autocontenida,25e7a2fece0d63b256ad076052c9060700c3f7bae97cf57c16fc0d3081b5c74c,False
muestreo,tc,1,toon_flat,reversible,,,con_contrato,85f03e478478cb4a2f5b1f18a4ee4cfbf3a91c9513be98521c30fd0124276965,False
muestreo,tc,1,mini,reversible_normalizado,,header.n lo añade el serializador .mini; header.v lo añade el serializador .mini,con_contrato,d8274485042587e4c8ac24f16be74dc9dcff48bebe565a7edf790d6c7aa7f20c,False
muestreo,tc,1,xml_tipado,reversible,,,autocontenida,1a8785391f3fc60ed21ffc392b0f20ffbcb1365bc7c89801bd8e71b7a12eca9e,False
muestreo,tc,1,csv_reversible:celdas,reversible,,,con_mapa,1f50c383c82629509df5a01a0a0e9adf5ddb67addec60cf4979527ebeceec756,False
muestreo,tc,1,csv_reversible:columnas,reversible,,,con_mapa,3a19db7028d70dff53b733f6767c512cfa85f4cea69ce3ec6a7a72d3f0a6a45e,False
muestreo,tc,1,toon_reversible:celdas,reversible,,,con_mapa,3436edbbfb8a69e6fa6fc25e096c50f45204a9099d3a7142ede77a88bbee62c3,False
muestreo,tc,1,toon_reversible:columnas,reversible,,,con_mapa,3cbfc570f2e1c9ea9765d7aa930a0c02e041094d41e213c8bab9ab592d2edae2,False
muestreo,tc,5,json_pretty,reversible,,,autocontenida,837df42aa5ba0863f52083c38fd1c4cdf46eb710b73592d02c6d8dc62890257b,False
muestreo,tc,5,json_compact,reversible,,,autocontenida,5c0f03d1a158f232a9ebf693530f153880bdd24ba1b0c781ba1a335f62bda1d1,False
muestreo,tc,5,yaml,reversible,,,autocontenida,cc1522df66fcead1b4a18ad37c0deb7fc67d2d3c71b97fe66df8a9e3ecd1ea85,False
muestreo,tc,5,xml,reversible,,,con_contrato,37bd788fe9c2f35bd3ba3952e272a4eca6f98fe992ae8ce02c9791ec42780866,False
muestreo,tc,5,csv,no_reversible,"el CSV descarta los metadatos del documento (header con 4 claves: d, l, t, proj); solo los registros se reconstruyen: reversible",,con_contrato,28637127adc8fe4ff69d541db0d87523699ceec2ffa4ee0f5e0c98b1d117b214,False
muestreo,tc,5,toon,reversible,,,autocontenida,2d16a5a8e1daa0835013d3c4101aacfdd6f5838b22110b0613f243d1f17719f3,False
muestreo,tc,5,toon_flat,reversible,,,con_contrato,e1e87738709527482d1066f5011ad9c2d4a368bd2fcffdd40aecf4681c00e70d,False
muestreo,tc,5,mini,reversible_normalizado,,header.n lo añade el serializador .mini; header.v lo añade el serializador .mini,con_contrato,4f242078589f0af43632971d4a46050014387e79a96cd8ce7bd1074eab15d7a4,False
muestreo,tc,5,xml_tipado,reversible,,,autocontenida,2ae65f6c9cf57618b7c46cf301159463cf41937b0abccc53c51ec9f1cbc7d156,False
muestreo,tc,5,csv_reversible:celdas,reversible,,,con_mapa,f24e628cc96b8acfec0ffdbe620a2afbbe45b8558b4a95c24ea062f50540f128,False
muestreo,tc,5,csv_reversible:columnas,reversible,,,con_mapa,e459ed8649ef569a8c53371d9653dacbe169e4fbc0c72cb6e4d0328e2bc6f8fa,False
muestreo,tc,5,toon_reversible:celdas,reversible,,,con_mapa,185811eeb59ada1d690450dc65d3f437e14feb702ed572d3cf5b88ffb9307f1c,False
muestreo,tc,5,toon_reversible:columnas,reversible,,,con_mapa,a1b93b3aff21d88ce771aea10f93e132f92d7a00bc90f6a3f6da43c3cf4f3236,False
muestreo,tc,10,json_pretty,reversible,,,autocontenida,718e23e0b6963accce52b968bf5097c493a075c7509bbce74e3e282c5d7048f9,False
muestreo,tc,10,json_compact,reversible,,,autocontenida,4a49c654c8167eb87f9bc452c15c4abf95a10eed3d16c0d0d0957c91adec8104,False
muestreo,tc,10,yaml,reversible,,,autocontenida,867dfed284bf66a597dbe5190ec58354d2f5e29ee987114a091b87c730da7456,False
muestreo,tc,10,xml,reversible,,,con_contrato,5e27b9de96dd906cacaf5177e494665c438705a6deb451dabbc8d44085753f06,False
muestreo,tc,10,csv,no_reversible,"el CSV descarta los metadatos del documento (header con 4 claves: d, l, t, proj); solo los registros se reconstruyen: reversible",,con_contrato,8e805000c57e26e6b937b5781598b125370c2afd11b709f8a1fad76ef95fa794,False
muestreo,tc,10,toon,reversible,,,autocontenida,acb788089744de2709d956e74d63d0d6dee4b57bba665f75c11b9c16dd111976,False
muestreo,tc,10,toon_flat,reversible,,,con_contrato,afa73d9ed7ec24d37f08223f1c8cc819c93ecbe9a0a5593a040231e240ba65c6,False
muestreo,tc,10,mini,reversible_normalizado,,header.n lo añade el serializador .mini; header.v lo añade el serializador .mini,con_contrato,e050c3e7d22d4f4def6d0806bd89d5a151991b1ec5b606260605f6aad161892b,False
muestreo,tc,10,xml_tipado,reversible,,,autocontenida,5968116848aaae5b6da6623cf56c033ec013866b3012499cca5ba15669f02bdb,False
muestreo,tc,10,csv_reversible:celdas,reversible,,,con_mapa,121e80637dfa90d6ce345bcb2cdcf121ffa0ba7e394a4b58494011d7b74975e8,False
muestreo,tc,10,csv_reversible:columnas,reversible,,,con_mapa,b87594027ac64c19e807c3190de91a8dc4d42cb7b980b70274367054e9be5703,False
muestreo,tc,10,toon_reversible:celdas,reversible,,,con_mapa,e28db22db7c4f30ec6bf271fca78c054ec61ade65141c80cc354ea0e9ec2216e,False
muestreo,tc,10,toon_reversible:columnas,reversible,,,con_mapa,99ab0042febd17f2265641fca3acebebfc2f50cd195a6a49c68bec15d128fc8f,False
muestreo,tc,12,json_pretty,reversible,,,autocontenida,6998b5cee8ebc6079db1892f85c0897b5e4dc3a71b2fd42131e53f99009e68ad,False
muestreo,tc,12,json_compact,reversible,,,autocontenida,517786c2839efbe9cb5245653289638bc02e7d15a7da19d53be90785d2066c99,False
muestreo,tc,12,yaml,reversible,,,autocontenida,3da701b97bd4f2bb69d2483c97088cd0ba006432be52dabe7e9535d49ad53552,False
muestreo,tc,12,xml,reversible,,,con_contrato,85c2f6e8497cc9b65e68377c59f99ed4792cfac16be635c5720effec87f53c50,False
muestreo,tc,12,csv,no_reversible,"el CSV descarta los metadatos del documento (header con 4 claves: d, l, t, proj); solo los registros se reconstruyen: reversible",,con_contrato,97978ebd2b778ae48350622c6662704916f306a8b0050dd8f0dcc96f8b983933,False
muestreo,tc,12,toon,reversible,,,autocontenida,2a481b75d79695550847ac2de4d18d7ce623a5c4abd84ef48320eb0f08118400,False
muestreo,tc,12,toon_flat,reversible,,,con_contrato,1e1d96c9abad8a08a5637c5f5b9f879d5002b4d8514feca6bf8e45607410239c,False
muestreo,tc,12,mini,reversible_normalizado,,header.n lo añade el serializador .mini; header.v lo añade el serializador .mini,con_contrato,0952b9fe22b3daf4d2b56af6e2b449f5329151a38c3ab7851dfd3ee2358e4301,False
muestreo,tc,12,xml_tipado,reversible,,,autocontenida,311166f9b9cc6a79ff773102e04f26894152de70c2b54edb3f0592c7e0402f95,False
muestreo,tc,12,csv_reversible:celdas,reversible,,,con_mapa,a1730d149d674cb91700d73460cd247a0be233436d92cf7a7dc2edac2024765a,False
muestreo,tc,12,csv_reversible:columnas,reversible,,,con_mapa,f9d1fb6167ae08388993dec591e40ad41b9a123feb693934fedb4174b5dd50e7,False
muestreo,tc,12,toon_reversible:celdas,reversible,,,con_mapa,683974e252d5f1afa315f343bf2223e46b1bbd096af6c2e844b69132a2f921b1,False
muestreo,tc,12,toon_reversible:columnas,reversible,,,con_mapa,97883bfe57fb0c4fa1cbd163757f13186415f18647e48276731409cf0caa0f15,False
muestreo,tc,25,json_pretty,reversible,,,autocontenida,40dd7e41daac5bedf0c1d3af79ba08514b30c5069e800eda6ed7a17f4da0c225,True
muestreo,tc,25,json_compact,reversible,,,autocontenida,894e24f7b2d5d45edbf503055416a0b0e028594e4dc508ade7d52e7ec79b4fdf,True
muestreo,tc,25,yaml,reversible,,,autocontenida,cd6ba193ea64b3774c3afc800401c9bb4f233997adab9f70be0ce1a130cce9d2,True
muestreo,tc,25,xml,reversible,,,con_contrato,eee612fa369f21e6c5afdced113c0c75a3011f13864b012d88aad306683167d1,True
muestreo,tc,25,csv,no_reversible,"el CSV descarta los metadatos del documento (header con 4 claves: d, l, t, proj); solo los registros se reconstruyen: reversible",,con_contrato,c2708e005f2f500d9f2966f80137ddf843135af4c2be48cc320ff9821e4a801f,True
muestreo,tc,25,toon,reversible,,,autocontenida,6ad014463c52b91ce749101037cd337c4856329903171a8678ebdc557b5cde1a,True
muestreo,tc,25,toon_flat,reversible,,,con_contrato,ee7a01758a9c0fb715fc7bbab41e0b6dc407759d49b5dc665a2a363bbce041d5,True
muestreo,tc,25,mini,reversible_normalizado,,header.n lo añade el serializador .mini; header.v lo añade el serializador .mini,con_contrato,ae307a1767391f612d36cd455725117c8b2f1b266a98038db71c4389bdb906f7,True
muestreo,tc,25,xml_tipado,reversible,,,autocontenida,161e797203ef46e0db5fc2834018c80010039d9cf7cce9bf62f62a304cec562f,True
muestreo,tc,25,csv_reversible:celdas,reversible,,,con_mapa,812dc4c578b599ceae135beed2f490360de2dded31917dd4d8393f2d66f60884,True
muestreo,tc,25,csv_reversible:columnas,reversible,,,con_mapa,ac49a1033bc1a08bc3cba0a1b4783b216d166b9f9406e3feb03c4eee1f11e088,True
muestreo,tc,25,toon_reversible:celdas,reversible,,,con_mapa,8a962f9f0736df322a92b32f7a5302a86280670c0162b2b5080a3b9bfcbec30e,True
muestreo,tc,25,toon_reversible:columnas,reversible,,,con_mapa,a579542076fe039bcf07f7f5a7d4696ca96a8651ee07a0a7416340bdaa327efc,True
muestreo,tc,50,json_pretty,reversible,,,autocontenida,4ccfb76640edb41a22435b20e74c041d605a311132064033519891f59abdbf6e,True
muestreo,tc,50,json_compact,reversible,,,autocontenida,4be94e80c832559546b68a724815e05db68f436a264fde5f17c9c99c668e5529,True
muestreo,tc,50,yaml,reversible,,,autocontenida,3a83319d42bde10e9d2d745e91c1360b1aaa76686cd1f7ed885f468516241131,True
muestreo,tc,50,xml,reversible,,,con_contrato,0d24397f34b9be8b25ce9a6b33aabf7e1faff8a02441f523c76804635bebfbd0,True
muestreo,tc,50,csv,no_reversible,"el CSV descarta los metadatos del documento (header con 4 claves: d, l, t, proj); solo los registros se reconstruyen: reversible",,con_contrato,a6e170295727e70d0de517c3bf37dce713becb3c061135212b5d57f81f852fb6,True
muestreo,tc,50,toon,reversible,,,autocontenida,edaf3df1966e8b612d1e26079eaf574467fda35db7ca8cfd2289bc3805b4896d,True
muestreo,tc,50,toon_flat,reversible,,,con_contrato,fb653b528cf4f90b39df9c394dde9dfc31f360f283c6590d003e5db04a7d53dd,True
muestreo,tc,50,mini,reversible_normalizado,,header.n lo añade el serializador .mini; header.v lo añade el serializador .mini,con_contrato,30dc55e1946f69c3544895e48bc0aa9fd7d3eaa89081eafbf514e273aea279b1,True
muestreo,tc,50,xml_tipado,reversible,,,autocontenida,4c49b96b4e77723ed0492a30f7ac673fc8973a7f50dfa59aee44528c30f80196,True
muestreo,tc,50,csv_reversible:celdas,reversible,,,con_mapa,9abebee77ba8ada336163c58ce431e8bcb930ef02102598ec19be60a6bc8a3b6,True
muestreo,tc,50,csv_reversible:columnas,reversible,,,con_mapa,88a291bd309021a1aa786523f67d0d0eeadf359c800bec46843d80cdcc80f1c9,True
muestreo,tc,50,toon_reversible:celdas,reversible,,,con_mapa,55a730e2b6e865184c6117cec944568834a523f9e587c216b0c1f8b2caf34472,True
muestreo,tc,50,toon_reversible:columnas,reversible,,,con_mapa,90f7b825ae24dcd5286bed89de33955c13049a05962f320d7bbae4a6f7a638e3,True
muestreo,tc,100,json_pretty,reversible,,,autocontenida,5a5995537f09ddd2b9fae99981b10d9bb1ac8fdcbdbea95924c953a4990d88c0,True
muestreo,tc,100,json_compact,reversible,,,autocontenida,3d34ca954c51f1b15326956ba9636e899c4b1d63ac2d8015d2094daa5768523d,True
muestreo,tc,100,yaml,reversible,,,autocontenida,a0519b484c4304cfe9b89c8f2fe0385a3b3fc65fa7f3a9f1e358d71092108935,True
muestreo,tc,100,xml,reversible,,,con_contrato,1e45b425c6bbfb0f2b492b8f93acf242c6e2cc9cef0f391fbe0f31babff864e3,True
muestreo,tc,100,csv,no_reversible,"el CSV descarta los metadatos del documento (header con 4 claves: d, l, t, proj); solo los registros se reconstruyen: reversible",,con_contrato,312e54970548b14782cb41e9afad95adc5fa2b50d0983a9587b8a3ab50ee8753,True
muestreo,tc,100,toon,reversible,,,autocontenida,82ae1d0bdd7f038f4e3ec82fbc059c893520b93c21a07472b9a2e253da439070,True
muestreo,tc,100,toon_flat,reversible,,,con_contrato,1689c32f67aa74bf375bb61a79d8be60fa02d5c25b12b2f0b4cf92536247c860,True
muestreo,tc,100,mini,reversible_normalizado,,header.n lo añade el serializador .mini; header.v lo añade el serializador .mini,con_contrato,deb52ef426d0d6c3811f4da608ca3d276c263444db693f6cbcf97af9b989232c,True
muestreo,tc,100,xml_tipado,reversible,,,autocontenida,238bc683e96e549e9e6ef6455ca43cd679e8a842f3c1a3f0b5a390f627a1b391,True
muestreo,tc,100,csv_reversible:celdas,reversible,,,con_mapa,50aa4da78efeca9a9a686f90b1daf7e2e985d6059e6ff1681d081c2b39f3797b,True
muestreo,tc,100,csv_reversible:columnas,reversible,,,con_mapa,27779d6645e1bc17373fdd93b993c7dfc2656ea5ccdfb857a8e2e7a2061a354d,True
muestreo,tc,100,toon_reversible:celdas,reversible,,,con_mapa,ac07d5f673d8429772c484828df888d1eefa549a2f12d59b6ac622404370e4eb,True
muestreo,tc,100,toon_reversible:columnas,reversible,,,con_mapa,6952be1d1f19a44a75fd7c893600fe07a88a197ea34431a0dfca03a9928ebd46,True
muestreo,tc,250,json_pretty,reversible,,,autocontenida,be211507b0f1da0d9dd8eacaea96bfc40352ef47d892ab0c6accf5980013fb1a,True
muestreo,tc,250,json_compact,reversible,,,autocontenida,dd3ece570d155f4d98419dd77a72496ad9267a297b01cce1d98722ab28532868,True
muestreo,tc,250,yaml,reversible,,,autocontenida,8b87bb7ea785ec151850ca3b330c7c86dafb81538ec6f3ffc437ac38f09ff06a,True
muestreo,tc,250,xml,reversible,,,con_contrato,a1eeee0d0f66c41aa14e16bcde4c3696d68c61eb380db0a28b6f1ee075d35d71,True
muestreo,tc,250,csv,no_reversible,"el CSV descarta los metadatos del documento (header con 4 claves: d, l, t, proj); solo los registros se reconstruyen: reversible",,con_contrato,c772c124a97156cb9e6a4b78ddfd79f48ddc05f772e4afea4342b9ca941af592,True
muestreo,tc,250,toon,reversible,,,autocontenida,062d98e5b38319380fbdc0cb97eb568b694b6bc18e7765d6b29b9ebd946b57d0,True
muestreo,tc,250,toon_flat,reversible,,,con_contrato,5de0bc75e22d88ce5de37da065d8f21cf5fa7484f655edeae13929fe87c59738,True
muestreo,tc,250,mini,reversible_normalizado,,header.n lo añade el serializador .mini; header.v lo añade el serializador .mini,con_contrato,a5011e1b1d18710591d4f6fac3a34b7e3cdc2e4d3b2d55ecb55af9e5d739b3ce,True
muestreo,tc,250,xml_tipado,reversible,,,autocontenida,2e9dd92e63c9a770e593989637c71ad2041c63bbadda943b9e8a28b8611ea3b1,True
muestreo,tc,250,csv_reversible:celdas,reversible,,,con_mapa,0de2a2666d64a03772837313598b4a8cf14e1db603e340ef9017ffde9c239655,True
muestreo,tc,250,csv_reversible:columnas,reversible,,,con_mapa,d7d529085f82a53677084fdd737a82ac80b853e5ff774e8c53e0991ffcf61688,True
muestreo,tc,250,toon_reversible:celdas,reversible,,,con_mapa,915826a014aa18fed95e3070e8987f0c5df789c77be6603f8f46ce37ad79ee90,True
muestreo,tc,250,toon_reversible:columnas,reversible,,,con_mapa,fc44fab4a6bb93c6cea52d222beb28f7beb11407110a079c548b7656003ecead,True
muestreo,us,1,json_pretty,reversible,,,autocontenida,ffce2203b2209a30fd8a0f1fafa1e99e0758bcf6296585384a8587c4f13a25df,False
muestreo,us,1,json_compact,reversible,,,autocontenida,f33eb02f080614313eed811309e066e02eee618b1ffe672a909695632d650dd9,False
muestreo,us,1,yaml,reversible,,,autocontenida,e3e04c1a7d275de587a5519ec75530f3fd6b66be12304058cc1fd15c5720486a,False
muestreo,us,1,xml,reversible,,,con_contrato,b013f731025ecd503bd57139729fc5b87f67bf222462486baa236a7347484d3c,False
muestreo,us,1,csv,no_reversible,"el CSV descarta los metadatos del documento (header con 4 claves: d, l, t, sprint); solo los registros se reconstruyen: reversible",,con_contrato,81aaab05f3042be200308d94c955baf4a56d9f76751a10f57fabe9c05db3b1d9,False
muestreo,us,1,toon,reversible,,,autocontenida,134693e0bbfbadc8529d752836f1e3a5d464dcdcb430fc1a5a1f56028c2de240,False
muestreo,us,1,toon_flat,reversible,,,con_contrato,fca99e77d06f539f0c3a99d970a26ccaf35d8bd139e010a0d58961c27cbec17e,False
muestreo,us,1,mini,reversible_normalizado,,header.n lo añade el serializador .mini; header.v lo añade el serializador .mini,con_contrato,cabc5a2cac8905ac1ab06c63bfe93c08eebfac54141edf258bd497ecdeecc237,False
muestreo,us,1,xml_tipado,reversible,,,autocontenida,c322ad63bdfb3fd3a13864688a7f371798eff5ffdb59222d970e90bc76004935,False
muestreo,us,1,csv_reversible:celdas,reversible,,,con_mapa,3da049f2954d0fe8da237aaf7a0f2ed6e151bedd2fd2571c54f3a2c9a6789831,False
muestreo,us,1,csv_reversible:columnas,reversible,,,con_mapa,c2808e46e618c5351a298ae06560ce38d7af96e6f1fa4968918d9e97bcec4478,False
muestreo,us,1,toon_reversible:celdas,reversible,,,con_mapa,d1f4d29ded2d1d98c3227cbecd4edb91de48d49cf9cb94895068d62715fb8a7e,False
muestreo,us,1,toon_reversible:columnas,reversible,,,con_mapa,91b78f0d7a49a0926371a11f5f846f0886238481912fab8440100f4a415ec22b,False
muestreo,us,5,json_pretty,reversible,,,autocontenida,8e04647d4c11b8172543169275545849e9ee57afcbcf0b3866457d2495e38d89,False
muestreo,us,5,json_compact,reversible,,,autocontenida,a3863fc5a79525abf15f687e43acb00d355a6a23a11bdbee3d19e9e6d18ce2c3,False
muestreo,us,5,yaml,reversible,,,autocontenida,437dc59f5b2bb069453c24f65d788996e19ba67bc329928cf54f81bba77f12f8,False
muestreo,us,5,xml,reversible,,,con_contrato,6c258ab87ac34e17926090b50b6fb825d38524c53b991e4efd32f2a92ceb2f5f,False
muestreo,us,5,csv,no_reversible,"el CSV descarta los metadatos del documento (header con 4 claves: d, l, t, sprint); solo los registros se reconstruyen: reversible",,con_contrato,7c606d39f959babfdcf2f8f184b7092303f8691693f6403364a98fe575b74639,False
muestreo,us,5,toon,reversible,,,autocontenida,2b7eceb1aab04c344360613f660709ab30b4b62251eb69194f080138ded8b0e3,False
muestreo,us,5,toon_flat,reversible,,,con_contrato,2b23cd30c506ec8dca69d32a387a1982c58dd4885efd06c1c6f723b36db27471,False
muestreo,us,5,mini,reversible_normalizado,,header.n lo añade el serializador .mini; header.v lo añade el serializador .mini,con_contrato,2d2162ee9a277c7d3bf5297254d860e4a04fa84c2dd13cce7102aa920f8379d7,False
muestreo,us,5,xml_tipado,reversible,,,autocontenida,e27d9c4bb8e61afb1738f2b7f7a61246b38e6d600321cdbf998a1da8e0e3f657,False
muestreo,us,5,csv_reversible:celdas,reversible,,,con_mapa,50a29b46ff35a57ac0258ab663d27c9f780499367b7690426d642813b091aaa2,False
muestreo,us,5,csv_reversible:columnas,reversible,,,con_mapa,14aaab252d233c462266c0577d0377c5ff2b031f5ec40566272a8fec193a8dc7,False
muestreo,us,5,toon_reversible:celdas,reversible,,,con_mapa,c23d6f86a0fc675f004a268fbca415f887ce7f9178a167a419ca77d90ee7db6b,False
muestreo,us,5,toon_reversible:columnas,reversible,,,con_mapa,4d4427b6ce37a10ce3c087ab6e92c0d4162bc8c74135597951129ecb51f2285e,False
muestreo,us,10,json_pretty,reversible,,,autocontenida,64b4310d131598b8478c34bc2566636f15e285230145ccb46c55eb5d171d28ed,False
muestreo,us,10,json_compact,reversible,,,autocontenida,bd2ad1b6970cd54918979e06d336a47905cfb60eb4dea608a8b03c6b48806c03,False
muestreo,us,10,yaml,reversible,,,autocontenida,a5390555466259c1a1a672ec2fa608b3ff7e089777dfaf350f60876bae19fb02,False
muestreo,us,10,xml,reversible,,,con_contrato,2bc2773462972f740f94142900ac0283fc5acd9f6a9b24c17ca84ed605d76935,False
muestreo,us,10,csv,no_reversible,"el CSV descarta los metadatos del documento (header con 4 claves: d, l, t, sprint); solo los registros se reconstruyen: reversible",,con_contrato,d3cdae148224e82e377afa1ac8c8e5a6de0c59fbb2c7b9f7c173d2bd6a67a551,False
muestreo,us,10,toon,reversible,,,autocontenida,f28b9b61eac955d9940059fb7e68f05757565f190a6297b638726f7aa71f5dfc,False
muestreo,us,10,toon_flat,reversible,,,con_contrato,10eab70ba9c7bb42e71e2fa04c88026dca9924e74f768cf53e6de84059ca736f,False
muestreo,us,10,mini,reversible_normalizado,,header.n lo añade el serializador .mini; header.v lo añade el serializador .mini,con_contrato,2f3393889feffa836e9e31b0d1940183746cd4734e252119c58c6d3603bac996,False
muestreo,us,10,xml_tipado,reversible,,,autocontenida,ec9a78a64976b546106900958ade31246898413025811545ab98c99d905f57c4,False
muestreo,us,10,csv_reversible:celdas,reversible,,,con_mapa,84faf6ee4dbc94ab41185425873f7d8283dd3cc0809eed66751d975c2dec8f7b,False
muestreo,us,10,csv_reversible:columnas,reversible,,,con_mapa,971484d9e4b4981d1267c1a9b7eadbc40648209487a47781fdf1af74d72fc524,False
muestreo,us,10,toon_reversible:celdas,reversible,,,con_mapa,803e234a7e7a5c21e66a255a893f086b45f39f62905d37f68a1c4f6ca9f7cee2,False
muestreo,us,10,toon_reversible:columnas,reversible,,,con_mapa,11e9620914b41e4f051d901203ff9e328383c15e01f51a32b773175a5c14f188,False
muestreo,us,12,json_pretty,reversible,,,autocontenida,b2b23e57614d570bbab0cd4ab1dc7faa82df5f4b70d878d955d3573ac1d980fe,False
muestreo,us,12,json_compact,reversible,,,autocontenida,fa0b303dea4bc70f16de741f33950a04beba40a78016753faf363211ee02fa0e,False
muestreo,us,12,yaml,reversible,,,autocontenida,398b41f6e81b925cfaed43f8416592c5dd9c62743a60a03c50945afc5ba508a3,False
muestreo,us,12,xml,reversible,,,con_contrato,a9f8c6f4f24907058bd00c4a432ee7e2a9c19b4934ca8f0f51d43e591effb9fb,False
muestreo,us,12,csv,no_reversible,"el CSV descarta los metadatos del documento (header con 4 claves: d, l, t, sprint); solo los registros se reconstruyen: reversible",,con_contrato,d1d19f98730fd66b20b2dd0ef3943b2c07ab7deb6dba550c9e397350b34b5082,False
muestreo,us,12,toon,reversible,,,autocontenida,cf8ddebbf57dacb0e6d2d9f480cd63664f6a93f40b70a1c2b61439d58ee229ce,False
muestreo,us,12,toon_flat,reversible,,,con_contrato,7f5f4d664cbd4ec46fb42f7b727a5f0ccef3f4b4f2d989729eebfc9f5e5402b0,False
muestreo,us,12,mini,reversible_normalizado,,header.n lo añade el serializador .mini; header.v lo añade el serializador .mini,con_contrato,fef8912e3aac688d63ae27dc3298cd9db7ef0ee09eee212ae1cc175f99216740,False
muestreo,us,12,xml_tipado,reversible,,,autocontenida,c55c54d9d48384c3d9e293947a5c60072f63b05eafa5db9c72b70c8643de5c1d,False
muestreo,us,12,csv_reversible:celdas,reversible,,,con_mapa,7225e9599eecdbd64d78a09cd03d2bedf6022cf5c52047a34626b1cbcfd0f59a,False
muestreo,us,12,csv_reversible:columnas,reversible,,,con_mapa,af2ff24d35f654fe6dd19171a7ddb93595156a5c6f956ea0ccd43302d340e075,False
muestreo,us,12,toon_reversible:celdas,reversible,,,con_mapa,fe10256ed54f91effd04a845f0cbeb06a1adcd77c56e94b7704bddda08e2a5da,False
muestreo,us,12,toon_reversible:columnas,reversible,,,con_mapa,e359d1ce4aa7023d5f69bc0f6ce5e75bb2f28aa9e07212e3dc6c3159ad07129b,False
muestreo,us,25,json_pretty,reversible,,,autocontenida,8a0e70bd65e8a5682ce719c8ff7942ccc9bae8c3e4a1845135b0a89cb43ff0d5,True
muestreo,us,25,json_compact,reversible,,,autocontenida,159b190139d0758f5611cd7da5ea129246fc3e2586ccd0be4d26f97c2e05a047,True
muestreo,us,25,yaml,reversible,,,autocontenida,e3607190e7b5677b1fb7d5e397b1fea3412898d9337d1f8601b171800ffa2d52,True
muestreo,us,25,xml,reversible,,,con_contrato,e83028bbb35acabd00506ae0e281fd09212f1f1b6ba7d29d4262a77d431c36b9,True
muestreo,us,25,csv,no_reversible,"el CSV descarta los metadatos del documento (header con 4 claves: d, l, t, sprint); solo los registros se reconstruyen: reversible",,con_contrato,a5488b16d8b4dd5ca6412de3601ebed12aedbc21dd2449d4e1348d4a6dd55d7b,True
muestreo,us,25,toon,reversible,,,autocontenida,215fc6836fc5a285ac7790c71bbfa93c1257bc5ec41127e8f31d6efacc1fd15d,True
muestreo,us,25,toon_flat,reversible,,,con_contrato,1031be51e75e5b9fadfa36f2506367dcbb39ee5e20516abfcf4672b6252ca909,True
muestreo,us,25,mini,reversible_normalizado,,header.n lo añade el serializador .mini; header.v lo añade el serializador .mini,con_contrato,224aaccdfaac122c6947c4f1e4149dbb657d2a43cd8f7531c564324b44817b94,True
muestreo,us,25,xml_tipado,reversible,,,autocontenida,1e4fd9c423528a41f930b13eb343d21fc5a3d6bf47cc98d659905e32ee34d790,True
muestreo,us,25,csv_reversible:celdas,reversible,,,con_mapa,5905c253a7edcf639e81a68539d891118d731d6d29196202560912636ec6c209,True
muestreo,us,25,csv_reversible:columnas,reversible,,,con_mapa,e9a106bf8183e038e47bdb194565a9fa531c720639642d1bcd266804721c6112,True
muestreo,us,25,toon_reversible:celdas,reversible,,,con_mapa,219c2c4cc1d081d3ef37e6087c47e20bedbf3f4a2899b242376f99127ed3ac40,True
muestreo,us,25,toon_reversible:columnas,reversible,,,con_mapa,de40b97c5e747f28514778f3ac8f4ac980d9c9b3c0c59a58316bec68550a1479,True
muestreo,us,50,json_pretty,reversible,,,autocontenida,b68cdeb33c286c85252c2a2ffb429445a14bbc7c0d2845e5721e46ee5d821ec3,True
muestreo,us,50,json_compact,reversible,,,autocontenida,228be2d06cdfe4b6cd19360d83c1d3cafc6037b885a2566351411972e577fea6,True
muestreo,us,50,yaml,reversible,,,autocontenida,58f3c5357a50e91bdc1a4c9b4e96525f1a36fa1e715ed41f1fcd6c05f0fc8c17,True
muestreo,us,50,xml,reversible,,,con_contrato,1056e41662ae14bbccabe2c6461d625969e3474352c2ce4103ca4909f0bc178c,True
muestreo,us,50,csv,no_reversible,"el CSV descarta los metadatos del documento (header con 4 claves: d, l, t, sprint); solo los registros se reconstruyen: reversible",,con_contrato,886f9fb3425cb5d77df1dd7be31640d6863acd6a61f90e06b355ed764e64b7d7,True
muestreo,us,50,toon,reversible,,,autocontenida,1574814b3c916e3fe92dfcddeadda167b07bd1902f70608957f39dc6cd65d129,True
muestreo,us,50,toon_flat,reversible,,,con_contrato,76bb015b51ab0a014d5b26ee0536d01d14026673795d2fe9dd30f42ecb175e78,True
muestreo,us,50,mini,reversible_normalizado,,header.n lo añade el serializador .mini; header.v lo añade el serializador .mini,con_contrato,f87d8b74cd7c1c4deb3bdf0bf6e7fe7efbf2c4c101018c3d1fe8ee918adff490,True
muestreo,us,50,xml_tipado,reversible,,,autocontenida,bfe825fdfb9314298d423c4d890e69732c9e4f22bb70a44b25a28da64aa707ed,True
muestreo,us,50,csv_reversible:celdas,reversible,,,con_mapa,5a8d002800c5e699b3e27a839cfcf3ac283d991781be77c68382b3c661da138a,True
muestreo,us,50,csv_reversible:columnas,reversible,,,con_mapa,b55b98bb0ff59996eaca88fae7eb886ae071182e087bf4f9b6961deb7e0729cd,True
muestreo,us,50,toon_reversible:celdas,reversible,,,con_mapa,ca572f2517e94e4016737a9b2458035c4fa5f16bc2d8dcb748c20d45a174e233,True
muestreo,us,50,toon_reversible:columnas,reversible,,,con_mapa,1c8d8a6f21ff90fabefc3968864e33b34fb9bc825b6c14ab133e2c738e6b2fad,True
muestreo,us,100,json_pretty,reversible,,,autocontenida,4a2a1eadf10d01229b4c329ca2f063fa8aac939be14f151ae40cbd988efd3680,True
muestreo,us,100,json_compact,reversible,,,autocontenida,0cd49250adc3f8072dd3467305e758f0e0cdad534caa8616204b39bc9e51be19,True
muestreo,us,100,yaml,reversible,,,autocontenida,7263084d45647a0d933404ff0804331cfd49e90f37d6344b30d1ea04899f2763,True
muestreo,us,100,xml,reversible,,,con_contrato,8368cf95a2452f22d3315d1220ba73f9ce49738dc13dccfbe00cc6c5849c3a81,True
muestreo,us,100,csv,no_reversible,"el CSV descarta los metadatos del documento (header con 4 claves: d, l, t, sprint); solo los registros se reconstruyen: reversible",,con_contrato,85e84ca229eb8950d0fbd0a60d04b07f4f1ea175926e4a6d0d051d8658879949,True
muestreo,us,100,toon,reversible,,,autocontenida,9a2b1bf2e0795b1ab40f9018a2ce9be56413847865c2a4434673153c3d64d8fc,True
muestreo,us,100,toon_flat,reversible,,,con_contrato,eaea364ca20d18d9f2974ad890c85054efe11f5f0a3d3f86ab1c5be3bb75709a,True
muestreo,us,100,mini,reversible_normalizado,,header.n lo añade el serializador .mini; header.v lo añade el serializador .mini,con_contrato,8c902562d7fb346126ab5502c0278bbcff76b12d91df15a3731451c85fced602,True
muestreo,us,100,xml_tipado,reversible,,,autocontenida,13f05a2675135ef0ea164ed24603cba4d93d6a98a2cef79e826ad55c3609824d,True
muestreo,us,100,csv_reversible:celdas,reversible,,,con_mapa,28b640f9718e30d6eeee1ae07a3bae2fed6e2e25f807f4d531b7132fa9d1b22b,True
muestreo,us,100,csv_reversible:columnas,reversible,,,con_mapa,e697f587794980df179312bf1501c20cef8b86cfb014877dcfe6e38f7ff157fa,True
muestreo,us,100,toon_reversible:celdas,reversible,,,con_mapa,0e20582b190dc261a82b77cac1e7871bf2169d20aec42f6a9bfa430b43cedc25,True
muestreo,us,100,toon_reversible:columnas,reversible,,,con_mapa,e6e507b90cfe51ede483f86c163dd594fb4d52cba1083f60aa711b0dd11d1ea1,True
muestreo,us,250,json_pretty,reversible,,,autocontenida,c1d6a172f37432eee950a1d99338381ae1985fabf0ee836a9b05bf3094c02598,True
muestreo,us,250,json_compact,reversible,,,autocontenida,09e679d09e45f51dbf0aa622643dd5c195a0c2f2f351c74c1cf567c2f9430641,True
muestreo,us,250,yaml,reversible,,,autocontenida,5a98605b5724737f41b66064569a11ee205612e981620510bfd2cbc8be1e4a39,True
muestreo,us,250,xml,reversible,,,con_contrato,256e02b300c76eed67c22489ff831cccc8a034ad847353322fb2da95e51c376e,True
muestreo,us,250,csv,no_reversible,"el CSV descarta los metadatos del documento (header con 4 claves: d, l, t, sprint); solo los registros se reconstruyen: reversible",,con_contrato,8a006b61ef134ce8b72d4c7ed62f0f5ab675fad736385b85b7fc25eedaf220bb,True
muestreo,us,250,toon,reversible,,,autocontenida,c2e5783c7fbdcd2a8f91ba30d487f89263a1722f6adaad97a17a36037cfa7e64,True
muestreo,us,250,toon_flat,reversible,,,con_contrato,4efb555063ede3b0d18d00e478248888b7d9acb18124a1e8ddbe6683d07bc03b,True
muestreo,us,250,mini,reversible_normalizado,,header.n lo añade el serializador .mini; header.v lo añade el serializador .mini,con_contrato,33ef97b89ad11a4b16b8bf6eee1d4abaa63cce2180aec6d290bc96b799c31b9c,True
muestreo,us,250,xml_tipado,reversible,,,autocontenida,f355f7bc205504a0ed29c9d28f1232f7ac4cb1a5c90e441bb271b01d4d4b1ea8,True
muestreo,us,250,csv_reversible:celdas,reversible,,,con_mapa,92b7f20285b9471a5bfb9aab5396faaad1571e69943d99cbade89bb86c167cb5,True
muestreo,us,250,csv_reversible:columnas,reversible,,,con_mapa,5b12cd1f117ca356e05b1a91d040e1cafb006ddc478dd697769040933090cb95,True
muestreo,us,250,toon_reversible:celdas,reversible,,,con_mapa,fa3b9393f88feb391df8cac428554e9cc34eb09bb109a1f143a350cd0ae965ab,True
muestreo,us,250,toon_reversible:columnas,reversible,,,con_mapa,7a5bb590ae1e21e3447e11ea2409c452ec1951a63d0e63d3fe78a35e94d3738e,True
ciclo,a,1,json_pretty,reversible,,,autocontenida,335c7d39c691ae892a092edaae3285e03d8711cb3d45b0d31fc9fb41ce5b9461,False
ciclo,a,1,json_compact,reversible,,,autocontenida,81a8e8c19f69af626fa79b1746405fdbc67cfc2eec33ebba62d3eb9077dc0a15,False
ciclo,a,1,yaml,reversible,,,autocontenida,736834019971c13516174a021fd49f4e05e7f0a75d2e18710aa213363c906a9e,False
ciclo,a,1,xml,reversible,,,con_contrato,4a3576fa15b7ea0aebd35e35f5f55f8ded4a38fa591bb1dc9c9515ff9a5744d9,False
ciclo,a,1,csv,no_reversible,"el CSV descarta los metadatos del documento (header con 7 claves: m, d, l, t, bd, cat, k); solo los registros se reconstruyen: reversible",,con_contrato,77e1243ed2fc83392fb919cd047bd828f248af4518a786da60d53cd3add8bfe0,False
ciclo,a,1,toon,reversible,,,autocontenida,6fae83205ee5429251700435a073a208c07a1c5c140dd9a85704f4137fd45492,False
ciclo,a,1,toon_flat,reversible,,,con_contrato,8183d8069b5c555cb145a6ffcf2a9c30867da5e7c24fb1dd7ef9a93882e4e019,False
ciclo,a,1,mini,reversible_normalizado,,header.n lo añade el serializador .mini; header.v lo añade el serializador .mini,con_contrato,fe090746b52807b24f1d2fef46de1ec8f80ed6240f85e7b9bc4940d0bb9fb574,False
ciclo,a,1,xml_tipado,reversible,,,autocontenida,7739f582ba24ab5636b5711dd42b1626fb40ec3c5b34f5185da46148561498f7,False
ciclo,a,1,csv_reversible:celdas,reversible,,,con_mapa,4a6f0aebbe9e6642a2419d504639f5e1a8044187288e5bdb8f1f9ad58b9bc753,False
ciclo,a,1,csv_reversible:columnas,reversible,,,con_mapa,51899ec36ca3118d1300b7e0ed68c8be5d4bdf851af77532cb22488e4a5ee6a1,False
ciclo,a,1,toon_reversible:celdas,reversible,,,con_mapa,2393ab7b655f9cddaaa1e1c59c4d23a5a31e8555192e56b8f46aa64f1518bfb8,False
ciclo,a,1,toon_reversible:columnas,reversible,,,con_mapa,9f27abf48d22074bd9a3964651562806f8de1fb4067b00c8b300ab281250f109,False
ciclo,a,5,json_pretty,reversible,,,autocontenida,37fa858e60e2cd14bfafc5cb640b4276cec05db2595764e56a24bc92308d28f9,False
ciclo,a,5,json_compact,reversible,,,autocontenida,fb86bb4e25383df121fdd59d6e18091cf0be9c8e65b9a3dd21850de9a9e5ab0a,False
ciclo,a,5,yaml,reversible,,,autocontenida,2b02bd93904b755bdcdfe49ac196bc8169a12755d92bd51daf50f18b4aefe471,False
ciclo,a,5,xml,reversible,,,con_contrato,0c1766bc7bfeb56d736f3c714351f4b33c1c21219c8c7a168d4959905a232c6e,False
ciclo,a,5,csv,no_reversible,"el CSV descarta los metadatos del documento (header con 7 claves: m, d, l, t, bd, cat, k); solo los registros se reconstruyen: reversible",,con_contrato,6b3003b5e28dc0e390304e1b6695af373f4ec67d882db7742a40eee1cfa6ac52,False
ciclo,a,5,toon,reversible,,,autocontenida,25c2ed8673a44309fc89f3ed5bb4dc1486e6a3684ebc997e68df4fbcc170ccbf,False
ciclo,a,5,toon_flat,reversible,,,con_contrato,516b81d392fdf0ca686c7847d91b3806ae4fd86f1c8a9f1a703aaa604d5df8a6,False
ciclo,a,5,mini,reversible_normalizado,,header.n lo añade el serializador .mini; header.v lo añade el serializador .mini,con_contrato,fdc059daf29be5f61d3edecefc9b8cb4ad7385efe6eb1bd638e227d8f478e197,False
ciclo,a,5,xml_tipado,reversible,,,autocontenida,0cba12288b09d82199e4a74e068257bca04fdfda31da573eb37f4a04918a4a0c,False
ciclo,a,5,csv_reversible:celdas,reversible,,,con_mapa,22bd07eeb27950307ff19b12e88691ebd53b0833feb1087171b31b44e64a8e73,False
ciclo,a,5,csv_reversible:columnas,reversible,,,con_mapa,7b081105b842273db906ba884ac55a5b686ac42fad1fcd2f59d230de6d8b2738,False
ciclo,a,5,toon_reversible:celdas,reversible,,,con_mapa,478239b966000f68f1814ecf291572586d9df2ad2737d6e3da9d461f2d2ea61e,False
ciclo,a,5,toon_reversible:columnas,reversible,,,con_mapa,9b0c12bf24e2b130680e603071504676d5b88b30a75d4d9e9d596a06cf8c4644,False
ciclo,a,10,json_pretty,reversible,,,autocontenida,5506ac7f8d3d3f254182863bc09b816bda879b7bff0db1a1b23616fb2d9f60c8,False
ciclo,a,10,json_compact,reversible,,,autocontenida,effdddd330ab1cdc2bbe0e5cf62e8e9e477764261fa680d5a94a7abafdb14a6a,False
ciclo,a,10,yaml,reversible,,,autocontenida,73ec4ec85192bfc7e7c438adc3c8d556c3e3667940d941979fd032c8b546538c,False
ciclo,a,10,xml,reversible,,,con_contrato,0304093cbee247b1c83764f5b59eb55da46cff655693afe1f1926911c4a2c4dc,False
ciclo,a,10,csv,no_reversible,"el CSV descarta los metadatos del documento (header con 7 claves: m, d, l, t, bd, cat, k); solo los registros se reconstruyen: reversible",,con_contrato,14450e030a3fcf76affd9fae3adf0a1dbce2731212a81d3b6bc0ab62d71d1e71,False
ciclo,a,10,toon,reversible,,,autocontenida,08a785455a7ab9a8b157525180f8e921faa0c6c3dc77d6c5bdf71766ee5cd464,False
ciclo,a,10,toon_flat,reversible,,,con_contrato,6cdd0239aaaf8b123252fea8e00721bb685e8cbdf49fccfe7fa7baba2b516a5e,False
ciclo,a,10,mini,reversible_normalizado,,header.n lo añade el serializador .mini; header.v lo añade el serializador .mini,con_contrato,495751797202e596d2e47a5f62758dddd8c6bfe216d256dfcad517be94ff7237,False
ciclo,a,10,xml_tipado,reversible,,,autocontenida,46e0026f3dc467c42e5faa91d9176d5ef847e3b0bf8ba47335961c8276efd518,False
ciclo,a,10,csv_reversible:celdas,reversible,,,con_mapa,ecd96aa1f4d70cc103fbf79c6e21538b7111165c8c6560500169c14c2229d1bb,False
ciclo,a,10,csv_reversible:columnas,reversible,,,con_mapa,61de726b78da49c1cc3ccae81266495979035851693e1ad103336b3de513a56c,False
ciclo,a,10,toon_reversible:celdas,reversible,,,con_mapa,c82b694c1e0b6764786062dd436dc0ffbc1ba1696a02c59dbb0212f5dd899e2f,False
ciclo,a,10,toon_reversible:columnas,reversible,,,con_mapa,d83b80f693c284290b6e9dbbba3c6422762666155dc3674401e5e75eca66efe9,False
ciclo,a,12,json_pretty,reversible,,,autocontenida,8654f36c71a4d1b09ce47dc810bb2199ec69819fb1c63413a825546b74479301,False
ciclo,a,12,json_compact,reversible,,,autocontenida,c523f3b539b7dd860cbadf3c6b1a7477a8fd54df53022bbb96695cb65e43616f,False
ciclo,a,12,yaml,reversible,,,autocontenida,ded809a88ad5ce158011c4be378f05b42971392adffeff185dc0527488357307,False
ciclo,a,12,xml,reversible,,,con_contrato,2a8d4722b78e3e755617101593e5c16353e7e03f85fa995abdc1404e5ca3a9db,False
ciclo,a,12,csv,no_reversible,"el CSV descarta los metadatos del documento (header con 7 claves: m, d, l, t, bd, cat, k); solo los registros se reconstruyen: reversible",,con_contrato,a48c426ad500de53b05bd978c3cdcef594887b3e2edf55848a7835d714710f19,False
ciclo,a,12,toon,reversible,,,autocontenida,856f32ab89f3b2f375597997649de58fd78bd6383af9f609664476d2e316716d,False
ciclo,a,12,toon_flat,reversible,,,con_contrato,f292b99d8e3cd82e72774507423f7e0c29b4743edf4ccdb86ac3ff857530b0f6,False
ciclo,a,12,mini,reversible_normalizado,,header.n lo añade el serializador .mini; header.v lo añade el serializador .mini,con_contrato,7f663520257b7fdc4b1c5943c18b94f1193f6a5b5d06b44aba3ffe0c04e4f5c6,False
ciclo,a,12,xml_tipado,reversible,,,autocontenida,534e198ed210ed086724e8c9f4398747427e0b54c7f61c971757042ffc356bff,False
ciclo,a,12,csv_reversible:celdas,reversible,,,con_mapa,67a76f0d504cbba7db1d09e927ac3a1ecad47a2df48d63201d356a2bf5b26953,False
ciclo,a,12,csv_reversible:columnas,reversible,,,con_mapa,e6c13fc937f86f3e172b6b57c73c40c1c903794b23f1dd76c4e858e6753ea020,False
ciclo,a,12,toon_reversible:celdas,reversible,,,con_mapa,c35a192343b4ca9c07097ef4398819363376ae6108b2137b350e11c9a5f7f4e3,False
ciclo,a,12,toon_reversible:columnas,reversible,,,con_mapa,066e61cb263081844661deb60eecb4dc34d5c360c1b2e4be6ee3647cab1c8a16,False
ciclo,a,25,json_pretty,reversible,,,autocontenida,d7ca808f2baf79dda755886a72ab690e77b47c5b005045a16cc7bcfafd69d0ce,True
ciclo,a,25,json_compact,reversible,,,autocontenida,230e553c94720f4d9b713acff196ed402df0b9bec158d4883aa4a542a6e8de07,True
ciclo,a,25,yaml,reversible,,,autocontenida,6653eba2a945bb8fb67ba1c7df1ef43a60bccf149bd37bb4431f13beb36f3582,True
ciclo,a,25,xml,reversible,,,con_contrato,e10444da9ea73b90c612964708d4b601d80e4ae65667191ee36d63b6de5fd9a6,True
ciclo,a,25,csv,no_reversible,"el CSV descarta los metadatos del documento (header con 7 claves: m, d, l, t, bd, cat, k); solo los registros se reconstruyen: reversible",,con_contrato,ab498f14b06e8e733eedfd92519c1c0469c4b1f7740e3e9d701e2ad9aced952c,True
ciclo,a,25,toon,reversible,,,autocontenida,6233664403ae83a30752011d48da9515a93b0b0cbf589a59e937592c2a06652f,True
ciclo,a,25,toon_flat,reversible,,,con_contrato,1167efd38dda7f05f7ff02dfbcbe57bf47dd9a95a7dbc7135ed98cdce3ddeb3d,True
ciclo,a,25,mini,reversible_normalizado,,header.n lo añade el serializador .mini; header.v lo añade el serializador .mini,con_contrato,974b4377ef63e1c01c4813714e9a3d1b2232978705c47151b619a2368240daef,True
ciclo,a,25,xml_tipado,reversible,,,autocontenida,f263472eea844d1b86eb2dcaa1c9e05b40ad7c6ed2283899e25943ec7c4babc8,True
ciclo,a,25,csv_reversible:celdas,reversible,,,con_mapa,1a861a183f478a60f5a33eaf110fa79b651d180247eef8f72ece9cbc270e1488,True
ciclo,a,25,csv_reversible:columnas,reversible,,,con_mapa,c207c6d8501797de9258149f594a6fa11bc70ae0d9ca187396923ef30192693c,True
ciclo,a,25,toon_reversible:celdas,reversible,,,con_mapa,4635caefa7d4edc01cc638d694b3576725e18f445d5b53284e66e7de04a1e19a,True
ciclo,a,25,toon_reversible:columnas,reversible,,,con_mapa,7327e86e5279b5bab033590e36cd2682a1c3d8faf67ba15fd987091f6cac125e,True
ciclo,a,50,json_pretty,reversible,,,autocontenida,6361734df59437e3d3a67dc910a6ff6d3d89056a8c1d35a6cf529a7c2dd08d7e,True
ciclo,a,50,json_compact,reversible,,,autocontenida,b6f6e606b5468cf4b81ddbb9ac6d5e2c8325fb5e2305dd6eb83bf8339807895c,True
ciclo,a,50,yaml,reversible,,,autocontenida,fa290a300136538d033ec9bbe8c428e7d550a3e55dcd0f10767cb7bdc1131fa4,True
ciclo,a,50,xml,reversible,,,con_contrato,8577282f3473655b2f08772224bb9e2f161b2bf008dbc13fb933ca5493e390b3,True
ciclo,a,50,csv,no_reversible,"el CSV descarta los metadatos del documento (header con 7 claves: m, d, l, t, bd, cat, k); solo los registros se reconstruyen: reversible",,con_contrato,cf6f8923a86af9f4dde3cdc95b386361e96412f939701494f78043a808c4caf7,True
ciclo,a,50,toon,reversible,,,autocontenida,0500bdd9d2a8a5154a1c55a754204a65fab21f1621b4fd38a2e4379944226d85,True
ciclo,a,50,toon_flat,reversible,,,con_contrato,1b6090e2211614cc3e8f738f19af769e87e3ecda543f587c12a2471c9e30664d,True
ciclo,a,50,mini,reversible_normalizado,,header.n lo añade el serializador .mini; header.v lo añade el serializador .mini,con_contrato,430d97868847f9e9dc115b7808f0a9171da0caadf54ac6d13f29cbab65ceb86b,True
ciclo,a,50,xml_tipado,reversible,,,autocontenida,db450225d31fb974aea22ad528e9a690349e0dec10fdc61b0ee4518a86920324,True
ciclo,a,50,csv_reversible:celdas,reversible,,,con_mapa,07eb7de92067bcd23449a6f3ef1fc1304a5478efd91988888a453fc037e8099f,True
ciclo,a,50,csv_reversible:columnas,reversible,,,con_mapa,6bddf31e51c79823ebf4d760563f78d03b6123d01ec41a8c62bb672b0b7b4882,True
ciclo,a,50,toon_reversible:celdas,reversible,,,con_mapa,cfcf327516e0316c8f557a0683b7b3b3aa4f31a278642c776f15ce16c619585b,True
ciclo,a,50,toon_reversible:columnas,reversible,,,con_mapa,8fe6ffde27bd505f734672b6051eae7ab57d28ecb25e61615dbc2f9ec3257238,True
ciclo,a,100,json_pretty,reversible,,,autocontenida,173fad66f5cb7ff7278f21de04dd05818210bfad0c8fb7c5e90cdb60320331a9,True
ciclo,a,100,json_compact,reversible,,,autocontenida,ba54c39c7fd8b572cbb00c9c4f2ddebbd5f96579378d4135f06fe23b0dbba303,True
ciclo,a,100,yaml,reversible,,,autocontenida,61723e08735d54707c8d07cde46f4a2a17e5cd0a7dee318eada20dfc9bd180e7,True
ciclo,a,100,xml,reversible,,,con_contrato,f9b252c7b1d6316c3bbb9409e707cd932e2868ce9a26e2ecf4624c1b6be66463,True
ciclo,a,100,csv,no_reversible,"el CSV descarta los metadatos del documento (header con 7 claves: m, d, l, t, bd, cat, k); solo los registros se reconstruyen: reversible",,con_contrato,b3f530b3ae63b759d242dda84be310989dd6e02db9349faf284f7dad8cdf7bc4,True
ciclo,a,100,toon,reversible,,,autocontenida,f851c30c9edb7e1e292a129bd1cc140f1b3f8856eeba086c52d0ca622e965639,True
ciclo,a,100,toon_flat,reversible,,,con_contrato,f246a5a6c935ef14f3dc4cc7262524a1706a5433280292386efcbbf2c3d99d22,True
ciclo,a,100,mini,reversible_normalizado,,header.n lo añade el serializador .mini; header.v lo añade el serializador .mini,con_contrato,92248b37162de15a52432b92ae757502d1b3e806b9b229b89e59f8f62c1d143e,True
ciclo,a,100,xml_tipado,reversible,,,autocontenida,4d155a9c5ffc42a753fb5bc5c910d69b896887571cdf42aee5e36e6e7cb474ac,True
ciclo,a,100,csv_reversible:celdas,reversible,,,con_mapa,f73dc40e43ceb1b1357926a048fc95436a24e301252ed1002434b95ff6a49b31,True
ciclo,a,100,csv_reversible:columnas,reversible,,,con_mapa,8b3f6e9b537da64d6a22bf1bba9d259c4fe3ed82cc1e89f97063a6650368b1ef,True
ciclo,a,100,toon_reversible:celdas,reversible,,,con_mapa,0f7ecb01631710955a2df8ecc258ce140265b7a9f8820a30c38fbdd9b8eefebf,True
ciclo,a,100,toon_reversible:columnas,reversible,,,con_mapa,5d638f69b199a4f1dc80c5e6af13153ad14dde889f94328386d958a6e05ee0f9,True
ciclo,a,250,json_pretty,reversible,,,autocontenida,1790e21a281254e85aaa5a0cd8340ff84381409dddbb9ee66ac0b199277b237f,True
ciclo,a,250,json_compact,reversible,,,autocontenida,e864f488a6a2c9294e7f69c2c54ee4cff13f8caa88f4aaaf410e4ae63f7155f9,True
ciclo,a,250,yaml,reversible,,,autocontenida,2be82eb595023954d95f88c73fadffa69ac9571deb2ea750f882cf14e7ad68eb,True
ciclo,a,250,xml,reversible,,,con_contrato,327ae7fb0ad3c60342f76f7c6918d5614b02301bab80ec7cfa8088176f2dc261,True
ciclo,a,250,csv,no_reversible,"el CSV descarta los metadatos del documento (header con 7 claves: m, d, l, t, bd, cat, k); solo los registros se reconstruyen: reversible",,con_contrato,eef1d9173301d8c29c6e8f8ca45de2f8dd474353deb45beffed37bbdce6b2687,True
ciclo,a,250,toon,reversible,,,autocontenida,e7e139752f4e9dccbf1e4bb7abdb1e79f3b9bae2db19549ba8d2ffb759f074ee,True
ciclo,a,250,toon_flat,reversible,,,con_contrato,d196c9d1da053946a5ed3a2947fa4b596df7d4b617195c560349a9fa83977c47,True
ciclo,a,250,mini,reversible_normalizado,,header.n lo añade el serializador .mini; header.v lo añade el serializador .mini,con_contrato,bf16cbc6b02c458b982b3f69c1a375b3a25390e1733b110457561860356b4dfe,True
ciclo,a,250,xml_tipado,reversible,,,autocontenida,8df83b589c9cfb29dc601f2ff8c29771f1796209fa9222d30d36af5b896ca4c9,True
ciclo,a,250,csv_reversible:celdas,reversible,,,con_mapa,95e31fc1e4badbb2ef0af103ef13b44c020112f91dd73439c24743886c0e5fbc,True
ciclo,a,250,csv_reversible:columnas,reversible,,,con_mapa,ee43cfe250f77a4543e033e054b3cd2c0f597164008c886df2840ae66c3900f2,True
ciclo,a,250,toon_reversible:celdas,reversible,,,con_mapa,500ab5229d6b05218805cb00d055869672f1b2502603b26a3aa45d55ed9d395e,True
ciclo,a,250,toon_reversible:columnas,reversible,,,con_mapa,1aebef2794f32054e106afcf49af9bc95051b6aefe19d041283f2d7f3ab9f1f9,True
ciclo,card,1,json_pretty,reversible,,,autocontenida,a8162083d27bd06dbe4c779804d6d6dc5afc5332fa4659433fcd8cc5050b8236,False
ciclo,card,1,json_compact,reversible,,,autocontenida,fa34eaeca9a849a24318a2bee7cee5c7f65204256b537cbb3da87fb4d3e64d53,False
ciclo,card,1,yaml,reversible,,,autocontenida,8c0b670761a1941a2f44d4b25410866382860f1f6d2ef11dcdcb7759a394d071,False
ciclo,card,1,xml,reversible,,,con_contrato,0647705771b68ea9f4734aa2df332c20c36f7882ddb5ca07dd2d2d1b004e61eb,False
ciclo,card,1,csv,no_reversible,"el CSV descarta los metadatos del documento (header con 4 claves: d, l, t, src); solo los registros se reconstruyen: reversible",,con_contrato,6394cb678745aa0cd64a84348647915d151bdafc8bd53a12ede1d8040d710bc1,False
ciclo,card,1,toon,reversible,,,autocontenida,083e273275b967cafbbfce360c164332b74bb7d56856519d07d83c70f259dece,False
ciclo,card,1,toon_flat,reversible,,,con_contrato,43b9feabb3f6becf73d7a54e9305c041f1cefe3c15a00843b886339d45da1328,False
ciclo,card,1,mini,reversible_normalizado,,header.n lo añade el serializador .mini; header.v lo añade el serializador .mini,con_contrato,3337d2f66cf5897ad550aa84726e64f4d6ec4aa0a9b9ab846f0ba2b157deace1,False
ciclo,card,1,xml_tipado,reversible,,,autocontenida,0618b0f94ec3e7ecb300685294bacb3491df40443f430950afed3d8652272a53,False
ciclo,card,1,csv_reversible:celdas,reversible,,,con_mapa,3697eb7a0b40ae3f945606f58216bf7a00b0d28c55c49e49d4f16b9c0a9e0a3b,False
ciclo,card,1,csv_reversible:columnas,reversible,,,con_mapa,e3f9b758268aec521a895571a1602c21e573cecc26c233637654140246f7ca27,False
ciclo,card,1,toon_reversible:celdas,reversible,,,con_mapa,d0b3a1a13f3e5bde7a3446ce9b90d91b08bbec2c06e321ed73bb4feb70b00a75,False
ciclo,card,1,toon_reversible:columnas,reversible,,,con_mapa,3ac9cb036a0cbbfbd7bbb9d500a9841a7717ef1bea331b859303b27fd2dc283f,False
ciclo,card,5,json_pretty,reversible,,,autocontenida,ef9387cf0f2d286879be40f3cd3765561f42647d14c7ebf2ac6acdd8cc3fa5a0,False
ciclo,card,5,json_compact,reversible,,,autocontenida,41eb05a8deb62d0430fa6c8d897c4d6b517c1e960ca573308b284f7e2b9bce60,False
ciclo,card,5,yaml,reversible,,,autocontenida,c95127f8ed89bf37a4def58c134076c1e4468c0316359370482413a371a216d7,False
ciclo,card,5,xml,reversible,,,con_contrato,fe38d08cd0e83ee96a642f92a5d3e6bfc51be3108e22f9a9c8cc2bb8e9690099,False
ciclo,card,5,csv,no_reversible,"el CSV descarta los metadatos del documento (header con 4 claves: d, l, t, src); solo los registros se reconstruyen: reversible",,con_contrato,5d58f237c8585341b7080a1a4f40738d8f33e5c840160c5421fdb31981f7ab32,False
ciclo,card,5,toon,reversible,,,autocontenida,ec498dfc76352ee467d9b43f2790bee91d45cfb3f3bfa3c7e6bba73a5cc1bdaa,False
ciclo,card,5,toon_flat,reversible,,,con_contrato,1a5b247ac153f8802d6c0627f507804ba4499bd6f4f02e09c1856f535fa322db,False
ciclo,card,5,mini,reversible_normalizado,,header.n lo añade el serializador .mini; header.v lo añade el serializador .mini,con_contrato,e1ebc8edc805dded9af729bac82d6f2c33e6037f4ae8ee9d2ba8037d7a7eeddf,False
ciclo,card,5,xml_tipado,reversible,,,autocontenida,ecbf3276c9bbc8e317955e172353b6810f5435c050f4e2b20c6550ea1b5fa629,False
ciclo,card,5,csv_reversible:celdas,reversible,,,con_mapa,901e130dec2ae867affd49038dfc2a7607498fb100261ad6d5107202706dff83,False
ciclo,card,5,csv_reversible:columnas,reversible,,,con_mapa,603d565e3a93e286b94b006d673c0969efd56be601c9451eb619af0dffaa4e04,False
ciclo,card,5,toon_reversible:celdas,reversible,,,con_mapa,3086b34edb8887be1fd46787b00fa79488c0a68132c50893bb8b63f295564fb2,False
ciclo,card,5,toon_reversible:columnas,reversible,,,con_mapa,dda696ac2ed64ef14517f27908b547fee4c9da3685cbb51df046973c6fafb571,False
ciclo,card,10,json_pretty,reversible,,,autocontenida,8bcda53b363105184f66112d79acd75a3e2844436a51c6035a63dae1ba7cc26e,False
ciclo,card,10,json_compact,reversible,,,autocontenida,5c52526d27a551f77fce16fac0c2de67c342392b622cbd6d0ed29be6c89db53e,False
ciclo,card,10,yaml,reversible,,,autocontenida,6fe951e820aef1b7f5593edcb52f8915e61a77f2aa5564f78ca5e7854d6adad5,False
ciclo,card,10,xml,reversible,,,con_contrato,1e7d8ca4587e8bf0dda432c335c1e1f3c6d3d7dca5754ab5ca88dac4a86946da,False
ciclo,card,10,csv,no_reversible,"el CSV descarta los metadatos del documento (header con 4 claves: d, l, t, src); solo los registros se reconstruyen: reversible",,con_contrato,f42b9b56e03c5c309c2a0263b8f677c65af64430e1081fbd5b0d68aaf4852680,False
ciclo,card,10,toon,reversible,,,autocontenida,a6170ecd334feef1feb1928484c4d2a3688875f20f14d1d024daeccc4af36ccb,False
ciclo,card,10,toon_flat,reversible,,,con_contrato,bd19a8f8009cf99180a30b07209a884eaacb935fa71e92e0b445f401f44df71c,False
ciclo,card,10,mini,reversible_normalizado,,header.n lo añade el serializador .mini; header.v lo añade el serializador .mini,con_contrato,c07bb18e3dff9f651f211fbd2712a50a5dd142f0ef8dff9c91f9e2c4ad64b900,False
ciclo,card,10,xml_tipado,reversible,,,autocontenida,d5514d45bde4b5649bd38216639883a9b91bfed7dce124a1a6491a87dc03e716,False
ciclo,card,10,csv_reversible:celdas,reversible,,,con_mapa,9738000b1d4eada6f7ab1920e821388d29bb82a75b6132f3d73f3ee423c3427f,False
ciclo,card,10,csv_reversible:columnas,reversible,,,con_mapa,8bd145605ec837a90787086fcaa98c2223d3e03c05273f49fb2262ad3aeade9b,False
ciclo,card,10,toon_reversible:celdas,reversible,,,con_mapa,bb3550776db1ba79122cf5fcc34bbe59fc4e9bafd9075eb04e21f37b87f0749e,False
ciclo,card,10,toon_reversible:columnas,reversible,,,con_mapa,eb07e9b637de5f45eeeb18060ab54f949cdfeb0c05702130c412094310d68a86,False
ciclo,card,12,json_pretty,reversible,,,autocontenida,69df91b4e320cbf2ab262878c14c96095b8b9b710de3470c3705dff2f5cbab30,False
ciclo,card,12,json_compact,reversible,,,autocontenida,f9843e4de19fef23fa72db417f3d89764e987edb206eb3d90489051565da8aea,False
ciclo,card,12,yaml,reversible,,,autocontenida,b1b712ed7756639ddf7cc7316db3db6acc65da02f45456cc0b965fdbde91b413,False
ciclo,card,12,xml,reversible,,,con_contrato,8907eb8b04896b7f335784d58112693d7d92699fd43da0001ef1e588feddcc68,False
ciclo,card,12,csv,no_reversible,"el CSV descarta los metadatos del documento (header con 4 claves: d, l, t, src); solo los registros se reconstruyen: reversible",,con_contrato,d55e25a20116c287ac91777bc8254e6c4d73a6f351f6700e6ec43ae57cf783a4,False
ciclo,card,12,toon,reversible,,,autocontenida,4a7c5a5a5e4974ad911b9a531a401b3abfd9155dfb1a2eda9f5306ad5c952fc2,False
ciclo,card,12,toon_flat,reversible,,,con_contrato,5ccbdaeacd33a42a584ea0b412a5a1d693bf93650c786b6670f01e25beaed807,False
ciclo,card,12,mini,reversible_normalizado,,header.n lo añade el serializador .mini; header.v lo añade el serializador .mini,con_contrato,24a760c7b21fa066ab1bd657703749ccf9767180a9d8fd428c4928ca46e15489,False
ciclo,card,12,xml_tipado,reversible,,,autocontenida,1719fd0ee0ee1895e25fe17c693c515c20d0af2ba44235944279dcc5e2f1e3ca,False
ciclo,card,12,csv_reversible:celdas,reversible,,,con_mapa,a19b2195bd10978a9bdf27d97de0d8b3b74befd48014c787f484b46faa5f33a7,False
ciclo,card,12,csv_reversible:columnas,reversible,,,con_mapa,0294c4d0751aed013c7afa283cc86fbecd714a86609bce571239570835d21c57,False
ciclo,card,12,toon_reversible:celdas,reversible,,,con_mapa,a8fc95c3d2fb763483459408ee1b057686a92a18133a992f054f6e05c1226eb7,False
ciclo,card,12,toon_reversible:columnas,reversible,,,con_mapa,30dc93df646ac290a8394298bd9fe740563ff5dc48594edcbabffab468b223fa,False
ciclo,card,25,json_pretty,reversible,,,autocontenida,f340516086d849cdbc6a9a085bf4e0056a3a4fa5125a07210d0f8cc2b444fbf9,True
ciclo,card,25,json_compact,reversible,,,autocontenida,6948e4d988958844a71947e099ce742c40105e3c6dddb03b018cb60cb68fb473,True
ciclo,card,25,yaml,reversible,,,autocontenida,4e2edf102c440557576efe6d85671fe12643afefd22de1294adfbc2d9f31a9ee,True
ciclo,card,25,xml,reversible,,,con_contrato,cd0117dc43bc8ee5e06373ae1083d90d27b277f8d0bdecbb4770dcc8b17b846b,True
ciclo,card,25,csv,no_reversible,"el CSV descarta los metadatos del documento (header con 4 claves: d, l, t, src); solo los registros se reconstruyen: reversible",,con_contrato,018e801d93d539df59cec9d12421ae601b666de397cb5672b567a4444ab8fa8f,True
ciclo,card,25,toon,reversible,,,autocontenida,bf59ba9ce3dd8898c7735b164a58981885de50fd281d0c35ffc5dfabcceb5452,True
ciclo,card,25,toon_flat,reversible,,,con_contrato,6da1f10789a711cdc4520f48061c6f098dd6142221d40065aa5cc41a3ca8bdf2,True
ciclo,card,25,mini,reversible_normalizado,,header.n lo añade el serializador .mini; header.v lo añade el serializador .mini,con_contrato,009f6880bf09309e6197fae6247140137b3546b6e8a971b8f00c320995b06d34,True
ciclo,card,25,xml_tipado,reversible,,,autocontenida,5b056984814899bebf0f67f04c94c0c7c2bd280ff652f16a33b54618399aa7f3,True
ciclo,card,25,csv_reversible:celdas,reversible,,,con_mapa,a08a690f797fb79be8e4c4066143c90c7d17ff446c122e4b896b37b65c00fde9,True
ciclo,card,25,csv_reversible:columnas,reversible,,,con_mapa,8aa5f4ec2356f2485bad623eb37de5676d3779335c9d4615315c50f97f8271b0,True
ciclo,card,25,toon_reversible:celdas,reversible,,,con_mapa,1282560fa66f5d3a2674bdbecb55fa51ddc64be4ddc81e3c9bfac8f9ae91905a,True
ciclo,card,25,toon_reversible:columnas,reversible,,,con_mapa,01e419dfee80e8e39afc0aac4f53458de2053dfadd1ba3fcbc442dbac4abebe2,True
ciclo,card,50,json_pretty,reversible,,,autocontenida,8a40b43d2bca56fab795c3470ab85249a9f927f39e99d816ea8a020ec4aede8b,True
ciclo,card,50,json_compact,reversible,,,autocontenida,6d954728cd8addb357a281748e98d4315da0bf93ca5b713749d198f39f73eb9e,True
ciclo,card,50,yaml,reversible,,,autocontenida,a5ee8b95d7e9df546d6c88f7b883edcfa9c948b55fbcf60a951b29b882b1ba4c,True
ciclo,card,50,xml,reversible,,,con_contrato,7963bacd4eb5e4ee9f839deb9a6262b01902007858c21332d884fe04a19cdc82,True
ciclo,card,50,csv,no_reversible,"el CSV descarta los metadatos del documento (header con 4 claves: d, l, t, src); solo los registros se reconstruyen: reversible",,con_contrato,20c283af3d111c22b1a44eafe5b5f38c310602c93f69c518631adc4527a29d6d,True
ciclo,card,50,toon,reversible,,,autocontenida,e101857f040cab853f0d41144a182d3ed65cda1437855efd471cb8ae087f93c5,True
ciclo,card,50,toon_flat,reversible,,,con_contrato,df56baa4c51790af81d486ad1cb697b8713f396e6e8745d5330522ef3a6560c6,True
ciclo,card,50,mini,reversible_normalizado,,header.n lo añade el serializador .mini; header.v lo añade el serializador .mini,con_contrato,4c7743b7e276559e5ec152ea0a19214ed2d4a5b289dc9a4b931c5489130a7306,True
ciclo,card,50,xml_tipado,reversible,,,autocontenida,14f8af7ad1a2e037ca86a5b6f36ff4100934e2e4250ad8f7c7df4abe31c9b96c,True
ciclo,card,50,csv_reversible:celdas,reversible,,,con_mapa,1c1c2b4683df945f2c061082d02560417bcf0832844b2ce5a9d31859112a2b36,True
ciclo,card,50,csv_reversible:columnas,reversible,,,con_mapa,26f8cd5adb19059b6aa24b9c7770817b9f59882b03a3145451eb288a4cbd7a21,True
ciclo,card,50,toon_reversible:celdas,reversible,,,con_mapa,004ec1a8fbf15996d3aa3358e7e7326dcec3839b346379c991224008fcf0fdf5,True
ciclo,card,50,toon_reversible:columnas,reversible,,,con_mapa,621813f87c5b80ac3f4aa19d15c5663fe387fa691f9019a3b5dbfcb84f653ae5,True
ciclo,card,100,json_pretty,reversible,,,autocontenida,a499309f2321bcea32785e64e1392ef909f73d35c6ed19a5541c4bc6aaf79e6e,True
ciclo,card,100,json_compact,reversible,,,autocontenida,7aa9fa663add563f161e6d3219002a9b305ce273d813ce096c3bd31a42330c55,True
ciclo,card,100,yaml,reversible,,,autocontenida,6b4d2bf1a5947a61cbf489a1ece2ccba6b4e11fca0daf0d4fc750e87e8bdedf8,True
ciclo,card,100,xml,reversible,,,con_contrato,a18f911ec794582a771d656c59c074aac05683c1c8f7bca0896431114cff1b0d,True
ciclo,card,100,csv,no_reversible,"el CSV descarta los metadatos del documento (header con 4 claves: d, l, t, src); solo los registros se reconstruyen: reversible",,con_contrato,cee86dcb103575e9ad4b06722d918345f94a258c77b02ae4733e8d0b504b9b0e,True
ciclo,card,100,toon,reversible,,,autocontenida,6256c64819d74db2ba9212770cb3df40376e98709ab1a89ffc810c650b1ac92e,True
ciclo,card,100,toon_flat,reversible,,,con_contrato,a9a9781e1073b8fe71bcb064648bc8edfd4711a73dbf9db03a9598643fe9bba2,True
ciclo,card,100,mini,reversible_normalizado,,header.n lo añade el serializador .mini; header.v lo añade el serializador .mini,con_contrato,edab1c0b0bbe0356e7fbd1b0da259574de703fbdac75be86a052ee68f3ae996e,True
ciclo,card,100,xml_tipado,reversible,,,autocontenida,30099a2b3bebff282563ea1823a5e64e1797640ce07b922be7def869e4dd668b,True
ciclo,card,100,csv_reversible:celdas,reversible,,,con_mapa,6cbf220253af81ece2f8b92e732444790433a15a4662cc8fbc437b8f5614897d,True
ciclo,card,100,csv_reversible:columnas,reversible,,,con_mapa,6a0f86c887ecfcb282d3c5769788d26937e2eff77599a2f79e03b3da4f2b30de,True
ciclo,card,100,toon_reversible:celdas,reversible,,,con_mapa,5bc31bd86b73b84efc6d0095cca7c8efd44c1cfe6d0d9618b0750d79b5b42e09,True
ciclo,card,100,toon_reversible:columnas,reversible,,,con_mapa,642eeb74f41e4a221fc19764a93ca8ef4f8cc1629717d637be2fc3d5ae564316,True
ciclo,card,250,json_pretty,reversible,,,autocontenida,506623e201c6f6237cf44b23ab809ab9f4a458417e4ebf8d7c3ec34b636d949f,True
ciclo,card,250,json_compact,reversible,,,autocontenida,0d22dc35de4741f811a90aaa94ede80b204571e60b989eb14ffff9d55b1172ca,True
ciclo,card,250,yaml,reversible,,,autocontenida,bf21c9dbc3e322ad39603a55df82abb322771651022af31d4084bb618e65beab,True
ciclo,card,250,xml,reversible,,,con_contrato,15b77d003360f739b9c253529cbe77b8333454a147788c526e2fcc99e93700be,True
ciclo,card,250,csv,no_reversible,"el CSV descarta los metadatos del documento (header con 4 claves: d, l, t, src); solo los registros se reconstruyen: reversible",,con_contrato,70828a9bb81d67d03196588c8558aa6d72f210a85b0ce8981dc468a25a1a7748,True
ciclo,card,250,toon,reversible,,,autocontenida,2b54f3b0a75313289c74ea4d860c23d034d6a80afdcd29d8607dbc305f6d9ff3,True
ciclo,card,250,toon_flat,reversible,,,con_contrato,b4e43ad9b38458d5dc3f71b6256920d7eaef13dd10c26001680816d8fa8f17d9,True
ciclo,card,250,mini,reversible_normalizado,,header.n lo añade el serializador .mini; header.v lo añade el serializador .mini,con_contrato,eb81e0e5dfca3db11f5783cf0c48d0cd21a54b770369639376e503c8e766a1ad,True
ciclo,card,250,xml_tipado,reversible,,,autocontenida,78bc70fe07bcf415873fbe78065195668a9ec187ee77af000e78f89b80c5faae,True
ciclo,card,250,csv_reversible:celdas,reversible,,,con_mapa,b0c1dd5563f0ed21ac73e364fd004d03210e5d67ab4144cf0d58255ab18d36bb,True
ciclo,card,250,csv_reversible:columnas,reversible,,,con_mapa,bd9a0d717a2dd43924f7408d235286d2d67dd1f0596cdf135e4ec7b35d61cb24,True
ciclo,card,250,toon_reversible:celdas,reversible,,,con_mapa,62a8abf58cb4ba5b444192bba9364698ad746f0c447beaad8296cd4126dfe807,True
ciclo,card,250,toon_reversible:columnas,reversible,,,con_mapa,b228962b4e81a48d10be27bac92b7dec7462e9e8e0791705a527a794220db2ce,True
ciclo,cat,1,json_pretty,reversible,,,autocontenida,06f990b1f94abbe83c281184de2af3ad95a4a3df695942a555df5a1e4b0cc4e4,False
ciclo,cat,1,json_compact,reversible,,,autocontenida,e6305b1e1e775dd7db0a4276546110f9a98cba9819e75d64b3ed8002787b1c57,False
ciclo,cat,1,yaml,reversible,,,autocontenida,f22200e8a85139093c4c48d08b41912527d1570ea1142227ab1f44d921e9a9c0,False
ciclo,cat,1,xml,reversible,,,con_contrato,8b4ca0f3440ba2c2721b3a699ca981c57e8950f1fa72fcc63ef6675186527e5f,False
ciclo,cat,1,csv,no_reversible,"el CSV descarta los metadatos del documento (header con 3 claves: d, store, cur); solo los registros se reconstruyen: reversible",,con_contrato,4e5078a6aa94905c563d08f805137d18ed13668abfe538cd25fa6ec978184683,False
ciclo,cat,1,toon,reversible,,,autocontenida,0fe131bd61df4f1d304a3d953fd0f9a5dee28bb302f07bcf96347727dedfc4a6,False
ciclo,cat,1,toon_flat,reversible,,,con_contrato,c02ee93007ebc3ed65c2c8e60e60adc0e7c0b24dc3aad9ddb0ebd1fb8248791e,False
ciclo,cat,1,mini,reversible_normalizado,,header.n lo añade el serializador .mini; header.v lo añade el serializador .mini,con_contrato,90233bf9169a8ba9eaac1cf80b1417f724b3eaf076b9ef7ef1e5bd717a914eb7,False
ciclo,cat,1,xml_tipado,reversible,,,autocontenida,83e7c6be5ff3ea1cbec63ad89add26efa2444167fc2f5179cb96379dbe673eaf,False
ciclo,cat,1,csv_reversible:celdas,reversible,,,con_mapa,6896c081d8c1929d1111d8db40bfb837eb190e24ab5f3d6d1fceac9c256bea12,False
ciclo,cat,1,csv_reversible:columnas,reversible,,,con_mapa,e567d8233de7c4915d5f6a2c32b898076d9612ad45c55f26c02481144fccdb23,False
ciclo,cat,1,toon_reversible:celdas,reversible,,,con_mapa,be3a90636073f027f3bc357cf737b42327d694048dedb93662e24246cca1a803,False
ciclo,cat,1,toon_reversible:columnas,reversible,,,con_mapa,7e874b0b58dab442e84ae53150e6e24c0261cf4bc1a9492f634334503f6832b8,False
ciclo,cat,5,json_pretty,reversible,,,autocontenida,7d4cbf5796901a4232e68097b1fdbac1ed1be87b5c54fb4624f98ce475127063,False
ciclo,cat,5,json_compact,reversible,,,autocontenida,4b6be0634a17819dbb3f2e472fcea64f2749b0bec0581b69e7b68f114dc64512,False
ciclo,cat,5,yaml,reversible,,,autocontenida,f0c0a490550a56d128a36e06a5a07c3f487228da966e7f82ec0166c4f696105e,False
ciclo,cat,5,xml,reversible,,,con_contrato,8d303122030840e4bc0fd22d9de4f832cd879ad67eece3402cd733d0f6064e5e,False
ciclo,cat,5,csv,no_reversible,"el CSV descarta los metadatos del documento (header con 3 claves: d, store, cur); solo los registros se reconstruyen: reversible",,con_contrato,aad94faf09c66cad4ea1da554d7f54080bb34a3652155519305db1dbcc000600,False
ciclo,cat,5,toon,reversible,,,autocontenida,e7337e88fa77abb82840249cd2c8d95d678c91e042da8f893f3e369fc341ec46,False
ciclo,cat,5,toon_flat,reversible,,,con_contrato,28f6b44ea38cff145a8b0d691216ed05321b1bd8f1f34a6e6d1ba1c48748c2a7,False
ciclo,cat,5,mini,reversible_normalizado,,header.n lo añade el serializador .mini; header.v lo añade el serializador .mini,con_contrato,937ddc810271f185ec87b33458d1d2120a5d6fdd5ad6bbc49f7016aff194ca3a,False
ciclo,cat,5,xml_tipado,reversible,,,autocontenida,612d6d3e5267c655a877fb9716628bb7c70324749cdf83ac2f1f37ea58f2a533,False
ciclo,cat,5,csv_reversible:celdas,reversible,,,con_mapa,d97c6be821744535e70fc6f37a8edf79a75c6245eaf51e4f7b7b7cf5c61332b7,False
ciclo,cat,5,csv_reversible:columnas,reversible,,,con_mapa,569c7706cf3350f46a6baddaf9ffa790b58aefc042d7771981fb486924db67a7,False
ciclo,cat,5,toon_reversible:celdas,reversible,,,con_mapa,b40c554fd7d4f0608c82b2d16d6562492b36edf4ca52b3c8ac24b723e0c7cf48,False
ciclo,cat,5,toon_reversible:columnas,reversible,,,con_mapa,bb6819dcf5ec108a746f3e1672b77b4207717ad3de74fb23002a1280d71fe3f7,False
ciclo,cat,10,json_pretty,reversible,,,autocontenida,41722742a37456de7f93f7b8ca88a24725946f9700f0a24888d7e5c107cb8b33,False
ciclo,cat,10,json_compact,reversible,,,autocontenida,cfba42fb39531f63c1c76be6270c1996bc847576104b86f256a11a0a1b8731a4,False
ciclo,cat,10,yaml,reversible,,,autocontenida,fcd673c96c5853924c339a174b703f97e6cc76ee5ae10029cd3253559eff337f,False
ciclo,cat,10,xml,reversible,,,con_contrato,568e1d8e6d10ca4e1773020f5c81b83179261d9cc749cc7b5bff6a531dca5f9f,False
ciclo,cat,10,csv,no_reversible,"el CSV descarta los metadatos del documento (header con 3 claves: d, store, cur); solo los registros se reconstruyen: reversible",,con_contrato,cf6d7c2e843265c2a35507e8f50e9c1e74bb441f75ea2829413102f97745d281,False
ciclo,cat,10,toon,reversible,,,autocontenida,82cf952e46149859c3c028550d636d6dd9bde3c2e2f6c4c7713979f502e71d15,False
ciclo,cat,10,toon_flat,reversible,,,con_contrato,78c2135f9245fd292d06dba50410fb64b430704de8d62b1d53872ec7a8b79110,False
ciclo,cat,10,mini,reversible_normalizado,,header.n lo añade el serializador .mini; header.v lo añade el serializador .mini,con_contrato,e87aa8fcc89c00dee2613a7ea0b6a7a1ebf4f3b6a24f64f3dedd89bf3224a7ce,False
ciclo,cat,10,xml_tipado,reversible,,,autocontenida,fced3f4fc00e9424b3b0aef9d019ab35800b7ab9bbacf605a7ee32ab4ea88439,False
ciclo,cat,10,csv_reversible:celdas,reversible,,,con_mapa,eebe82b6ffdb69469db79396410658c243599504b3ab12857e9c0d7609d1a2bd,False
ciclo,cat,10,csv_reversible:columnas,reversible,,,con_mapa,4fcf132d79419349e0c23f5c359f3b7c1da76b1158e501fa13e610c968e4e31d,False
ciclo,cat,10,toon_reversible:celdas,reversible,,,con_mapa,e06304e3928da6b9bae906cf750689314e7b8d4db5e955cb144bb4d86f609937,False
ciclo,cat,10,toon_reversible:columnas,reversible,,,con_mapa,d145c9ecd259ea59a2a7eaabdad9a7d68550d169afdb6a62d4a62b17ae2f45e7,False
ciclo,cat,12,json_pretty,reversible,,,autocontenida,eca367542c5b54502543c7a370b33d84a619c039f703e72ae0cc358769231321,False
ciclo,cat,12,json_compact,reversible,,,autocontenida,4ce5fab0d3215d81a3b4443f4b8b635f4b9c702d3e69301acf63e769977d43fe,False
ciclo,cat,12,yaml,reversible,,,autocontenida,03f8fdea30635cadff2e71f619b7ea7a7a9c7f2acdf37553ad78a3abfce1b8fb,False
ciclo,cat,12,xml,reversible,,,con_contrato,4a7a90c18dec8a2d565a1d4ffe228c3298cab86b0106e72a5a0043082a2fb157,False
ciclo,cat,12,csv,no_reversible,"el CSV descarta los metadatos del documento (header con 3 claves: d, store, cur); solo los registros se reconstruyen: reversible",,con_contrato,aa71b84c27a3eb06947f7ab28a141c5bd21a7e5fac036b43aae676807a04cf45,False
ciclo,cat,12,toon,reversible,,,autocontenida,06ec458ef7e06aa6bc6f2304fae7309b7509d75f3c7cf6b8a3e00fe5942a9915,False
ciclo,cat,12,toon_flat,reversible,,,con_contrato,8aef267a5c39e6c82b09fe08a51f82d910976f9958ee7c9e186a621e9960e90a,False
ciclo,cat,12,mini,reversible_normalizado,,header.n lo añade el serializador .mini; header.v lo añade el serializador .mini,con_contrato,44b11825c9545d6fae509c0b4911e72b387b7a0753249c92f0c4ac3bdf76eabf,False
ciclo,cat,12,xml_tipado,reversible,,,autocontenida,eafffd8849dd2364d71cbe5fd17a739037b459c00ccf268cb62857b5e9922a47,False
ciclo,cat,12,csv_reversible:celdas,reversible,,,con_mapa,76b989dce8fad91e27d7071fd82c3df2037837c3e25dc2d07fe68b38060a90d4,False
ciclo,cat,12,csv_reversible:columnas,reversible,,,con_mapa,f57d8f1d1bb57d860948d7faebc073846ca3fc9214ba502e69d1b47c610f8443,False
ciclo,cat,12,toon_reversible:celdas,reversible,,,con_mapa,ada647b29117c96072608e374b3fe36ff6f334d3e2afacc5d24a0dcad0c2259f,False
ciclo,cat,12,toon_reversible:columnas,reversible,,,con_mapa,8e081a073c72f751c813492fbcfe9da2499fc433a46ed34a501ec2a3d7a385c8,False
ciclo,cat,25,json_pretty,reversible,,,autocontenida,d0412342bb8fd3f4da60aa52fcdaca51228efa96616bbb45002b9daec766d5be,True
ciclo,cat,25,json_compact,reversible,,,autocontenida,73db555a03a96a903243ef90087e9b5c8e10f41060d0d0b88c62360f9fca611e,True
ciclo,cat,25,yaml,reversible,,,autocontenida,a74725c64573f52850abc43282eebb3297c8166c1107aaea042cbeda65d96ae8,True
ciclo,cat,25,xml,reversible,,,con_contrato,ab46f71c98f472531ec78ef0340061b620be3f991edcf6b40e49d2eee67a9a10,True
ciclo,cat,25,csv,no_reversible,"el CSV descarta los metadatos del documento (header con 3 claves: d, store, cur); solo los registros se reconstruyen: reversible",,con_contrato,a29443053a61cc11561f97b50c9d8a42cbea7615326c7f7968a8ab5ac27fb233,True
ciclo,cat,25,toon,reversible,,,autocontenida,09d17e81b741ac87d762371b3ea5662f0a286a76b750d9d34bcf57023cf37712,True
ciclo,cat,25,toon_flat,reversible,,,con_contrato,7d9024cebc9c6ef56ba924821f16a8a7567bcc29e2ad6b99f3213d1240f11d08,True
ciclo,cat,25,mini,reversible_normalizado,,header.n lo añade el serializador .mini; header.v lo añade el serializador .mini,con_contrato,f76769cac16e51b0b8887b1b00350da79f074971c401aae5e06f953730089535,True
ciclo,cat,25,xml_tipado,reversible,,,autocontenida,7b4be8b8c09f603175094fdffae8dfaa43458deb1ee3212f6ae5d547b3524ee5,True
ciclo,cat,25,csv_reversible:celdas,reversible,,,con_mapa,5a2bbcddddd9b1a5def6339540e9e029e16e11cd0aa462bdd0c95556ae376349,True
ciclo,cat,25,csv_reversible:columnas,reversible,,,con_mapa,2d5c5adcd5114e3558fdcc044d7251a7f88eafb698e9cd350a9126e0b35351ab,True
ciclo,cat,25,toon_reversible:celdas,reversible,,,con_mapa,f484bebb3c79922d1d15949f697d88dec7068ca9b8c326d52fb91047dc96fbfa,True
ciclo,cat,25,toon_reversible:columnas,reversible,,,con_mapa,ec1f808c24c56d50f14344d4f86d419160b22e13b7ae1fdb77e79e3b8807d456,True
ciclo,cat,50,json_pretty,reversible,,,autocontenida,9c4da6ae98c05848826427284b191a65841322f8ad855625a5d12653af093d26,True
ciclo,cat,50,json_compact,reversible,,,autocontenida,65be26dcc0bda4c8054c6c9c97bcd19abdd8869f24775e508cdb6c113574a5c3,True
ciclo,cat,50,yaml,reversible,,,autocontenida,637d9c2a56c9358d470447ed06b8a33d54a461f49c0ebc6fbc8290378026ac6f,True
ciclo,cat,50,xml,reversible,,,con_contrato,6185828e18cf8169c1490d61cd66a94455283bca3d7b5fa0a9bba14429083f87,True
ciclo,cat,50,csv,no_reversible,"el CSV descarta los metadatos del documento (header con 3 claves: d, store, cur); solo los registros se reconstruyen: reversible",,con_contrato,c4c25467b5de0b0f1d191d9d49bdbc5af4dd6d0bd634c5da1e07420778c16454,True
ciclo,cat,50,toon,reversible,,,autocontenida,68335d9ed0f29800570d61b6971603bbb7d57242634ec665e192048fac6edfe4,True
ciclo,cat,50,toon_flat,reversible,,,con_contrato,d1ac8c6eba6a68fd615abaa711868ec60f790b23303d13f0ab5f518b6fd93df3,True
ciclo,cat,50,mini,reversible_normalizado,,header.n lo añade el serializador .mini; header.v lo añade el serializador .mini,con_contrato,43742749767787b8ba6a428965b7c56eae4f0aaa916d32cd61fe11ef3e55b337,True
ciclo,cat,50,xml_tipado,reversible,,,autocontenida,2c2c833c9eea00d964b0f9cc419ca20a89631cc18806380dc67728608081db28,True
ciclo,cat,50,csv_reversible:celdas,reversible,,,con_mapa,fda1de10fa0a6135d8f3bb6f6caf126d4daa8be150018dc74d44ba0a2e1446e3,True
ciclo,cat,50,csv_reversible:columnas,reversible,,,con_mapa,48e9a6a43634a8594eeb67b506dbf01dd684227603d0a40ea50a18951b0f9161,True
ciclo,cat,50,toon_reversible:celdas,reversible,,,con_mapa,d421623c4f2bd78c26ada0b74555ed867dcc06b67d5f80ef335ff863e77e5bdb,True
ciclo,cat,50,toon_reversible:columnas,reversible,,,con_mapa,c5d58695b9b653b16f01f6f88693270957f561453638b604843171e727bf49bd,True
ciclo,cat,100,json_pretty,reversible,,,autocontenida,9441537419a1268271eb722393478051cf72880b5000e5fec11c17a9f8846e92,True
ciclo,cat,100,json_compact,reversible,,,autocontenida,69e6eb61aa7ec64f2fd0d747e5450c8a4ca5d84c36fd5624d8466f00c422a503,True
ciclo,cat,100,yaml,reversible,,,autocontenida,ba2a77c905b252508abcbe6a94cc3e010ca1e79bca1761e383e03f1206cee4dc,True
ciclo,cat,100,xml,reversible,,,con_contrato,036ea0a8830e691ebdfbdbb03226c2ede78840d29a1321c684ff1464184b4a97,True
ciclo,cat,100,csv,no_reversible,"el CSV descarta los metadatos del documento (header con 3 claves: d, store, cur); solo los registros se reconstruyen: reversible",,con_contrato,70b37d4ea040a0225a7c43964114c3b82d28e1c50706c623a126d9662d385d60,True
ciclo,cat,100,toon,reversible,,,autocontenida,696c4c15934655b69118408a98fad9e8413389b26682ab81f18d697c2f3c53ec,True
ciclo,cat,100,toon_flat,reversible,,,con_contrato,83b2dce134392224ed0b19aa4b55263e376088691f41fea9fa02cacef07ddb00,True
ciclo,cat,100,mini,reversible_normalizado,,header.n lo añade el serializador .mini; header.v lo añade el serializador .mini,con_contrato,1a4c32544c882a77bb3441988b90daa4942c65c64b2b1222ba0170fc45f8399b,True
ciclo,cat,100,xml_tipado,reversible,,,autocontenida,1b7f05ee5eeeb3a647c0e4745b0f7b6168d14322b91171b21302a598b31f9dec,True
ciclo,cat,100,csv_reversible:celdas,reversible,,,con_mapa,3f79748ed00ea67315f29b7847f71d63548fceeabb0512b4040f3e871cfe4302,True
ciclo,cat,100,csv_reversible:columnas,reversible,,,con_mapa,5f5f28a14fec8fa7496dfbc1b065a7617063d52d8c95d6273af9ac86d56f885e,True
ciclo,cat,100,toon_reversible:celdas,reversible,,,con_mapa,a66faa7e6155da189f5da6c6630f123c5e821eabc581c0539c8b5dfa389d8ffd,True
ciclo,cat,100,toon_reversible:columnas,reversible,,,con_mapa,d4b48933076d124f8dc41c5509934de424e5d570b92743918a65957ec4c2c977,True
ciclo,cat,250,json_pretty,reversible,,,autocontenida,be76217c278ed14cdaf621ae63a3257447a168efac1aa606d9de063fd3d1cf1e,True
ciclo,cat,250,json_compact,reversible,,,autocontenida,f074b1dd88c91a3be67e95bb621b82b0fdb2b475522beafaa0d4d6cfcc0950af,True
ciclo,cat,250,yaml,reversible,,,autocontenida,87e8308abd21ea52836d02ee979a3552d5f6d36279728aa85950ed571bb59f9f,True
ciclo,cat,250,xml,reversible,,,con_contrato,9fba6411e66d2307101aa2653f4eda0acea994979f8a3bd904e7f27fcfed64ab,True
ciclo,cat,250,csv,no_reversible,"el CSV descarta los metadatos del documento (header con 3 claves: d, store, cur); solo los registros se reconstruyen: reversible",,con_contrato,fb668dad9918ac6f1f5ad188088116da82134bc6cffed62dc011f776c92ef93b,True
ciclo,cat,250,toon,reversible,,,autocontenida,94d45f50adf8f2b16f8c9f5640bae0565cf2f1ee08fd22fa02cef1e5e2f6d397,True
ciclo,cat,250,toon_flat,reversible,,,con_contrato,b39879829831fad1b242fd3fa427e6c777571e433f5f5601331542fb09cb3f01,True
ciclo,cat,250,mini,reversible_normalizado,,header.n lo añade el serializador .mini; header.v lo añade el serializador .mini,con_contrato,57219ead2dd3a228730f22fa6bccc022ea7dab3decd271b8044a4a51c819cd5b,True
ciclo,cat,250,xml_tipado,reversible,,,autocontenida,d605fc3aeee040343ebab7489da5e04a78aaed2bee48fb9194159e9890c207c4,True
ciclo,cat,250,csv_reversible:celdas,reversible,,,con_mapa,9f7cc4c2e54044b809648d3db2c7c4a1f2e310db86a45e55abe6143be741e32b,True
ciclo,cat,250,csv_reversible:columnas,reversible,,,con_mapa,b46493a08937b931475fb85f06ee3bea1bdbc8f9dad3e8b768cecca91b90f269,True
ciclo,cat,250,toon_reversible:celdas,reversible,,,con_mapa,9691fe2b43c101e63f31f317e7bc0a2390d30395867969384c42f18aa69f2c14,True
ciclo,cat,250,toon_reversible:columnas,reversible,,,con_mapa,c7fa6c192bb8c12fee996b9e62498e94e17c1441133b33993df46b54c05b5524,True
ciclo,cls,1,json_pretty,reversible,,,autocontenida,ddbafc9467ee5b3136479d3df8fd64155e6c365a30824e50f7cdf54956c0603f,False
ciclo,cls,1,json_compact,reversible,,,autocontenida,39e3743558482ca4ccfec4e45f544a15a9959110a64242435a17cc5dcdb9c7c6,False
ciclo,cls,1,yaml,reversible,,,autocontenida,10cf5c277a0af30b3f7dd6ad1ed381fad1dc3b3a819237fa5a1b89cd3fa1d5b7,False
ciclo,cls,1,xml,reversible,,,con_contrato,2350457f79ddd5b396fbe0509d10da5f40f01ed826a49a3ffadf98d625ce4ab5,False
ciclo,cls,1,csv,no_reversible,"el CSV descarta los metadatos del documento (header con 4 claves: d, l, model, k); solo los registros se reconstruyen: reversible",,con_contrato,2d80ad85f771a9870680775ea4685bfb60d473639397c758512982d2e12ea04b,False
ciclo,cls,1,toon,reversible,,,autocontenida,18ab22dcf2fd4d637753b08f449317107235835595f990e27e95d1d521a2ae27,False
ciclo,cls,1,toon_flat,reversible,,,con_contrato,9d74ac4bc5f933cdb5f74409ce6b46c8ca659b4365d3293f3aecfaf28a9cff04,False
ciclo,cls,1,mini,reversible_normalizado,,header.n lo añade el serializador .mini; header.v lo añade el serializador .mini,con_contrato,cd094bed28de0997e7b27d5677d36362f2df853672d29982145c0e49f5909177,False
ciclo,cls,1,xml_tipado,reversible,,,autocontenida,05cf325d20d69bdce600b1bfdd9c984973e78e5828977fef07a082c1407b68e2,False
ciclo,cls,1,csv_reversible:celdas,reversible,,,con_mapa,8f3a19f4faeeaa7b79209fdc57fca70c12136caed1ecbdd907233d8dd09ed9e8,False
ciclo,cls,1,csv_reversible:columnas,reversible,,,con_mapa,c8062e80a43b986b49804b8194b775230879bab21dfbdbbf535f87461024f295,False
ciclo,cls,1,toon_reversible:celdas,reversible,,,con_mapa,c3ffac1d0ed598cc5fe819a0b8482e0421968d819649137278eaa55ec92d062d,False
ciclo,cls,1,toon_reversible:columnas,reversible,,,con_mapa,109d05fef6aff3cb8b9052992806ca6e0b0272789402304723ac63532a3bd78f,False
ciclo,cls,5,json_pretty,reversible,,,autocontenida,b304a7de5a663cff8650679017909b4d1b4aaf6acb166e6b122d261cf716ad71,False
ciclo,cls,5,json_compact,reversible,,,autocontenida,49c6c5eff7a376ecd8cb6de86c955f4a1646944376f052f0201c668816134513,False
ciclo,cls,5,yaml,reversible,,,autocontenida,0ad5d9e9b58b2163775eec3a8020cdb418ce8d7621ad1bc98f1470d6eccf96e9,False
ciclo,cls,5,xml,reversible,,,con_contrato,c9374268b8daf5df24553b5e8096988fa0ea29bfb27b0209c5c3faec21c5fc61,False
ciclo,cls,5,csv,no_reversible,"el CSV descarta los metadatos del documento (header con 4 claves: d, l, model, k); solo los registros se reconstruyen: reversible",,con_contrato,cc80d7c61db9d3c4869b248151c086cefe286c27052de0bc79b763055c7867d8,False
ciclo,cls,5,toon,reversible,,,autocontenida,dfa251ee752500cb8934d2e6933a66f6fcb46ac88b43b324e1aea0cad1e70b43,False
ciclo,cls,5,toon_flat,reversible,,,con_contrato,8a7689724b3e1ed30adefa4545b83528bc4c864c90599364baa6b0d62a46b410,False
ciclo,cls,5,mini,reversible_normalizado,,header.n lo añade el serializador .mini; header.v lo añade el serializador .mini,con_contrato,40c4d7205f0d0f6804819a0b43c4c2d6caecf024f31a7087a1207eedf81dbfd3,False
ciclo,cls,5,xml_tipado,reversible,,,autocontenida,31742ece1b50f7688777d2be77e3db4a590fa62fcd5cc12571f05aac7180af6b,False
ciclo,cls,5,csv_reversible:celdas,reversible,,,con_mapa,cf2c3f63bd8b012a3f1aa4893001b0ac7c8da8f7a4c3e23a7e0e0edd8b3ebcb2,False
ciclo,cls,5,csv_reversible:columnas,reversible,,,con_mapa,ef61b32df756dbf7789aa0436dd1f259bb814d3d59d84548d3abd8171a50c871,False
ciclo,cls,5,toon_reversible:celdas,reversible,,,con_mapa,85529bdd3377f3bf9b49854d7a9ed71388d39e6c3c131fd177e6cb4f9b6e65d3,False
ciclo,cls,5,toon_reversible:columnas,reversible,,,con_mapa,2d4f9fdcc0077a4c64aff626095e2a7910957ce2ab0a03b35df97b975e479228,False
ciclo,cls,10,json_pretty,reversible,,,autocontenida,e019294bea8e4a251fc9afb41e7e25cdf4285b65c9c75c7919c305323ddec171,False
ciclo,cls,10,json_compact,reversible,,,autocontenida,b9a1d26b2e45b0ee4d6f4451519d6cd7f36f53c51dff9f41ca9860f8c56be54e,False
ciclo,cls,10,yaml,reversible,,,autocontenida,6655e292144b8e455a42a138a757952b8863b4ca36a4b467c33176186fadc75a,False
ciclo,cls,10,xml,reversible,,,con_contrato,4700fb3a1d0b2fd174636f7ee51cfaa2482f7d075ce9606f356eafc37b440cc4,False
ciclo,cls,10,csv,no_reversible,"el CSV descarta los metadatos del documento (header con 4 claves: d, l, model, k); solo los registros se reconstruyen: reversible",,con_contrato,c9e32a1b74f99d597b7ee4bcdd15d8bf4ff7683941316a983987d70c806ee721,False
ciclo,cls,10,toon,reversible,,,autocontenida,50eab679922ed4b6efa033e2cdf8412c25b4e8cd40c3558a4c7446734f0352fa,False
ciclo,cls,10,toon_flat,reversible,,,con_contrato,a4ce88ceee12c6402641a8ab0e00acb73ce57897484cfc0ab93712b0331153d2,False
ciclo,cls,10,mini,reversible_normalizado,,header.n lo añade el serializador .mini; header.v lo añade el serializador .mini,con_contrato,7ae1065ead5558b5e890b1f48ca48cc3af2ef84fe779acb5e51ab915ea6fdd46,False
ciclo,cls,10,xml_tipado,reversible,,,autocontenida,ab03223beb75514fca176a6cf12c82f1252acc17494cae6ca86f61f6a2897935,False
ciclo,cls,10,csv_reversible:celdas,reversible,,,con_mapa,bcf1c3ac271312e689ff06c591bad97b5d16d4ae4cc9c0322ffe82961c3f546f,False
ciclo,cls,10,csv_reversible:columnas,reversible,,,con_mapa,33eaaa715d8a5cece025c58bac9aef9c7b65bdae8eb93e92dd47b8b466009eaa,False
ciclo,cls,10,toon_reversible:celdas,reversible,,,con_mapa,6f4c9c993ca950f83bd85553cd0fe29b106c28dad3fcf83c05d1a5910520f5c3,False
ciclo,cls,10,toon_reversible:columnas,reversible,,,con_mapa,d82a0146ea1edf681497d2bd6efe47f0cde26e11f5a7a49f9beb94156e1314a7,False
ciclo,cls,12,json_pretty,reversible,,,autocontenida,7152fc81d9702d74dd00bf7c6571cfb7e73e3628738b3653f449b5fe45aff8eb,False
ciclo,cls,12,json_compact,reversible,,,autocontenida,b1ab2d84c4537c2804406808d0af8809e3e96afcf92eaf1b4e7d3ce434451445,False
ciclo,cls,12,yaml,reversible,,,autocontenida,62cfc95e1c34151efdd9ecc49b89ff3ba2c1f1d31621b43636927ab5a28c21d3,False
ciclo,cls,12,xml,reversible,,,con_contrato,c6a8ebff0549ea6107552ee7b1af49e2283b44012e6bc6ac220e10850e4c7636,False
ciclo,cls,12,csv,no_reversible,"el CSV descarta los metadatos del documento (header con 4 claves: d, l, model, k); solo los registros se reconstruyen: reversible",,con_contrato,f935aee0de3083347215c10f9001d1bcd7561af19a2802c1ab3fa67a24175895,False
ciclo,cls,12,toon,reversible,,,autocontenida,b3b78d950820ea726ec26d1f70877a9d4e15dab566faca55a2bb2f1117249a95,False
ciclo,cls,12,toon_flat,reversible,,,con_contrato,58b7b1abe31394e94541d329d78da39baa50f6dd3b7b058ab9395ca0c8f2428d,False
ciclo,cls,12,mini,reversible_normalizado,,header.n lo añade el serializador .mini; header.v lo añade el serializador .mini,con_contrato,4b531a0031d8e7223099f984767b89ca6a67c3e7c4af72753231d3770c9dada6,False
ciclo,cls,12,xml_tipado,reversible,,,autocontenida,b137bf18aac32916b157edfeeeced0e0ec6d75b1eb6b26192849ee1c2c0ddc1e,False
ciclo,cls,12,csv_reversible:celdas,reversible,,,con_mapa,fbed2da86577850c6877b2a31ff7d9c7638d325a31e5a9f47645af6c379ed883,False
ciclo,cls,12,csv_reversible:columnas,reversible,,,con_mapa,725fa552859e90fec0eb9ab08aa6d0f24af4e4eafabae40bebc272456a713531,False
ciclo,cls,12,toon_reversible:celdas,reversible,,,con_mapa,031a5ee6645b0a7fe5a9f57f130ebf30dbee38e8a05ff940e8dc44fa19bb8c52,False
ciclo,cls,12,toon_reversible:columnas,reversible,,,con_mapa,17dbd628306f89d445ed5641d164a5ddf101c8680212c69efbd62a206efd3cd6,False
ciclo,cls,25,json_pretty,reversible,,,autocontenida,b764f3f85e400c51ff01bd188fb8331ee677cf4d6ae54dbd95e3238f52f8aeca,True
ciclo,cls,25,json_compact,reversible,,,autocontenida,faaee97a34ba5ac673866d33acef0ff59620f30b7cdcdeeecfe60164a561174f,True
ciclo,cls,25,yaml,reversible,,,autocontenida,12b71b77ada65b1fd5f452c6ece6363e0c7f81939f73079a8112d761dfa6b493,True
ciclo,cls,25,xml,reversible,,,con_contrato,dd842ee994e34983cafd6ca798987ebbcac03bcf16fdaf467eed57158e2c658f,True
ciclo,cls,25,csv,no_reversible,"el CSV descarta los metadatos del documento (header con 4 claves: d, l, model, k); solo los registros se reconstruyen: reversible",,con_contrato,7d0bbdec87bd2042f4686772d0a4296d80a2960febba5c2c13bda779ad2b66eb,True
ciclo,cls,25,toon,reversible,,,autocontenida,80714b62236b7893a50c2bbeb54d19afd801c0ebe94546de7c20a75b37c0622b,True
ciclo,cls,25,toon_flat,reversible,,,con_contrato,e00f8b2e6d60418f6830f579a3edb5626562f60e02fe8473d1120e73f9136534,True
ciclo,cls,25,mini,reversible_normalizado,,header.n lo añade el serializador .mini; header.v lo añade el serializador .mini,con_contrato,f2e0fcf8fa9aed99fcb1a4bcb6afabb04688b5eed9119d8bd0447560e6a6e187,True
ciclo,cls,25,xml_tipado,reversible,,,autocontenida,73fe87d08a653057a3812f8b89db2621c9fbfcca4ea8a05c5a63d4049750a4e5,True
ciclo,cls,25,csv_reversible:celdas,reversible,,,con_mapa,e16d2073191e6cb54cdb18eab67de163b5684d3a3bbf3ee7352253bc691fc84d,True
ciclo,cls,25,csv_reversible:columnas,reversible,,,con_mapa,438f3f5f2087fb8829062ded762e1f7c46b91eb2f1aa7c88e144084f5d49053f,True
ciclo,cls,25,toon_reversible:celdas,reversible,,,con_mapa,50a6eff98d8a17980524c6e7d988ddd0b11d35a05d31d66f6cda9bd5448a3e0c,True
ciclo,cls,25,toon_reversible:columnas,reversible,,,con_mapa,ff278188071bccda9e847f29c8c09d564b0c65c10088c828fe579546cefdbbf8,True
ciclo,cls,50,json_pretty,reversible,,,autocontenida,553c5f00db1b7a9d27908ad2cb74e89e9b05dae8a4c69614b6f8ba39f941dbbe,True
ciclo,cls,50,json_compact,reversible,,,autocontenida,c75773276313e3cef2d4a307cd7ee9b2ffc43b875c475e154d02d655cab2d93b,True
ciclo,cls,50,yaml,reversible,,,autocontenida,f68700aa77271deda411e5a01e8b678a3c6adca35f5de98d585533bf89b4f858,True
ciclo,cls,50,xml,reversible,,,con_contrato,a11aa0e01f14d5ee612b404b8d88565e841e0d79436c6c4f0a8079a59d6b6c89,True
ciclo,cls,50,csv,no_reversible,"el CSV descarta los metadatos del documento (header con 4 claves: d, l, model, k); solo los registros se reconstruyen: reversible",,con_contrato,04e0755883a1d0e333b9adac45b7883f0b1054e9ff797a2247f5634f4255eb32,True
ciclo,cls,50,toon,reversible,,,autocontenida,40263c89d5053d4c0b9914da94e5ca9e74bc94bb9a582cf76f5e2241b8103e31,True
ciclo,cls,50,toon_flat,reversible,,,con_contrato,286b38ffa9403460f4a64846fb65d16581bdb94e00ba954d79c8af3d181bc92b,True
ciclo,cls,50,mini,reversible_normalizado,,header.n lo añade el serializador .mini; header.v lo añade el serializador .mini,con_contrato,ed7bf0cd3185725bee258041c858ecda90cfaebc3eb1694d4d2c5945f632be10,True
ciclo,cls,50,xml_tipado,reversible,,,autocontenida,b95c4d7498b585a03f0c26cbd4c07745279d76e37cb4f6d8da3bfb3d441fe339,True
ciclo,cls,50,csv_reversible:celdas,reversible,,,con_mapa,ff9def1c2e82b16342cb2e61180ac49b99ce688f6a7139d1b2ee25fed70bd2ad,True
ciclo,cls,50,csv_reversible:columnas,reversible,,,con_mapa,690022527f88a02f93e912f39e8f25ee3727e50561a3ede4ee55a230bfde4a31,True
ciclo,cls,50,toon_reversible:celdas,reversible,,,con_mapa,2ebeb40992d481e1d51a879a9a06ccf6264617a4687658653b25e0d8653bd43f,True
ciclo,cls,50,toon_reversible:columnas,reversible,,,con_mapa,90a22109d9e3d2dcc1374f4f6fd191a3a8204fa400e9ac0c79718e86cdcdf94e,True
ciclo,cls,100,json_pretty,reversible,,,autocontenida,08d6f4765fd6fca613d0072f496730962166a18a6fdca05ce37bab3ac84a5b27,True
ciclo,cls,100,json_compact,reversible,,,autocontenida,08e7425df28e856f123b484dab32bd2b24e78064d2b5cdb31cea1580af7d2eb2,True
ciclo,cls,100,yaml,reversible,,,autocontenida,f2052a8ada098ebf5bfaab09e12bba3e88d3dfd8377ce79a60ceb9ecc03c7633,True
ciclo,cls,100,xml,reversible,,,con_contrato,03095a7c4ecd796ee4e08907c15798d25dbc46d5dd0b777d32e5a33835e21609,True
ciclo,cls,100,csv,no_reversible,"el CSV descarta los metadatos del documento (header con 4 claves: d, l, model, k); solo los registros se reconstruyen: reversible",,con_contrato,04da69b6a0521c07d9a7fe12079fccd5bba0a60158f6451b7a58667e60a32483,True
ciclo,cls,100,toon,reversible,,,autocontenida,197da32866b366063551aaa5137d95d54cc5197ce06385dbcc41c790d7b8fc25,True
ciclo,cls,100,toon_flat,reversible,,,con_contrato,f50e78aa42566c5fb387d21db50c4e4136c6d11c5f50b9885018c6643f736923,True
ciclo,cls,100,mini,reversible_normalizado,,header.n lo añade el serializador .mini; header.v lo añade el serializador .mini,con_contrato,53e72eb9ac26779b57dbff64f9ea5b99bc3a90fa1702271d9c082aee9c493bd5,True
ciclo,cls,100,xml_tipado,reversible,,,autocontenida,c7a3db798c8a8527365c56dcf5f13953f87911815371df06e3b89765dca5b54d,True
ciclo,cls,100,csv_reversible:celdas,reversible,,,con_mapa,d2e71f3c7b1b6c171abde370156091b3f2f50377677952532b1b25bbcbc838e2,True
ciclo,cls,100,csv_reversible:columnas,reversible,,,con_mapa,ba4e524058bbe36ff5cc59b2b5e1e52467da9419c1789b8d9d0c2582d8775c3a,True
ciclo,cls,100,toon_reversible:celdas,reversible,,,con_mapa,d52f368e5f6d6c6f6b6af23faf9acf1aed00fa4c75adf7fd01aeb9a153a935ef,True
ciclo,cls,100,toon_reversible:columnas,reversible,,,con_mapa,02937c55cd7680d2dc6f6bc08de5ff9177f3944ab67a3f6538c9994c2f731810,True
ciclo,cls,250,json_pretty,reversible,,,autocontenida,a1fa563251cdb5db263dfa4b92c2353a24fe1019fa0a48aec93efd725d8b5f26,True
ciclo,cls,250,json_compact,reversible,,,autocontenida,411c4cc32a8ad67834cbb3f69326b5d3819a37e0bf83ce142bb3e79f15b94752,True
ciclo,cls,250,yaml,reversible,,,autocontenida,a6be86e9b398302ca644e24c8340d72471dbcf8ab816f168ad60006fe3b6a37f,True
ciclo,cls,250,xml,reversible,,,con_contrato,edec6e90d664416aa08e70543241730d4edb8c91f0d312bce7fdede40d858738,True
ciclo,cls,250,csv,no_reversible,"el CSV descarta los metadatos del documento (header con 4 claves: d, l, model, k); solo los registros se reconstruyen: reversible",,con_contrato,df706ad12b2f266ad6d26787dfad25a1af0c5a6f9272bc03e1113ac37668c9c9,True
ciclo,cls,250,toon,reversible,,,autocontenida,ed4031712c44dd43a7bd013b1ebaefeb0ef6dddfe47c7e1d0b53ae8d329c6e68,True
ciclo,cls,250,toon_flat,reversible,,,con_contrato,f76f4fe5076395298d9589440942f464ef6bfb11510c69ac2c3f11818de95a9c,True
ciclo,cls,250,mini,reversible_normalizado,,header.n lo añade el serializador .mini; header.v lo añade el serializador .mini,con_contrato,79ab45a004e8851ca29390a84f4e40390f0f24784e076158f726329bcde87c07,True
ciclo,cls,250,xml_tipado,reversible,,,autocontenida,654c79d94a0fd47ab9e2b5a3e09bc4ce382ca9d9b44eb19692c8c23c46920662,True
ciclo,cls,250,csv_reversible:celdas,reversible,,,con_mapa,f74761c1cf6b627f325bcd01278591a3b94db0296ff86e50560538a6b6761ed3,True
ciclo,cls,250,csv_reversible:columnas,reversible,,,con_mapa,a0e63acd6defd2040f8cb6ccad3810b96efa79d7fad0f20e55043dba4bfacb7b,True
ciclo,cls,250,toon_reversible:celdas,reversible,,,con_mapa,e1416756fe1bbfa7d782676159116b5d7d34511cf838501d8a4f27c51e347023,True
ciclo,cls,250,toon_reversible:columnas,reversible,,,con_mapa,218c5bb1f0379e410ca41fc6998bd477e4d1c2e1fc406af0baa581339997e916,True
ciclo,code,1,json_pretty,reversible,,,autocontenida,47c70f05c1c671fdd9a63ba9fcc94618506f65109b3ec0334b71fd2d879aa6ea,False
ciclo,code,1,json_compact,reversible,,,autocontenida,dfea83c2d247c896ad96509a88b9b31e793778b98187f1990416a0707891ddfc,False
ciclo,code,1,yaml,reversible,,,autocontenida,52422af7ce8b91e2d434a3f08b23813df55b261d2fbf77090fd722bcf37d6043,False
ciclo,code,1,xml,reversible,,,con_contrato,774aebf34bb844d24fe929cf55da60ee1451bb53d36b0547dbc828287eb7c441,False
ciclo,code,1,csv,no_reversible,"el CSV descarta los metadatos del documento (header con 3 claves: d, l, t); solo los registros se reconstruyen: reversible",,con_contrato,f977dd59066c5f3595e8c55731d9d4e39822f35ccb467ca0ca157cc4bc4546e7,False
ciclo,code,1,toon,reversible,,,autocontenida,951e7be5b4eee871763cfed9e3cca2d7af792a0b35af58200e45d07080128595,False
ciclo,code,1,toon_flat,reversible,,,con_contrato,e806036f0042b576e2b7eac678becae1587aafa11908e5955c5b22f16867f9d7,False
ciclo,code,1,mini,reversible_normalizado,,header.n lo añade el serializador .mini; header.v lo añade el serializador .mini,con_contrato,c87969cd8e7f7a178364472b9d91286ac1d1bd8d7a8f2c19871f79e69281b6a2,False
ciclo,code,1,xml_tipado,reversible,,,autocontenida,7b002ea2767f51aa94301dc1a467d04b82fe1b9b6c7188a76540346412e54f7c,False
ciclo,code,1,csv_reversible:celdas,reversible,,,con_mapa,cafece74bffea4b83b1e618708acc984be4b8e7a2a17e153425a6683a6b8574f,False
ciclo,code,1,csv_reversible:columnas,reversible,,,con_mapa,1b0e8a57afd30288987239f6da41805fe78b6e2dc22878bca786325bed1e77dd,False
ciclo,code,1,toon_reversible:celdas,reversible,,,con_mapa,03167c2f2920233752425c31f93cdd589e0eef76dd8b458876b634964fccdeeb,False
ciclo,code,1,toon_reversible:columnas,reversible,,,con_mapa,a9901523a96efc3bcbb529eb35c292038ac4d0d6b216c4bb1fa08c4f5647d1e9,False
ciclo,code,5,json_pretty,reversible,,,autocontenida,4510b5c1ec6e8060482fc7a51de8be94cf84736406b710e3282cae94810e8126,False
ciclo,code,5,json_compact,reversible,,,autocontenida,43676035fd10fbf58fac4102525b8335d3682c93ff2d33183bc8d571d0dfcbd0,False
ciclo,code,5,yaml,reversible,,,autocontenida,279653d38a3592d97fe43d5d6bae54959d822cc18c47b63ef6dacd7eda4aa09a,False
ciclo,code,5,xml,reversible,,,con_contrato,a5a274f47e6c5dc590ca9c4d2cf60d1a8b09fbff81fdc5412e0aadb4d2974b2d,False
ciclo,code,5,csv,no_reversible,"el CSV descarta los metadatos del documento (header con 3 claves: d, l, t); solo los registros se reconstruyen: reversible",,con_contrato,d78bd3ebaca10e61b3106ef8e9f4db3586b4c54c655e29ada0f48199132cec90,False
ciclo,code,5,toon,reversible,,,autocontenida,0060e080cb24babb8172fa84becbcdbe9b3c176ecc3be6fc165fb590ea3cdb17,False
ciclo,code,5,toon_flat,reversible,,,con_contrato,ab376ecb619ecab7453b85bb768557b6ae7ee057d146ca38271661d3d94f9dda,False
ciclo,code,5,mini,reversible_normalizado,,header.n lo añade el serializador .mini; header.v lo añade el serializador .mini,con_contrato,f2e8250c3a4c45bd86c2869ffb83a57af60de0801a7b94ead3b0d98b719ee016,False
ciclo,code,5,xml_tipado,reversible,,,autocontenida,90fbc660ad2fbe96c34d88b216d5b6c669b2e7ad6800ff554fc526b782ef9b33,False
ciclo,code,5,csv_reversible:celdas,reversible,,,con_mapa,1eab614aa47f1e4318ed8df7ab9930d57423f00fd6109b003236cfffabd128f0,False
ciclo,code,5,csv_reversible:columnas,reversible,,,con_mapa,716ce127f98fe9ccf68a27c870c6391b87feea997ad2f91c82f0fc2ec2a96e4c,False
ciclo,code,5,toon_reversible:celdas,reversible,,,con_mapa,e761e3d8695ac468f7c95527075185da656897977b5361bcfc5e9e9221a0daeb,False
ciclo,code,5,toon_reversible:columnas,reversible,,,con_mapa,0cfbdde431f836a9e41d1ced9ebc13cc99cfbbe878dfb431a3c16f98b63b0f59,False
ciclo,code,10,json_pretty,reversible,,,autocontenida,1e340b6020ed31f23c139ee0f673f37698588f6153c71bffc453afdb7f6c32f5,False
ciclo,code,10,json_compact,reversible,,,autocontenida,90fa9255f62f0193573ab0070082eb914ac62a2fa2668cfc2acf5df300e6dcd6,False
ciclo,code,10,yaml,reversible,,,autocontenida,db1fd209ec170f5cec697563b67283fdd1cfa24c08cc6f6c806ed6bad45f6f95,False
ciclo,code,10,xml,reversible,,,con_contrato,906a51b7dedb476ef57e83a0662dffd96be43b720aaffa29019ac18fcca39092,False
ciclo,code,10,csv,no_reversible,"el CSV descarta los metadatos del documento (header con 3 claves: d, l, t); solo los registros se reconstruyen: reversible",,con_contrato,ec1695e1d53795df723b724826eaf8a7bce69c5717cda52c69da348c5ecd6611,False
ciclo,code,10,toon,reversible,,,autocontenida,f1a45a3b5f9948000e22c7244c4f5d75e0b28868a02e759ea9f1c37ca4b8e46c,False
ciclo,code,10,toon_flat,reversible,,,con_contrato,de50a3e1b2b59b75a2f827147197ae4dbfce5b860a6a22834511a3169060e706,False
ciclo,code,10,mini,reversible_normalizado,,header.n lo añade el serializador .mini; header.v lo añade el serializador .mini,con_contrato,594f1c99c49b9292a4db61b04dc3beaa61ae4579ee5f7c7cd9fde6f2eb99c71d,False
ciclo,code,10,xml_tipado,reversible,,,autocontenida,828c47626f5ffb1c6424c89fd450c246940c6004d020fa1f5f894a5c2b19748c,False
ciclo,code,10,csv_reversible:celdas,reversible,,,con_mapa,a6ee49c4ce2e6c70a6158529792447ff502381520feeb8087edcecf2f9940ce0,False
ciclo,code,10,csv_reversible:columnas,reversible,,,con_mapa,3e0d64fd50c01f48489804f71824c0347e5434ae23d5361f443c72feaefcac89,False
ciclo,code,10,toon_reversible:celdas,reversible,,,con_mapa,a8695e2a45f3d181f95986e60e94dfffc120f7d3e28d61a5d0eedbc60446c939,False
ciclo,code,10,toon_reversible:columnas,reversible,,,con_mapa,8440d0720ba897094387c5100773dd7ec7dd1b461523ab4f4feca81dcd93f674,False
ciclo,code,12,json_pretty,reversible,,,autocontenida,173a833a0a0a0d20e6a30c54ec1d453c9a64e6c62bd27e25c444543690f365ab,False
ciclo,code,12,json_compact,reversible,,,autocontenida,a3772c271467094dfc1290c82f6c731508781c616ea687c65b782b102f056d4e,False
ciclo,code,12,yaml,reversible,,,autocontenida,a9a3cefd22f445e30a895053d8fcefd5983ac29168b56bea4f0aa3404c9135a0,False
ciclo,code,12,xml,reversible,,,con_contrato,a4c4168c599e984b2d6a66d4736fe7414087ee0523c1401804e9ecb34f83860e,False
ciclo,code,12,csv,no_reversible,"el CSV descarta los metadatos del documento (header con 3 claves: d, l, t); solo los registros se reconstruyen: reversible",,con_contrato,1c34216135daa303f928304b46d1fa7a5848b7099ed08bcec8a24e70f77edbf7,False
ciclo,code,12,toon,reversible,,,autocontenida,9b08f5c2333568d4281f46df5c320b0cf5d4f50402fc9d8fab44a669b18c7aad,False
ciclo,code,12,toon_flat,reversible,,,con_contrato,c2302083866a849b4dabe993132c5e144f552daf0f884bff68d30052b884803d,False
ciclo,code,12,mini,reversible_normalizado,,header.n lo añade el serializador .mini; header.v lo añade el serializador .mini,con_contrato,93c5a4c6ef1c811a027f833cb74881063169cdb3e22144a328411bb24b86b385,False
ciclo,code,12,xml_tipado,reversible,,,autocontenida,b5b0cd0e58d540c623ae0069bdee7a2e52b5ecd0c803b4113dfc3f9086450315,False
ciclo,code,12,csv_reversible:celdas,reversible,,,con_mapa,8e63aef0f044a2d1d8dc46366ee3ec75d2acce819e19b8a93d028a3decf7803e,False
ciclo,code,12,csv_reversible:columnas,reversible,,,con_mapa,62b7cc19795ed7c18a961584446da3030a26dbafd91bdf39c1507c558214cc36,False
ciclo,code,12,toon_reversible:celdas,reversible,,,con_mapa,3cab7c968b403f085aa8b7bcf85f1866cc61ee35ac1e6a94c7a072206ac8c248,False
ciclo,code,12,toon_reversible:columnas,reversible,,,con_mapa,16f649d17697c644ecc6bccc2d8cd75ea38aa71a162aab2be0ae16bdee866f4d,False
ciclo,code,25,json_pretty,reversible,,,autocontenida,08b58759509194c2c980bf6dbb037c3b0f23c7664d2c017e59e9fa887e3c6624,True
ciclo,code,25,json_compact,reversible,,,autocontenida,b98251e30e6d8ad7d6665c702e4629edcf3f1e3c900bd6566ee6f7bde8e5e820,True
ciclo,code,25,yaml,reversible,,,autocontenida,09ceb5bba374adb62b49e9d0ddac6e9359fade08f6798b7ac85452d7d167a35d,True
ciclo,code,25,xml,reversible,,,con_contrato,4c1eb5d9214b016042885c13474c3965e13faf98872b1d39ffe93b46871b800c,True
ciclo,code,25,csv,no_reversible,"el CSV descarta los metadatos del documento (header con 3 claves: d, l, t); solo los registros se reconstruyen: reversible",,con_contrato,57b008746cdb39caf8ec4384cd2dbb4560a673e1edd34c467c1f1a20019ff60f,True
ciclo,code,25,toon,reversible,,,autocontenida,d838a4ad8cd6e6d4f4a16aead9eb2b53a501ecd45e2f629bde920d13b7e51dd4,True
ciclo,code,25,toon_flat,reversible,,,con_contrato,6a20e8d4e36871d3190ceef1e8381f1f6cc883692ac6267b2720721cfc3389b0,True
ciclo,code,25,mini,reversible_normalizado,,header.n lo añade el serializador .mini; header.v lo añade el serializador .mini,con_contrato,8507e640d5a12cbb7b66d689392fdbaf390326f612af2e7600ba85742ea0dc6f,True
ciclo,code,25,xml_tipado,reversible,,,autocontenida,0b9fae40794ff43044ac6145e38bc77406d2c6c95ccf1cedd466f8fa00c6b85d,True
ciclo,code,25,csv_reversible:celdas,reversible,,,con_mapa,494f30b38eefe818416a2b3dbe5f5de9be1c31bf52c2466ccc0c6f1db3cddcb0,True
ciclo,code,25,csv_reversible:columnas,reversible,,,con_mapa,0f9ff50761033791a574e5b5a1a1c2b4a1ec2b305cb3a91696266a4f40d06bc7,True
ciclo,code,25,toon_reversible:celdas,reversible,,,con_mapa,0cf034568a3707c83e339e45495bc22335b32ef503f76a6c9c20052c37369306,True
ciclo,code,25,toon_reversible:columnas,reversible,,,con_mapa,dab076150bed0d9503b507d5ce2d26f75bcd0ce99e6600b6b84d8f860196dd74,True
ciclo,code,50,json_pretty,reversible,,,autocontenida,7e46557c227a98f024b8a3cf7d2f60828daceafa48c7900fb471ddff9da6fb30,True
ciclo,code,50,json_compact,reversible,,,autocontenida,d9039f5129bff10e14793e7a96b16149880b4cb704145ba7f0932866ef3fe0a3,True
ciclo,code,50,yaml,reversible,,,autocontenida,0339dd955c7593d4644ff3ce85beeaf9bac00e666825bf4489e58552d57f1083,True
ciclo,code,50,xml,reversible,,,con_contrato,388ed579ccd345d811dbaec6a40e362cd53619c1799ad909e87966e12a1e00ae,True
ciclo,code,50,csv,no_reversible,"el CSV descarta los metadatos del documento (header con 3 claves: d, l, t); solo los registros se reconstruyen: reversible",,con_contrato,9a4767bcf27e9e4bbf88beeded31bb8b9a1d3f5c830ee25d528a1c038c165d43,True
ciclo,code,50,toon,reversible,,,autocontenida,fb06cad1a6025c8f4aab52e7c2f56b20253d2b77801a6f51f59c73afe17fa556,True
ciclo,code,50,toon_flat,reversible,,,con_contrato,130fd2b14d0871b592483b700dbe3df629598c009170c40c32934b0eb74028ba,True
ciclo,code,50,mini,reversible_normalizado,,header.n lo añade el serializador .mini; header.v lo añade el serializador .mini,con_contrato,25f24422c4160841cf7b8739c868f34a277a1176c04d96c5a3b5424df1fc42a7,True
ciclo,code,50,xml_tipado,reversible,,,autocontenida,63759503f402c3cd0a8f6a41176771ca66d98970394ac47c45cdc979d98444ae,True
ciclo,code,50,csv_reversible:celdas,reversible,,,con_mapa,6d43c7fdfbfbc549ca4d13b081dccd66abea5146c68b474cc8ca1f74a8bf1aba,True
ciclo,code,50,csv_reversible:columnas,reversible,,,con_mapa,0d83563fa6884a1bbef28804afc0d980794306a210e194bcefe38955c7cc54d8,True
ciclo,code,50,toon_reversible:celdas,reversible,,,con_mapa,b2fcce154f7fa66bfd98afc6a3ebc9a1f9f72a8704e6faf23d89b3af3f11ab37,True
ciclo,code,50,toon_reversible:columnas,reversible,,,con_mapa,2c22dee339a186b1671e67313f39a6669a303e7a3fbff5291c9e80340423a112,True
ciclo,code,100,json_pretty,reversible,,,autocontenida,f076e1189ae69caf013f6cf3f5c5eb58af105b80953e1665a9cca59b5282c21d,True
ciclo,code,100,json_compact,reversible,,,autocontenida,8bbb26b927c226c45843f16b66e5998b18afe2668bb68aa7ff1f0ec701424740,True
ciclo,code,100,yaml,reversible,,,autocontenida,23579d7595b18cec792617070845471459e808149b9e76ca97baf771ebb05e1b,True
ciclo,code,100,xml,reversible,,,con_contrato,f38252c7564600bd4d482e5f2b72dea76addd13f15c37ef25a1836020999457e,True
ciclo,code,100,csv,no_reversible,"el CSV descarta los metadatos del documento (header con 3 claves: d, l, t); solo los registros se reconstruyen: reversible",,con_contrato,cbec340c32918af9b18f8d65b350cea57e3a33fdb7ebb5830e2d4fa8a31ae80c,True
ciclo,code,100,toon,reversible,,,autocontenida,a779b24daef2070044dfa2bdbb16eee3ece8405e56192cb3a990b3472ce37a70,True
ciclo,code,100,toon_flat,reversible,,,con_contrato,51eaa55bef9daf7f43ec2bdc1fa0f48317a72913ca35b182952cabdc90397e95,True
ciclo,code,100,mini,reversible_normalizado,,header.n lo añade el serializador .mini; header.v lo añade el serializador .mini,con_contrato,59b109c5db90d958464b663ed2ba44a66f6c496076dbd7aaaf33e84a0e90e0c5,True
ciclo,code,100,xml_tipado,reversible,,,autocontenida,6b2195a8a1f445929df9dfc514f8d68457d463ab4dc9981bf5fecd67f5a187f1,True
ciclo,code,100,csv_reversible:celdas,reversible,,,con_mapa,12085ca3cb76e55474b9d41b2e9835c1a3d612ddc70c2e8c9d623b520f45e16f,True
ciclo,code,100,csv_reversible:columnas,reversible,,,con_mapa,672ae40728803788befac66ba3ac6a51eb5d1a462908104e61078963f13246b3,True
ciclo,code,100,toon_reversible:celdas,reversible,,,con_mapa,33fc91128b94e519bee455dc027fa880ff85d5a0c243476c407d897a1716011f,True
ciclo,code,100,toon_reversible:columnas,reversible,,,con_mapa,622deb4789c6d99d7f9a38eb190cb4ce8ce564933a6027e3fa62b313a1aa2f36,True
ciclo,code,250,json_pretty,reversible,,,autocontenida,10896850571cfc1b73e649e12e6952ba21491130d7c3be22722ea05f08cfd539,True
ciclo,code,250,json_compact,reversible,,,autocontenida,e155acd0173807a4d9ad0be5580bc7c3c7b843a13e0742ee103b31b7d7f86c6d,True
ciclo,code,250,yaml,reversible,,,autocontenida,e770e5e1d9c3a2aa34b9b29a110c75ede3f8f47e33b329c9a24b6ebc21d1abcf,True
ciclo,code,250,xml,reversible,,,con_contrato,a28499a6840568303c631f24a17271a7bce82811fd228327e4962616a8ddd809,True
ciclo,code,250,csv,no_reversible,"el CSV descarta los metadatos del documento (header con 3 claves: d, l, t); solo los registros se reconstruyen: reversible",,con_contrato,b1e25e8ea45a5505b5eac5c626630bd4c369c3f708367f2efd2aabd3d418017e,True
ciclo,code,250,toon,reversible,,,autocontenida,a1e8d925979e471bcbcdd2fe00795ce357ce76bbc6fcdddba0fd16e7229dd75a,True
ciclo,code,250,toon_flat,reversible,,,con_contrato,0438ab231a71d62899e74dfddaef7dc8e81e09379eda10174dfe5804227b5ad2,True
ciclo,code,250,mini,reversible_normalizado,,header.n lo añade el serializador .mini; header.v lo añade el serializador .mini,con_contrato,c455d39353b2e06368595bae23ad8700330aac4e22a9f332e2453738819e79f0,True
ciclo,code,250,xml_tipado,reversible,,,autocontenida,806090f0849c0b5c0300ff22fa89614760564cf46b63a069bf2c35269384f829,True
ciclo,code,250,csv_reversible:celdas,reversible,,,con_mapa,89d49b43006db220f24ff7f66a94f11bfc28bcdfed75aad91d9ef8589f793c43,True
ciclo,code,250,csv_reversible:columnas,reversible,,,con_mapa,43ba39a8e29e502aefd7884420aed4177daa9ddcd985c1ed1a61f140b59eafbf,True
ciclo,code,250,toon_reversible:celdas,reversible,,,con_mapa,4462d904fce9758d113eee811c03ee37fda61a16391066c9641f8933de2075f3,True
ciclo,code,250,toon_reversible:columnas,reversible,,,con_mapa,6693b865e5e06de3ae0bee5043b1332f882a252c94d09bdbcaac71d3f069aab0,True
ciclo,log,1,json_pretty,reversible,,,autocontenida,26ced854586cbe1c1c84a26457bef291a154afe94fb7e2866b85f9f5f2113bc0,False
ciclo,log,1,json_compact,reversible,,,autocontenida,371f07f46b2739d6f2d63cd52386b84f4a49b087dedac9ad7f86b2f6e6f8d977,False
ciclo,log,1,yaml,reversible,,,autocontenida,ca8c4fa3c67c296997a5f31541b23291faba0f1b2da14d6068ca2d762f8366e2,False
ciclo,log,1,xml,reversible,,,con_contrato,393e8e6172f5f2a2e6acc22105a2f4df3dc81270e75e8c7c5f18d1efee000672,False
ciclo,log,1,csv,no_reversible,"el CSV descarta los metadatos del documento (header con 3 claves: d, env, host); solo los registros se reconstruyen: reversible",,con_contrato,dbcd228c167e530e01cd3e5310ae750f861657ef7e59c98cf336a6c78114b981,False
ciclo,log,1,toon,reversible,,,autocontenida,a0d489a46379d28d8ed35151227950ddc77a114a0f9b0ec5b5e2f46a14028921,False
ciclo,log,1,toon_flat,reversible,,,con_contrato,8673dd4cf642c4e9fe42d7d89d2e2cfc2dfe76f0c037b6e29c58c23784415edd,False
ciclo,log,1,mini,reversible_normalizado,,header.n lo añade el serializador .mini; header.v lo añade el serializador .mini,con_contrato,c2d2b20c7097852f61abc992d9fd1e089c9547282402da0968066fda3bcfa9ae,False
ciclo,log,1,xml_tipado,reversible,,,autocontenida,360497b9b3b64d1909d473cf481671a32510fdf92896c4084ee4447a423c0fe3,False
ciclo,log,1,csv_reversible:celdas,reversible,,,con_mapa,dabb51e7757980cab15d0ac51235a37e6789538ef19ee0622fa885eec3f0af07,False
ciclo,log,1,csv_reversible:columnas,reversible,,,con_mapa,5ad0e361f21ca7eeb1a93632ed5cb300b865bc34d9f4ea749b145b26e389edc3,False
ciclo,log,1,toon_reversible:celdas,reversible,,,con_mapa,8739f18b8b3907463529a9346e88175963dc5d4913aeec47f6e6ab64a9e64eaf,False
ciclo,log,1,toon_reversible:columnas,reversible,,,con_mapa,2749640ab4ebd75902c3558e793a5b505c343ed47080ea7f58b487e222a3f481,False
ciclo,log,5,json_pretty,reversible,,,autocontenida,0b51e47859f7c0cc7c736d772c6309bf60d95828d74c76366e0e6750b64e7268,False
ciclo,log,5,json_compact,reversible,,,autocontenida,eb85ee0e5e0e9347c4c0b1f51533265d53c469cfe04848aacfdb5787f4d5578b,False
ciclo,log,5,yaml,reversible,,,autocontenida,d674f01cfcb8f3e85032cb33fd85abf4d194ed08a86374fe168523b24c5babbd,False
ciclo,log,5,xml,reversible,,,con_contrato,062602f62fd6fd91b16c35c8e4108d0a428443640c3d6ea84bef99ea964734b6,False
ciclo,log,5,csv,no_reversible,"el CSV descarta los metadatos del documento (header con 3 claves: d, env, host); solo los registros se reconstruyen: reversible",,con_contrato,32be37172365278b46bfe3882b5fe3efcad4b04a12a40af3ab9d1489a58313aa,False
ciclo,log,5,toon,reversible,,,autocontenida,b6852f89a6632852b0836672fcb24aacc25309654f3d253d4852a773230289b3,False
ciclo,log,5,toon_flat,reversible,,,con_contrato,4f84bb95dea46b254bb87c3f06236e6f3dad07df968b17266e2a13ec692d6f1d,False
ciclo,log,5,mini,reversible_normalizado,,header.n lo añade el serializador .mini; header.v lo añade el serializador .mini,con_contrato,15c7f9ff548e0f83beb42deff9f28b7099fa8434aaeb11147a345c87faf2565e,False
ciclo,log,5,xml_tipado,reversible,,,autocontenida,e7e6fa967ae92f5a8585a6e3e546496afada3845683e9a61dca4cd1089b7af89,False
ciclo,log,5,csv_reversible:celdas,reversible,,,con_mapa,e062a9ebe7ee67fe6a972dc01bcad45b3ac92353b52f2b17137f0067ac185428,False
ciclo,log,5,csv_reversible:columnas,reversible,,,con_mapa,ecd85964557ff6644facce48bf7b59070ba3fc9b14a08dc06b901dd9653a99b0,False
ciclo,log,5,toon_reversible:celdas,reversible,,,con_mapa,6a556ee549923db46f21a1d9686e6913443ee691aad9eff25c8ebdc55eb8b013,False
ciclo,log,5,toon_reversible:columnas,reversible,,,con_mapa,09878484219a34a69ca0e13c2eceef1cae189b16a6cf9a7bc75a84b3fd4e118f,False
ciclo,log,10,json_pretty,reversible,,,autocontenida,3b5f6e309414b0abfb967f6d06b717ffd274c754ff515686df0c074d67ca29ae,False
ciclo,log,10,json_compact,reversible,,,autocontenida,482a48c2966858aa1dc0fbb635ba8ddd2341328e80d35185e9c2853340adefcc,False
ciclo,log,10,yaml,reversible,,,autocontenida,03244c46189d62ccd04ec4352ac839fb0a240b7a6f4ad819c9eeae8c51bccb78,False
ciclo,log,10,xml,reversible,,,con_contrato,8dccf01a742daccc2dd6d88b7321c79ec0f381779a9bb30aca9b9747d3810569,False
ciclo,log,10,csv,no_reversible,"el CSV descarta los metadatos del documento (header con 3 claves: d, env, host); solo los registros se reconstruyen: reversible",,con_contrato,3fea6f145cb2571a2143b8aa360d7e11ca97f0dc5ff715299c56ff02a4ba7287,False
ciclo,log,10,toon,reversible,,,autocontenida,14af5c5ba10543c9e704f60580fb2245e6a58d68f1c2b4f20bb86edcce475c9e,False
ciclo,log,10,toon_flat,reversible,,,con_contrato,20675677ded8327714dc4a85db97ec69f819dc3a3fbe8c3af46230573e436645,False
ciclo,log,10,mini,reversible_normalizado,,header.n lo añade el serializador .mini; header.v lo añade el serializador .mini,con_contrato,79aaa3211ac1a326a3e88ed6676d7f78b301fee68cd3fde9ac7d1caa14e765ec,False
ciclo,log,10,xml_tipado,reversible,,,autocontenida,5e296cbda40ff882acf4f726491a87535d6e40f7530068b96c50a22e99c2e2db,False
ciclo,log,10,csv_reversible:celdas,reversible,,,con_mapa,985edf3234fe1b6b6a92367c1842538f6c0786c295d72bb1179dc606141c46e5,False
ciclo,log,10,csv_reversible:columnas,reversible,,,con_mapa,ec8e062f39084059c5fb2f9f3a5b0334e6d3790a50c73df2602de0c4e6d02139,False
ciclo,log,10,toon_reversible:celdas,reversible,,,con_mapa,2b9d1117a2a27d48e88695c49e1b2f7e986c76420ffe1119163390e3d9691154,False
ciclo,log,10,toon_reversible:columnas,reversible,,,con_mapa,1dc726684bc1d4be3080a3adcb945d06a8f04666a57ab2bd2518e6a4b1271151,False
ciclo,log,12,json_pretty,reversible,,,autocontenida,0835c2f81769b483c12e1baa1c1879379266960f35466f3a5d1ea3b6538a5ea1,False
ciclo,log,12,json_compact,reversible,,,autocontenida,de745cbe74e3ca21a229039b5452339bd8dc495093bae1ae0b15a6221227fdb0,False
ciclo,log,12,yaml,reversible,,,autocontenida,f629dfa32ad3365ecdd34939ccbb091a6e5c42c6433b3f3e756f309119cc4fd0,False
ciclo,log,12,xml,reversible,,,con_contrato,d39e00c6835d70fc871b3fe57de551057cc04efadf844c6ca7698532cb8cd990,False
ciclo,log,12,csv,no_reversible,"el CSV descarta los metadatos del documento (header con 3 claves: d, env, host); solo los registros se reconstruyen: reversible",,con_contrato,faf3dbf6d8a4ed992cbd6685b0fc645d3e2debe954ceed699d4c631db28a0545,False
ciclo,log,12,toon,reversible,,,autocontenida,c58e026d0f0874ce0c2f9575685fcbd755ab55693c7bab4b35cfac03ce5934ae,False
ciclo,log,12,toon_flat,reversible,,,con_contrato,65aeb58835b2985234a6f5a9353f4cd602e074358015b6bf06ca195354f5cdb3,False
ciclo,log,12,mini,reversible_normalizado,,header.n lo añade el serializador .mini; header.v lo añade el serializador .mini,con_contrato,20970dc400ddfa8695630f834dbc621033c1814999effbc9abb9d9e05779e53e,False
ciclo,log,12,xml_tipado,reversible,,,autocontenida,52ee26e04bc029d3b9206a5d78bf436f8f0fd4eea2377cf894c2d2cf4e5dbc97,False
ciclo,log,12,csv_reversible:celdas,reversible,,,con_mapa,e487b06daa5bfb3e38797f3d9565efe8e998dfdee0305b3dc2049a84036b5488,False
ciclo,log,12,csv_reversible:columnas,reversible,,,con_mapa,5ffc1098962e4ccdebc0ed432f8c0b455e670b5cb7df5b4bde7e918ba069ff93,False
ciclo,log,12,toon_reversible:celdas,reversible,,,con_mapa,4acb08602fb99ff5f0bd91435927717b92b117fc8951fcf65c7c171b4bbb4c4f,False
ciclo,log,12,toon_reversible:columnas,reversible,,,con_mapa,12d3ed299da1e1eaf46c000fa1cb8bcf33d5dbbbff8cb0540cfec5ad001d27a3,False
ciclo,log,25,json_pretty,reversible,,,autocontenida,21873113de9eb108b834b8201e910070e69634968984a62ab2cb3c0b4e05bc3c,True
ciclo,log,25,json_compact,reversible,,,autocontenida,e0706ab9cb6d686283b757b2b286b89d5d8d6bcadf49706abf325655af02a94e,True
ciclo,log,25,yaml,reversible,,,autocontenida,b39f13b1082ec93a62472de322c9d51a12db86bbe16ba3e43cbedb2adcb01a9b,True
ciclo,log,25,xml,reversible,,,con_contrato,ed09156dc1b86f4808d83e9bf7df568019309e43e2dea271cf8d7793b2b2f6f4,True
ciclo,log,25,csv,no_reversible,"el CSV descarta los metadatos del documento (header con 3 claves: d, env, host); solo los registros se reconstruyen: reversible",,con_contrato,e34e30846f44938ac7b40c7ccfd0ae3cff374c84c85a73fbdc8aeb21cd784e0b,True
ciclo,log,25,toon,reversible,,,autocontenida,a9e6e24dd7b6f980b581fc3262a974f6573818f27506cb9fc16dbb2c848fe7ab,True
ciclo,log,25,toon_flat,reversible,,,con_contrato,7fd5bf922d3d86de9c58943b4d0c719310770d7f7452af084b88a0e7ddf255de,True
ciclo,log,25,mini,reversible_normalizado,,header.n lo añade el serializador .mini; header.v lo añade el serializador .mini,con_contrato,629c78a8ffda15e21fa6218ca1e92dd729e3a06b193c695c1f7ea94e26f68b36,True
ciclo,log,25,xml_tipado,reversible,,,autocontenida,c87a41d6116cdfd2eb28a622e511c0f4eb1aa782a6a3afecf21c0aa886c7e919,True
ciclo,log,25,csv_reversible:celdas,reversible,,,con_mapa,124467981ad896b85bb60125abeedfd8dc4f6527ef664e1ee05ab1757e7411dd,True
ciclo,log,25,csv_reversible:columnas,reversible,,,con_mapa,1fb990a13842ac506181459d31ee8cc62775475b059874a4c50e4d08f7d62fee,True
ciclo,log,25,toon_reversible:celdas,reversible,,,con_mapa,260d1a5e1e08a78f5cb9d5f238b708853416972e84a0b8f78edd92d554f4a190,True
ciclo,log,25,toon_reversible:columnas,reversible,,,con_mapa,97d5f98cc4a9b50a6f6be4f3ae96827941f0c1e21c09994a7063c812623b28fb,True
ciclo,log,50,json_pretty,reversible,,,autocontenida,6c4f162f3571f4a01f13d96715824408e971cd8420e47071357471d1b4d65476,True
ciclo,log,50,json_compact,reversible,,,autocontenida,404d4fd0040713307cb867df2fc5b1e92309156eee706d69b548e9a784511a50,True
ciclo,log,50,yaml,reversible,,,autocontenida,58aa9c7eb72dce20bf18b6bf9838d364270ec7ee6b3bcede6723862135472ec0,True
ciclo,log,50,xml,reversible,,,con_contrato,715cac86d1c7fa24ee5feee6294ba7f106bed7dc370642ef6ea3463795337447,True
ciclo,log,50,csv,no_reversible,"el CSV descarta los metadatos del documento (header con 3 claves: d, env, host); solo los registros se reconstruyen: reversible",,con_contrato,5b5918ca1ee035ceec85fe4d869d7406522e96d3dfe56efaefd7d1a785948b7d,True
ciclo,log,50,toon,reversible,,,autocontenida,1bfb3e9754a212982d99eaa14c5e516fd0025d3eb4959ff3730cc01ae1fb079e,True
ciclo,log,50,toon_flat,reversible,,,con_contrato,82c3a8f4497eec69502367f900060f730e814cc3a5491a6a6345fbdc13681b9a,True
ciclo,log,50,mini,reversible_normalizado,,header.n lo añade el serializador .mini; header.v lo añade el serializador .mini,con_contrato,a11f3b1c20f208c4f9f189a6c00880e55186306222db0d1854852aafcdefd6b4,True
ciclo,log,50,xml_tipado,reversible,,,autocontenida,e354f23d772d35b2cce198d8850b26a8e12aacd5881573d5456efe16a3a765ad,True
ciclo,log,50,csv_reversible:celdas,reversible,,,con_mapa,b10d44cc5829a0f622c794c03c6d234a62efc3b24d583c3a1bee634fca1e5452,True
ciclo,log,50,csv_reversible:columnas,reversible,,,con_mapa,c450a7a75cbc32948995e709da561ce86cebe1d0d73ff6015817fad1cb117ef7,True
ciclo,log,50,toon_reversible:celdas,reversible,,,con_mapa,9f55ab99cd7bd11efe0b728a96dc6f493bc8a253b62d8959a680288f9008767e,True
ciclo,log,50,toon_reversible:columnas,reversible,,,con_mapa,319d4ad9d627705398119b5249fa1301e46d9a5bb1294156723813163194786a,True
ciclo,log,100,json_pretty,reversible,,,autocontenida,c3eda163b73ce46b180c6ba7eca8e6280702ee92066fec3eb36c6a737f56f51d,True
ciclo,log,100,json_compact,reversible,,,autocontenida,a7644282ea9c3c2f754d5ee879941d59f8cae6f8770416bf4adfa2bfb4b2ec08,True
ciclo,log,100,yaml,reversible,,,autocontenida,fc5401b24d3d4b33e098c9219ee1da0c253c61cbe2cbbd22b2732ee2d914f5bc,True
ciclo,log,100,xml,reversible,,,con_contrato,7cee29c144c365091c72e5e6af2f319369a063e06c624d5f7e445435c91f1be7,True
ciclo,log,100,csv,no_reversible,"el CSV descarta los metadatos del documento (header con 3 claves: d, env, host); solo los registros se reconstruyen: reversible",,con_contrato,0309ba4d7cff9ac78e50acc762b0fa8f4f516a78404afa8d188f757361ae6a6a,True
ciclo,log,100,toon,reversible,,,autocontenida,8e19f2ee0db3fd036a33e340be8cb3bd0f441561dfe6ec22f23254ea5449beab,True
ciclo,log,100,toon_flat,reversible,,,con_contrato,23c049d7946e1297539d371fbf3383d006cbe75b566f11a7ac66eed60290756b,True
ciclo,log,100,mini,reversible_normalizado,,header.n lo añade el serializador .mini; header.v lo añade el serializador .mini,con_contrato,e29e453efd3eff8aa2a6f0ad2811e04889b737192c5515d69d74cf35b898d178,True
ciclo,log,100,xml_tipado,reversible,,,autocontenida,102c8d368a990f0eef6d699b0406d31ea3b043574cd2701c89c3006646a1df5a,True
ciclo,log,100,csv_reversible:celdas,reversible,,,con_mapa,64762b9d91bf613e4094479949b26bbdfdd85145bf16f0db3e931c8593f8f0fc,True
ciclo,log,100,csv_reversible:columnas,reversible,,,con_mapa,5015f1f82a95772a9a4bc782f155e4962b50652a48d942bb476cc9162ac13247,True
ciclo,log,100,toon_reversible:celdas,reversible,,,con_mapa,ecb0eb0132d9a3e8c714239c8b85c0a2ff337b40c6def9060278a740b7b9d780,True
ciclo,log,100,toon_reversible:columnas,reversible,,,con_mapa,1b9b586742d9535c582b1519e511db806c87f3bd965bd557db59fd5799b18281,True
ciclo,log,250,json_pretty,reversible,,,autocontenida,57adfeb864344b908a5fa9ae0f0c3e9dc887b478bc03897e4aaf84926b2cba47,True
ciclo,log,250,json_compact,reversible,,,autocontenida,be5e80de72115fbc7564cfdad97bf14ecf00f370892f4c3240418da8bc383d1c,True
ciclo,log,250,yaml,reversible,,,autocontenida,5b1edde4c1e9e4bb25767cf43253d9740b02929b54c903e9883259b6c984148b,True
ciclo,log,250,xml,reversible,,,con_contrato,0db9ae698d6a42c58823f02a2b962dd468f256f9c47e053129291cd84b5155ba,True
ciclo,log,250,csv,no_reversible,"el CSV descarta los metadatos del documento (header con 3 claves: d, env, host); solo los registros se reconstruyen: reversible",,con_contrato,33b1cf91f559b8460a506bf4beebd2fd8ecd51f8e4cbd15cda6554a2dbefd4a4,True
ciclo,log,250,toon,reversible,,,autocontenida,3dd7ca9d2871b5ed6e3fc00807c8eaae44ff718859a525daf6170f76fd365b0d,True
ciclo,log,250,toon_flat,reversible,,,con_contrato,31e23eeddebd0ed12bfa1101acc72cf36b3d7e227469fe089725cc37626300b0,True
ciclo,log,250,mini,reversible_normalizado,,header.n lo añade el serializador .mini; header.v lo añade el serializador .mini,con_contrato,f5beabf6be7b6e685dda0ad502bc3153379fdddccd2a57f4465917933db741cb,True
ciclo,log,250,xml_tipado,reversible,,,autocontenida,13c2dc5d5bab59d948f83423e8384a3f2e4e4ba7c07466ab5c9ac8d410ed2569,True
ciclo,log,250,csv_reversible:celdas,reversible,,,con_mapa,c9523c94e01164c53c45c5891ed3b04299fffc1097f916a88aec3c5996402cf8,True
ciclo,log,250,csv_reversible:columnas,reversible,,,con_mapa,275cb33359e2f6baa1655661ec847537c9ee15d7e6c5edc42e5e637629deedf8,True
ciclo,log,250,toon_reversible:celdas,reversible,,,con_mapa,ac480da1dd412d4f15bd7793edfa01f831f78272b6bc3b2be8c8a8d063b705d6,True
ciclo,log,250,toon_reversible:columnas,reversible,,,con_mapa,7fff6a7923119adc5f8afe0bb11980acb16f72533b697c5ed56adc85249d2222,True
ciclo,map,1,json_pretty,reversible,,,autocontenida,a508b55b62336e4f61fcc3391ae379b3b635e0ee62fa1c66400758a628f2461b,False
ciclo,map,1,json_compact,reversible,,,autocontenida,a1950e32f1bc95941c26471040183e7fa6dda2a5cadbea5691b9c81f8175fcd9,False
ciclo,map,1,yaml,reversible,,,autocontenida,2be28a2e77394c3f87754248a2077af213a9b8cdb16948893db9a28bf2e62862,False
ciclo,map,1,xml,reversible,,,con_contrato,e56c38eb68e8e5457424afbb1fe8d460a6583032c771c9fa6a834d7899992bfe,False
ciclo,map,1,csv,no_reversible,"el CSV descarta los metadatos del documento (header con 4 claves: d, l, t, src); solo los registros se reconstruyen: reversible",,con_contrato,ba212f6d82a709061e15f023775e9e30ea17fb5c5afb2eeeccc7835d799391a8,False
ciclo,map,1,toon,reversible,,,autocontenida,bd7d5a5ccfdb3dba2c9482ef6afcd983dd45c07f2894571fe16993bc9e485013,False
ciclo,map,1,toon_flat,reversible,,,con_contrato,bd7d5a5ccfdb3dba2c9482ef6afcd983dd45c07f2894571fe16993bc9e485013,False
ciclo,map,1,mini,reversible_normalizado,,header.n lo añade el serializador .mini; header.v lo añade el serializador .mini,con_contrato,307ff05c4ffb89c58dfa58fed6fcccfaa1667751b34ded7aa96cb05c83f00001,False
ciclo,map,1,xml_tipado,reversible,,,autocontenida,48294cc4b7991d13832fc57cb600211a87fc162edd3a9234d56afbc6ec207edb,False
ciclo,map,1,csv_reversible:celdas,reversible,,,con_mapa,5f1d7ca6488d708ec10ae52460ac333077f2681506ead3fd005da11acdae094d,False
ciclo,map,1,csv_reversible:columnas,reversible,,,con_mapa,5f1d7ca6488d708ec10ae52460ac333077f2681506ead3fd005da11acdae094d,False
ciclo,map,1,toon_reversible:celdas,reversible,,,con_mapa,b00e878e3acc6a7cfb3cac3f036f77286bcf212628f80a7f89dcc1ce45086727,False
ciclo,map,1,toon_reversible:columnas,reversible,,,con_mapa,b00e878e3acc6a7cfb3cac3f036f77286bcf212628f80a7f89dcc1ce45086727,False
ciclo,map,5,json_pretty,reversible,,,autocontenida,12fce3880be38278cb8860fdf0395b47fceec784894d60f8a4e29b3c7230d112,False
ciclo,map,5,json_compact,reversible,,,autocontenida,8f4bfc9dd1836efeba3cb5fd05b0f4750210fd4d46eae3189991a8e18618149c,False
ciclo,map,5,yaml,reversible,,,autocontenida,e02ece22cecdc529607bf375616eb389d86263e5e3c7d79ad0c7e65a72230b34,False
ciclo,map,5,xml,reversible,,,con_contrato,51c9909414cf490658698d1f0d1c1bee2fd893981071c63f023bd8649b42aede,False
ciclo,map,5,csv,no_reversible,"el CSV descarta los metadatos del documento (header con 4 claves: d, l, t, src); solo los registros se reconstruyen: reversible",,con_contrato,282cc7e5c6af8dd16a4e2b712303dc778e786b039415ca7e6fa75a449bc099fc,False
ciclo,map,5,toon,reversible,,,autocontenida,cdc3f3c38e927105167a8f1df0691c178f36ad194c4a4ffd530f4578a6bd3aa1,False
ciclo,map,5,toon_flat,reversible,,,con_contrato,cdc3f3c38e927105167a8f1df0691c178f36ad194c4a4ffd530f4578a6bd3aa1,False
ciclo,map,5,mini,reversible_normalizado,,header.n lo añade el serializador .mini; header.v lo añade el serializador .mini,con_contrato,bab83c98aceab154ba275ea2644bb78572c85aebc3ab4f7165f32a49986f0ca1,False
ciclo,map,5,xml_tipado,reversible,,,autocontenida,dae9765042e97b5d7628d2afc7d604894c6f1da6bb2b91c7eac9ee3231dfb018,False
ciclo,map,5,csv_reversible:celdas,reversible,,,con_mapa,622b2a99ba961b0bcce645e1a2c90e9211e3a776c7e5711b705e7b231b92e627,False
ciclo,map,5,csv_reversible:columnas,reversible,,,con_mapa,622b2a99ba961b0bcce645e1a2c90e9211e3a776c7e5711b705e7b231b92e627,False
ciclo,map,5,toon_reversible:celdas,reversible,,,con_mapa,3e9d12fbb2292340c2298d90251454905b59549287c61548b0014ca8cef00856,False
ciclo,map,5,toon_reversible:columnas,reversible,,,con_mapa,3e9d12fbb2292340c2298d90251454905b59549287c61548b0014ca8cef00856,False
ciclo,map,10,json_pretty,reversible,,,autocontenida,4e7b78d41f7faaa85efcddd448e2f68560d2bbd8be648d86d632553b4018263e,False
ciclo,map,10,json_compact,reversible,,,autocontenida,0a0abb48ddfcdd6411d4a09d989096e38f08202e8d6a40e289135dd61b16e66f,False
ciclo,map,10,yaml,reversible,,,autocontenida,03d0ea6353e720377a9a0b57533ad7604a37b442f277c916afb59c2cedb8d2f5,False
ciclo,map,10,xml,reversible,,,con_contrato,2693858819670a09389284b9dc172e3f3a1e49f1762b6db10978ea8bdd1e6b37,False
ciclo,map,10,csv,no_reversible,"el CSV descarta los metadatos del documento (header con 4 claves: d, l, t, src); solo los registros se reconstruyen: reversible",,con_contrato,f761b92161342c8805530fc15112a9234d2f3943b2653429eff564287a32f6c1,False
ciclo,map,10,toon,reversible,,,autocontenida,62b792183ebee60b2aadbd72b05af3c78280256f013a9917abf3d97886194ce3,False
ciclo,map,10,toon_flat,reversible,,,con_contrato,62b792183ebee60b2aadbd72b05af3c78280256f013a9917abf3d97886194ce3,False
ciclo,map,10,mini,reversible_normalizado,,header.n lo añade el serializador .mini; header.v lo añade el serializador .mini,con_contrato,ebcdf6a11e908a573e2995346dfd87621f1a0d1ee7fd3ab0da728232808d8a2a,False
ciclo,map,10,xml_tipado,reversible,,,autocontenida,ef967dec7fb30d6671381421812ffccc95df754ab0b0021d709f2244e09cbe41,False
ciclo,map,10,csv_reversible:celdas,reversible,,,con_mapa,d7c42b20ce5377acf3aa413bd948b69884a64ae145095777147f79f866098965,False
ciclo,map,10,csv_reversible:columnas,reversible,,,con_mapa,d7c42b20ce5377acf3aa413bd948b69884a64ae145095777147f79f866098965,False
ciclo,map,10,toon_reversible:celdas,reversible,,,con_mapa,afb03a2d287a20559aafe5e22d6ba6d511be1fb52d9b51a39475bb826bbb2d09,False
ciclo,map,10,toon_reversible:columnas,reversible,,,con_mapa,afb03a2d287a20559aafe5e22d6ba6d511be1fb52d9b51a39475bb826bbb2d09,False
ciclo,map,12,json_pretty,reversible,,,autocontenida,f2f55c6dc85eb8abdcc0f020c7cd0ca98a25736e93ddc667905d607ccd62d2c9,False
ciclo,map,12,json_compact,reversible,,,autocontenida,b7cf3a2c48f643fd9986a5c3d6a39ba01e48609af6dd444c431dba4b8a7c59bd,False
ciclo,map,12,yaml,reversible,,,autocontenida,d950cd71992b3e3971e86cee0f6f3ec4258bd8bbe7aa18de4e202b4d7f9ffa42,False
ciclo,map,12,xml,reversible,,,con_contrato,7ef34e238009f5794accdbeaaae2e5e9d3413adf67b8e581a629bc3baed69134,False
ciclo,map,12,csv,no_reversible,"el CSV descarta los metadatos del documento (header con 4 claves: d, l, t, src); solo los registros se reconstruyen: reversible",,con_contrato,d88a7ee83ba217e21f949f5065a429dccb22585e03753dc4004f42f4f4b1f9f5,False
ciclo,map,12,toon,reversible,,,autocontenida,2f2ac9a839722b60f2a460cd736389fab3f73f9e2d1ac99e72c44b724f7b146f,False
ciclo,map,12,toon_flat,reversible,,,con_contrato,2f2ac9a839722b60f2a460cd736389fab3f73f9e2d1ac99e72c44b724f7b146f,False
ciclo,map,12,mini,reversible_normalizado,,header.n lo añade el serializador .mini; header.v lo añade el serializador .mini,con_contrato,7a1c923034f6df14d86143c592f5fb658a90538d641c5a2e2530efb5db2c3770,False
ciclo,map,12,xml_tipado,reversible,,,autocontenida,dbbe6f5b94a3b321902a8a49c84c15ea4aac737b4a9aa9219c7248bb7ea13b36,False
ciclo,map,12,csv_reversible:celdas,reversible,,,con_mapa,c4c54d22947f61fa3c79895aa258767f5c79559fdba2b5e09f823dbd5fb83940,False
ciclo,map,12,csv_reversible:columnas,reversible,,,con_mapa,c4c54d22947f61fa3c79895aa258767f5c79559fdba2b5e09f823dbd5fb83940,False
ciclo,map,12,toon_reversible:celdas,reversible,,,con_mapa,06d1e4c0ea96a722d1003fe86eba4cd837cf490555398d14a286b00461ea5cc8,False
ciclo,map,12,toon_reversible:columnas,reversible,,,con_mapa,06d1e4c0ea96a722d1003fe86eba4cd837cf490555398d14a286b00461ea5cc8,False
ciclo,map,25,json_pretty,reversible,,,autocontenida,e5298adeae778038628cead8aeb0cf387828d97b11b031e2989b0801faa6146d,True
ciclo,map,25,json_compact,reversible,,,autocontenida,ddf29df30c10b681eecb2860825b8424912a9b5e20322af8ca544dba4f14ea4f,True
ciclo,map,25,yaml,reversible,,,autocontenida,405f91ce036d391fc1388a99ce326330bc37d9f829dc91756d6a3f2dbb21985c,True
ciclo,map,25,xml,reversible,,,con_contrato,5df5d22c8b17916e827fb6fa4f13d81e3127fb4d0424f1af44fa020d32e6441b,True
ciclo,map,25,csv,no_reversible,"el CSV descarta los metadatos del documento (header con 4 claves: d, l, t, src); solo los registros se reconstruyen: reversible",,con_contrato,c31e20be03f8ab66b11ac3bbceb987e96efe3ea3ed91716ff32ffd7ef6cee586,True
ciclo,map,25,toon,reversible,,,autocontenida,394ba511114d2d42c9861442835840d52d2d38b15d72cd488e201c7a0692d304,True
ciclo,map,25,toon_flat,reversible,,,con_contrato,394ba511114d2d42c9861442835840d52d2d38b15d72cd488e201c7a0692d304,True
ciclo,map,25,mini,reversible_normalizado,,header.n lo añade el serializador .mini; header.v lo añade el serializador .mini,con_contrato,1256e80b6549351c3b260d486acd98b5cab00fb163274bf3c326432060327629,True
ciclo,map,25,xml_tipado,reversible,,,autocontenida,a8e622e7137fe939bfffbb67e24afc6ddb3e29170fd7a455cf86595ab2392205,True
ciclo,map,25,csv_reversible:celdas,reversible,,,con_mapa,7bf8513bf331a29009e2ad32be5f433a8e2560365699cf5dda9c55b66e7e6e10,True
ciclo,map,25,csv_reversible:columnas,reversible,,,con_mapa,7bf8513bf331a29009e2ad32be5f433a8e2560365699cf5dda9c55b66e7e6e10,True
ciclo,map,25,toon_reversible:celdas,reversible,,,con_mapa,b69d81c96f82f0737440f677722deace6dd8b8e106ec914097ec9635318c31a9,True
ciclo,map,25,toon_reversible:columnas,reversible,,,con_mapa,b69d81c96f82f0737440f677722deace6dd8b8e106ec914097ec9635318c31a9,True
ciclo,map,50,json_pretty,reversible,,,autocontenida,6aeab163003358502f5104dd10ecd9d115271e9c3297d366b86dfd5f9e52d68c,True
ciclo,map,50,json_compact,reversible,,,autocontenida,83d8802c1da50bfc5baca7cf7d9a1fb8c84dd5b6b0bbfc94608df8a4145a40d0,True
ciclo,map,50,yaml,reversible,,,autocontenida,280512f5ff521790e1539f37a3e574a9df590e203c09c3454db0e41c516aed06,True
ciclo,map,50,xml,reversible,,,con_contrato,7d3e8bc128f06e3caad1daa2973c496b57376f36e667cc2691d614368d3f3db8,True
ciclo,map,50,csv,no_reversible,"el CSV descarta los metadatos del documento (header con 4 claves: d, l, t, src); solo los registros se reconstruyen: reversible",,con_contrato,f83281db65315704ef200c2dd1c15fd1efefc7e9eaae0ee6b9bac7593f606a26,True
ciclo,map,50,toon,reversible,,,autocontenida,700be931640bd9d369a3c893b5335aac2035a1840ac401721a2232ef434f1276,True
ciclo,map,50,toon_flat,reversible,,,con_contrato,700be931640bd9d369a3c893b5335aac2035a1840ac401721a2232ef434f1276,True
ciclo,map,50,mini,reversible_normalizado,,header.n lo añade el serializador .mini; header.v lo añade el serializador .mini,con_contrato,93e7409dcd38dc5641412a4708b2a0ac730ffcea37d418578eb9e0de5c691f8b,True
ciclo,map,50,xml_tipado,reversible,,,autocontenida,538442ffe7f095f8d1d568b01d16085efde2028dc64fedd73c4455cada7ae48e,True
ciclo,map,50,csv_reversible:celdas,reversible,,,con_mapa,d45f12a71f30897fb8bc520396545a2b7ba9f4bc61722dde6ee1ffd346e6c321,True
ciclo,map,50,csv_reversible:columnas,reversible,,,con_mapa,d45f12a71f30897fb8bc520396545a2b7ba9f4bc61722dde6ee1ffd346e6c321,True
ciclo,map,50,toon_reversible:celdas,reversible,,,con_mapa,8ee3c38c562032c9107a37b32e3dd5455bdaa2040f4b583f6d652c8f00e24bd7,True
ciclo,map,50,toon_reversible:columnas,reversible,,,con_mapa,8ee3c38c562032c9107a37b32e3dd5455bdaa2040f4b583f6d652c8f00e24bd7,True
ciclo,map,100,json_pretty,reversible,,,autocontenida,9d4d32bb6a03203e8403cdc0e1116c065a3301ce2d362e76c17cd415b4ecad24,True
ciclo,map,100,json_compact,reversible,,,autocontenida,a53c6ac5e725aa7ad546289584e24832f49ed6225986924c5ddc8a136ad95bc7,True
ciclo,map,100,yaml,reversible,,,autocontenida,375aa6b858c9938272faf0635f9b1819667157cb1f8eacab655d44fea2a6c254,True
ciclo,map,100,xml,reversible,,,con_contrato,78702fec64c7b85f54e3757b9f07924b928bf5f2997f1861c2e12ca6665cfab6,True
ciclo,map,100,csv,no_reversible,"el CSV descarta los metadatos del documento (header con 4 claves: d, l, t, src); solo los registros se reconstruyen: reversible",,con_contrato,ca25e637102c717258db35823a03e0926119e7dde00a0b5c7735b45404e5563b,True
ciclo,map,100,toon,reversible,,,autocontenida,ece31d86424a2b704999cad5b4d70cdde4e421c4cc8c81d2d67f2331d7df61d0,True
ciclo,map,100,toon_flat,reversible,,,con_contrato,ece31d86424a2b704999cad5b4d70cdde4e421c4cc8c81d2d67f2331d7df61d0,True
ciclo,map,100,mini,reversible_normalizado,,header.n lo añade el serializador .mini; header.v lo añade el serializador .mini,con_contrato,106cb4718b67185e76e49d9720e0bd6edac5a28d2702dfe190d53f930444a14f,True
ciclo,map,100,xml_tipado,reversible,,,autocontenida,0746074a3d179f06bb41228795c99b624fee14c24542d68bd407f5b351f442cd,True
ciclo,map,100,csv_reversible:celdas,reversible,,,con_mapa,12c6a5f23797ebb4f00eef2c301afa240e71615a18f23ad67241f2bf42c89cc4,True
ciclo,map,100,csv_reversible:columnas,reversible,,,con_mapa,12c6a5f23797ebb4f00eef2c301afa240e71615a18f23ad67241f2bf42c89cc4,True
ciclo,map,100,toon_reversible:celdas,reversible,,,con_mapa,28236c4a4f9a38896f4caef074c6928ccc6d70ece033d8efd438124cfae260f5,True
ciclo,map,100,toon_reversible:columnas,reversible,,,con_mapa,28236c4a4f9a38896f4caef074c6928ccc6d70ece033d8efd438124cfae260f5,True
ciclo,map,250,json_pretty,reversible,,,autocontenida,1532892861ef8763ad69a491913924604add26abc4372932c4bb901c798b6980,True
ciclo,map,250,json_compact,reversible,,,autocontenida,700a4661e52332558e424f62d50665391d9ce64477a54721eae15f41eca8e349,True
ciclo,map,250,yaml,reversible,,,autocontenida,0e07643d9f0860ffd7a3dd71b05137aa88cd9a70a2c21343c3508aa71015649b,True
ciclo,map,250,xml,reversible,,,con_contrato,cbe71eccfe474f954dbec6481f687074e833dbc10d02f62673177d3956b17bea,True
ciclo,map,250,csv,no_reversible,"el CSV descarta los metadatos del documento (header con 4 claves: d, l, t, src); solo los registros se reconstruyen: reversible",,con_contrato,3ed09b13586bbcc409683b5c568dad2b9f572c704d319b4fb9a3be8420515746,True
ciclo,map,250,toon,reversible,,,autocontenida,75ec55f98d367d062c4fb564b52624ca8832bde09b56465ce27a020fe46b3c63,True
ciclo,map,250,toon_flat,reversible,,,con_contrato,75ec55f98d367d062c4fb564b52624ca8832bde09b56465ce27a020fe46b3c63,True
ciclo,map,250,mini,reversible_normalizado,,header.n lo añade el serializador .mini; header.v lo añade el serializador .mini,con_contrato,86ff3ca2ce0edf110b60dbb97797092611cf4e32371b098455bab95e2cc5ab52,True
ciclo,map,250,xml_tipado,reversible,,,autocontenida,a66350e4d0038e028bd1daf602c9917f1ffe840c655bae18302e418f405de93d,True
ciclo,map,250,csv_reversible:celdas,reversible,,,con_mapa,f35e94624ddcb36cfb3ea1bc60ad9a26e8e844f4793429b050f65d02a6e38405,True
ciclo,map,250,csv_reversible:columnas,reversible,,,con_mapa,f35e94624ddcb36cfb3ea1bc60ad9a26e8e844f4793429b050f65d02a6e38405,True
ciclo,map,250,toon_reversible:celdas,reversible,,,con_mapa,1394d2f32ace2010e53235b1056d2ca14445644af8ffb3bbc1ae7062b9598b35,True
ciclo,map,250,toon_reversible:columnas,reversible,,,con_mapa,1394d2f32ace2010e53235b1056d2ca14445644af8ffb3bbc1ae7062b9598b35,True
ciclo,ner,1,json_pretty,reversible,,,autocontenida,00bcb6645e4b951c369029b0caddf61f90e5a9c479e5ed3a1199469716cb5e1a,False
ciclo,ner,1,json_compact,reversible,,,autocontenida,1b9f669a712b4db0d27e3254565f747677ba23e7c9ff23a0284b486cad5607b1,False
ciclo,ner,1,yaml,reversible,,,autocontenida,789a358aa31f14e26eb5a47a962c6827ee900cd42a73be1f0fd8aff581cd1dcb,False
ciclo,ner,1,xml,reversible,,,con_contrato,25f8600a244ec9ebb86202798234a9122e4d0922e35ceccf02770e2511848850,False
ciclo,ner,1,csv,no_reversible,"el CSV descarta los metadatos del documento (header con 4 claves: d, l, model, schema); solo los registros se reconstruyen: reversible",,con_contrato,3576d3a38a25eb619d1340669367d6bef43df04c96b9ced029168e92419f044b,False
ciclo,ner,1,toon,reversible,,,autocontenida,3c78a20dde73a5517e5f2331460665ddeb2c6afb48a7910f967966d3848372c1,False
ciclo,ner,1,toon_flat,reversible,,,con_contrato,3c78a20dde73a5517e5f2331460665ddeb2c6afb48a7910f967966d3848372c1,False
ciclo,ner,1,mini,reversible_normalizado,,header.n lo añade el serializador .mini; header.v lo añade el serializador .mini,con_contrato,d80698233fe84a0775d3b60236b9afafabb5cc12af645799ee8eaa88e3ea6fc3,False
ciclo,ner,1,xml_tipado,reversible,,,autocontenida,a9b6adce2541593efa6f7ef79646edcd035c9e11fdebf6caac2a4d0ab7069646,False
ciclo,ner,1,csv_reversible:celdas,reversible,,,con_mapa,17ccb80e72e0715be9d601a088ebe4ead19e6dfcbeb5b90bbee0ebd92cb31591,False
ciclo,ner,1,csv_reversible:columnas,reversible,,,con_mapa,17ccb80e72e0715be9d601a088ebe4ead19e6dfcbeb5b90bbee0ebd92cb31591,False
ciclo,ner,1,toon_reversible:celdas,reversible,,,con_mapa,5fe5f43fcfc3f547950b5733c0aa19330a0b1613e9e93019176ca1a940888600,False
ciclo,ner,1,toon_reversible:columnas,reversible,,,con_mapa,5fe5f43fcfc3f547950b5733c0aa19330a0b1613e9e93019176ca1a940888600,False
ciclo,ner,5,json_pretty,reversible,,,autocontenida,4b4eeec746cb2b43b029937b7ed54432995e8ea65b569d4f720440ff6256d344,False
ciclo,ner,5,json_compact,reversible,,,autocontenida,b209c12f3dfd54fd5d4fb09c544a02d1dfb38f1774af181d8424cf1e68a31819,False
ciclo,ner,5,yaml,reversible,,,autocontenida,63cf549fc016960c1619d5da7f6cace3564d7cf03e31f85772d19b2f567f67bf,False
ciclo,ner,5,xml,reversible,,,con_contrato,f56c41f4dc58359be436ab88508edda910c54ec57951ba67bb7e2e52bb6c81a7,False
ciclo,ner,5,csv,no_reversible,"el CSV descarta los metadatos del documento (header con 4 claves: d, l, model, schema); solo los registros se reconstruyen: reversible",,con_contrato,b00dd0b8feba7947ec01b79b2c27af64b2572d4d86a637085dec1ad75cff5825,False
ciclo,ner,5,toon,reversible,,,autocontenida,f8f832f156482b2c739cb5f6314fa3d433b9b349bf5a586f1742c9b83c95b9c9,False
ciclo,ner,5,toon_flat,reversible,,,con_contrato,f8f832f156482b2c739cb5f6314fa3d433b9b349bf5a586f1742c9b83c95b9c9,False
ciclo,ner,5,mini,reversible_normalizado,,header.n lo añade el serializador .mini; header.v lo añade el serializador .mini,con_contrato,08869c8ecd7544c0b52a43783cd06217a631d7333caa7e6fc377716b85834cf9,False
ciclo,ner,5,xml_tipado,reversible,,,autocontenida,31b93aaa99f89207ed5f0bc0bf3de07c572684b52f1c2ae238d855fe796fb156,False
ciclo,ner,5,csv_reversible:celdas,reversible,,,con_mapa,940d233349312f5a5e32862af6250dc0bd15806c666d42bdaf77e7f81aa6d001,False
ciclo,ner,5,csv_reversible:columnas,reversible,,,con_mapa,940d233349312f5a5e32862af6250dc0bd15806c666d42bdaf77e7f81aa6d001,False
ciclo,ner,5,toon_reversible:celdas,reversible,,,con_mapa,f6bcd45441ba6ae9a9e323232f43635bb78d8f415d5edd2cd927e4df913adaad,False
ciclo,ner,5,toon_reversible:columnas,reversible,,,con_mapa,f6bcd45441ba6ae9a9e323232f43635bb78d8f415d5edd2cd927e4df913adaad,False
ciclo,ner,10,json_pretty,reversible,,,autocontenida,e31d05cc723d4a8650f9cdee9f4a7648c2d565fa4e46d1e51db656802ab0e754,False
ciclo,ner,10,json_compact,reversible,,,autocontenida,234892bff0c5cf549b893a24bd3a1dfae6a1bd645824f16e6d9b97b6000ea8a8,False
ciclo,ner,10,yaml,reversible,,,autocontenida,348201866853617e28d91adff9c46238aaf1eff6e04172aa5c853ec3fe75f716,False
ciclo,ner,10,xml,reversible,,,con_contrato,a49dba85e5c9d9efac329b6a8208a2995ad3aa5e0359d2318ecbc95ea1bf7752,False
ciclo,ner,10,csv,no_reversible,"el CSV descarta los metadatos del documento (header con 4 claves: d, l, model, schema); solo los registros se reconstruyen: reversible",,con_contrato,dcace08dd3db5efc1afc9706acdee74115363f3b70f71f81eb58acf679e16d33,False
ciclo,ner,10,toon,reversible,,,autocontenida,67a41ef6f55ef8749fbf821bd4724642b8e09de27615d30d90259c07b02daab0,False
ciclo,ner,10,toon_flat,reversible,,,con_contrato,67a41ef6f55ef8749fbf821bd4724642b8e09de27615d30d90259c07b02daab0,False
ciclo,ner,10,mini,reversible_normalizado,,header.n lo añade el serializador .mini; header.v lo añade el serializador .mini,con_contrato,48fc5af47b6938707580f3accad1ccd4631db999b181e8cdd645e7d8e7dd447f,False
ciclo,ner,10,xml_tipado,reversible,,,autocontenida,476545493550d3102e2795a6b1978e5a7d68900d35b658a4f0eb062326fd8761,False
ciclo,ner,10,csv_reversible:celdas,reversible,,,con_mapa,c1c974f465f17ce9ce499cf64f9864fa8988c3d11983bf4f245fe3a5e863ad3d,False
ciclo,ner,10,csv_reversible:columnas,reversible,,,con_mapa,c1c974f465f17ce9ce499cf64f9864fa8988c3d11983bf4f245fe3a5e863ad3d,False
ciclo,ner,10,toon_reversible:celdas,reversible,,,con_mapa,3fa04d5e32a55e298e4a4072d7d0de76c7905c76137017e024eee034ccfe8327,False
ciclo,ner,10,toon_reversible:columnas,reversible,,,con_mapa,3fa04d5e32a55e298e4a4072d7d0de76c7905c76137017e024eee034ccfe8327,False
ciclo,ner,12,json_pretty,reversible,,,autocontenida,a9a9e374815d8890fb0213b0b47cf0f5b8b6f5a5a6cde62050fdb7b695bb637a,False
ciclo,ner,12,json_compact,reversible,,,autocontenida,f106c5ebe476ad0c6e26764cd25fd0e14ffbe4bd318d276cae744ae0ab862f9e,False
ciclo,ner,12,yaml,reversible,,,autocontenida,8190e4675926f86ae1373919d9d04e9761d020f31f796122c5b1bd8583ef90bd,False
ciclo,ner,12,xml,reversible,,,con_contrato,d5d2b817ebe9d9433ab13bd56ab52345e57980e8db033c5b9d65d0b94ea59ead,False
ciclo,ner,12,csv,no_reversible,"el CSV descarta los metadatos del documento (header con 4 claves: d, l, model, schema); solo los registros se reconstruyen: reversible",,con_contrato,401ddfa4c11b1d84cdcc57562261f3060c01900a24fc72bb5481fe9e9afbb897,False
ciclo,ner,12,toon,reversible,,,autocontenida,ef20a67c8ce29bffa36a60f235900a81e68e530f62017cce8809ac3b1c46f198,False
ciclo,ner,12,toon_flat,reversible,,,con_contrato,ef20a67c8ce29bffa36a60f235900a81e68e530f62017cce8809ac3b1c46f198,False
ciclo,ner,12,mini,reversible_normalizado,,header.n lo añade el serializador .mini; header.v lo añade el serializador .mini,con_contrato,644567dd5172a8939a0ee3f606ac033987448b7ef93b723132e805dac8cde154,False
ciclo,ner,12,xml_tipado,reversible,,,autocontenida,1b46ed3bd705529d5d2e26f290bfd0c7dbdb362ef221ecab427daaebd31113d9,False
ciclo,ner,12,csv_reversible:celdas,reversible,,,con_mapa,cb8808c4ad744496cd965d5ff244b8901279989b755e74626801990c42d59cdc,False
ciclo,ner,12,csv_reversible:columnas,reversible,,,con_mapa,cb8808c4ad744496cd965d5ff244b8901279989b755e74626801990c42d59cdc,False
ciclo,ner,12,toon_reversible:celdas,reversible,,,con_mapa,9b0caf32c00205140df8ac4bba22083dc6453f69f49f6e705fabd12bc3149c0d,False
ciclo,ner,12,toon_reversible:columnas,reversible,,,con_mapa,9b0caf32c00205140df8ac4bba22083dc6453f69f49f6e705fabd12bc3149c0d,False
ciclo,ner,25,json_pretty,reversible,,,autocontenida,bd5518367cff3ed16925ce8e3aeb5da75bbfb4e2ace63273883a37cf44fb98bb,True
ciclo,ner,25,json_compact,reversible,,,autocontenida,35f466710670605c265578be56c556b2e48631b34156d91c47265a09a0bdd1a8,True
ciclo,ner,25,yaml,reversible,,,autocontenida,2220b4ca57b54d7b951630038d053beb914b203ea6e6ac6a83889a7bb73b24cc,True
ciclo,ner,25,xml,reversible,,,con_contrato,cea0a2ccf1d583a827a21a74dd10aee36fa027fcfce2925e8a207359f9214094,True
ciclo,ner,25,csv,no_reversible,"el CSV descarta los metadatos del documento (header con 4 claves: d, l, model, schema); solo los registros se reconstruyen: reversible",,con_contrato,8512aed665dfd4b63e7bec632c8102bb2c006d393fa3e7f75bfe3959ffafbb60,True
ciclo,ner,25,toon,reversible,,,autocontenida,5e30219f4d698a1e5b91eb93e63a8e9eda331a4d19432e732dfcb284179598c8,True
ciclo,ner,25,toon_flat,reversible,,,con_contrato,5e30219f4d698a1e5b91eb93e63a8e9eda331a4d19432e732dfcb284179598c8,True
ciclo,ner,25,mini,reversible_normalizado,,header.n lo añade el serializador .mini; header.v lo añade el serializador .mini,con_contrato,12a4d4e986a2b821edaf7bfbd096c3ac87a4f8817d1fe5c173c3a5277a10c12c,True
ciclo,ner,25,xml_tipado,reversible,,,autocontenida,843ba913c79ec25c2cf9af3ce3c76b057309192b112a666c52a2650f768108ff,True
ciclo,ner,25,csv_reversible:celdas,reversible,,,con_mapa,2bc873987e629069118ca30a572444ab5fafa9146ee55379b990a8d568356019,True
ciclo,ner,25,csv_reversible:columnas,reversible,,,con_mapa,2bc873987e629069118ca30a572444ab5fafa9146ee55379b990a8d568356019,True
ciclo,ner,25,toon_reversible:celdas,reversible,,,con_mapa,b885dfec2835200a99da825b5c81c5665f1cf0f5a2b3a131cde11183e5beb836,True
ciclo,ner,25,toon_reversible:columnas,reversible,,,con_mapa,b885dfec2835200a99da825b5c81c5665f1cf0f5a2b3a131cde11183e5beb836,True
ciclo,ner,50,json_pretty,reversible,,,autocontenida,23b15edab727aeceab1ce7c7d8a8a99ba1de67537760b70d330d49b2113d99cd,True
ciclo,ner,50,json_compact,reversible,,,autocontenida,a8f6d8d06d2804bd70cf95774f7fe52fb943b6a6f8bc0096423ee8e187b723c8,True
ciclo,ner,50,yaml,reversible,,,autocontenida,7e6306212016a0c0334cf6b57367061cc3f71f6aac0b2a0453a89b8ef24a906d,True
ciclo,ner,50,xml,reversible,,,con_contrato,308182f8f19d503aa877f840d9ba027ad60f601887889c53557023486499f9c0,True
ciclo,ner,50,csv,no_reversible,"el CSV descarta los metadatos del documento (header con 4 claves: d, l, model, schema); solo los registros se reconstruyen: reversible",,con_contrato,781f0e6434e083cd51207388da4cdf4542cff6beace4b35e57f60fd0bf098dab,True
ciclo,ner,50,toon,reversible,,,autocontenida,26e42d65ee781eba3b7723aa948a190f46ecd252d873643fab36f0455f5ba351,True
ciclo,ner,50,toon_flat,reversible,,,con_contrato,26e42d65ee781eba3b7723aa948a190f46ecd252d873643fab36f0455f5ba351,True
ciclo,ner,50,mini,reversible_normalizado,,header.n lo añade el serializador .mini; header.v lo añade el serializador .mini,con_contrato,ae63c8758675d46beabcf4fd675f338d539dfca4c425dcd51614db38050d7ec3,True
ciclo,ner,50,xml_tipado,reversible,,,autocontenida,5b453663b83650f991d816fa12caa21ef918f2f2b3bd9f3ddd943d1df6f5c848,True
ciclo,ner,50,csv_reversible:celdas,reversible,,,con_mapa,660e92fb32d522f35da265df6b2f2838e2c03fe39a39c09a7cda9620ffc91d6d,True
ciclo,ner,50,csv_reversible:columnas,reversible,,,con_mapa,660e92fb32d522f35da265df6b2f2838e2c03fe39a39c09a7cda9620ffc91d6d,True
ciclo,ner,50,toon_reversible:celdas,reversible,,,con_mapa,4518958cd0e42a77bfb9e429781c9b96488c959517e9807e9a296dd6784f3680,True
ciclo,ner,50,toon_reversible:columnas,reversible,,,con_mapa,4518958cd0e42a77bfb9e429781c9b96488c959517e9807e9a296dd6784f3680,True
ciclo,ner,100,json_pretty,reversible,,,autocontenida,0d9f92a8ab85f850122ccb72d642884704d9614db1c428d9dcc5ed96c6dc24e3,True
ciclo,ner,100,json_compact,reversible,,,autocontenida,a8f9d1c26d0934ba6a7e59f33dede9fdd974d67f59626c9c7da30283b442bd40,True
ciclo,ner,100,yaml,reversible,,,autocontenida,56d6af8a00bab0ec986de38c27cc23292348e3c411b7d6ba087030e414c0cfdf,True
ciclo,ner,100,xml,reversible,,,con_contrato,d76248567d6d0c32ced928d4aa0b91b0786115d2b5038b5dd60b12d6b8f73c1e,True
ciclo,ner,100,csv,no_reversible,"el CSV descarta los metadatos del documento (header con 4 claves: d, l, model, schema); solo los registros se reconstruyen: reversible",,con_contrato,24c21f243e0f504e1ca097b26ee17ae5f1032fa628c22b9bbf4519a75ee8f001,True
ciclo,ner,100,toon,reversible,,,autocontenida,76c6bc99e61ddf3a71cef60a0bb17c37ed8e9d653eadb9567066a06820891660,True
ciclo,ner,100,toon_flat,reversible,,,con_contrato,76c6bc99e61ddf3a71cef60a0bb17c37ed8e9d653eadb9567066a06820891660,True
ciclo,ner,100,mini,reversible_normalizado,,header.n lo añade el serializador .mini; header.v lo añade el serializador .mini,con_contrato,e82b19cbfd3b9a9b702fcc2295621855bf34ad0f15fe7eb9086e82ea9f84316f,True
ciclo,ner,100,xml_tipado,reversible,,,autocontenida,843b6fe8a8b961620858b1dd4913310add71c0a75b3c9cab8688846c869584a9,True
ciclo,ner,100,csv_reversible:celdas,reversible,,,con_mapa,507325dd3fa2ee2f8c1dca350142716fd89eecbe6921afa20e30ebeb259ab546,True
ciclo,ner,100,csv_reversible:columnas,reversible,,,con_mapa,507325dd3fa2ee2f8c1dca350142716fd89eecbe6921afa20e30ebeb259ab546,True
ciclo,ner,100,toon_reversible:celdas,reversible,,,con_mapa,62bd009ebd83df07176ebffd3dfcb51306fc1c296aa3598eb939b3685bd681ff,True
ciclo,ner,100,toon_reversible:columnas,reversible,,,con_mapa,62bd009ebd83df07176ebffd3dfcb51306fc1c296aa3598eb939b3685bd681ff,True
ciclo,ner,250,json_pretty,reversible,,,autocontenida,895847e2fcd7f794905bbcdb7d9de9282c1bfa8fd1550e9ed6c91f942b26c8f3,True
ciclo,ner,250,json_compact,reversible,,,autocontenida,e0198fc15892d759048e421bc32755f4b2065ab97446c188953ea5ec90e38883,True
ciclo,ner,250,yaml,reversible,,,autocontenida,81176dcc510e741c00ecea924c176dffb469b768334b0919e7eda83d7c9ab645,True
ciclo,ner,250,xml,reversible,,,con_contrato,92c2b79b3facee66fe1ad12cf159c7ccb0239a93f4baf35bc7082d2b40bc5636,True
ciclo,ner,250,csv,no_reversible,"el CSV descarta los metadatos del documento (header con 4 claves: d, l, model, schema); solo los registros se reconstruyen: reversible",,con_contrato,b5a0e6fb60847cb549c2d148ec9b387dda6a6e1130442a662f780ddbee3225d7,True
ciclo,ner,250,toon,reversible,,,autocontenida,6ede9c402072423b2f902fda095f7c732f2882634b1f62145583cd1e22f51f81,True
ciclo,ner,250,toon_flat,reversible,,,con_contrato,6ede9c402072423b2f902fda095f7c732f2882634b1f62145583cd1e22f51f81,True
ciclo,ner,250,mini,reversible_normalizado,,header.n lo añade el serializador .mini; header.v lo añade el serializador .mini,con_contrato,376e0f73f24668c0c86b60374a7b37a0ccb13dedda5cad6790eba32004acce6a,True
ciclo,ner,250,xml_tipado,reversible,,,autocontenida,9b18460185bc0b94758eba0f80c53faa492386c42a5dd833eeda4ca97b8dd841,True
ciclo,ner,250,csv_reversible:celdas,reversible,,,con_mapa,d588670d8cd2465e06cbb6717906fb30f1c778e82186b92d66876ecaa397ea9e,True
ciclo,ner,250,csv_reversible:columnas,reversible,,,con_mapa,d588670d8cd2465e06cbb6717906fb30f1c778e82186b92d66876ecaa397ea9e,True
ciclo,ner,250,toon_reversible:celdas,reversible,,,con_mapa,e75aa8c809d491b4ae298a2a7be7794490d740d449ba8c59677fcd75547119d6,True
ciclo,ner,250,toon_reversible:columnas,reversible,,,con_mapa,e75aa8c809d491b4ae298a2a7be7794490d740d449ba8c59677fcd75547119d6,True
ciclo,q,1,json_pretty,reversible,,,autocontenida,1c0b82430e704311af386a018a20e3e6efff79567a1d8917efa66893aea17b64,False
ciclo,q,1,json_compact,reversible,,,autocontenida,7605af2ed795bc1bb031ee979263f487858d3489b28f51f683deba773bdfada6,False
ciclo,q,1,yaml,reversible,,,autocontenida,b1e5bead3153bb43fc88742d8b4c3bffc3067c9c704acc9c4d7db7bb2f12ef2b,False
ciclo,q,1,xml,reversible,,,con_contrato,630ebecded460e3db603338270873a0422afd2cb58966b5b6cd586efdfb33947,False
ciclo,q,1,csv,no_reversible,"el CSV descarta los metadatos del documento (header con 7 claves: m, d, l, t, bd, cat, k); solo los registros se reconstruyen: reversible",,con_contrato,442fc89dd4a617cbf279596fa0fff01e00cc1f625d3b0dd5455ec81acd081efc,False
ciclo,q,1,toon,reversible,,,autocontenida,f4ae22a5da3ac1d48af6f7eef1ccd26d26084766d1137f77ff470cad80cbe141,False
ciclo,q,1,toon_flat,reversible,,,con_contrato,4e276f9308c3f1bd160e30a3c89a3595668b820dfb4bc42c2ebe35f2d9d91e4d,False
ciclo,q,1,mini,reversible_normalizado,,header.n lo añade el serializador .mini; header.v lo añade el serializador .mini,con_contrato,9c0055e1833e806ac82b44da94612db724117e8982fa276d959720a4e2703d39,False
ciclo,q,1,xml_tipado,reversible,,,autocontenida,94020de9f4f45b28adda8d8d5ab4cb902b731adf060ea84fa527ea1197d16299,False
ciclo,q,1,csv_reversible:celdas,reversible,,,con_mapa,1f160ede64e603fb2f20613cd68e152f759252981bc0b5395cf9bb8ab0a8f611,False
ciclo,q,1,csv_reversible:columnas,reversible,,,con_mapa,1014a88f612cbd9c87aebcc346c22cca944a6f69d602eb624d3b351e9c3e71e9,False
ciclo,q,1,toon_reversible:celdas,reversible,,,con_mapa,2f4450443be124d1cda7a5f3c7e9e255f93489ba2059b840471216339e6b6d45,False
ciclo,q,1,toon_reversible:columnas,reversible,,,con_mapa,3f0a36fa9a65de183b267fce827b84106000d1ddbfa92126503a12fcc690f479,False
ciclo,q,5,json_pretty,reversible,,,autocontenida,5ef5fc61c12a2837c706e91ff3719efdcbcec80aadc93111db0ede56ba0484de,False
ciclo,q,5,json_compact,reversible,,,autocontenida,559a1b99c0db641d49ca7569b1f0435f1424bfaa84fb643fac396e22ef509081,False
ciclo,q,5,yaml,reversible,,,autocontenida,ce5ef5310e7ee4bbd8761b5443fa2bdbebfd8874f8ece256ee9550460dbd138f,False
ciclo,q,5,xml,reversible,,,con_contrato,0245a33a41a87dc76d8c151349d0efc729a9e28198f1a7c0657278f73cf7ac3d,False
ciclo,q,5,csv,no_reversible,"el CSV descarta los metadatos del documento (header con 7 claves: m, d, l, t, bd, cat, k); solo los registros se reconstruyen: reversible",,con_contrato,18bba4a1873aad4b9571902f682f741cd51695e4c8d943e58044514c3c54cbdb,False
ciclo,q,5,toon,reversible,,,autocontenida,094eeb3a7fc2c8c85767341db1042457d68493ad1661410de79501ff9d04a411,False
ciclo,q,5,toon_flat,reversible,,,con_contrato,21c48e74ee7cd81340f62a9fb87bacfd5d2636c52ff77e7cfca93d81e6895702,False
ciclo,q,5,mini,reversible_normalizado,,header.n lo añade el serializador .mini; header.v lo añade el serializador .mini,con_contrato,5023b4e60494a2674e8ba76ebe483a925066588fba3b5a10bb88ab39c1335e73,False
ciclo,q,5,xml_tipado,reversible,,,autocontenida,2c324e9064432aed0779fa6c11659b7e870a62b4db1199757d0ab2fb4cf53a83,False
ciclo,q,5,csv_reversible:celdas,reversible,,,con_mapa,b565f37dd04d1f4f740d2826d7583fa0c030f179b3196f3909da5b0b620016d2,False
ciclo,q,5,csv_reversible:columnas,reversible,,,con_mapa,c92969dffbbc208a458155cdd27b063346303d4d4fe37b9a7b4d82f94f6cb8c5,False
ciclo,q,5,toon_reversible:celdas,reversible,,,con_mapa,446c4c0444d0af7deeba98bb190f30c04efd51842416773397ef4eab335e65bf,False
ciclo,q,5,toon_reversible:columnas,reversible,,,con_mapa,bb44be8362144496f47e91f6c2f238deb5852fa3fa29d3b4e5412cb52b442954,False
ciclo,q,10,json_pretty,reversible,,,autocontenida,310966a3f6377ff7ba37945d06bbbcd6a0f3b7c5e5ac6f0da74b6d7adef2b3cf,False
ciclo,q,10,json_compact,reversible,,,autocontenida,d7443a0295c8c48f1d5b361751b16e0f9fc183e73e5414ceedc88b8e684e9f0d,False
ciclo,q,10,yaml,reversible,,,autocontenida,5ce764b564f916752ecfc4fc52604ecdc1e63758c0586968f0900675d3527ddb,False
ciclo,q,10,xml,reversible,,,con_contrato,12a0580c5750824783d4e8daf7ed15bf6489115030fc273c5a5ce09c0dc19636,False
ciclo,q,10,csv,no_reversible,"el CSV descarta los metadatos del documento (header con 7 claves: m, d, l, t, bd, cat, k); solo los registros se reconstruyen: reversible",,con_contrato,d79992f55c1838980dbd05f092b8bbc038388ce44179fbebc1872a3d752db17e,False
ciclo,q,10,toon,reversible,,,autocontenida,fec43a1ba4ac99c03187b5f995717f8ed4e8306b93dd972e2a6f17ade467b2fe,False
ciclo,q,10,toon_flat,reversible,,,con_contrato,7201cd96ce4597fedaf48e25a4870a768ba835e1bb136a600d7c06680d1f05a0,False
ciclo,q,10,mini,reversible_normalizado,,header.n lo añade el serializador .mini; header.v lo añade el serializador .mini,con_contrato,927c29b0f9a2e052ec064d2f8ccb24ebe83b7dacc6d40654f6e6079e2dcd92d5,False
ciclo,q,10,xml_tipado,reversible,,,autocontenida,59cf560ffae385117221c4d648655d2e749d058934c7aa4542ef43cf2f3ccd3e,False
ciclo,q,10,csv_reversible:celdas,reversible,,,con_mapa,2f32e56766caa44376587c34eb1c453af806c8c6dd1b7f4a40c6b647b760c2a3,False
ciclo,q,10,csv_reversible:columnas,reversible,,,con_mapa,5711564a531a6baf80347da137f160bc1c942d1809f6698f5440ee847e387e3d,False
ciclo,q,10,toon_reversible:celdas,reversible,,,con_mapa,2f994bdda2329d8dda574b9274ebc3b7b2794a82f6c173b90b54bab93a762e34,False
ciclo,q,10,toon_reversible:columnas,reversible,,,con_mapa,5d7ce5c7c7a08c41da619187541f0c39e2644bcce64b32ba99e3d4860c58cb68,False
ciclo,q,12,json_pretty,reversible,,,autocontenida,083b5635eb1afbbc218fe45e3006a37ddcfaacb4028e8aa49bf68ee79034d47a,False
ciclo,q,12,json_compact,reversible,,,autocontenida,284710c0735328d9761917a8cb7bff57af496653a0e00515b72ecfb921ae19a9,False
ciclo,q,12,yaml,reversible,,,autocontenida,44455b5419f810d66682368cd3c206243ef8da718ee8803bc0f4e0c2fc8a441f,False
ciclo,q,12,xml,reversible,,,con_contrato,ee6c465e1227c56f8690719f1fb6f674e95ab7cb258d99b868a29c89ddf30560,False
ciclo,q,12,csv,no_reversible,"el CSV descarta los metadatos del documento (header con 7 claves: m, d, l, t, bd, cat, k); solo los registros se reconstruyen: reversible",,con_contrato,ab5dfcb4ca71384f2643473f5774ffb70d608574bac1ae1cd642c0ea2b6e1949,False
ciclo,q,12,toon,reversible,,,autocontenida,cbb3da7775c5cb7b0f94dcd5d969317e27a4f53a87f05a7c3f53f4c8ef4a2f00,False
ciclo,q,12,toon_flat,reversible,,,con_contrato,9e200e394334385783900d8f5e1f831f7f59159cd9ec4c3743e22706a12ce015,False
ciclo,q,12,mini,reversible_normalizado,,header.n lo añade el serializador .mini; header.v lo añade el serializador .mini,con_contrato,9bd0ae2d90da51478cfb4beedda7c3ecfceae28c5e6de3ec88b2035a22c309ad,False
ciclo,q,12,xml_tipado,reversible,,,autocontenida,bb62c70b644822162b41346520af7fc0e065a651b5a417a3601decdfe227e5e3,False
ciclo,q,12,csv_reversible:celdas,reversible,,,con_mapa,5f5f1e26cf762c867ecd8ed65c13bbf21e9209ca07a47fd1b68e0d35512596b7,False
ciclo,q,12,csv_reversible:columnas,reversible,,,con_mapa,e922603408931204fbae85fe38855c15b4f2914608f3ba3dfb197031d760d250,False
ciclo,q,12,toon_reversible:celdas,reversible,,,con_mapa,ebc64cfd941523b11700560a82e10d1c93240bad11fa954a41143ce2f066f0c1,False
ciclo,q,12,toon_reversible:columnas,reversible,,,con_mapa,005c9e1b306d11300cc8a2378ee448b86cad776d686c107f8ce56ba5248538bd,False
ciclo,q,25,json_pretty,reversible,,,autocontenida,4c94689b3e48ad5bcf699b67c82956910075e92843bfcea57c4951eb5e6490cc,True
ciclo,q,25,json_compact,reversible,,,autocontenida,cfe2d16cc6f454e70146540599f7bb97c8f8c7712292e0cecb9cf7320a093aef,True
ciclo,q,25,yaml,reversible,,,autocontenida,9cbd5b56442a1358da8c1612b548eeac07f7739fecd6f496d2c9fd747c745027,True
ciclo,q,25,xml,reversible,,,con_contrato,c13633632f76a9bbb9af672f7fda4a0fbf8450801f8fc5810f93cf78dfd5a6f2,True
ciclo,q,25,csv,no_reversible,"el CSV descarta los metadatos del documento (header con 7 claves: m, d, l, t, bd, cat, k); solo los registros se reconstruyen: reversible",,con_contrato,2b6eb76f18683dfe9e0f8a6148506a6561f1667b7a6070dfa1c379cd5947b0e7,True
ciclo,q,25,toon,reversible,,,autocontenida,621bf269a8cbbf78a42f36130f20d1ec9a6bc2ec0cd71fd05bad2fdfd2afdfce,True
ciclo,q,25,toon_flat,reversible,,,con_contrato,8379a0aea234ab9b42a60d0a28d062b202608fead4d609eaca33acf6b6ee59c4,True
ciclo,q,25,mini,reversible_normalizado,,header.n lo añade el serializador .mini; header.v lo añade el serializador .mini,con_contrato,382997f5ce02154d9d1bd013edaf61d8e0fb57d7a1ba684d44076e307d4ea145,True
ciclo,q,25,xml_tipado,reversible,,,autocontenida,358e3a7e0b86875872a3878feb9b9197b6aff187831bf2f180a7a6c12d89b5e3,True
ciclo,q,25,csv_reversible:celdas,reversible,,,con_mapa,c0b4cbb91665bba8c9f1bc2b13303abefff89ba337f79cb479366aa18bcbd052,True
ciclo,q,25,csv_reversible:columnas,reversible,,,con_mapa,d75d951798187a0bcbb27f504007face30156fc39566e94a07083cd8d0d863ca,True
ciclo,q,25,toon_reversible:celdas,reversible,,,con_mapa,9565642b5a4ac44784aa5063d1fb0f2259e4f3e4146ff115d0cbf1edc707729b,True
ciclo,q,25,toon_reversible:columnas,reversible,,,con_mapa,fd4f6d1f555fe0a46ea2ea3a2d2f06cb4dc34397acf6877c68bbfb4a68c97be7,True
ciclo,q,50,json_pretty,reversible,,,autocontenida,36fc9e7f8b91ab2c2e82c0fd80368bb693152091f50eeebc43fed9c3d4f290a8,True
ciclo,q,50,json_compact,reversible,,,autocontenida,7faaee53e3e2c5cd18c41a916291928b1ca932d720cf63d129a6810a0e51d328,True
ciclo,q,50,yaml,reversible,,,autocontenida,e252386ff99ef22d8de555fb5b8b60ae27383bb088683617bf8d515458051ba2,True
ciclo,q,50,xml,reversible,,,con_contrato,0a79f7bc38019a9b6c93cae5b15a50b469b0a83e9a4f49666aa83cf6a9f92d00,True
ciclo,q,50,csv,no_reversible,"el CSV descarta los metadatos del documento (header con 7 claves: m, d, l, t, bd, cat, k); solo los registros se reconstruyen: reversible",,con_contrato,5c705b5c3823a3a5c9ce5c9da54585e4e7ca7e15d1ddd973b1963966e9424a71,True
ciclo,q,50,toon,reversible,,,autocontenida,7ab06c7de75ae9918c5e2f8e7e6d04ef488b6abe21a60e8cfd4199671a46563b,True
ciclo,q,50,toon_flat,reversible,,,con_contrato,2fafbecb684246ab4b6800dfe75e47d455b81aa8cf3c9611a781350cdb301436,True
ciclo,q,50,mini,reversible_normalizado,,header.n lo añade el serializador .mini; header.v lo añade el serializador .mini,con_contrato,a8d187cee35d89dba8bf298e72322334ecb39b69d72a0d3fddbab2d3e9c53557,True
ciclo,q,50,xml_tipado,reversible,,,autocontenida,0d7e34ba1bc10a899ffd4b5c4c23ed5c1f920a6eb0edc8cd4cb098d8b8b0c701,True
ciclo,q,50,csv_reversible:celdas,reversible,,,con_mapa,7bf22118978abe92ae0b9197a6dc8119cc786667b20858820691c8465414e2b0,True
ciclo,q,50,csv_reversible:columnas,reversible,,,con_mapa,c44ff9242b1708c67cbb4f8156157ffaed2ec3c186e2c20c676d94ae9e5958e9,True
ciclo,q,50,toon_reversible:celdas,reversible,,,con_mapa,7910de7577140f4e11351c44a8563d22ca524208e68186549c64a6071d4b62c0,True
ciclo,q,50,toon_reversible:columnas,reversible,,,con_mapa,15b1551dd4f580114271027f5222936c174350f047c2c8db2e637c31f31c2131,True
ciclo,q,100,json_pretty,reversible,,,autocontenida,bfb5e8da1e9430dbd76b02b92d574a460de82fe3c65aaacfb49910c3053a2496,True
ciclo,q,100,json_compact,reversible,,,autocontenida,e7677c7c1b05841d9b69ca16358f56a6b30e1dfde9dfa27b36d0016755f1b3c0,True
ciclo,q,100,yaml,reversible,,,autocontenida,e492deaaded50fb6111cc8c04e512a0826258f9b706412dfd15d8d3a741a7006,True
ciclo,q,100,xml,reversible,,,con_contrato,4f4dc120ed91b1135908a2e8c39707133a2c3ceca5256d27906bd7cc1944d259,True
ciclo,q,100,csv,no_reversible,"el CSV descarta los metadatos del documento (header con 7 claves: m, d, l, t, bd, cat, k); solo los registros se reconstruyen: reversible",,con_contrato,f8eee4d4c7ed74b2a3e7316bac5da06de9d03fcf46927085950e43f6aa0de671,True
ciclo,q,100,toon,reversible,,,autocontenida,656405fff042356e0f7a1080aa605e7d329b9d3b528e75e81d4930e80a9f0c13,True
ciclo,q,100,toon_flat,reversible,,,con_contrato,64171c01ccb4db0c52d9523a264fda83eaae67e2f7cddc275192b9840e6ae802,True
ciclo,q,100,mini,reversible_normalizado,,header.n lo añade el serializador .mini; header.v lo añade el serializador .mini,con_contrato,400ea72a10566a25399b744a0ae4f11e51fbda29cba9b33be406f451fe78d72d,True
ciclo,q,100,xml_tipado,reversible,,,autocontenida,b1ac19bde080aae52d4e0b86e7e91d1f954e65b7b221565ce3f5ac1e3c6199a9,True
ciclo,q,100,csv_reversible:celdas,reversible,,,con_mapa,5a4e176c812f33d42455d63c221e4dc8c0520cd6f0186ea47ddf81f03fb88635,True
ciclo,q,100,csv_reversible:columnas,reversible,,,con_mapa,d00c6c8e25f7a143158f6afde899b2383f1c51971eb3f640127e033e98d71788,True
ciclo,q,100,toon_reversible:celdas,reversible,,,con_mapa,d27d3e2808977c150f8f85d7f88678c0c51d5012fae898caddcf1769db1cb2d9,True
ciclo,q,100,toon_reversible:columnas,reversible,,,con_mapa,c5b4d204d9777c76b68605a588918922d0d35194bf88a58cf740e4f6ab4180b4,True
ciclo,q,250,json_pretty,reversible,,,autocontenida,7e9677211ee61235410eb85e320995fb3fa001c8f4a7cb1c3146d35560895570,True
ciclo,q,250,json_compact,reversible,,,autocontenida,e38eb29627cace92c8f014211c6645cd0a8589a002a9614de9346760c90e1a6a,True
ciclo,q,250,yaml,reversible,,,autocontenida,a0116a9cb667fd1017410612d4566e2dd3fd6617f91956553a89f73280efbbf0,True
ciclo,q,250,xml,reversible,,,con_contrato,254ee103b8c0f57e04aff692e06d40a8e1a7ff9ba78b826b173fe040870974d9,True
ciclo,q,250,csv,no_reversible,"el CSV descarta los metadatos del documento (header con 7 claves: m, d, l, t, bd, cat, k); solo los registros se reconstruyen: reversible",,con_contrato,78a1d1dfa2479843a85306d432d7a46412bafd1ec4a1f62a20db51bb991a49f5,True
ciclo,q,250,toon,reversible,,,autocontenida,000445aac3f6ad0b267111986333e79fec633a07e83a0c095391c5327c172303,True
ciclo,q,250,toon_flat,reversible,,,con_contrato,d032c720102a558bd5f4adabc26bd156f0114640d3c957916563ce29dc7dbc1b,True
ciclo,q,250,mini,reversible_normalizado,,header.n lo añade el serializador .mini; header.v lo añade el serializador .mini,con_contrato,1ceb4dbd9e5449a9e0d58f6b20d35dce12fb4f0ab2f1285b8ff4449ae8b6a956,True
ciclo,q,250,xml_tipado,reversible,,,autocontenida,43ddd80f4710f54f657d0d355561df63f881a24c6f8999248a9964446acf2140,True
ciclo,q,250,csv_reversible:celdas,reversible,,,con_mapa,87b50b40dcca23ae89c4f7c5794acc766b5a2db0c9833b470db9a2c05951d296,True
ciclo,q,250,csv_reversible:columnas,reversible,,,con_mapa,df408ad13d942c09d9d2113d6a9220ccef5a8f987ba76466b7efb5988e17c26d,True
ciclo,q,250,toon_reversible:celdas,reversible,,,con_mapa,f2395565e0dcc98d39c3650d585a197decb005cd023cd0bdca772e58e9b77135,True
ciclo,q,250,toon_reversible:columnas,reversible,,,con_mapa,2274d8cbde2a5da419ca8c0a2352b7b5a6f728b6d5faede2b1da3410fabb863a,True
ciclo,r,1,json_pretty,reversible,,,autocontenida,2ebd767cfcbc3b6ec094c7437e6cc6fb6a3a4440bfa1c20fe45fb9678e8b1349,False
ciclo,r,1,json_compact,reversible,,,autocontenida,b8262b198af313691b32447ad32b369e45bd07a5fc867ce58046414f4e2aad4a,False
ciclo,r,1,yaml,reversible,,,autocontenida,8b84aa440be8aa41896e2344721e2f48113bbf4ff7cca04a75b5bfeb5097c39d,False
ciclo,r,1,xml,reversible,,,con_contrato,348f15c60303a1ae1d7afef84b2834750d4bf8c78adc6190e5e5af02d2c47aea,False
ciclo,r,1,csv,no_reversible,"el CSV descarta los metadatos del documento (header con 5 claves: d, l, t, k, scale); solo los registros se reconstruyen: reversible",,con_contrato,7f47bd913e7468221a7cabb8ee699b13b505b617e5a83a6f1420f89b2de59342,False
ciclo,r,1,toon,reversible,,,autocontenida,1999c9b42c63cb7e4fc1235786adaf25b595a4dae4b7b27cee252a16dce7ad94,False
ciclo,r,1,toon_flat,reversible,,,con_contrato,42b018ceaa1c155deb18cb329816db378ec8558df3e7f24f4f9a535ea16e17fa,False
ciclo,r,1,mini,reversible_normalizado,,header.n lo añade el serializador .mini; header.v lo añade el serializador .mini,con_contrato,a7f6358da29e74e05cb7e64d47a26423e1d9730c21b29895887fcab113bd6c3d,False
ciclo,r,1,xml_tipado,reversible,,,autocontenida,a7b160ea02072cd4b573411bd57758a508ecbbeaf6bf43751362a605d73c2eb3,False
ciclo,r,1,csv_reversible:celdas,reversible,,,con_mapa,19cc241cde323198382dec7cb351a13c982f379a470eb512df92095657f301b9,False
ciclo,r,1,csv_reversible:columnas,reversible,,,con_mapa,51ad2ae35bfc89d21594d958fc21a4c99f25135ec9cbde3bc54d13e4d5991c63,False
ciclo,r,1,toon_reversible:celdas,reversible,,,con_mapa,52e49b95a1f660bf8a4ef2b7555d9a3671aeda48d7a7a3e5a79a3c6d67e027db,False
ciclo,r,1,toon_reversible:columnas,reversible,,,con_mapa,717c5acdd4c9e7981c820493eacafbf824a4623ae76049b4839c9e16fc4a7caf,False
ciclo,r,5,json_pretty,reversible,,,autocontenida,3ffc4034b3c924530bf1b9216637ad8eb784e4b00e8a1e6ad21c37b6378efa61,False
ciclo,r,5,json_compact,reversible,,,autocontenida,fa4c5cd15385db0907482f3eae3fa2853f0f755d5ff7593c589050ec710f2b47,False
ciclo,r,5,yaml,reversible,,,autocontenida,74aaaa5127c2e49ef1f6738506515b1813970f2f63df2dba6353ffad4217d46e,False
ciclo,r,5,xml,reversible,,,con_contrato,0fb611659eb4d800666107824b8891f7890735bd2a4a928ee885c1d080279470,False
ciclo,r,5,csv,no_reversible,"el CSV descarta los metadatos del documento (header con 5 claves: d, l, t, k, scale); solo los registros se reconstruyen: reversible",,con_contrato,cf464439b2b49973b760099d8b793e12512f519722940fca755ed0d8ee16374c,False
ciclo,r,5,toon,reversible,,,autocontenida,90d1a7ac39a4b6d39bef16d458da67322d4829308bc4fa5942d94352ddc55639,False
ciclo,r,5,toon_flat,reversible,,,con_contrato,9ddc1d3c064cc689781f3bf74a3746139705956264b914f09b73851826367e17,False
ciclo,r,5,mini,reversible_normalizado,,header.n lo añade el serializador .mini; header.v lo añade el serializador .mini,con_contrato,904495e492314db24282ee4b5e1b80b2bd6b45cb9d7cc91038ea990580f3a5f1,False
ciclo,r,5,xml_tipado,reversible,,,autocontenida,fa1081942b0ace75b4c2b3bfb403a2ffbefdc7eafabde5df69294fb672563620,False
ciclo,r,5,csv_reversible:celdas,reversible,,,con_mapa,0759db8c4a19d6e72f54021140a1c7f656c7f67d7aa8819cc956eab69391ea9c,False
ciclo,r,5,csv_reversible:columnas,reversible,,,con_mapa,b43fb9f8f24dfb8ec7c7bf627fe508617cb9b3a15cf5b6f6d288830bbea1a792,False
ciclo,r,5,toon_reversible:celdas,reversible,,,con_mapa,33ed793f8cb7341bae38852dc07555ddbd2a797215918a6a7707ce94091e4315,False
ciclo,r,5,toon_reversible:columnas,reversible,,,con_mapa,1625a6c70a3db69a870d220a7af821e12f0c34e42644353cced21f87c583b66f,False
ciclo,r,10,json_pretty,reversible,,,autocontenida,9584bbbd72d3c20b834adfb06c686a253417636309076ac88857ce1ca82c4d07,False
ciclo,r,10,json_compact,reversible,,,autocontenida,b929669df562267783ad6cbbaff92cc41ec8a67f2049e04d21b7d14d8890652a,False
ciclo,r,10,yaml,reversible,,,autocontenida,083dcd0469769feffb15cbdc2b5529736042d3ad874828fb459b7fe11d78a055,False
ciclo,r,10,xml,reversible,,,con_contrato,183ec7c9c638235cd6cfafe7c53a0803bc588f2418491c902c980588c0353fbd,False
ciclo,r,10,csv,no_reversible,"el CSV descarta los metadatos del documento (header con 5 claves: d, l, t, k, scale); solo los registros se reconstruyen: reversible",,con_contrato,baf4bea7edcc5e152034556acc84c21649f79fe926acb11af90a8f576c288d6b,False
ciclo,r,10,toon,reversible,,,autocontenida,e3ad62712358b49ab0293e7654f854218c02f53c776b0d1d88c03450ac105f48,False
ciclo,r,10,toon_flat,reversible,,,con_contrato,e3d3654ef6c4c28e335b10af2a61b7a1122a5ebaadc8408a4623d35a6241ba9b,False
ciclo,r,10,mini,reversible_normalizado,,header.n lo añade el serializador .mini; header.v lo añade el serializador .mini,con_contrato,531d5ea445d50017dcc1850f24e2190068e4342c1dc0e4129a640332370354b3,False
ciclo,r,10,xml_tipado,reversible,,,autocontenida,7529e7ebca60db17efd8751739218dd791d0dc6e882ebdf16d768c6509ac3cbf,False
ciclo,r,10,csv_reversible:celdas,reversible,,,con_mapa,557a7093407780a5e43c545de1ca79d3b7ddcc9d0f97237e7a6f2d2cf86a1ef0,False
ciclo,r,10,csv_reversible:columnas,reversible,,,con_mapa,e7abcb3c5a96df392e948faa2b02ab5df63ea74de77a44db210f89e76bec83bb,False
ciclo,r,10,toon_reversible:celdas,reversible,,,con_mapa,8d1492c77c00b3db1a2d48ab6e4f88bcc1ddbd13e05c42ad0536e9cf6c2e35ee,False
ciclo,r,10,toon_reversible:columnas,reversible,,,con_mapa,42152ae0b68b6a63801a7e494737fef4e8c415d94748173998db69050d386c12,False
ciclo,r,12,json_pretty,reversible,,,autocontenida,3c4cd6ca0b209bf406eaf74b2016961cb1d5b3e918929665ff311ca098dd9dbf,False
ciclo,r,12,json_compact,reversible,,,autocontenida,7b47559326bdb17146b08024782246b797028118cff47fe51bb35a9b4efa529a,False
ciclo,r,12,yaml,reversible,,,autocontenida,9c1aa250dda8f3151546015287fe3c89a28ac1bea53688e4308ecb783dd254cd,False
ciclo,r,12,xml,reversible,,,con_contrato,aabc413ee231f7aa4dff564834cce8fb3f9aebe6e9f51a660bcf5cf10e99646e,False
ciclo,r,12,csv,no_reversible,"el CSV descarta los metadatos del documento (header con 5 claves: d, l, t, k, scale); solo los registros se reconstruyen: reversible",,con_contrato,f3dc981db474efca8426971886d784302d5fab7a0b72e8bc49e5798998e4600b,False
ciclo,r,12,toon,reversible,,,autocontenida,2511e64e2a56e492674c837623d13677354b2f8b5314a39fdca180aeee27a0d3,False
ciclo,r,12,toon_flat,reversible,,,con_contrato,20114d1f8166dfce23a7977b86e2f564e5236a8c9872b3f1b7d3503c5e8d9f78,False
ciclo,r,12,mini,reversible_normalizado,,header.n lo añade el serializador .mini; header.v lo añade el serializador .mini,con_contrato,e95ad444b4bfb3c1ec4f7d22650a244f146d18d80fd56d70299b916a24df1cd7,False
ciclo,r,12,xml_tipado,reversible,,,autocontenida,b7c9fbc87347961996f658e37beb65d66c9a29916d57bd69329bdb8d21bac494,False
ciclo,r,12,csv_reversible:celdas,reversible,,,con_mapa,18652e957471b876210f7a7e6ea545110963037b179e8b9cf9d7fea4929fd91b,False
ciclo,r,12,csv_reversible:columnas,reversible,,,con_mapa,afacb3dfc63d544656287970f6bc5a1b4df9c063a6555879a4812fb7b0f609c8,False
ciclo,r,12,toon_reversible:celdas,reversible,,,con_mapa,823d39e090f18cc19f779eb7e7507c63506156c312e47ccb88b94b4a1508eae7,False
ciclo,r,12,toon_reversible:columnas,reversible,,,con_mapa,80f35814ec0c5593aaac15042e69c8ed131960bd2a149448f794e3b44899d56c,False
ciclo,r,25,json_pretty,reversible,,,autocontenida,23eff8ce3aa9ebb8a4f3fa7f2e839f1b04e595c1411eb905841fa68531857557,True
ciclo,r,25,json_compact,reversible,,,autocontenida,fd5057619de5f54bd8dc2159df1f110a0014c9e0b8a166f2813125c9404496fc,True
ciclo,r,25,yaml,reversible,,,autocontenida,e98fc8d315505c9ded74b59cb68423da6cec2848b4d233b21364a4bf69839b76,True
ciclo,r,25,xml,reversible,,,con_contrato,c2c6d8e6000715028197221861f6175fcdf6a80eb7a877f6164f239a7eeef523,True
ciclo,r,25,csv,no_reversible,"el CSV descarta los metadatos del documento (header con 5 claves: d, l, t, k, scale); solo los registros se reconstruyen: reversible",,con_contrato,aeb76f6a190210f75211155e84c95b7917454338c528fd87c32355dc2bfaab4f,True
ciclo,r,25,toon,reversible,,,autocontenida,537978a8dd2f28cbfb573041347b5c5576cf2bb9dadcf04e9b2152bd0399e755,True
ciclo,r,25,toon_flat,reversible,,,con_contrato,f5004e4980addf19d0847a8a36ed03ebde77541d98dc737c393efddb0f321d31,True
ciclo,r,25,mini,reversible_normalizado,,header.n lo añade el serializador .mini; header.v lo añade el serializador .mini,con_contrato,3733ac5b4e9ac8d150cee98bdd374dd36aad4cd708c5530f5fb009076adcffdc,True
ciclo,r,25,xml_tipado,reversible,,,autocontenida,1c8594f8f50bc6f8961e34fff9f082a12b87efffce5095a52b1cc25f93e70e6a,True
ciclo,r,25,csv_reversible:celdas,reversible,,,con_mapa,b4f37bc8a427a3787ee35522ca8e18fb0fb97a565057525e4c3e3a0849a544f8,True
ciclo,r,25,csv_reversible:columnas,reversible,,,con_mapa,ae310c5a3308714f1b47ac6233bd96540f0d8874e0b3ffc9415fed7330e08b4a,True
ciclo,r,25,toon_reversible:celdas,reversible,,,con_mapa,658910deaeeb816b806a7c85670e1480524a3727e32b94e8b2e5e927cf3f0ed1,True
ciclo,r,25,toon_reversible:columnas,reversible,,,con_mapa,28218a7ef658b0731dfcc12e6690210356932b44c2ba1438c32af9958bfc2266,True
ciclo,r,50,json_pretty,reversible,,,autocontenida,62f7f61ba9f95cfac919ed844eba20c987253056d8880544e8af1162762a76ea,True
ciclo,r,50,json_compact,reversible,,,autocontenida,c38afbd85171a1702f8c0fa008c3697063595c9cc5ab538354449080cd1807c6,True
ciclo,r,50,yaml,reversible,,,autocontenida,97861b9a87cc5eadf8d0aa61fa9663c0675e01a317b44a37f41b224b2d41aed3,True
ciclo,r,50,xml,reversible,,,con_contrato,1692e5337f78b99418cc00c16c4276c3eff166f43bf0cacdead4feae80a5fdde,True
ciclo,r,50,csv,no_reversible,"el CSV descarta los metadatos del documento (header con 5 claves: d, l, t, k, scale); solo los registros se reconstruyen: reversible",,con_contrato,ac18a14d15fca1b3eebff0f4fa930beb8e6ee9508ab8e22a82bf24a8977036d3,True
ciclo,r,50,toon,reversible,,,autocontenida,23c0cb94d5debd9ddce2a9459625dd9c19dbc607dca15919e2059883acc4146c,True
ciclo,r,50,toon_flat,reversible,,,con_contrato,906c5eeea26c17af0b3d3d9bfd27938075899e57da6d3133a7e26ea511b0fefa,True
ciclo,r,50,mini,reversible_normalizado,,header.n lo añade el serializador .mini; header.v lo añade el serializador .mini,con_contrato,5f666efbf83b2c4238834291157a0998e43672c544a835b2663a05f984002835,True
ciclo,r,50,xml_tipado,reversible,,,autocontenida,2dbe8084f5f5bafd1c6d9fa3629a77ac7f9367be222cdc4bb021a1af45cc6b7d,True
ciclo,r,50,csv_reversible:celdas,reversible,,,con_mapa,13997c4e06a19feda2beee78e3be28e851d7ccf9f862666b9b37090a19caa569,True
ciclo,r,50,csv_reversible:columnas,reversible,,,con_mapa,1512536d65d43dd089b5be839db0b65257b81882a9fdc3db9cfe7864f11fd0e9,True
ciclo,r,50,toon_reversible:celdas,reversible,,,con_mapa,cfbc4f155d04b690e4de24d65dca777538a7979f4127f0116a4831351c3720ae,True
ciclo,r,50,toon_reversible:columnas,reversible,,,con_mapa,97634d4acefb27a6be8f7a07e713de48cbcb949800f1aea650f4570574094979,True
ciclo,r,100,json_pretty,reversible,,,autocontenida,5005aec20d3145331aac6cce813172c6bf0bc9a6fbccf51565255e2f9576a11f,True
ciclo,r,100,json_compact,reversible,,,autocontenida,49d3f8eb3551f10fa49e5eb988da1acc8fff5882f202f7554ea01bab72d569e4,True
ciclo,r,100,yaml,reversible,,,autocontenida,fd1646740531f4a51f8c96329f1ade163954b3277ab5b08b6066ce057575fcbb,True
ciclo,r,100,xml,reversible,,,con_contrato,bebb80eb5fb0077cfd176935ffa4294e3a25484940914b86f9dc444162a8bcde,True
ciclo,r,100,csv,no_reversible,"el CSV descarta los metadatos del documento (header con 5 claves: d, l, t, k, scale); solo los registros se reconstruyen: reversible",,con_contrato,724dad09b9b2edb2a0db3ca14f7a89d811fcd65fa64fe7445dbdc3ea751a9173,True
ciclo,r,100,toon,reversible,,,autocontenida,499729f34f7a16086d6921e7a091a9e1dc32a130790ff6f46acf7614f7862551,True
ciclo,r,100,toon_flat,reversible,,,con_contrato,bebde46f23c2e1a842efae6ed647a0566d289a3248c58f41622736222ac082c5,True
ciclo,r,100,mini,reversible_normalizado,,header.n lo añade el serializador .mini; header.v lo añade el serializador .mini,con_contrato,1eee9b8eff44424fe3c0718370d6b8465298f26f864966b95bcbbbffced17507,True
ciclo,r,100,xml_tipado,reversible,,,autocontenida,bbc0bf675f5bde51bae376c48d8c7f47782ccdb3eb2489eba33fdcb312f3a4e1,True
ciclo,r,100,csv_reversible:celdas,reversible,,,con_mapa,3a94786a0ecfdfc616196f5f6f326d510986e6162c80bec40abe37f5572af768,True
ciclo,r,100,csv_reversible:columnas,reversible,,,con_mapa,acad00778557624db65bcae300b828c4ce9d695424116b3cfd2a640d7da19373,True
ciclo,r,100,toon_reversible:celdas,reversible,,,con_mapa,23762c950802c0e6a6e65fe9c6cff66d6cf07d86b4450384e5c408fb6151d45c,True
ciclo,r,100,toon_reversible:columnas,reversible,,,con_mapa,96a1a289b8ec78aaacea6981076e1cddd52abde696489aaf4c546048b81c1546,True
ciclo,r,250,json_pretty,reversible,,,autocontenida,209c7aebcbc99e05b57528c4a13d1ec6776c4e7cfb419342a062e9f7115f1187,True
ciclo,r,250,json_compact,reversible,,,autocontenida,b7c0741f112fd2440e23494048df54dca0e4ec6572b689f346cdcd182ac8381a,True
ciclo,r,250,yaml,reversible,,,autocontenida,71d21755ea3659c279bfd2932c16b7e6efae8f45a6cbcc04c0a10ecf65bf7787,True
ciclo,r,250,xml,reversible,,,con_contrato,5f53fb95cc43eed923f21483b29a6f0a805cb5ffe037a41834bc9f13908a80a3,True
ciclo,r,250,csv,no_reversible,"el CSV descarta los metadatos del documento (header con 5 claves: d, l, t, k, scale); solo los registros se reconstruyen: reversible",,con_contrato,ece04a16c136f914525854b8a7d941da1cdfd22da4c226f93158a36c4d52166d,True
ciclo,r,250,toon,reversible,,,autocontenida,16f850f23d60f180d6f8bc8ee7d5240d9b6ef6748c50fcac1a3bbac0c37ba61c,True
ciclo,r,250,toon_flat,reversible,,,con_contrato,79fbe6bf452e2ff8539aedd8e26277e638000cca7f9ab296d075efa37bf126e1,True
ciclo,r,250,mini,reversible_normalizado,,header.n lo añade el serializador .mini; header.v lo añade el serializador .mini,con_contrato,871992ac799023081e60599a2cdab3b25923a111bdac0d2b3b0b4309f71d5dcc,True
ciclo,r,250,xml_tipado,reversible,,,autocontenida,278ccc34bf69b8081707474abe3ab5b94bbd8e8145bc906da35beb0f97c62bfc,True
ciclo,r,250,csv_reversible:celdas,reversible,,,con_mapa,1fa5c81096d69d73598923ad6573a1fbba433734583382920b77f586cf8cfe25,True
ciclo,r,250,csv_reversible:columnas,reversible,,,con_mapa,932e9aeab69e938ff405d09438977471cc48d44d4c663e0a66c831f949c9015b,True
ciclo,r,250,toon_reversible:celdas,reversible,,,con_mapa,86bc9d96ca947421b430c229d1a2088f0e424a1ec9d66217ca2549f6d3e1e512,True
ciclo,r,250,toon_reversible:columnas,reversible,,,con_mapa,0a0bcb00be9923601f914a8d059943e91d6a30533f848ed806f9bfdfcbcacd27,True
ciclo,s,1,json_pretty,reversible,,,autocontenida,3ceb5451f4e8f688582e857a56fd7c001629e26d19514308c7e59b09564e493e,False
ciclo,s,1,json_compact,reversible,,,autocontenida,f03a555ed9f367129765c102f3da3953041f3c7536e61e376c366415a650fa04,False
ciclo,s,1,yaml,reversible,,,autocontenida,4c1ca2e7defadc2cf3d8e12791345e0f091eb392aea090ea40109d197b338110,False
ciclo,s,1,xml,reversible,,,con_contrato,5069574a5d97847793569ac8d9f60be1f69a17365f2cf274e2a870d94cb67e6c,False
ciclo,s,1,csv,no_reversible,"el CSV descarta los metadatos del documento (header con 4 claves: d, l, t, k); solo los registros se reconstruyen: reversible",,con_contrato,3122c3f24cd00651cca96b682dc5fd6c5b5faa79cc199eda81085ee606bda2a4,False
ciclo,s,1,toon,reversible,,,autocontenida,766961a8960d5e560366bdf267b7d253153ec684f702d628d410fbee0baa0d10,False
ciclo,s,1,toon_flat,reversible,,,con_contrato,ec2c4ffca6ef14a477b01f5c4c14a0081cc1dbf2179012b3d04196584811d858,False
ciclo,s,1,mini,reversible_normalizado,,header.n lo añade el serializador .mini; header.v lo añade el serializador .mini,con_contrato,17e536ad0674e1ed8a3ae7c6442d07b01c62fff9b3a22d033c4caf0f7bd7ea73,False
ciclo,s,1,xml_tipado,reversible,,,autocontenida,ca99b8c2bebcda1f535f9b67da9edc33070984f3203b2f134838510abb807501,False
ciclo,s,1,csv_reversible:celdas,reversible,,,con_mapa,1aa2fa99d173040399defac966bd06ee4df7b9f59f26409571ac7dcbebcf11dc,False
ciclo,s,1,csv_reversible:columnas,reversible,,,con_mapa,2e4c1ecc36efb8b1732e85aa0b2a85ccd5ddb72306731ef4ac804d83c746fba9,False
ciclo,s,1,toon_reversible:celdas,reversible,,,con_mapa,b5752eecf04669af68014884b63ace06bd8358b42af93d69361d27e725abac3b,False
ciclo,s,1,toon_reversible:columnas,reversible,,,con_mapa,71c539f59e3541d87db7c9727189c88902a54cd226b9c8fcff03ca8d107206a1,False
ciclo,s,5,json_pretty,reversible,,,autocontenida,8bf18c9fd6523df201812fc34a75d20f734ba444f3726ea719749815651f583b,False
ciclo,s,5,json_compact,reversible,,,autocontenida,3607eea39b514be968797bcaff2965fdd8ab7dd9b96ddb90bc49a6afdbe1b301,False
ciclo,s,5,yaml,reversible,,,autocontenida,6b42311f0b5e8309f98fa6f4c9f5174d823f1ba96c7d3d406d4b6467ba9345b9,False
ciclo,s,5,xml,reversible,,,con_contrato,d6bb3c1a4c47f5e928e5b666bd86dbf0db83abfe5e0c05b12da0a8b18a92a3f4,False
ciclo,s,5,csv,no_reversible,"el CSV descarta los metadatos del documento (header con 4 claves: d, l, t, k); solo los registros se reconstruyen: reversible",,con_contrato,da99cdf045e79a9fd74cef8c03a1c77e7673a877b0c9bcfc9c64e6067d4535c4,False
ciclo,s,5,toon,reversible,,,autocontenida,118aab4085dbd965e88773971099a3186c517a1a017fc3c9c513f935c21de56d,False
ciclo,s,5,toon_flat,reversible,,,con_contrato,3a9a15a8004f9023817ceadde9b89ac6e7e37a24b16333af90cbcacc2473d502,False
ciclo,s,5,mini,reversible_normalizado,,header.n lo añade el serializador .mini; header.v lo añade el serializador .mini,con_contrato,b9180f7df34bd8c1f058adc5d5534297852f2ccc12326b63ed4754a9155b0461,False
ciclo,s,5,xml_tipado,reversible,,,autocontenida,35d05d9e01de92a2802f27ad63d05b35946867919da9a89b55b5df177815d863,False
ciclo,s,5,csv_reversible:celdas,reversible,,,con_mapa,46f11d08bd6cad18af7264fa2d8df8017abc0cccdb146b255ad5fddcbae4ee8e,False
ciclo,s,5,csv_reversible:columnas,reversible,,,con_mapa,67f1d221f76ed683c02ba1f191bad3a34cfc636b83acf342c0eb14c21a3aed3e,False
ciclo,s,5,toon_reversible:celdas,reversible,,,con_mapa,dd7aa8b079684d119d762227aca59c2e39634ca17313acc87f29db11d0b8f6f1,False
ciclo,s,5,toon_reversible:columnas,reversible,,,con_mapa,8181240f68077ed3de5d446a117dc0018e57ec8e472208f26d7224d0352a4ca3,False
ciclo,s,10,json_pretty,reversible,,,autocontenida,d9c59a7c9421d859f149bb909cae647f543a35a47469a6ca91dbc68db61e795f,False
ciclo,s,10,json_compact,reversible,,,autocontenida,9e0f6bfd1aab9e10fd482ceee9802b81484e92904c7a4d9569751c4ed229f712,False
ciclo,s,10,yaml,reversible,,,autocontenida,c7ffa17694b17897ea919263e62cf5392f6b90e9829bfda3710b3269e9a3013f,False
ciclo,s,10,xml,reversible,,,con_contrato,46da9e630994f325229e5396f132dd5d9f1707818f900e7ea740cc34d431db19,False
ciclo,s,10,csv,no_reversible,"el CSV descarta los metadatos del documento (header con 4 claves: d, l, t, k); solo los registros se reconstruyen: reversible",,con_contrato,12bd02894401f5462154354afd651caffcfda5e691253aa5bdfc861efac8ac49,False
ciclo,s,10,toon,reversible,,,autocontenida,fb9daca0f5e8a1ee5b9c4a68510d39f78385638b6aceff784512412af6d6eda7,False
ciclo,s,10,toon_flat,reversible,,,con_contrato,7ac1a8f9cb25008db8c1cef18b7c623f314cfb030cec4eed322a1299e78e8b8c,False
ciclo,s,10,mini,reversible_normalizado,,header.n lo añade el serializador .mini; header.v lo añade el serializador .mini,con_contrato,0a6789b12a525277c97eb6b4a7cb17f56fe9584dc1d19895b822796b879aaa96,False
ciclo,s,10,xml_tipado,reversible,,,autocontenida,9d08e1e87fa27c2a8ae18e251d451107ef1e2e9c0cc0c01d830025b5f7555c9e,False
ciclo,s,10,csv_reversible:celdas,reversible,,,con_mapa,3b46877834f5e3596bc68df63760d70be1bb33374b44d479272ab295221c8099,False
ciclo,s,10,csv_reversible:columnas,reversible,,,con_mapa,5b816b87c2aca147eb112f4a4c9a944bd6fd8fcdd013c2f4e0152ac199bc2f53,False
ciclo,s,10,toon_reversible:celdas,reversible,,,con_mapa,8805b83dbdd2159abf18c796e982bbb9954ae22447a5d5447baf078a5bda93ea,False
ciclo,s,10,toon_reversible:columnas,reversible,,,con_mapa,e6c1fe560307a777cb7a8dd8998cb0a88685da8e112c7e508e358e07f15e9ec2,False
ciclo,s,12,json_pretty,reversible,,,autocontenida,ae2a3cf53fdacd4afcaeac712696f1013a8c700f4bc4291f0ffabcbf6479e671,False
ciclo,s,12,json_compact,reversible,,,autocontenida,49b84379a3b62dd9146bffb635f7a9b730de58ef9dd4f999324650986f26238c,False
ciclo,s,12,yaml,reversible,,,autocontenida,be28e38fcf6849d95499089438ed1547585986f4bfd31640d44139c9c83cc28d,False
ciclo,s,12,xml,reversible,,,con_contrato,a73b6e864ec433776bb902d5b874a78101cae3b5e867694a7ccf14b1e3431fd8,False
ciclo,s,12,csv,no_reversible,"el CSV descarta los metadatos del documento (header con 4 claves: d, l, t, k); solo los registros se reconstruyen: reversible",,con_contrato,d87c52a4813740f14597fe245d03c7bf1ea777d882415d87a80a15cc678777c9,False
ciclo,s,12,toon,reversible,,,autocontenida,9e6c2be91e2aade8834894b8bf98bf0209d696e74e98c1946ad39c0e6d7f58c1,False
ciclo,s,12,toon_flat,reversible,,,con_contrato,435b6b33fa452c2934efd0c1eb8579f9af2fb50d89d1b740f0fc6ac960cb48f3,False
ciclo,s,12,mini,reversible_normalizado,,header.n lo añade el serializador .mini; header.v lo añade el serializador .mini,con_contrato,b3d876c0bd5a70badb58d61d9f8272efaee5d720d89b36631326852436fecd86,False
ciclo,s,12,xml_tipado,reversible,,,autocontenida,ad3e7c69cc9cd5363372ac2495135e14c2855f2811f25baa9c4aef7859b88c8d,False
ciclo,s,12,csv_reversible:celdas,reversible,,,con_mapa,0e21be06fcebb4d04500f269b8719c3e395d9aad4e2464bcdccbe45718913b85,False
ciclo,s,12,csv_reversible:columnas,reversible,,,con_mapa,d84f0b323581c882759e56f0090f37aa7e7f955da7a895f87d96cfacb4f6d4ff,False
ciclo,s,12,toon_reversible:celdas,reversible,,,con_mapa,791a8a7290e6f3b7fe6c847cf088a76d63ea7d49bdc446d6c5c9e38535d9dade,False
ciclo,s,12,toon_reversible:columnas,reversible,,,con_mapa,aeecfe67f8306669f207caf142ce83848717be65fddab4bb90623250e38b4c7d,False
ciclo,s,25,json_pretty,reversible,,,autocontenida,653d6e083a0cc31f67e19110b5b0ca4331631eba239c49be0bab3e83d1fcd9f1,True
ciclo,s,25,json_compact,reversible,,,autocontenida,aeab1638fec823cb407faae00c8613bf16e1b3e8389be48a83527701c14744ad,True
ciclo,s,25,yaml,reversible,,,autocontenida,c430985d54ec5ae12e8b45f61df6a6929260cfbe98ad41cc54106ed1528874bf,True
ciclo,s,25,xml,reversible,,,con_contrato,8ce06c73062e336ef36898651a24227e292c8a1507f6db5fa88859730b6a85df,True
ciclo,s,25,csv,no_reversible,"el CSV descarta los metadatos del documento (header con 4 claves: d, l, t, k); solo los registros se reconstruyen: reversible",,con_contrato,6de0bb24bc76735671af8577c76329bd94ac538dfd911dcf0e0cc663930fc564,True
ciclo,s,25,toon,reversible,,,autocontenida,442e7b95ab9c07792d9bbd902b898ad00466180ca61afe704b49db8b4b551463,True
ciclo,s,25,toon_flat,reversible,,,con_contrato,57e61742f5384be5701654d260e0074301d482c87f93e39c54945b65781295e3,True
ciclo,s,25,mini,reversible_normalizado,,header.n lo añade el serializador .mini; header.v lo añade el serializador .mini,con_contrato,fc0d585c28df6378c0bdb26d5c89ad89c23d40557bd9d1fd40c08f0cca72359a,True
ciclo,s,25,xml_tipado,reversible,,,autocontenida,82d34e533c93c2945c71372854602ec701667800ffa245ad66bc64983196152b,True
ciclo,s,25,csv_reversible:celdas,reversible,,,con_mapa,a9f7443a0b67914b5cb831e5df878b0e2e6fe124b06e6a3ee121f49e1added1d,True
ciclo,s,25,csv_reversible:columnas,reversible,,,con_mapa,7a049b527baf6d38cd35685dbda67db8f3ddc2b6c1b888072957755c174b4c07,True
ciclo,s,25,toon_reversible:celdas,reversible,,,con_mapa,cefc09c2f532bbac902a6c7ff0dc4e48aea910edeb7bea3592350f79cd592a4b,True
ciclo,s,25,toon_reversible:columnas,reversible,,,con_mapa,fdb1cafa38691c4832375a2ef76c40166cb5b6831a4c0ef5f4a5a0e7223c0dea,True
ciclo,s,50,json_pretty,reversible,,,autocontenida,5ccf91eda48929a9aa154e60af53b7e87ffe989852095c83ea94a6d62ad35642,True
ciclo,s,50,json_compact,reversible,,,autocontenida,3666f9ceac41a1bca3c3e52d94d2756e9808e7497971de4bc2f5992d8b89a6e5,True
ciclo,s,50,yaml,reversible,,,autocontenida,a8587b5a7538f4bfec7068a4a0ebea7581bc9b27f8cdea99f3ec17e2ab6dc4e6,True
ciclo,s,50,xml,reversible,,,con_contrato,b51d71f73810ddb4a3626fa79ac3a0974ad4259d275ab5d0f289f054cd6e01df,True
ciclo,s,50,csv,no_reversible,"el CSV descarta los metadatos del documento (header con 4 claves: d, l, t, k); solo los registros se reconstruyen: reversible",,con_contrato,9d1b49394fbe9dece8e7be7b96ef2e61d58da77fc15a0b1207fad940783019b1,True
ciclo,s,50,toon,reversible,,,autocontenida,a997d6a7f717c2a6f297383ca9b08ebfe953de8687607935b9c235e474dad08f,True
ciclo,s,50,toon_flat,reversible,,,con_contrato,18a99b7d33a5447bc76a1b87e577866861ad73ee9903f24b88ff27242b6e964e,True
ciclo,s,50,mini,reversible_normalizado,,header.n lo añade el serializador .mini; header.v lo añade el serializador .mini,con_contrato,754410c335675e4e70c3341187f4b7434b09f2a4a0766cbc3fd7562cfe2eb162,True
ciclo,s,50,xml_tipado,reversible,,,autocontenida,2870c642c8c391c4465256e7ff1465c9134dbf6bb28018d1ce715e34a6c92404,True
ciclo,s,50,csv_reversible:celdas,reversible,,,con_mapa,2ec54a5602dd0c79e112a101086227409a513cc4e233bf51e2a04a423db79175,True
ciclo,s,50,csv_reversible:columnas,reversible,,,con_mapa,69bbc0d9f1c14d3649b2b892af085a1c1efe4cb6272a7a9c6b49bbdbcc6c7082,True
ciclo,s,50,toon_reversible:celdas,reversible,,,con_mapa,e1065be9d59a44fe799e5b1639fd664ac7eb2076de0327d424fd3c11b117c875,True
ciclo,s,50,toon_reversible:columnas,reversible,,,con_mapa,cd8bb2068ec5cfc482e4032640b792e799279318eb3d67b3193b37dbcaebb88a,True
ciclo,s,100,json_pretty,reversible,,,autocontenida,fc0969fd0f67eaa49b852998baa7f239865605bb05a6f91cf2bb2b629afc7b0c,True
ciclo,s,100,json_compact,reversible,,,autocontenida,9511d634a9cf8ffcb9c4fbe3b8d7dc7e7fc07af7cd608ceb3eb678e08a5c690e,True
ciclo,s,100,yaml,reversible,,,autocontenida,f0945e0ab07682d28adf5599dadba3c53713c693a994df85e6b438e31ee0499d,True
ciclo,s,100,xml,reversible,,,con_contrato,65c91bbb3d27942ee15a3cbce445fdf0b1fd94208de1f8ad1452d4864d4ca1d0,True
ciclo,s,100,csv,no_reversible,"el CSV descarta los metadatos del documento (header con 4 claves: d, l, t, k); solo los registros se reconstruyen: reversible",,con_contrato,7c30ba954e17b6db1ae6989d8ada876043e81eca20eea8547319e307adc9097d,True
ciclo,s,100,toon,reversible,,,autocontenida,6a6dc2aa9f9f7146b8ddce92eb500d96801fad0f6ddc4779a1462fa1694fd4ca,True
ciclo,s,100,toon_flat,reversible,,,con_contrato,4f5fdb2f641850be06b2557f4f9b6fd2e5fa7fe738e1a8adf94b4c36486e6d26,True
ciclo,s,100,mini,reversible_normalizado,,header.n lo añade el serializador .mini; header.v lo añade el serializador .mini,con_contrato,6b30c16fce548eb14bd9e7854dd695bb5f9c1314b938daa2992ad0c11d388873,True
ciclo,s,100,xml_tipado,reversible,,,autocontenida,f17c1893b0676376b885d9a33b61e99a3fca194a6e53979fce972e1a6df1e1d1,True
ciclo,s,100,csv_reversible:celdas,reversible,,,con_mapa,ff912f3d45993ca87deca5fde0ee0d4452e55025cefe5a7a4e074a75eea0440c,True
ciclo,s,100,csv_reversible:columnas,reversible,,,con_mapa,c76723fd69a2078d8f7c3cbcfe94199a1519a38530405e3a94b9c1e3fcf19c59,True
ciclo,s,100,toon_reversible:celdas,reversible,,,con_mapa,fb2cc697d1a84a605867bd17949477f33a2ed087d2ce9fcef5a9ba484bf54020,True
ciclo,s,100,toon_reversible:columnas,reversible,,,con_mapa,5f726576a15b3c5eb88638b1e1f56fe1212172e7d602867e6b771a675f5bdfcd,True
ciclo,s,250,json_pretty,reversible,,,autocontenida,cc94a81210c80a00980877071cccb8079cd54fc5f25638a2034951dfd2d4dcc4,True
ciclo,s,250,json_compact,reversible,,,autocontenida,356ea6f441a0c572556543c9df13cab4df174f0dc2ee1e7aeb2314e6feacb3e6,True
ciclo,s,250,yaml,reversible,,,autocontenida,f3411cf58bed8b250849a9999ed12d90bb941a4c28c6d61399c030c314da45c6,True
ciclo,s,250,xml,reversible,,,con_contrato,efe8692c5fe344d0675a94d145b0976f57ae7651ff4e0ac7584ce638dde2e1f2,True
ciclo,s,250,csv,no_reversible,"el CSV descarta los metadatos del documento (header con 4 claves: d, l, t, k); solo los registros se reconstruyen: reversible",,con_contrato,c8a4e1defd3af15e6d959b249687934ecbf330ba593afb2cfc039ec47618e316,True
ciclo,s,250,toon,reversible,,,autocontenida,5266d81cb2735e3e01b304153344e007d387df6d03bc290eaa5fbe6e547328c3,True
ciclo,s,250,toon_flat,reversible,,,con_contrato,6ba34cab1d02e2e946cea14110bdc2ee2f1281aedf8a9ad979d3f76948cf3401,True
ciclo,s,250,mini,reversible_normalizado,,header.n lo añade el serializador .mini; header.v lo añade el serializador .mini,con_contrato,759a4880d43ece0605352e9c3a4b859714fb9dfd79b134693878eabd9f264b4c,True
ciclo,s,250,xml_tipado,reversible,,,autocontenida,9748bd34411a4f2735bfc716e53adbb76975836b99516486be09a3f3c2e98603,True
ciclo,s,250,csv_reversible:celdas,reversible,,,con_mapa,79de3247d202c8d20f1f8e49a686088f01485daed7c0661b4d08760793959897,True
ciclo,s,250,csv_reversible:columnas,reversible,,,con_mapa,88ae2ce91072501bc4368ac64de8341af4163c5fc267dff7e4287512abd057c3,True
ciclo,s,250,toon_reversible:celdas,reversible,,,con_mapa,c6d7988512593ec2644ac9ee0f3401ca2eb0f875f02c2da098287ba6d0656bd0,True
ciclo,s,250,toon_reversible:columnas,reversible,,,con_mapa,599d0c8c0d05ce1b029dc645b802f048d5bd68314211e87283fb0edc6dfaf8e9,True
ciclo,sum,1,json_pretty,reversible,,,autocontenida,4dd35c5e18929ca78b48b3866fe15e293e85c6b7946eacf9bbf1db8029ff3b8e,False
ciclo,sum,1,json_compact,reversible,,,autocontenida,cf0dc2e575935ad2c87747fd70ed995064d98f37542f361ea703c5f52e048898,False
ciclo,sum,1,yaml,reversible,,,autocontenida,c1e697a0b0fab34d794c215bfc270080c642724d78bf0ee06a402b3a665fee9a,False
ciclo,sum,1,xml,reversible,,,con_contrato,7f1297a2b851792231858796521ee328c59b911e0b50bc38753a22ef46d50a9e,False
ciclo,sum,1,csv,no_reversible,"el CSV descarta los metadatos del documento (header con 5 claves: d, l, t, src, dur); solo los registros se reconstruyen: reversible",,con_contrato,18157cc02d8a54272a650a36fd6fada716272cb72d2b018fae595f7f75cab724,False
ciclo,sum,1,toon,reversible,,,autocontenida,50d8539d7ff0ce56ff1c15963b1007233fe517f3179981f06972164d16dc327a,False
ciclo,sum,1,toon_flat,reversible,,,con_contrato,37c93b2f70ac532f500ca072a9b91ce7a45fdcb02b07ee5e6663c8d166ab7740,False
ciclo,sum,1,mini,reversible_normalizado,,header.n lo añade el serializador .mini; header.v lo añade el serializador .mini,con_contrato,4e9f10021526667dfd219932be070e91a2a1251c09fb01114e98d1ebcfa10bbf,False
ciclo,sum,1,xml_tipado,reversible,,,autocontenida,3f9b46ef2198a7a75afcde49ff1de30dd625c1b3374d776c463478b260def91f,False
ciclo,sum,1,csv_reversible:celdas,reversible,,,con_mapa,0a36e37aa248a81a86813d68d5bb0dfc02a24cdf548b70dccacda6c8bcebfab6,False
ciclo,sum,1,csv_reversible:columnas,reversible,,,con_mapa,16aa141ce62c759116f8915dcc06e1849c56794c77a517f19fb9d6df6744ce49,False
ciclo,sum,1,toon_reversible:celdas,reversible,,,con_mapa,327343408aaeb93382a6c9992a6b99193109c3a185b0a2d3661e4b0daeaf1da3,False
ciclo,sum,1,toon_reversible:columnas,reversible,,,con_mapa,9436181545aec88279526ab249bd0d20660821f93030943d5057208480bc2277,False
ciclo,sum,5,json_pretty,reversible,,,autocontenida,c393dc4dd62ccb8576e42608c5240334d06782f51f6330423160928bd9964b65,False
ciclo,sum,5,json_compact,reversible,,,autocontenida,f7397225f36a0e4f34c257be1ebb26046731641bebf3ba3905b1aa218714dfbf,False
ciclo,sum,5,yaml,reversible,,,autocontenida,a8468ecfb53cbc7b51c1342ccd0318454b9b5c773ab1a48bdb5def1c58eabd58,False
ciclo,sum,5,xml,reversible,,,con_contrato,472f0bc8d34ae4a33dc3ad51e4848cb47fae85ecedf194dbba2c4fb38ee49f7e,False
ciclo,sum,5,csv,no_reversible,"el CSV descarta los metadatos del documento (header con 5 claves: d, l, t, src, dur); solo los registros se reconstruyen: reversible",,con_contrato,0de36fd9c6317eed6cd01548def14c095d058cbfa9f63819163abebdfdb04f81,False
ciclo,sum,5,toon,reversible,,,autocontenida,d6f607622a39d57758bbf332b57cc32743179326612180e269e5d85670af27ad,False
ciclo,sum,5,toon_flat,reversible,,,con_contrato,8141ec8185cf47d3a66c7efb23490a6271dc5f863744cfa7567986e3692ac028,False
ciclo,sum,5,mini,reversible_normalizado,,header.n lo añade el serializador .mini; header.v lo añade el serializador .mini,con_contrato,422690521aee34b35f60c8eb63699ddd6b5e3b52866231a6b98cc9f600b34626,False
ciclo,sum,5,xml_tipado,reversible,,,autocontenida,7970223a6bf4b85f47cd27e2d062732e1a55f43ab7017609554bb49c84a8ea05,False
ciclo,sum,5,csv_reversible:celdas,reversible,,,con_mapa,070cc33e604a5df54cf354cb676aa4be64098342bbb8fc67e7fab78683225d86,False
ciclo,sum,5,csv_reversible:columnas,reversible,,,con_mapa,4d21b69458ca6e60cfe20b612c036ed1217fd325bee2f811f3c7a5360f3bf5b0,False
ciclo,sum,5,toon_reversible:celdas,reversible,,,con_mapa,ff18db06c3e0ba0fa54517845a9572ff9d627ac486f5e1ae965d1238385b5e8d,False
ciclo,sum,5,toon_reversible:columnas,reversible,,,con_mapa,d432300bc51529633a3357b2ed86f7bebe7aa781c921d7150f2a32f3b40e8dc5,False
ciclo,sum,10,json_pretty,reversible,,,autocontenida,6dd08ed956445391ba9ee69911447baaead0671cc74692f16006ae35059c206b,False
ciclo,sum,10,json_compact,reversible,,,autocontenida,a79406e9da6cb4985a22a6eaffba952433040ddf5b0d0cd9570f5df180e47521,False
ciclo,sum,10,yaml,reversible,,,autocontenida,710745d6ad8819e3af70911ff543da9ba79b721cacbc34111d787aba293a2e13,False
ciclo,sum,10,xml,reversible,,,con_contrato,d4fd1daa85c74a144a3fac21f0ea2517672caa4612c8b210e0ca72ddc386c67d,False
ciclo,sum,10,csv,no_reversible,"el CSV descarta los metadatos del documento (header con 5 claves: d, l, t, src, dur); solo los registros se reconstruyen: reversible",,con_contrato,b3d9bfded53f04d11cf2d1bb755b80b0ab60d8500942887ae19485a0510d13b3,False
ciclo,sum,10,toon,reversible,,,autocontenida,18689db27eb27997418f594082ee66c9575a3bd54189ddabebbfa4a03ddd9a43,False
ciclo,sum,10,toon_flat,reversible,,,con_contrato,4b72930f62688045ea1aa9430a9ca648d53f662eb96b719bc1bbb1c937436b17,False
ciclo,sum,10,mini,reversible_normalizado,,header.n lo añade el serializador .mini; header.v lo añade el serializador .mini,con_contrato,576ad3ed42dd5685382f65dad22df66f07289fd4678930e84278fe2deb3c708f,False
ciclo,sum,10,xml_tipado,reversible,,,autocontenida,393bff271d7453527fd9ef474c85699b2e1c76bd84234aef74fe4f9443059525,False
ciclo,sum,10,csv_reversible:celdas,reversible,,,con_mapa,21ba62af8bc047fe23a5aa0e57597ffac8439e7119104ef39a764b2934d8a797,False
ciclo,sum,10,csv_reversible:columnas,reversible,,,con_mapa,22c6987ec306c05c242904d02332f6f736fa201603d846820ab24439d9f038d6,False
ciclo,sum,10,toon_reversible:celdas,reversible,,,con_mapa,5aa345b2063530367c175b37aef9e940d43b456aae2ccb17c9d19ee0aafa2d60,False
ciclo,sum,10,toon_reversible:columnas,reversible,,,con_mapa,1e9af2907dc88f98b64b11ab6d395f8e633f9f48286cf40f602ed2ea0b8c9730,False
ciclo,sum,12,json_pretty,reversible,,,autocontenida,0297fe039e1659daa329ecfa0dcbbade23bc14042bb682b5fb227f95d0c63d72,False
ciclo,sum,12,json_compact,reversible,,,autocontenida,1769cb62dc69ccbd9e0a99b05522ba57d8f5a76ae79ea48414f70a041bd596ee,False
ciclo,sum,12,yaml,reversible,,,autocontenida,5f6bbd1fb922272db7906be906c37bf03b5e1ef715b22a38fe0f0d8a2f3bb231,False
ciclo,sum,12,xml,reversible,,,con_contrato,a03938133dee17eae62622fe5ea764380e62782548cec2cdaa8fdff737939ea9,False
ciclo,sum,12,csv,no_reversible,"el CSV descarta los metadatos del documento (header con 5 claves: d, l, t, src, dur); solo los registros se reconstruyen: reversible",,con_contrato,a114f12b0bfec09a001e4315bf232c9706d18453f478f261237909e814f50874,False
ciclo,sum,12,toon,reversible,,,autocontenida,75228393e25607b5f2df0be3735e65b4fecdcf7d7cd268d3334aa06276669db3,False
ciclo,sum,12,toon_flat,reversible,,,con_contrato,6f7700c302c3394b9dc02cbe8f23be1819b4395f33309ecac52fe17cf7896cd9,False
ciclo,sum,12,mini,reversible_normalizado,,header.n lo añade el serializador .mini; header.v lo añade el serializador .mini,con_contrato,014dea45711a1adb80001992cb0788da49cd2b26b727b89c07dcf21c1e808434,False
ciclo,sum,12,xml_tipado,reversible,,,autocontenida,884bb922a92edcdbd29e3844203fa3b4cd74a3c25accbe5a2ce863e877226712,False
ciclo,sum,12,csv_reversible:celdas,reversible,,,con_mapa,74a66544d72257c68ed18d9735019a890977a36877f546fd17a4d3fac1e38a7b,False
ciclo,sum,12,csv_reversible:columnas,reversible,,,con_mapa,a4256cdddc32d120a9ae9ce3414be4ce106bc147e09e982eddfb4ea008e7608f,False
ciclo,sum,12,toon_reversible:celdas,reversible,,,con_mapa,789a90545b2cffb022ea065691aee3cd37a5381831335f860c878b59a56760eb,False
ciclo,sum,12,toon_reversible:columnas,reversible,,,con_mapa,c08ec920bcd82de3f093393048d90e37416124a9259368cb76e00dcaa5be4cfe,False
ciclo,sum,25,json_pretty,reversible,,,autocontenida,1a8171078fad2f5fa37c5106585455dfeb5f0810dce6e0c7284b6752ca0b8c74,True
ciclo,sum,25,json_compact,reversible,,,autocontenida,5ff6066c1524b15cbd2a79a2bdd3ffd80f682214a232cb72930a645b7f8c896b,True
ciclo,sum,25,yaml,reversible,,,autocontenida,0f37edfa165635cece04ce87842b8406b8a31324411fbd8ad197c4ca420ac5c8,True
ciclo,sum,25,xml,reversible,,,con_contrato,69ef3589ed47f07046f3979652c5272086d166dca4a75f5c8e68fbb4a0b05e88,True
ciclo,sum,25,csv,no_reversible,"el CSV descarta los metadatos del documento (header con 5 claves: d, l, t, src, dur); solo los registros se reconstruyen: reversible",,con_contrato,4b1cbcd943d69f84251c33f89dce0067c9ca387b4bbeef41affbdccdb6e7436a,True
ciclo,sum,25,toon,reversible,,,autocontenida,3339eff1aeea6eca1423b996a9d34a44dd35425f178a4c2996590ebe6d6d27e3,True
ciclo,sum,25,toon_flat,reversible,,,con_contrato,392e905444726fd94daf4ff24c6b13abc63e88b94e63a19582dbd4d97caef231,True
ciclo,sum,25,mini,reversible_normalizado,,header.n lo añade el serializador .mini; header.v lo añade el serializador .mini,con_contrato,3e6d827a538e5e824299d6616fba9892110c68a6c0bf7c13199d9a6ca6f9dac7,True
ciclo,sum,25,xml_tipado,reversible,,,autocontenida,66ff6b1deaed52c4916a1a55f70f14771f2aba9624a28ccd7c0a48a6c45ee701,True
ciclo,sum,25,csv_reversible:celdas,reversible,,,con_mapa,c638bd44bccc652ee3242f76102ffd88e26e3398eb0232e0b0a5e4f9eb70055b,True
ciclo,sum,25,csv_reversible:columnas,reversible,,,con_mapa,84bed449e1f20bc77324b174100ccf8b86a4fa35d71a17ab90c357e4f7992082,True
ciclo,sum,25,toon_reversible:celdas,reversible,,,con_mapa,4c2ca47be8c87256a6be38232bcef19e23b55b72eef428bd469229f1d494f259,True
ciclo,sum,25,toon_reversible:columnas,reversible,,,con_mapa,b3a1718d8b8e0e34748181d2b665a773f859cfc809d42109111e909bb19cd5fd,True
ciclo,sum,50,json_pretty,reversible,,,autocontenida,37c0c8b44f141bf0a2e6625699804100af5ccbd86614fae4969b393916ab4d1a,True
ciclo,sum,50,json_compact,reversible,,,autocontenida,90f113e084aaeec2d1cba6b8887200b91c5639883bff0d4791c30a8ab5029488,True
ciclo,sum,50,yaml,reversible,,,autocontenida,734b986b07b8d5f870726a8519c05e16dcbf51691c5999521c2a678b6aef44a1,True
ciclo,sum,50,xml,reversible,,,con_contrato,d4bb835cb89fc944bf73a30b049aaf65b98e1ede597a21476ab94aaf6b650fb3,True
ciclo,sum,50,csv,no_reversible,"el CSV descarta los metadatos del documento (header con 5 claves: d, l, t, src, dur); solo los registros se reconstruyen: reversible",,con_contrato,1865d15d1098e35d65d235aaa32cde79ad6564ce573f5f323b93b4dd19b2f168,True
ciclo,sum,50,toon,reversible,,,autocontenida,c8075ef5f41819f8e281271c0a885721c21deade5d93e6e71b5708d0e2d3b8f3,True
ciclo,sum,50,toon_flat,reversible,,,con_contrato,57b6f3e326b23b40cb063b7687bbfc102bbee51be06038921784f6797a72780a,True
ciclo,sum,50,mini,reversible_normalizado,,header.n lo añade el serializador .mini; header.v lo añade el serializador .mini,con_contrato,c8820918f4915a274963d63618efbf7bcd379f613ce6b6ae9a3975d3f332fa7f,True
ciclo,sum,50,xml_tipado,reversible,,,autocontenida,b54f1b8eb4334ec987507b292c5b06ab9c683554ca67d1b09ea48f99da52c34d,True
ciclo,sum,50,csv_reversible:celdas,reversible,,,con_mapa,f35bb56470611662d7aca10632bff034a6bf6d5e89d8f3a966e227c46f543e1b,True
ciclo,sum,50,csv_reversible:columnas,reversible,,,con_mapa,050a98d7cc9869d73f4585a6af42a318a1a4061b14a25897d7869a2384ba8332,True
ciclo,sum,50,toon_reversible:celdas,reversible,,,con_mapa,113bbccd9be1b4a6d18dd62dcd66c8d034236fb58ed6d2ce4f63172ad7e9b074,True
ciclo,sum,50,toon_reversible:columnas,reversible,,,con_mapa,db2e6f5ba5ece0499fbe6d798a9d363777c711ab5b003146e572cae9385922b9,True
ciclo,sum,100,json_pretty,reversible,,,autocontenida,62603a282c5328b0d009128aa44657584b524d777182890800e0b347e5212756,True
ciclo,sum,100,json_compact,reversible,,,autocontenida,c515a90f6199146b2a27abf9becc124e5da934072ca99af87bae36f0f0758a87,True
ciclo,sum,100,yaml,reversible,,,autocontenida,ae964ca6ceed75d2bce4a1a8f5b94d17501de5a1e3bddc67664c21ca88d3896a,True
ciclo,sum,100,xml,reversible,,,con_contrato,a82e61fb90d6145a8f375899a9ba21ab73d538044ef2babb0af1fd3b3b214d64,True
ciclo,sum,100,csv,no_reversible,"el CSV descarta los metadatos del documento (header con 5 claves: d, l, t, src, dur); solo los registros se reconstruyen: reversible",,con_contrato,c67651a20b4c3ea443572f3187bcb7c065370515d202998e48352737adbf196f,True
ciclo,sum,100,toon,reversible,,,autocontenida,47bae3c9fd9494011ca3535036a5a346b438bca89d68e15adfd1bc8873f183cf,True
ciclo,sum,100,toon_flat,reversible,,,con_contrato,8323c16d62c200876633c83b675ffd05ca88ac92c585b8c2a7a948c0342bf952,True
ciclo,sum,100,mini,reversible_normalizado,,header.n lo añade el serializador .mini; header.v lo añade el serializador .mini,con_contrato,27a5e544449a0762855b4b45e04cde08f8e304f722f9647c9874c3d69b7b9bab,True
ciclo,sum,100,xml_tipado,reversible,,,autocontenida,4e94c69ae06941b6707d53edd604328e57c9038fbc4ee73ada1a74aa10bc0af2,True
ciclo,sum,100,csv_reversible:celdas,reversible,,,con_mapa,26966bcdf4c71db1045e6094858f1da0f8695d82689c722eef5eb39a39f5f062,True
ciclo,sum,100,csv_reversible:columnas,reversible,,,con_mapa,905a9360ab7e922b296c848a086f70308b1f697000d5e8e0803083fdf4420782,True
ciclo,sum,100,toon_reversible:celdas,reversible,,,con_mapa,06933002d15d7e163827f08e9dce39f85cc4fe730852b47ef3f80f2db0e972c0,True
ciclo,sum,100,toon_reversible:columnas,reversible,,,con_mapa,fc3af33d32576294eac916eb54ffbacf1665173d3b963f7cd1b20d5116ea86b4,True
ciclo,sum,250,json_pretty,reversible,,,autocontenida,f3d309fe140f9b81968373390bf20614bbd06131b46fbe5444e1fa5212e9eb2f,True
ciclo,sum,250,json_compact,reversible,,,autocontenida,79ec0866725d95450e644f5c7dd1b8fedf086a99f5489bb96aad415cb709cda9,True
ciclo,sum,250,yaml,reversible,,,autocontenida,f39dc2bb1fc3c79d32d53b93a98cce4546d6655891bd2b8a09afcb5c9a46ee13,True
ciclo,sum,250,xml,reversible,,,con_contrato,de58297112d5d7183d408409b13304ebd66e620e4442398e79be020fc965e08b,True
ciclo,sum,250,csv,no_reversible,"el CSV descarta los metadatos del documento (header con 5 claves: d, l, t, src, dur); solo los registros se reconstruyen: reversible",,con_contrato,687ca147139abb55a911e8974e62373d6ea7c42784ce41c957f4a3995617b802,True
ciclo,sum,250,toon,reversible,,,autocontenida,5c0c1204b2a9f9390f64a19a0c60e967a469da7024e643daa27b349f29010b05,True
ciclo,sum,250,toon_flat,reversible,,,con_contrato,63f521bfbe6710c597f34fa44ab209907bdf15a38d20c6d74f636529d90d32e4,True
ciclo,sum,250,mini,reversible_normalizado,,header.n lo añade el serializador .mini; header.v lo añade el serializador .mini,con_contrato,a75dba9c8b9c11f7676f9afe5e346f813523a3db1cd80dbf2c938f465f64fe00,True
ciclo,sum,250,xml_tipado,reversible,,,autocontenida,c9f8141b8f58bb791c8164f305f0ec8b89c04262af5d8a24c6ec2f4df1b0bc2d,True
ciclo,sum,250,csv_reversible:celdas,reversible,,,con_mapa,514dcbf652ec0ae9774c250fb98055dad1f09547d28a1a0d24f37a684173153a,True
ciclo,sum,250,csv_reversible:columnas,reversible,,,con_mapa,29391200a7caf372e5de07e7d44d777e925c30afcc225afcc168dd5c08ef50cd,True
ciclo,sum,250,toon_reversible:celdas,reversible,,,con_mapa,a83e8f259c20688e35c7db82de0d0b3fc84961e6221b8ee17e4206e522d997b2,True
ciclo,sum,250,toon_reversible:columnas,reversible,,,con_mapa,3a0779ac86da8e534a2f10b2aa93811de9565fac4e051fad16d82a18f755bfb7,True
ciclo,tc,1,json_pretty,reversible,,,autocontenida,620d8df6201aaa8e66696dc2fa0fe830f9e264ee0106d41238dbf9eb22c6c379,False
ciclo,tc,1,json_compact,reversible,,,autocontenida,c31505e7fda3bb61065a7f77a23e43809da896d2b69c4adf6ce95a5d693485c5,False
ciclo,tc,1,yaml,reversible,,,autocontenida,510450bd9026790e9cacc9f9ed2b54c64533a9703a815e7ac87f216f4fb28526,False
ciclo,tc,1,xml,reversible,,,con_contrato,3ee7687e1264c9e8f5dffe6e71ab4062347929dc8cc17935f298c85ad1be5475,False
ciclo,tc,1,csv,no_reversible,"el CSV descarta los metadatos del documento (header con 4 claves: d, l, t, proj); solo los registros se reconstruyen: reversible",,con_contrato,5e9bea189c2dfd0679edc965542d99d6a1bd1241cfb389496ed90b6b099727fa,False
ciclo,tc,1,toon,reversible,,,autocontenida,5489b5eed445db06a57617c5de196a124863fef43646c8a02fd7500ebc479993,False
ciclo,tc,1,toon_flat,reversible,,,con_contrato,90b23a04640872f69b939239820d2b44206699e397dac2306bd98b40b06d7962,False
ciclo,tc,1,mini,reversible_normalizado,,header.n lo añade el serializador .mini; header.v lo añade el serializador .mini,con_contrato,7217d2b9a2a05ed43512cf78c50de95462d189b5e83cdc88766350729cd50471,False
ciclo,tc,1,xml_tipado,reversible,,,autocontenida,4bc4a77fcce19112701b487f1d6e872fcea750cdfa31086d701059fd3c564f41,False
ciclo,tc,1,csv_reversible:celdas,reversible,,,con_mapa,f2e01e830ac91f779e3635d7094c78b69614da2989e6f76c4c903740233dbf31,False
ciclo,tc,1,csv_reversible:columnas,reversible,,,con_mapa,e14996b3f7a682ac119795636cc9a09f26eb6df8628022bc51f83548167883e9,False
ciclo,tc,1,toon_reversible:celdas,reversible,,,con_mapa,f8d728be2c2a2b3f6186c59b98468fab909d8322430fde1f77a36b71244a6838,False
ciclo,tc,1,toon_reversible:columnas,reversible,,,con_mapa,f6b342d1ae86cbb7f613cacb19d529bbd43669f0723ccfa2dedebe771aa2bdb1,False
ciclo,tc,5,json_pretty,reversible,,,autocontenida,a89b67db427dc7a5dd8c7c618396accd4df64996f6e8991532da2a7de55d93c4,False
ciclo,tc,5,json_compact,reversible,,,autocontenida,1284f506cd0b1ef427da658ea39aee60ddf9c6c861450124ec2f3e809cee077c,False
ciclo,tc,5,yaml,reversible,,,autocontenida,d51d086c50a12fd21ca05fc007632e9282276c3b684deb1217af3321b4ea12e5,False
ciclo,tc,5,xml,reversible,,,con_contrato,4a84909becad0df7c24877c18b01e20c1eb79f6ace4524e066b2e061c0441a71,False
ciclo,tc,5,csv,no_reversible,"el CSV descarta los metadatos del documento (header con 4 claves: d, l, t, proj); solo los registros se reconstruyen: reversible",,con_contrato,208182ad5f5ed377b0a572c4e54eb573609b88e16798fe72d7a2b1519416741c,False
ciclo,tc,5,toon,reversible,,,autocontenida,8c36005c6a5c27ab8a46e28eb2be9f0dd1922ac268c08ed3af2562b591a71367,False
ciclo,tc,5,toon_flat,reversible,,,con_contrato,55e50f27db24eb1d964bc6b1ad1c36d28c64482fc21512f344e7c08f658f5a9c,False
ciclo,tc,5,mini,reversible_normalizado,,header.n lo añade el serializador .mini; header.v lo añade el serializador .mini,con_contrato,d507d467594355455f55aea23d85df3236b73717830cce46cd1acbb0a9d4b342,False
ciclo,tc,5,xml_tipado,reversible,,,autocontenida,791cb7d2a71dabfa2e65236474b2ab8a2593609856d198c6270e4fd842950261,False
ciclo,tc,5,csv_reversible:celdas,reversible,,,con_mapa,f14db43c7059c0c47a6263a084f3515c0f58e80d99d6c3daf5f1d9226d3119ad,False
ciclo,tc,5,csv_reversible:columnas,reversible,,,con_mapa,34b8e071ba23a31bb13f93f8838fa9f22b18a38a6c3b9b1a6669774a8dbc5afe,False
ciclo,tc,5,toon_reversible:celdas,reversible,,,con_mapa,d82a9f6a55389cc234a77460e69fcb6d0b3129c307c89384e4a028a347d914ae,False
ciclo,tc,5,toon_reversible:columnas,reversible,,,con_mapa,2a2782cb61d8205e25557dfbbb7644c0fad3032c891e556c9d4dcef8ad0badd7,False
ciclo,tc,10,json_pretty,reversible,,,autocontenida,6ab29a1f53c0ee3b69f48483ef3cd0d1a3869dfbae0e19eec804cf9282c09ebb,False
ciclo,tc,10,json_compact,reversible,,,autocontenida,7164467ee38ba5ad614f13522b4c5751f920a5949de5b3ee9e77522aa4416253,False
ciclo,tc,10,yaml,reversible,,,autocontenida,37e0ff62952b46fed171e84e3421a704247c1a644128669fc0d3af6836c38779,False
ciclo,tc,10,xml,reversible,,,con_contrato,c90007bb8a47daad599999307aa355ca93a71b0b330bda36f102eedad0862bba,False
ciclo,tc,10,csv,no_reversible,"el CSV descarta los metadatos del documento (header con 4 claves: d, l, t, proj); solo los registros se reconstruyen: reversible",,con_contrato,92d2314f62c41a711c15985158d14c36718cba39284dcf2b32e6763448afdb60,False
ciclo,tc,10,toon,reversible,,,autocontenida,0d02b7a35ffe0829eda97c60108066169708fe620020d1185d9f87e6ca474f89,False
ciclo,tc,10,toon_flat,reversible,,,con_contrato,7470444e934c22911e45e6c5a0b26e29eb98d21f04c3e1b7bd9576032039ba56,False
ciclo,tc,10,mini,reversible_normalizado,,header.n lo añade el serializador .mini; header.v lo añade el serializador .mini,con_contrato,73f1ed4e4115c66e3e423c68351d54da993ea4222eda6eb18e017c0d1e9e3b1a,False
ciclo,tc,10,xml_tipado,reversible,,,autocontenida,bd06e5593b94f26f7401bfd3a663d0d6e55fe9bc4adc5522f6495c46ba52f7ea,False
ciclo,tc,10,csv_reversible:celdas,reversible,,,con_mapa,b6cf0645a43cc2b423c94ae39a21eaeb739c521dbb61989cfae9a317f84b3ed0,False
ciclo,tc,10,csv_reversible:columnas,reversible,,,con_mapa,9c1b76b15217f35e0015ca37df7cd2718d6aa30405962f47a045fd027c529ecd,False
ciclo,tc,10,toon_reversible:celdas,reversible,,,con_mapa,74fca8b44b3773313fc472693189560f34f551f97f1714377ce79cc73206745b,False
ciclo,tc,10,toon_reversible:columnas,reversible,,,con_mapa,8872ebd9c8493019ec0cf1ec68683d93aa54c7f566f8624c127fd9ebf005e599,False
ciclo,tc,12,json_pretty,reversible,,,autocontenida,076d3ffe09f802bffefdefc5eba2abeaef4a400a71302ce49e2ad7da21846bc6,False
ciclo,tc,12,json_compact,reversible,,,autocontenida,1aa2e3410652366a437456851b9600f017a2254c96021080fafae46805a916c8,False
ciclo,tc,12,yaml,reversible,,,autocontenida,fcee6d2c1a561f7f8aa7e9ccbd070f47ac7bc9f0a98665e8ee2a9fcf67c8bd41,False
ciclo,tc,12,xml,reversible,,,con_contrato,1f2beed7fbfefddc5afb6270a194d7d62e2ed9ff02e4cde303c48fd6fc73a60a,False
ciclo,tc,12,csv,no_reversible,"el CSV descarta los metadatos del documento (header con 4 claves: d, l, t, proj); solo los registros se reconstruyen: reversible",,con_contrato,84e8b52b653a47475789548f8a8218442211fa7135c1f8dfbd787ce6bced8485,False
ciclo,tc,12,toon,reversible,,,autocontenida,29b787369737420c6f4825485d792c33d8630c7ae2a71b202ec5277ba31c1789,False
ciclo,tc,12,toon_flat,reversible,,,con_contrato,08a2de707f233bb84f3ff2156b11d180ded46fcf77f54027fa80020fcca8c27c,False
ciclo,tc,12,mini,reversible_normalizado,,header.n lo añade el serializador .mini; header.v lo añade el serializador .mini,con_contrato,8afabc8a8155eaa133222cc702495a0d6857096ba163a57e50d8caf0b9a01ba2,False
ciclo,tc,12,xml_tipado,reversible,,,autocontenida,752767b74f3fafb197ec4ed84b6e62b128203938ba3c2a4db9e64f80a5df1b1f,False
ciclo,tc,12,csv_reversible:celdas,reversible,,,con_mapa,2a48b76e7b4ec004138bda660a431e3ed72e11a466205d1641f7a9fb7d0e640f,False
ciclo,tc,12,csv_reversible:columnas,reversible,,,con_mapa,fd87ed121c700a64c8795adc5fb8422e207319ae36ddaa808b9b1deed6f2a956,False
ciclo,tc,12,toon_reversible:celdas,reversible,,,con_mapa,4cc9da58e911d2bd449e7c6355953f4d3f8ecdd224750f65775d7102cb25c346,False
ciclo,tc,12,toon_reversible:columnas,reversible,,,con_mapa,af6622fd77031f6f5b241b899e421c8b353c22762c0b0872f025d284898ca6ea,False
ciclo,tc,25,json_pretty,reversible,,,autocontenida,984223ded2a0a92d5cfa593d3e9eca63ff9eeacd1c1af8469857b2c2546a7560,True
ciclo,tc,25,json_compact,reversible,,,autocontenida,29179f5cb04a64cf24f325d2d39782b4b6eeed615ca1e08e7f4380d3771dc736,True
ciclo,tc,25,yaml,reversible,,,autocontenida,8c529878aa0f5c47e85fc4f1e924997381d6ff7ff2e122ffbe339118f69fd741,True
ciclo,tc,25,xml,reversible,,,con_contrato,47776c3f314f58b72c782d6ebacf57c6a79385505b036ac7e6ef7a4ac8f54148,True
ciclo,tc,25,csv,no_reversible,"el CSV descarta los metadatos del documento (header con 4 claves: d, l, t, proj); solo los registros se reconstruyen: reversible",,con_contrato,132bf7b94694afc185c64012a41223175773e127647de6bacfbd0ca882f93e70,True
ciclo,tc,25,toon,reversible,,,autocontenida,4cd4a5ccb517ea40ecf22f29eb1907a79bc81f89e81a35f29596cffee766e204,True
ciclo,tc,25,toon_flat,reversible,,,con_contrato,50edeb51734256f21f4638de032f968bf95974b9332de91b0881c766ec9f45b2,True
ciclo,tc,25,mini,reversible_normalizado,,header.n lo añade el serializador .mini; header.v lo añade el serializador .mini,con_contrato,0c1d9662b75701e3bdf7f680b685d471526b5339ebd18b85d5d6bb6ff7f990db,True
ciclo,tc,25,xml_tipado,reversible,,,autocontenida,4ef4078eb671bc21fa840dd6cf7be8c7ec2cac51e2bbbba3f9e014f89519e2d1,True
ciclo,tc,25,csv_reversible:celdas,reversible,,,con_mapa,063b496f1f22c8cf612c7fd1ac6777f144f7dfb94f53776694a9eec3291bab09,True
ciclo,tc,25,csv_reversible:columnas,reversible,,,con_mapa,82b461b47e6ba0d047de2ecd90aff45ccf68dde3b96a8e05f706eafe2e4d1eae,True
ciclo,tc,25,toon_reversible:celdas,reversible,,,con_mapa,d866f76d1c9a469d750d5f123936fba431c7c5e116529e2443212cc06c28f4aa,True
ciclo,tc,25,toon_reversible:columnas,reversible,,,con_mapa,a4f9dfd626b563d38548ee2d4e80ff96cd0952421f98756a895b23ae5fbe3705,True
ciclo,tc,50,json_pretty,reversible,,,autocontenida,8eff1754d0cfa5aad0dfea36735b4888195311bc38423b212e582ee063f7add3,True
ciclo,tc,50,json_compact,reversible,,,autocontenida,457b42d109e5361f5b71ba3011f2f2277f3e941f2058b9f5beea57f5c802e9e2,True
ciclo,tc,50,yaml,reversible,,,autocontenida,295a7cbadc8423c90261186a836e30afd357597be34de31a2cbdeea7875fea43,True
ciclo,tc,50,xml,reversible,,,con_contrato,af050c109d6fcb8dba6b8c18c3c41d4041233ac96835a39ea56afd1f2f18217f,True
ciclo,tc,50,csv,no_reversible,"el CSV descarta los metadatos del documento (header con 4 claves: d, l, t, proj); solo los registros se reconstruyen: reversible",,con_contrato,e736552fb67a405270ac469653e79b52b2c5988ce9d1e5786b7301e1c97faf2f,True
ciclo,tc,50,toon,reversible,,,autocontenida,de7b5bb2d375359ccb6f64ad1021576dbdcb93b19db5abaf2e019989fd78786e,True
ciclo,tc,50,toon_flat,reversible,,,con_contrato,a6f5ba0c58c46f6943138c2b491eab2f3944a507452d0315d40c39f8e11c09e9,True
ciclo,tc,50,mini,reversible_normalizado,,header.n lo añade el serializador .mini; header.v lo añade el serializador .mini,con_contrato,1d0dcbde3242c755e5b47d0bc811da11a05b32978a71dda7339dc8f2242c9ef1,True
ciclo,tc,50,xml_tipado,reversible,,,autocontenida,7de76879e0a2fdcbfb9031db5f9985ecd66d90fea6665f26bd64cafc7316ba03,True
ciclo,tc,50,csv_reversible:celdas,reversible,,,con_mapa,e737f1755e3708dc65c15468def0fee1a646669cc1f48d2dd4292c4acc5627a8,True
ciclo,tc,50,csv_reversible:columnas,reversible,,,con_mapa,0aa7f4268df807e4f9a80cbe7d5cb9f8ddf0384cade4bc7aa4d2130aebdb81f7,True
ciclo,tc,50,toon_reversible:celdas,reversible,,,con_mapa,9edd37436e35714ad441e873dec18b7399db67ff10d2a7a3b08711e1c656cb0f,True
ciclo,tc,50,toon_reversible:columnas,reversible,,,con_mapa,d991a4d315d70bca93703db068bf4c440639b0aa9b1bcc0e931f03602e178165,True
ciclo,tc,100,json_pretty,reversible,,,autocontenida,6df7a88bdb885886e675d8d53aeb947c7e9d41d806a6e27f232ad407b9670962,True
ciclo,tc,100,json_compact,reversible,,,autocontenida,7f005e6336e997e50f296fb25cbc58c5f84c0d283ed780e148c27663309d583d,True
ciclo,tc,100,yaml,reversible,,,autocontenida,c1ddd2bd112ba33c382f4178363cf1cee563314bdf7706d0eff0f729b5eeb1d5,True
ciclo,tc,100,xml,reversible,,,con_contrato,133ec8b20b0e6e776db6f33f8c348995798d87c7c04b355c844286e546448a19,True
ciclo,tc,100,csv,no_reversible,"el CSV descarta los metadatos del documento (header con 4 claves: d, l, t, proj); solo los registros se reconstruyen: reversible",,con_contrato,5caab9f9a5db279b7e3483a2a4b60cdb7147d185bb4e97c41954b4ad89b86027,True
ciclo,tc,100,toon,reversible,,,autocontenida,d0b53f9696826e09a6b0c4082dba5531c6bacab1cebcc8a7914f27f5e0a980ae,True
ciclo,tc,100,toon_flat,reversible,,,con_contrato,e03b7cddd44b16ff0698a9b322fb6653b36d145b21a279d3a78289270f93a88a,True
ciclo,tc,100,mini,reversible_normalizado,,header.n lo añade el serializador .mini; header.v lo añade el serializador .mini,con_contrato,65fc11dcb1b23fd924ef3f210f1c60238a704731d285fbf844182feebd697894,True
ciclo,tc,100,xml_tipado,reversible,,,autocontenida,d32461d9edae00771bf0a960ec9cba93620e90068066be4a6d8b4c72ab932e19,True
ciclo,tc,100,csv_reversible:celdas,reversible,,,con_mapa,7f45e65287b69097282300d7d0600bf2a5aba94ff4afbc08b6337c467c68351b,True
ciclo,tc,100,csv_reversible:columnas,reversible,,,con_mapa,c337eb4cfe1db0cabdbb126f3657fa1b57a5b1f10f265da78af634ac199db9f0,True
ciclo,tc,100,toon_reversible:celdas,reversible,,,con_mapa,3be274f3c8ef3ce4adf89a8dbe2a3723b1c680cdd4dee98af9e738bbf19c25ba,True
ciclo,tc,100,toon_reversible:columnas,reversible,,,con_mapa,459ba7f12b15aea4f40a4b365499f8b52c03799455b6d724be8eb144b86207e9,True
ciclo,tc,250,json_pretty,reversible,,,autocontenida,13b4bf5c9f7a436751c6c6aeeefd1444459c26ee1ce02c5628fd7339818f7f66,True
ciclo,tc,250,json_compact,reversible,,,autocontenida,8d182de9c0d236ce82b3c132f174ac10799dd424dc7c256697f3b2550c09d7b6,True
ciclo,tc,250,yaml,reversible,,,autocontenida,9b0a01776581aca148de6441a6b57093254a9a504f7ffae016dc9360e99310b9,True
ciclo,tc,250,xml,reversible,,,con_contrato,bcbf4542811d8647a039ba506794d3176d770fd3b762c6119dc36002d3710ba3,True
ciclo,tc,250,csv,no_reversible,"el CSV descarta los metadatos del documento (header con 4 claves: d, l, t, proj); solo los registros se reconstruyen: reversible",,con_contrato,eca25bf4b18c4362c32425a35d543ad9a4844d98e6e8aea8c1638e171479b385,True
ciclo,tc,250,toon,reversible,,,autocontenida,32b7f62bcf02e7d220df66612cc6829256157046bf57c5577335d66e7539d1e6,True
ciclo,tc,250,toon_flat,reversible,,,con_contrato,e03e5170af6df65b82f0b611c25262d522d7080169831408e99a8fb49fb920af,True
ciclo,tc,250,mini,reversible_normalizado,,header.n lo añade el serializador .mini; header.v lo añade el serializador .mini,con_contrato,4ae84ae088b128e3adecc8ff13b6242b5730a50b6c708b95a37dda3c167b2175,True
ciclo,tc,250,xml_tipado,reversible,,,autocontenida,0487283fa9ca61f6d5d1e51908d08b6a6122febc9273b915481445a7eda80d28,True
ciclo,tc,250,csv_reversible:celdas,reversible,,,con_mapa,c738c695444dabc4e12d8e77d303329d8d83206ba3e10b96b45c7e8d4759306f,True
ciclo,tc,250,csv_reversible:columnas,reversible,,,con_mapa,3afb069bb53ac6fa99e6a46e4928d7d9bc3121557585c3299c5cca803dd1db0e,True
ciclo,tc,250,toon_reversible:celdas,reversible,,,con_mapa,a66ab8cf67ca5fc0a57b6fbfa1447eab86de69163a053ff35ea8f6bf148f8a04,True
ciclo,tc,250,toon_reversible:columnas,reversible,,,con_mapa,3d25c728d4dbc3d8fdb6e91dfa5435cb4d423758f2306d3a5aae1c9600ab9b17,True
ciclo,us,1,json_pretty,reversible,,,autocontenida,a131ea7b0e835ee4466d2be62d7d49fd01fd4152159ea8bba17b5f1d5e35be80,False
ciclo,us,1,json_compact,reversible,,,autocontenida,b3f583b7164f94cc58fb08e3c58dbaf014a1faafeaefed827b23ab1e0471d500,False
ciclo,us,1,yaml,reversible,,,autocontenida,b7d2bccedf625f2d6519a309f5009982a288f040516edd97c1cc51a6135436e7,False
ciclo,us,1,xml,reversible,,,con_contrato,32b87bc06ea4e9c672fa41ab25639c19ecb299a7fc785d3fc8279a7e3a2c8d76,False
ciclo,us,1,csv,no_reversible,"el CSV descarta los metadatos del documento (header con 4 claves: d, l, t, sprint); solo los registros se reconstruyen: reversible",,con_contrato,9df54f2a8d964ed7263fb55c07741851c0884d2cc1690e1f21e1a97ecb098779,False
ciclo,us,1,toon,reversible,,,autocontenida,26c1decc810aa817dc7414676120bdb110b7271a87d2f204577178970105f421,False
ciclo,us,1,toon_flat,reversible,,,con_contrato,f05b1d5f29f4a5be04402bbc6f7fcf54a790c02e24fc28818c2380560bc0e13e,False
ciclo,us,1,mini,reversible_normalizado,,header.n lo añade el serializador .mini; header.v lo añade el serializador .mini,con_contrato,b307e5054d29307608642e57cdc1b92c56d66f2162b90fe6a0f3b0fd65d07018,False
ciclo,us,1,xml_tipado,reversible,,,autocontenida,2407d492bd4f6295ad3c6de819d36b0fb143e294b56edc317019bd530bf98db0,False
ciclo,us,1,csv_reversible:celdas,reversible,,,con_mapa,3c0a9fb9b6be8cb86b44067fac744d0d6e7c18f9589aac2613236ac026eb35aa,False
ciclo,us,1,csv_reversible:columnas,reversible,,,con_mapa,3c476e7137b0dcb8ab7049d3c70080a798a817d03ece4de8043037c234a56a07,False
ciclo,us,1,toon_reversible:celdas,reversible,,,con_mapa,fe3510caf1b1e0130d83e74f11720754d300d6ff8e3626f9600fedb8c9bf0ac6,False
ciclo,us,1,toon_reversible:columnas,reversible,,,con_mapa,a0866096666e2297c720eb6d37d8bb452124b88c829468d540c3cf3c99724933,False
ciclo,us,5,json_pretty,reversible,,,autocontenida,45cb91a65c4f5f608dfa995de8f16532d7d98265149c982a6c32dc1dce29bd10,False
ciclo,us,5,json_compact,reversible,,,autocontenida,3797926ff22671543a1faf5bc04e6d364b4020c13d951f09bcccf71711d33ca4,False
ciclo,us,5,yaml,reversible,,,autocontenida,8aaa2662550bd93c971c5df7632f404dc2a1c4296ea4da97b9d0f334d9ab7a22,False
ciclo,us,5,xml,reversible,,,con_contrato,226c41609241425972856bdab3144c5da3cc3e6250e5a9dbfd82654892c9433b,False
ciclo,us,5,csv,no_reversible,"el CSV descarta los metadatos del documento (header con 4 claves: d, l, t, sprint); solo los registros se reconstruyen: reversible",,con_contrato,7ff4da3cbf2d757dcdf63f159311a14d2f706a3021c42829ed966c8cf4581c35,False
ciclo,us,5,toon,reversible,,,autocontenida,f62bbbe7aaeb2bb494fdccf8999be810fc653f2e28cd2b876e7ef1cbc392d107,False
ciclo,us,5,toon_flat,reversible,,,con_contrato,5b0a46229473067dfa9c8eaf5630ad3c2075283a9f95a998aea997cb5ec525e9,False
ciclo,us,5,mini,reversible_normalizado,,header.n lo añade el serializador .mini; header.v lo añade el serializador .mini,con_contrato,4b9e8f760b0c3ef613b85b9f6b6260c2b5590c570808849b64270d711880521a,False
ciclo,us,5,xml_tipado,reversible,,,autocontenida,fef9b70bbbfb65403424d0d4510a1565c13bc19b02eef10a58cf7ffc443b319f,False
ciclo,us,5,csv_reversible:celdas,reversible,,,con_mapa,6990abf7c4e98ace9a1f4d33e41fa3a59526741d0a152a4c046e2907eba3cf44,False
ciclo,us,5,csv_reversible:columnas,reversible,,,con_mapa,c2a5a4d2b5ae24933069de2354c0b23b141e88eee91c16b0195f4f1051aafb91,False
ciclo,us,5,toon_reversible:celdas,reversible,,,con_mapa,5c10e7479e99e5189dc4770fc9585125743b797bcb1a87d7855340748c13d7ee,False
ciclo,us,5,toon_reversible:columnas,reversible,,,con_mapa,89f2a478663651f499d81cba46ba1d094cd69b6fcb1f468a1bc5a6e59d1ad996,False
ciclo,us,10,json_pretty,reversible,,,autocontenida,fc7c35afdf1ed91533beba106ed617d53ef2f1a259828bb57fd827306c83061b,False
ciclo,us,10,json_compact,reversible,,,autocontenida,f83e8620b30f55261343e981e15c535394cbd5496f0d3496e89ec5e5fbe430f8,False
ciclo,us,10,yaml,reversible,,,autocontenida,3b9a719ff543adf26a613675b2705926cce974a9c643389bb8b72c2e542f6bef,False
ciclo,us,10,xml,reversible,,,con_contrato,4089a9ecb7b8ec4a77e4c65725ae92d27b95df629545657a48e10bc3a883eea1,False
ciclo,us,10,csv,no_reversible,"el CSV descarta los metadatos del documento (header con 4 claves: d, l, t, sprint); solo los registros se reconstruyen: reversible",,con_contrato,d92d9ac9423ed064af2cf6e6d592fc8d19096397fa0f865e37e40664a0ebe2e4,False
ciclo,us,10,toon,reversible,,,autocontenida,2674310846c7590173fdb4c05ac52b808fd53b6d5eced3b018c2a8922680c841,False
ciclo,us,10,toon_flat,reversible,,,con_contrato,ad1cdea35bfc46a4350e202df0019bcaf32992a11de5ca69875a1b79b617cf34,False
ciclo,us,10,mini,reversible_normalizado,,header.n lo añade el serializador .mini; header.v lo añade el serializador .mini,con_contrato,0b0454b7c6bcea2d71f78c3b196f47f55224f4886beae6516cfce565ffae790c,False
ciclo,us,10,xml_tipado,reversible,,,autocontenida,a2b71b49625f5708d462e71ed7f31f355186705831e07a0f34e72fa3600def64,False
ciclo,us,10,csv_reversible:celdas,reversible,,,con_mapa,9739cd6fc91c7ed1da39eb1e3c6a9ca7f4e1c3774495c4015229c43b43ae7a41,False
ciclo,us,10,csv_reversible:columnas,reversible,,,con_mapa,a39b30f14eaba365eaa8a60074a6e71ab3068315e9bf05058ec97cac16a01fa1,False
ciclo,us,10,toon_reversible:celdas,reversible,,,con_mapa,bb1b9b54d2afd9b03b19a1095e396887d61965741aef23f4d200eeffdef870fe,False
ciclo,us,10,toon_reversible:columnas,reversible,,,con_mapa,94ca624c3ecd7c38df5ce3315a2fc895e68c4f816b1031c98b30ad5843ef8d84,False
ciclo,us,12,json_pretty,reversible,,,autocontenida,a4d8a37df0e260b135380fa2a4f27455ff1dad6dd3c8ada8292b0bd5a518d161,False
ciclo,us,12,json_compact,reversible,,,autocontenida,b45135322c8849139eea747746db77a4805a09f76a402b4714362923ad988908,False
ciclo,us,12,yaml,reversible,,,autocontenida,94ba02586749b3d9522a9776c84c6a5c712651829b8aa968b4fc0029b7c47627,False
ciclo,us,12,xml,reversible,,,con_contrato,761f9835846bd4062ef712f202ab47179d14d5d10c437e89e58a3a98448b4346,False
ciclo,us,12,csv,no_reversible,"el CSV descarta los metadatos del documento (header con 4 claves: d, l, t, sprint); solo los registros se reconstruyen: reversible",,con_contrato,b6e32fd27f36cbb18b96a0709205879eed412470a3505e604e4f593b26fedf9a,False
ciclo,us,12,toon,reversible,,,autocontenida,c18b03d8ef2911f732c881bb5149a0d92450ddcf767672f06bd4dbfc2ecd42fc,False
ciclo,us,12,toon_flat,reversible,,,con_contrato,65e26ebc6447d2c75a1cd005969323efd53e40c18ea0a995d931cea3a5bc4202,False
ciclo,us,12,mini,reversible_normalizado,,header.n lo añade el serializador .mini; header.v lo añade el serializador .mini,con_contrato,8b31268635c3361ce1e34d3a06b1aa03262314d13018288c43555dc5e6efee3f,False
ciclo,us,12,xml_tipado,reversible,,,autocontenida,6d72bf948a30de7ee136edf14b66196046659224e258b043d5261f59c6ed23c7,False
ciclo,us,12,csv_reversible:celdas,reversible,,,con_mapa,c2efb584243475de69a8cfd2d714b220a38829abcdcef6e1d2129003da7e6a64,False
ciclo,us,12,csv_reversible:columnas,reversible,,,con_mapa,0c5787756d469311d558591d5e96be681d4549804ee766725bb62c628e8dceca,False
ciclo,us,12,toon_reversible:celdas,reversible,,,con_mapa,3122618d734f8ea2f3fd618f376e29b0ca47aa3614d1f4ef7153763c23715e33,False
ciclo,us,12,toon_reversible:columnas,reversible,,,con_mapa,a86b9d769b60195378fb77570c269665b71c823c2281aeebfc226a9ce80452b8,False
ciclo,us,25,json_pretty,reversible,,,autocontenida,46d15764490a60981ad74faec76ffa5e23eee0ec405935c4b79146175f6285b3,True
ciclo,us,25,json_compact,reversible,,,autocontenida,46947e5e6b56f36e4c734fc677babeb4cfcf285b0f40606503fb4bd5c3342331,True
ciclo,us,25,yaml,reversible,,,autocontenida,9c4d2aeb71a01d616ce7de968a3de84fddeb5c341571cfecc536fe34f5db51a9,True
ciclo,us,25,xml,reversible,,,con_contrato,c05a784cd05278086ae6efe58d9c6b9a56e8c172bb57ef2c44f0561917672aba,True
ciclo,us,25,csv,no_reversible,"el CSV descarta los metadatos del documento (header con 4 claves: d, l, t, sprint); solo los registros se reconstruyen: reversible",,con_contrato,e52ba8d6214fe4739c774629472ff939335dbfcb3601f42353a42064b9469c25,True
ciclo,us,25,toon,reversible,,,autocontenida,6b455f13bb1549012663ee9c08d34eb0e24b404bd488f66b905a9a786473aecf,True
ciclo,us,25,toon_flat,reversible,,,con_contrato,d0841278bf360dcd9cd57555ef07798c3a5290593ec5f8bfe46e45e7b154c96b,True
ciclo,us,25,mini,reversible_normalizado,,header.n lo añade el serializador .mini; header.v lo añade el serializador .mini,con_contrato,2e938496e3ffc38c9d3e8b4421141c3078d19fb6f140621de6d38957e870f24a,True
ciclo,us,25,xml_tipado,reversible,,,autocontenida,34ac2a2c6975b9dedcacf0de566354f6571408e999e6e5abd8e56447db82b9d1,True
ciclo,us,25,csv_reversible:celdas,reversible,,,con_mapa,51ab9606d14b0f223dc661e0a8d608443457810d8de764835efdc6ea17d33765,True
ciclo,us,25,csv_reversible:columnas,reversible,,,con_mapa,47e9ab5c8ffba86b5a35cf583e6bda64bc92a73cbd71206df25644944962b9d2,True
ciclo,us,25,toon_reversible:celdas,reversible,,,con_mapa,fd80abae05b3a2d12467d5e1fa86d03a662ce5b4f5660a93198a9b104604aaf5,True
ciclo,us,25,toon_reversible:columnas,reversible,,,con_mapa,3b36d75bb00cfcfa752f0b3f92425bfdfdb497bbd5880c7ff52b9439a30f4ef3,True
ciclo,us,50,json_pretty,reversible,,,autocontenida,2d878b00ffff463f9359b0d5c1e2ccfe7662ce0710097182aaad1993a965a926,True
ciclo,us,50,json_compact,reversible,,,autocontenida,686cda8775cb758c5f04c6059ded8c92490351460ac52cee700e653e59eb0892,True
ciclo,us,50,yaml,reversible,,,autocontenida,3741a7abd2057223630218d211c4027161699d3026c4e7f7d37047d907ee8ff8,True
ciclo,us,50,xml,reversible,,,con_contrato,9eafd792d1ed9c8030ac64cd4f74107ba470a52178d0ed278d5cd9cca4a01989,True
ciclo,us,50,csv,no_reversible,"el CSV descarta los metadatos del documento (header con 4 claves: d, l, t, sprint); solo los registros se reconstruyen: reversible",,con_contrato,9aa19a4338c3634dff6dd4c5ea1be90a179cda78719f30c1c79068c87bd911be,True
ciclo,us,50,toon,reversible,,,autocontenida,1f0114726011b58d389239bd977c35dfc5f8cd48deeb22e2c355170e5b0b2ec9,True
ciclo,us,50,toon_flat,reversible,,,con_contrato,682935842b9206827aa25cc2df772210008973025ab22192afb9a27352eff39e,True
ciclo,us,50,mini,reversible_normalizado,,header.n lo añade el serializador .mini; header.v lo añade el serializador .mini,con_contrato,ffaaa5e588b3bb2e9f3ed6fb54c126eb183a6044c2d06efcf5d54cbae1be9dbe,True
ciclo,us,50,xml_tipado,reversible,,,autocontenida,a2281b5990a9348e2532b264be5f1a56cde76dd646c9ee41c23a3ee899b60ff6,True
ciclo,us,50,csv_reversible:celdas,reversible,,,con_mapa,d198c2277e8ca380c695299d63549e5dbf9824c8d60830973dfca3366551b008,True
ciclo,us,50,csv_reversible:columnas,reversible,,,con_mapa,ddcdfef7b3142e771df4b861b99277e878b3b2d30d1efb28c699e638dfa84167,True
ciclo,us,50,toon_reversible:celdas,reversible,,,con_mapa,4dce6c1f17a919ed6371beadaadebbc1462b951193ebf021e238d50d8ba93f45,True
ciclo,us,50,toon_reversible:columnas,reversible,,,con_mapa,6ba824712e6f903846f9bebd4b90084a9e0963bedfb235ab47895120c5609b48,True
ciclo,us,100,json_pretty,reversible,,,autocontenida,ab91f8a34e93ff1362205b38bb262118d159b88d2c0b87105b96e01dbadff01b,True
ciclo,us,100,json_compact,reversible,,,autocontenida,b5ea66f7dfc1ac5074308174c125738076ecafa9f5615e88f3576859a5b66a8e,True
ciclo,us,100,yaml,reversible,,,autocontenida,a0135754c840994e0275274a35f5f960cf288b2d4f5b2bfb09a82f080250ef1c,True
ciclo,us,100,xml,reversible,,,con_contrato,a63178ceb3f189c2f835265c541bbbecc963484be89310b316750dedcf999610,True
ciclo,us,100,csv,no_reversible,"el CSV descarta los metadatos del documento (header con 4 claves: d, l, t, sprint); solo los registros se reconstruyen: reversible",,con_contrato,dc5d836c614ae0ff8fa5ccb8aa18762f5c192e23d5a0c67eb9e6e277c8688616,True
ciclo,us,100,toon,reversible,,,autocontenida,c5c1c1ef97dd54cb78689d63b84c16822d212dd0eb169a6470d4d16b520e5b40,True
ciclo,us,100,toon_flat,reversible,,,con_contrato,a6f094130afb731809296a354fa6c66e0a2507d5cafd6523a1573b4d8946d6e5,True
ciclo,us,100,mini,reversible_normalizado,,header.n lo añade el serializador .mini; header.v lo añade el serializador .mini,con_contrato,6ac3817e4e22a8a1896162c5f1b677f2aa6dd8b1be757dd8b2f24813252a6ce6,True
ciclo,us,100,xml_tipado,reversible,,,autocontenida,dc57d8464b678d0e5c4c70ad63084a16f464ed60c5ad25759065cf0bb52a5499,True
ciclo,us,100,csv_reversible:celdas,reversible,,,con_mapa,116f868e1e754f90ffd1a0619f9ebf103add6a0a8acbdeb8bb381e26047373ec,True
ciclo,us,100,csv_reversible:columnas,reversible,,,con_mapa,6a369193fcadca7e2b316b873945e1030a4addd095ab42bc67fc7d07fb84c861,True
ciclo,us,100,toon_reversible:celdas,reversible,,,con_mapa,545482d9532689ba9683d8e3c0ff5efd9bdd26cc95ca4d1e6c74a25f164eba8f,True
ciclo,us,100,toon_reversible:columnas,reversible,,,con_mapa,aa1d5f60b0cf5fe4f0cbb041c71512e7fa8bb4b2ad2281f79c4e5ad815f39735,True
ciclo,us,250,json_pretty,reversible,,,autocontenida,69917102478fa0b5c716eefbc239fdf87dec196bb64c6e48a8b4bb3169073ad1,True
ciclo,us,250,json_compact,reversible,,,autocontenida,28475196c9f3578394bee749aeff743e59e637f753f95b0d3dac0617e7460539,True
ciclo,us,250,yaml,reversible,,,autocontenida,fc8f611d73bbcc10aaf500638df7883b2da77a7715d8d259a131782e08adc5a0,True
ciclo,us,250,xml,reversible,,,con_contrato,f5e81e05d84e0b12534c07749231450dec0e2e18e71da3649e1283c0f74a944f,True
ciclo,us,250,csv,no_reversible,"el CSV descarta los metadatos del documento (header con 4 claves: d, l, t, sprint); solo los registros se reconstruyen: reversible",,con_contrato,5fc2763b4777fd35ebd2fe26aa7c5549f3e8a99b37096fe6667108b72a702ca0,True
ciclo,us,250,toon,reversible,,,autocontenida,d5c51be7d261dcc3fa67abffdd7bcb9e8959320628b09e54d7c8e9f6ab5fe254,True
ciclo,us,250,toon_flat,reversible,,,con_contrato,e9eea64f65cb541f2e3ba8c0b8af93cc65cc204501496105c075d5b82efe5f18,True
ciclo,us,250,mini,reversible_normalizado,,header.n lo añade el serializador .mini; header.v lo añade el serializador .mini,con_contrato,f2d1b6f3de09c7962df684506c77ab1ac91ade9bd78f768c3894541469c37128,True
ciclo,us,250,xml_tipado,reversible,,,autocontenida,0018f84b2c6d0ffd72baf4d0a4d95101503369da00a76d2d79b83f4c63c0a91b,True
ciclo,us,250,csv_reversible:celdas,reversible,,,con_mapa,3ce40a2665d605fb2288539cc63b6e2be82500e6b7b4a3c1a43212fd4b2b22c3,True
ciclo,us,250,csv_reversible:columnas,reversible,,,con_mapa,01f5910cdd3c1512d72410f51d0194f809eb23d882544d5e7b60dfc1d486f8b9,True
ciclo,us,250,toon_reversible:celdas,reversible,,,con_mapa,883a9c71e7a0daff5b0f56c11944b2f7e0dd8c10e5b64569a6628fc49074f6dd,True
ciclo,us,250,toon_reversible:columnas,reversible,,,con_mapa,a591300e9c0c991068ec696e0f4d86d7f7e530d78eb7c62d4963550e5c9d5a50,True
