tokenizador,variante,dominio,n,formato,tokens,bytes,tokens_por_registro,reversibilidad,comparacion_valida,decodificacion,variante_aplanado,mapa_tokens,replicacion_de_base
o200k_base,muestreo,a,1,json_pretty,307,920,307.0,reversible,True,autocontenida,,,False
o200k_base,muestreo,a,1,json_compact,184,564,184.0,reversible,True,autocontenida,,,False
o200k_base,muestreo,a,1,yaml,238,609,238.0,reversible,True,autocontenida,,,False
o200k_base,muestreo,a,1,xml,250,674,250.0,reversible,True,con_contrato,,,False
o200k_base,muestreo,a,1,csv,109,338,109.0,no_reversible,False,con_contrato,,,False
o200k_base,muestreo,a,1,toon,220,607,220.0,reversible,True,autocontenida,,,False
o200k_base,muestreo,a,1,toon_flat,214,568,214.0,reversible,True,con_contrato,,,False
o200k_base,muestreo,a,1,mini,120,293,120.0,reversible_normalizado,True,con_contrato,,,False
o200k_base,muestreo,a,1,xml_tipado,494,1672,494.0,reversible,True,autocontenida,,,False
o200k_base,muestreo,a,1,csv_reversible,193,551,193.0,reversible,True,con_mapa,celdas,207,False
o200k_base,muestreo,a,1,toon_reversible,219,593,219.0,reversible,True,con_mapa,celdas,142,False
cl100k_base,muestreo,a,1,json_pretty,318,920,318.0,reversible,True,autocontenida,,,False
cl100k_base,muestreo,a,1,json_compact,191,564,191.0,reversible,True,autocontenida,,,False
cl100k_base,muestreo,a,1,yaml,253,609,253.0,reversible,True,autocontenida,,,False
cl100k_base,muestreo,a,1,xml,261,674,261.0,reversible,True,con_contrato,,,False
cl100k_base,muestreo,a,1,csv,114,338,114.0,no_reversible,False,con_contrato,,,False
cl100k_base,muestreo,a,1,toon,233,607,233.0,reversible,True,autocontenida,,,False
cl100k_base,muestreo,a,1,toon_flat,222,568,222.0,reversible,True,con_contrato,,,False
cl100k_base,muestreo,a,1,mini,133,293,133.0,reversible_normalizado,True,con_contrato,,,False
cl100k_base,muestreo,a,1,xml_tipado,504,1672,504.0,reversible,True,autocontenida,,,False
cl100k_base,muestreo,a,1,csv_reversible,202,551,202.0,reversible,True,con_mapa,celdas,193,False
cl100k_base,muestreo,a,1,toon_reversible,231,593,231.0,reversible,True,con_mapa,celdas,128,False
r50k_base,muestreo,a,1,json_pretty,557,920,557.0,reversible,True,autocontenida,,,False
r50k_base,muestreo,a,1,json_compact,223,564,223.0,reversible,True,autocontenida,,,False
r50k_base,muestreo,a,1,yaml,302,609,302.0,reversible,True,autocontenida,,,False
r50k_base,muestreo,a,1,xml,328,674,328.0,reversible,True,con_contrato,,,False
r50k_base,muestreo,a,1,csv,147,338,147.0,no_reversible,False,con_contrato,,,False
r50k_base,muestreo,a,1,toon,313,607,313.0,reversible,True,autocontenida,,,False
r50k_base,muestreo,a,1,toon_flat,277,568,277.0,reversible,True,con_contrato,,,False
r50k_base,muestreo,a,1,mini,155,293,155.0,reversible_normalizado,True,con_contrato,,,False
r50k_base,muestreo,a,1,xml_tipado,540,1672,540.0,reversible,True,autocontenida,,,False
r50k_base,muestreo,a,1,csv_reversible,252,551,252.0,reversible,True,con_mapa,celdas,228,False
r50k_base,muestreo,a,1,toon_reversible,284,593,284.0,reversible,True,con_mapa,celdas,150,False
o200k_base,muestreo,a,5,json_pretty,960,3071,192.0,reversible,True,autocontenida,,,False
o200k_base,muestreo,a,5,json_compact,599,1919,119.8,reversible,True,autocontenida,,,False
o200k_base,muestreo,a,5,yaml,738,2024,147.6,reversible,True,autocontenida,,,False
o200k_base,muestreo,a,5,xml,838,2405,167.6,reversible,True,con_contrato,,,False
o200k_base,muestreo,a,5,csv,366,1097,73.2,no_reversible,False,con_contrato,,,False
o200k_base,muestreo,a,5,toon,703,2090,140.6,reversible,True,autocontenida,,,False
o200k_base,muestreo,a,5,toon_flat,475,1335,95.0,reversible,True,con_contrato,,,False
o200k_base,muestreo,a,5,mini,376,1048,75.2,reversible_normalizado,True,con_contrato,,,False
o200k_base,muestreo,a,5,xml_tipado,1510,5103,302.0,reversible,True,autocontenida,,,False
o200k_base,muestreo,a,5,csv_reversible,453,1327,90.6,reversible,True,con_mapa,columnas,361,False
o200k_base,muestreo,a,5,toon_reversible,493,1383,98.6,reversible,True,con_mapa,columnas,281,False
cl100k_base,muestreo,a,5,json_pretty,998,3071,199.6,reversible,True,autocontenida,,,False
cl100k_base,muestreo,a,5,json_compact,627,1919,125.4,reversible,True,autocontenida,,,False
cl100k_base,muestreo,a,5,yaml,786,2024,157.2,reversible,True,autocontenida,,,False
cl100k_base,muestreo,a,5,xml,873,2405,174.6,reversible,True,con_contrato,,,False
cl100k_base,muestreo,a,5,csv,400,1097,80.0,no_reversible,False,con_contrato,,,False
cl100k_base,muestreo,a,5,toon,747,2090,149.4,reversible,True,autocontenida,,,False
cl100k_base,muestreo,a,5,toon_flat,512,1335,102.4,reversible,True,con_contrato,,,False
cl100k_base,muestreo,a,5,mini,422,1048,84.4,reversible_normalizado,True,con_contrato,,,False
cl100k_base,muestreo,a,5,xml_tipado,1539,5103,307.8,reversible,True,autocontenida,,,False
cl100k_base,muestreo,a,5,csv_reversible,491,1327,98.2,reversible,True,con_mapa,columnas,342,False
cl100k_base,muestreo,a,5,toon_reversible,534,1383,106.8,reversible,True,con_mapa,columnas,262,False
r50k_base,muestreo,a,5,json_pretty,1812,3071,362.4,reversible,True,autocontenida,,,False
r50k_base,muestreo,a,5,json_compact,716,1919,143.2,reversible,True,autocontenida,,,False
r50k_base,muestreo,a,5,yaml,932,2024,186.4,reversible,True,autocontenida,,,False
r50k_base,muestreo,a,5,xml,1127,2405,225.4,reversible,True,con_contrato,,,False
r50k_base,muestreo,a,5,csv,492,1097,98.4,no_reversible,False,con_contrato,,,False
r50k_base,muestreo,a,5,toon,1033,2090,206.6,reversible,True,autocontenida,,,False
r50k_base,muestreo,a,5,toon_flat,626,1335,125.2,reversible,True,con_contrato,,,False
r50k_base,muestreo,a,5,mini,496,1048,99.2,reversible_normalizado,True,con_contrato,,,False
r50k_base,muestreo,a,5,xml_tipado,1651,5103,330.2,reversible,True,autocontenida,,,False
r50k_base,muestreo,a,5,csv_reversible,604,1327,120.8,reversible,True,con_mapa,columnas,386,False
r50k_base,muestreo,a,5,toon_reversible,643,1383,128.6,reversible,True,con_mapa,columnas,290,False
o200k_base,muestreo,a,10,json_pretty,1780,5774,178.0,reversible,True,autocontenida,,,False
o200k_base,muestreo,a,10,json_compact,1116,3627,111.6,reversible,True,autocontenida,,,False
o200k_base,muestreo,a,10,yaml,1364,3807,136.4,reversible,True,autocontenida,,,False
o200k_base,muestreo,a,10,xml,1574,4579,157.4,reversible,True,con_contrato,,,False
o200k_base,muestreo,a,10,csv,691,2057,69.1,no_reversible,False,con_contrato,,,False
o200k_base,muestreo,a,10,toon,1305,3957,130.5,reversible,True,autocontenida,,,False
o200k_base,muestreo,a,10,toon_flat,805,2307,80.5,reversible,True,con_contrato,,,False
o200k_base,muestreo,a,10,mini,695,2004,69.5,reversible_normalizado,True,con_contrato,,,False
o200k_base,muestreo,a,10,xml_tipado,2785,9406,278.5,reversible,True,autocontenida,,,False
o200k_base,muestreo,a,10,csv_reversible,782,2292,78.2,reversible,True,con_mapa,columnas,361,False
o200k_base,muestreo,a,10,toon_reversible,823,2355,82.3,reversible,True,con_mapa,columnas,281,False
cl100k_base,muestreo,a,10,json_pretty,1845,5774,184.5,reversible,True,autocontenida,,,False
cl100k_base,muestreo,a,10,json_compact,1165,3627,116.5,reversible,True,autocontenida,,,False
cl100k_base,muestreo,a,10,yaml,1448,3807,144.8,reversible,True,autocontenida,,,False
cl100k_base,muestreo,a,10,xml,1633,4579,163.3,reversible,True,con_contrato,,,False
cl100k_base,muestreo,a,10,csv,752,2057,75.2,no_reversible,False,con_contrato,,,False
cl100k_base,muestreo,a,10,toon,1381,3957,138.1,reversible,True,autocontenida,,,False
cl100k_base,muestreo,a,10,toon_flat,869,2307,86.9,reversible,True,con_contrato,,,False
cl100k_base,muestreo,a,10,mini,773,2004,77.3,reversible_normalizado,True,con_contrato,,,False
cl100k_base,muestreo,a,10,xml_tipado,2832,9406,283.2,reversible,True,autocontenida,,,False
cl100k_base,muestreo,a,10,csv_reversible,847,2292,84.7,reversible,True,con_mapa,columnas,342,False
cl100k_base,muestreo,a,10,toon_reversible,891,2355,89.1,reversible,True,con_mapa,columnas,262,False
r50k_base,muestreo,a,10,json_pretty,3373,5774,337.3,reversible,True,autocontenida,,,False
r50k_base,muestreo,a,10,json_compact,1322,3627,132.2,reversible,True,autocontenida,,,False
r50k_base,muestreo,a,10,yaml,1715,3807,171.5,reversible,True,autocontenida,,,False
r50k_base,muestreo,a,10,xml,2110,4579,211.0,reversible,True,con_contrato,,,False
r50k_base,muestreo,a,10,csv,913,2057,91.3,no_reversible,False,con_contrato,,,False
r50k_base,muestreo,a,10,toon,1923,3957,192.3,reversible,True,autocontenida,,,False
r50k_base,muestreo,a,10,toon_flat,1052,2307,105.2,reversible,True,con_contrato,,,False
r50k_base,muestreo,a,10,mini,913,2004,91.3,reversible_normalizado,True,con_contrato,,,False
r50k_base,muestreo,a,10,xml_tipado,3028,9406,302.8,reversible,True,autocontenida,,,False
r50k_base,muestreo,a,10,csv_reversible,1029,2292,102.9,reversible,True,con_mapa,columnas,386,False
r50k_base,muestreo,a,10,toon_reversible,1069,2355,106.9,reversible,True,con_mapa,columnas,290,False
o200k_base,muestreo,a,12,json_pretty,2097,6737,174.75,reversible,True,autocontenida,,,False
o200k_base,muestreo,a,12,json_compact,1314,4192,109.5,reversible,True,autocontenida,,,False
o200k_base,muestreo,a,12,yaml,1607,4410,133.916667,reversible,True,autocontenida,,,False
o200k_base,muestreo,a,12,xml,1859,5332,154.916667,reversible,True,con_contrato,,,False
o200k_base,muestreo,a,12,csv,811,2326,67.583333,no_reversible,False,con_contrato,,,False
o200k_base,muestreo,a,12,toon,1537,4596,128.083333,reversible,True,autocontenida,,,False
o200k_base,muestreo,a,12,toon_flat,928,2588,77.333333,reversible,True,con_contrato,,,False
o200k_base,muestreo,a,12,mini,813,2269,67.75,reversible_normalizado,True,con_contrato,,,False
o200k_base,muestreo,a,12,xml_tipado,3284,11009,273.666667,reversible,True,autocontenida,,,False
o200k_base,muestreo,a,12,csv_reversible,902,2561,75.166667,reversible,True,con_mapa,columnas,361,False
o200k_base,muestreo,a,12,toon_reversible,946,2636,78.833333,reversible,True,con_mapa,columnas,281,False
cl100k_base,muestreo,a,12,json_pretty,2167,6737,180.583333,reversible,True,autocontenida,,,False
cl100k_base,muestreo,a,12,json_compact,1365,4192,113.75,reversible,True,autocontenida,,,False
cl100k_base,muestreo,a,12,yaml,1701,4410,141.75,reversible,True,autocontenida,,,False
cl100k_base,muestreo,a,12,xml,1923,5332,160.25,reversible,True,con_contrato,,,False
cl100k_base,muestreo,a,12,csv,880,2326,73.333333,no_reversible,False,con_contrato,,,False
cl100k_base,muestreo,a,12,toon,1625,4596,135.416667,reversible,True,autocontenida,,,False
cl100k_base,muestreo,a,12,toon_flat,1000,2588,83.333333,reversible,True,con_contrato,,,False
cl100k_base,muestreo,a,12,mini,901,2269,75.083333,reversible_normalizado,True,con_contrato,,,False
cl100k_base,muestreo,a,12,xml_tipado,3334,11009,277.833333,reversible,True,autocontenida,,,False
cl100k_base,muestreo,a,12,csv_reversible,975,2561,81.25,reversible,True,con_mapa,columnas,342,False
cl100k_base,muestreo,a,12,toon_reversible,1022,2636,85.166667,reversible,True,con_mapa,columnas,262,False
r50k_base,muestreo,a,12,json_pretty,3974,6737,331.166667,reversible,True,autocontenida,,,False
r50k_base,muestreo,a,12,json_compact,1542,4192,128.5,reversible,True,autocontenida,,,False
r50k_base,muestreo,a,12,yaml,2013,4410,167.75,reversible,True,autocontenida,,,False
r50k_base,muestreo,a,12,xml,2483,5332,206.916667,reversible,True,con_contrato,,,False
r50k_base,muestreo,a,12,csv,1059,2326,88.25,no_reversible,False,con_contrato,,,False
r50k_base,muestreo,a,12,toon,2261,4596,188.416667,reversible,True,autocontenida,,,False
r50k_base,muestreo,a,12,toon_flat,1201,2588,100.083333,reversible,True,con_contrato,,,False
r50k_base,muestreo,a,12,mini,1057,2269,88.083333,reversible_normalizado,True,con_contrato,,,False
r50k_base,muestreo,a,12,xml_tipado,3557,11009,296.416667,reversible,True,autocontenida,,,False
r50k_base,muestreo,a,12,csv_reversible,1175,2561,97.916667,reversible,True,con_mapa,columnas,386,False
r50k_base,muestreo,a,12,toon_reversible,1218,2636,101.5,reversible,True,con_mapa,columnas,290,False
o200k_base,muestreo,a,25,json_pretty,4206,13602,168.24,reversible,True,autocontenida,,,True
o200k_base,muestreo,a,25,json_compact,2644,8470,105.76,reversible,True,autocontenida,,,True
o200k_base,muestreo,a,25,yaml,3219,8891,128.76,reversible,True,autocontenida,,,True
o200k_base,muestreo,a,25,xml,3751,10824,150.04,reversible,True,con_contrato,,,True
o200k_base,muestreo,a,25,csv,1632,4665,65.28,no_reversible,False,con_contrato,,,True
o200k_base,muestreo,a,25,toon,3087,9296,123.48,reversible,True,autocontenida,,,True
o200k_base,muestreo,a,25,toon_flat,1763,4961,70.52,reversible,True,con_contrato,,,True
o200k_base,muestreo,a,25,mini,1622,4591,64.88,reversible_normalizado,True,con_contrato,,,True
o200k_base,muestreo,a,25,xml_tipado,6575,22034,263.0,reversible,True,autocontenida,,,True
o200k_base,muestreo,a,25,csv_reversible,1731,4908,69.24,reversible,True,con_mapa,columnas,361,True
o200k_base,muestreo,a,25,toon_reversible,1781,5009,71.24,reversible,True,con_mapa,columnas,281,True
cl100k_base,muestreo,a,25,json_pretty,4347,13602,173.88,reversible,True,autocontenida,,,True
cl100k_base,muestreo,a,25,json_compact,2748,8470,109.92,reversible,True,autocontenida,,,True
cl100k_base,muestreo,a,25,yaml,3410,8891,136.4,reversible,True,autocontenida,,,True
cl100k_base,muestreo,a,25,xml,3879,10824,155.16,reversible,True,con_contrato,,,True
cl100k_base,muestreo,a,25,csv,1778,4665,71.12,no_reversible,False,con_contrato,,,True
cl100k_base,muestreo,a,25,toon,3264,9296,130.56,reversible,True,autocontenida,,,True
cl100k_base,muestreo,a,25,toon_flat,1912,4961,76.48,reversible,True,con_contrato,,,True
cl100k_base,muestreo,a,25,mini,1802,4591,72.08,reversible_normalizado,True,con_contrato,,,True
cl100k_base,muestreo,a,25,xml_tipado,6674,22034,266.96,reversible,True,autocontenida,,,True
cl100k_base,muestreo,a,25,csv_reversible,1881,4908,75.24,reversible,True,con_mapa,columnas,342,True
cl100k_base,muestreo,a,25,toon_reversible,1934,5009,77.36,reversible,True,con_mapa,columnas,262,True
r50k_base,muestreo,a,25,json_pretty,8013,13602,320.52,reversible,True,autocontenida,,,True
r50k_base,muestreo,a,25,json_compact,3102,8470,124.08,reversible,True,autocontenida,,,True
r50k_base,muestreo,a,25,yaml,4037,8891,161.48,reversible,True,autocontenida,,,True
r50k_base,muestreo,a,25,xml,5028,10824,201.12,reversible,True,con_contrato,,,True
r50k_base,muestreo,a,25,csv,2135,4665,85.4,no_reversible,False,con_contrato,,,True
r50k_base,muestreo,a,25,toon,4563,9296,182.52,reversible,True,autocontenida,,,True
r50k_base,muestreo,a,25,toon_flat,2291,4961,91.64,reversible,True,con_contrato,,,True
r50k_base,muestreo,a,25,mini,2121,4591,84.84,reversible_normalizado,True,con_contrato,,,True
r50k_base,muestreo,a,25,xml_tipado,7124,22034,284.96,reversible,True,autocontenida,,,True
r50k_base,muestreo,a,25,csv_reversible,2259,4908,90.36,reversible,True,con_mapa,columnas,386,True
r50k_base,muestreo,a,25,toon_reversible,2308,5009,92.32,reversible,True,con_mapa,columnas,290,True
o200k_base,muestreo,a,50,json_pretty,8279,26952,165.58,reversible,True,autocontenida,,,True
o200k_base,muestreo,a,50,json_compact,5216,16845,104.32,reversible,True,autocontenida,,,True
o200k_base,muestreo,a,50,yaml,6332,17657,126.64,reversible,True,autocontenida,,,True
o200k_base,muestreo,a,50,xml,7412,21539,148.24,reversible,True,con_contrato,,,True
o200k_base,muestreo,a,50,csv,3234,9319,64.68,no_reversible,False,con_contrato,,,True
o200k_base,muestreo,a,50,toon,6089,18491,121.78,reversible,True,autocontenida,,,True
o200k_base,muestreo,a,50,toon_flat,3392,9681,67.84,reversible,True,con_contrato,,,True
o200k_base,muestreo,a,50,mini,3200,9211,64.0,reversible_normalizado,True,con_contrato,,,True
o200k_base,muestreo,a,50,xml_tipado,12921,43384,258.42,reversible,True,autocontenida,,,True
o200k_base,muestreo,a,50,csv_reversible,3343,9572,66.86,reversible,True,con_mapa,columnas,361,True
o200k_base,muestreo,a,50,toon_reversible,3410,9729,68.2,reversible,True,con_mapa,columnas,281,True
cl100k_base,muestreo,a,50,json_pretty,8565,26952,171.3,reversible,True,autocontenida,,,True
cl100k_base,muestreo,a,50,json_compact,5432,16845,108.64,reversible,True,autocontenida,,,True
cl100k_base,muestreo,a,50,yaml,6717,17657,134.34,reversible,True,autocontenida,,,True
cl100k_base,muestreo,a,50,xml,7674,21539,153.48,reversible,True,con_contrato,,,True
cl100k_base,muestreo,a,50,csv,3538,9319,70.76,no_reversible,False,con_contrato,,,True
cl100k_base,muestreo,a,50,toon,6448,18491,128.96,reversible,True,autocontenida,,,True
cl100k_base,muestreo,a,50,toon_flat,3699,9681,73.98,reversible,True,con_contrato,,,True
cl100k_base,muestreo,a,50,mini,3564,9211,71.28,reversible_normalizado,True,con_contrato,,,True
cl100k_base,muestreo,a,50,xml_tipado,13125,43384,262.5,reversible,True,autocontenida,,,True
cl100k_base,muestreo,a,50,csv_reversible,3651,9572,73.02,reversible,True,con_mapa,columnas,342,True
cl100k_base,muestreo,a,50,toon_reversible,3721,9729,74.42,reversible,True,con_mapa,columnas,262,True
r50k_base,muestreo,a,50,json_pretty,15816,26952,316.32,reversible,True,autocontenida,,,True
r50k_base,muestreo,a,50,json_compact,6138,16845,122.76,reversible,True,autocontenida,,,True
r50k_base,muestreo,a,50,yaml,7964,17657,159.28,reversible,True,autocontenida,,,True
r50k_base,muestreo,a,50,xml,9962,21539,199.24,reversible,True,con_contrato,,,True
r50k_base,muestreo,a,50,csv,4247,9319,84.94,no_reversible,False,con_contrato,,,True
r50k_base,muestreo,a,50,toon,9031,18491,180.62,reversible,True,autocontenida,,,True
r50k_base,muestreo,a,50,toon_flat,4430,9681,88.6,reversible,True,con_contrato,,,True
r50k_base,muestreo,a,50,mini,4211,9211,84.22,reversible_normalizado,True,con_contrato,,,True
r50k_base,muestreo,a,50,xml_tipado,14018,43384,280.36,reversible,True,autocontenida,,,True
r50k_base,muestreo,a,50,csv_reversible,4381,9572,87.62,reversible,True,con_mapa,columnas,386,True
r50k_base,muestreo,a,50,toon_reversible,4447,9729,88.94,reversible,True,con_mapa,columnas,290,True
o200k_base,muestreo,a,100,json_pretty,16409,53510,164.09,reversible,True,autocontenida,,,True
o200k_base,muestreo,a,100,json_compact,10345,33453,103.45,reversible,True,autocontenida,,,True
o200k_base,muestreo,a,100,yaml,12544,35047,125.44,reversible,True,autocontenida,,,True
o200k_base,muestreo,a,100,xml,14713,42823,147.13,reversible,True,con_contrato,,,True
o200k_base,muestreo,a,100,csv,6411,18476,64.11,no_reversible,False,con_contrato,,,True
o200k_base,muestreo,a,100,toon,12066,36732,120.66,reversible,True,autocontenida,,,True
o200k_base,muestreo,a,100,toon_flat,6623,18972,66.23,reversible,True,con_contrato,,,True
o200k_base,muestreo,a,100,mini,6334,18304,63.34,reversible_normalizado,True,con_contrato,,,True
o200k_base,muestreo,a,100,xml_tipado,25596,85942,255.96,reversible,True,autocontenida,,,True
o200k_base,muestreo,a,100,csv_reversible,6544,18754,65.44,reversible,True,con_mapa,columnas,361,True
o200k_base,muestreo,a,100,toon_reversible,6641,19020,66.41,reversible,True,con_mapa,columnas,281,True
cl100k_base,muestreo,a,100,json_pretty,16973,53510,169.73,reversible,True,autocontenida,,,True
cl100k_base,muestreo,a,100,json_compact,10773,33453,107.73,reversible,True,autocontenida,,,True
cl100k_base,muestreo,a,100,yaml,13305,35047,133.05,reversible,True,autocontenida,,,True
cl100k_base,muestreo,a,100,xml,15225,42823,152.25,reversible,True,con_contrato,,,True
cl100k_base,muestreo,a,100,csv,7015,18476,70.15,no_reversible,False,con_contrato,,,True
cl100k_base,muestreo,a,100,toon,12776,36732,127.76,reversible,True,autocontenida,,,True
cl100k_base,muestreo,a,100,toon_flat,7230,18972,72.3,reversible,True,con_contrato,,,True
cl100k_base,muestreo,a,100,mini,7053,18304,70.53,reversible_normalizado,True,con_contrato,,,True
cl100k_base,muestreo,a,100,xml_tipado,25990,85942,259.9,reversible,True,autocontenida,,,True
cl100k_base,muestreo,a,100,csv_reversible,7152,18754,71.52,reversible,True,con_mapa,columnas,342,True
cl100k_base,muestreo,a,100,toon_reversible,7252,19020,72.52,reversible,True,con_mapa,columnas,262,True
r50k_base,muestreo,a,100,json_pretty,31378,53510,313.78,reversible,True,autocontenida,,,True
r50k_base,muestreo,a,100,json_compact,12167,33453,121.67,reversible,True,autocontenida,,,True
r50k_base,muestreo,a,100,yaml,15772,35047,157.72,reversible,True,autocontenida,,,True
r50k_base,muestreo,a,100,xml,19783,42823,197.83,reversible,True,con_contrato,,,True
r50k_base,muestreo,a,100,csv,8423,18476,84.23,no_reversible,False,con_contrato,,,True
r50k_base,muestreo,a,100,toon,17917,36732,179.17,reversible,True,autocontenida,,,True
r50k_base,muestreo,a,100,toon_flat,8660,18972,86.6,reversible,True,con_contrato,,,True
r50k_base,muestreo,a,100,mini,8341,18304,83.41,reversible_normalizado,True,con_contrato,,,True
r50k_base,muestreo,a,100,xml_tipado,27763,85942,277.63,reversible,True,autocontenida,,,True
r50k_base,muestreo,a,100,csv_reversible,8581,18754,85.81,reversible,True,con_mapa,columnas,386,True
r50k_base,muestreo,a,100,toon_reversible,8677,19020,86.77,reversible,True,con_mapa,columnas,290,True
o200k_base,muestreo,a,250,json_pretty,40787,133235,163.148,reversible,True,autocontenida,,,True
o200k_base,muestreo,a,250,json_compact,25723,83328,102.892,reversible,True,autocontenida,,,True
o200k_base,muestreo,a,250,yaml,31174,87276,124.696,reversible,True,autocontenida,,,True
o200k_base,muestreo,a,250,xml,36601,106720,146.404,reversible,True,con_contrato,,,True
o200k_base,muestreo,a,250,csv,15937,45999,63.748,no_reversible,False,con_contrato,,,True
o200k_base,muestreo,a,250,toon,29990,91509,119.96,reversible,True,autocontenida,,,True
o200k_base,muestreo,a,250,toon_flat,16312,46899,65.248,reversible,True,con_contrato,,,True
o200k_base,muestreo,a,250,mini,15721,45626,62.884,reversible_normalizado,True,con_contrato,,,True
o200k_base,muestreo,a,250,xml_tipado,63612,213667,254.448,reversible,True,autocontenida,,,True
o200k_base,muestreo,a,250,csv_reversible,16148,46355,64.592,reversible,True,con_mapa,columnas,361,True
o200k_base,muestreo,a,250,toon_reversible,16330,46947,65.32,reversible,True,con_mapa,columnas,281,True
cl100k_base,muestreo,a,250,json_pretty,42184,133235,168.736,reversible,True,autocontenida,,,True
cl100k_base,muestreo,a,250,json_compact,26784,83328,107.136,reversible,True,autocontenida,,,True
cl100k_base,muestreo,a,250,yaml,33071,87276,132.284,reversible,True,autocontenida,,,True
cl100k_base,muestreo,a,250,xml,37872,106720,151.488,reversible,True,con_contrato,,,True
cl100k_base,muestreo,a,250,csv,17452,45999,69.808,no_reversible,False,con_contrato,,,True
cl100k_base,muestreo,a,250,toon,31763,91509,127.052,reversible,True,autocontenida,,,True
cl100k_base,muestreo,a,250,toon_flat,17830,46899,71.32,reversible,True,con_contrato,,,True
cl100k_base,muestreo,a,250,mini,17513,45626,70.052,reversible_normalizado,True,con_contrato,,,True
cl100k_base,muestreo,a,250,xml_tipado,64591,213667,258.364,reversible,True,autocontenida,,,True
cl100k_base,muestreo,a,250,csv_reversible,17667,46355,70.668,reversible,True,con_mapa,columnas,342,True
cl100k_base,muestreo,a,250,toon_reversible,17852,46947,71.408,reversible,True,con_mapa,columnas,262,True
r50k_base,muestreo,a,250,json_pretty,78054,133235,312.216,reversible,True,autocontenida,,,True
r50k_base,muestreo,a,250,json_compact,30243,83328,120.972,reversible,True,autocontenida,,,True
r50k_base,muestreo,a,250,yaml,39207,87276,156.828,reversible,True,autocontenida,,,True
r50k_base,muestreo,a,250,xml,49231,106720,196.924,reversible,True,con_contrato,,,True
r50k_base,muestreo,a,250,csv,20934,45999,83.736,no_reversible,False,con_contrato,,,True
r50k_base,muestreo,a,250,toon,44570,91509,178.28,reversible,True,autocontenida,,,True
r50k_base,muestreo,a,250,toon_flat,21334,46899,85.336,reversible,True,con_contrato,,,True
r50k_base,muestreo,a,250,mini,20714,45626,82.856,reversible_normalizado,True,con_contrato,,,True
r50k_base,muestreo,a,250,xml_tipado,68989,213667,275.956,reversible,True,autocontenida,,,True
r50k_base,muestreo,a,250,csv_reversible,21170,46355,84.68,reversible,True,con_mapa,columnas,386,True
r50k_base,muestreo,a,250,toon_reversible,21351,46947,85.404,reversible,True,con_mapa,columnas,290,True
o200k_base,muestreo,card,1,json_pretty,152,436,152.0,reversible,True,autocontenida,,,False
o200k_base,muestreo,card,1,json_compact,100,298,100.0,reversible,True,autocontenida,,,False
o200k_base,muestreo,card,1,yaml,108,285,108.0,reversible,True,autocontenida,,,False
o200k_base,muestreo,card,1,xml,143,373,143.0,reversible,True,con_contrato,,,False
o200k_base,muestreo,card,1,csv,64,175,64.0,no_reversible,False,con_contrato,,,False
o200k_base,muestreo,card,1,toon,110,300,110.0,reversible,True,autocontenida,,,False
o200k_base,muestreo,card,1,toon_flat,99,260,99.0,reversible,True,con_contrato,,,False
o200k_base,muestreo,card,1,mini,78,191,78.0,reversible_normalizado,True,con_contrato,,,False
o200k_base,muestreo,card,1,xml_tipado,235,748,235.0,reversible,True,autocontenida,,,False
o200k_base,muestreo,card,1,csv_reversible,100,278,100.0,reversible,True,con_mapa,columnas,195,False
o200k_base,muestreo,card,1,toon_reversible,113,296,113.0,reversible,True,con_mapa,celdas,87,False
cl100k_base,muestreo,card,1,json_pretty,156,436,156.0,reversible,True,autocontenida,,,False
cl100k_base,muestreo,card,1,json_compact,101,298,101.0,reversible,True,autocontenida,,,False
cl100k_base,muestreo,card,1,yaml,112,285,112.0,reversible,True,autocontenida,,,False
cl100k_base,muestreo,card,1,xml,144,373,144.0,reversible,True,con_contrato,,,False
cl100k_base,muestreo,card,1,csv,66,175,66.0,no_reversible,False,con_contrato,,,False
cl100k_base,muestreo,card,1,toon,113,300,113.0,reversible,True,autocontenida,,,False
cl100k_base,muestreo,card,1,toon_flat,103,260,103.0,reversible,True,con_contrato,,,False
cl100k_base,muestreo,card,1,mini,83,191,83.0,reversible_normalizado,True,con_contrato,,,False
cl100k_base,muestreo,card,1,xml_tipado,236,748,236.0,reversible,True,autocontenida,,,False
cl100k_base,muestreo,card,1,csv_reversible,103,278,103.0,reversible,True,con_mapa,columnas,184,False
cl100k_base,muestreo,card,1,toon_reversible,117,296,117.0,reversible,True,con_mapa,celdas,78,False
r50k_base,muestreo,card,1,json_pretty,247,436,247.0,reversible,True,autocontenida,,,False
r50k_base,muestreo,card,1,json_compact,112,298,112.0,reversible,True,autocontenida,,,False
r50k_base,muestreo,card,1,yaml,129,285,129.0,reversible,True,autocontenida,,,False
r50k_base,muestreo,card,1,xml,189,373,189.0,reversible,True,con_contrato,,,False
r50k_base,muestreo,card,1,csv,79,175,79.0,no_reversible,False,con_contrato,,,False
r50k_base,muestreo,card,1,toon,143,300,143.0,reversible,True,autocontenida,,,False
r50k_base,muestreo,card,1,toon_flat,121,260,121.0,reversible,True,con_contrato,,,False
r50k_base,muestreo,card,1,mini,93,191,93.0,reversible_normalizado,True,con_contrato,,,False
r50k_base,muestreo,card,1,xml_tipado,253,748,253.0,reversible,True,autocontenida,,,False
r50k_base,muestreo,card,1,csv_reversible,126,280,126.0,reversible,True,con_mapa,celdas,139,False
r50k_base,muestreo,card,1,toon_reversible,135,296,135.0,reversible,True,con_mapa,celdas,91,False
o200k_base,muestreo,card,5,json_pretty,522,1608,104.4,reversible,True,autocontenida,,,False
o200k_base,muestreo,card,5,json_compact,342,1083,68.4,reversible,True,autocontenida,,,False
o200k_base,muestreo,card,5,yaml,385,1054,77.0,reversible,True,autocontenida,,,False
o200k_base,muestreo,card,5,xml,556,1498,111.2,reversible,True,con_contrato,,,False
o200k_base,muestreo,card,5,csv,226,652,45.2,no_reversible,False,con_contrato,,,False
o200k_base,muestreo,card,5,toon,386,1117,77.2,reversible,True,autocontenida,,,False
o200k_base,muestreo,card,5,toon_flat,266,749,53.2,reversible,True,con_contrato,,,False
o200k_base,muestreo,card,5,mini,246,668,49.2,reversible_normalizado,True,con_contrato,,,False
o200k_base,muestreo,card,5,xml_tipado,795,2569,159.0,reversible,True,autocontenida,,,False
o200k_base,muestreo,card,5,csv_reversible,288,803,57.6,reversible,True,con_mapa,columnas,217,False
o200k_base,muestreo,card,5,toon_reversible,296,807,59.2,reversible,True,con_mapa,columnas,167,False
cl100k_base,muestreo,card,5,json_pretty,549,1608,109.8,reversible,True,autocontenida,,,False
cl100k_base,muestreo,card,5,json_compact,362,1083,72.4,reversible,True,autocontenida,,,False
cl100k_base,muestreo,card,5,yaml,415,1054,83.0,reversible,True,autocontenida,,,False
cl100k_base,muestreo,card,5,xml,575,1498,115.0,reversible,True,con_contrato,,,False
cl100k_base,muestreo,card,5,csv,251,652,50.2,no_reversible,False,con_contrato,,,False
cl100k_base,muestreo,card,5,toon,414,1117,82.8,reversible,True,autocontenida,,,False
cl100k_base,muestreo,card,5,toon_flat,293,749,58.6,reversible,True,con_contrato,,,False
cl100k_base,muestreo,card,5,mini,275,668,55.0,reversible_normalizado,True,con_contrato,,,False
cl100k_base,muestreo,card,5,xml_tipado,814,2569,162.8,reversible,True,autocontenida,,,False
cl100k_base,muestreo,card,5,csv_reversible,314,803,62.8,reversible,True,con_mapa,columnas,206,False
cl100k_base,muestreo,card,5,toon_reversible,323,807,64.6,reversible,True,con_mapa,columnas,156,False
r50k_base,muestreo,card,5,json_pretty,926,1608,185.2,reversible,True,autocontenida,,,False
r50k_base,muestreo,card,5,json_compact,414,1083,82.8,reversible,True,autocontenida,,,False
r50k_base,muestreo,card,5,yaml,470,1054,94.0,reversible,True,autocontenida,,,False
r50k_base,muestreo,card,5,xml,782,1498,156.4,reversible,True,con_contrato,,,False
r50k_base,muestreo,card,5,csv,302,652,60.4,no_reversible,False,con_contrato,,,False
r50k_base,muestreo,card,5,toon,533,1117,106.6,reversible,True,autocontenida,,,False
r50k_base,muestreo,card,5,toon_flat,349,749,69.8,reversible,True,con_contrato,,,False
r50k_base,muestreo,card,5,mini,320,668,64.0,reversible_normalizado,True,con_contrato,,,False
r50k_base,muestreo,card,5,xml_tipado,887,2569,177.4,reversible,True,autocontenida,,,False
r50k_base,muestreo,card,5,csv_reversible,377,803,75.4,reversible,True,con_mapa,columnas,233,False
r50k_base,muestreo,card,5,toon_reversible,382,807,76.4,reversible,True,con_mapa,columnas,173,False
o200k_base,muestreo,card,10,json_pretty,983,3146,98.3,reversible,True,autocontenida,,,False
o200k_base,muestreo,card,10,json_compact,646,2144,64.6,reversible,True,autocontenida,,,False
o200k_base,muestreo,card,10,yaml,728,2097,72.8,reversible,True,autocontenida,,,False
o200k_base,muestreo,card,10,xml,1065,2966,106.5,reversible,True,con_contrato,,,False
o200k_base,muestreo,card,10,csv,428,1334,42.8,no_reversible,False,con_contrato,,,False
o200k_base,muestreo,card,10,toon,735,2230,73.5,reversible,True,autocontenida,,,False
o200k_base,muestreo,card,10,toon_flat,474,1452,47.4,reversible,True,con_contrato,,,False
o200k_base,muestreo,card,10,mini,456,1345,45.6,reversible_normalizado,True,con_contrato,,,False
o200k_base,muestreo,card,10,xml_tipado,1493,4922,149.3,reversible,True,autocontenida,,,False
o200k_base,muestreo,card,10,csv_reversible,508,1525,50.8,reversible,True,con_mapa,columnas,217,False
o200k_base,muestreo,card,10,toon_reversible,513,1524,51.3,reversible,True,con_mapa,columnas,167,False
cl100k_base,muestreo,card,10,json_pretty,1032,3146,103.2,reversible,True,autocontenida,,,False
cl100k_base,muestreo,card,10,json_compact,683,2144,68.3,reversible,True,autocontenida,,,False
cl100k_base,muestreo,card,10,yaml,781,2097,78.1,reversible,True,autocontenida,,,False
cl100k_base,muestreo,card,10,xml,1098,2966,109.8,reversible,True,con_contrato,,,False
cl100k_base,muestreo,card,10,csv,474,1334,47.4,no_reversible,False,con_contrato,,,False
cl100k_base,muestreo,card,10,toon,785,2230,78.5,reversible,True,autocontenida,,,False
cl100k_base,muestreo,card,10,toon_flat,522,1452,52.2,reversible,True,con_contrato,,,False
cl100k_base,muestreo,card,10,mini,509,1345,50.9,reversible_normalizado,True,con_contrato,,,False
cl100k_base,muestreo,card,10,xml_tipado,1526,4922,152.6,reversible,True,autocontenida,,,False
cl100k_base,muestreo,card,10,csv_reversible,555,1525,55.5,reversible,True,con_mapa,columnas,206,False
cl100k_base,muestreo,card,10,toon_reversible,561,1524,56.1,reversible,True,con_mapa,columnas,156,False
r50k_base,muestreo,card,10,json_pretty,1769,3146,176.9,reversible,True,autocontenida,,,False
r50k_base,muestreo,card,10,json_compact,794,2144,79.4,reversible,True,autocontenida,,,False
r50k_base,muestreo,card,10,yaml,897,2097,89.7,reversible,True,autocontenida,,,False
r50k_base,muestreo,card,10,xml,1513,2966,151.3,reversible,True,con_contrato,,,False
r50k_base,muestreo,card,10,csv,583,1334,58.3,no_reversible,False,con_contrato,,,False
r50k_base,muestreo,card,10,toon,1028,2230,102.8,reversible,True,autocontenida,,,False
r50k_base,muestreo,card,10,toon_flat,637,1452,63.7,reversible,True,con_contrato,,,False
r50k_base,muestreo,card,10,mini,605,1345,60.5,reversible_normalizado,True,con_contrato,,,False
r50k_base,muestreo,card,10,xml_tipado,1679,4922,167.9,reversible,True,autocontenida,,,False
r50k_base,muestreo,card,10,csv_reversible,680,1525,68.0,reversible,True,con_mapa,columnas,233,False
r50k_base,muestreo,card,10,toon_reversible,684,1524,68.4,reversible,True,con_mapa,columnas,173,False
o200k_base,muestreo,card,12,json_pretty,1151,3656,95.916667,reversible,True,autocontenida,,,False
o200k_base,muestreo,card,12,json_compact,753,2465,62.75,reversible,True,autocontenida,,,False
o200k_base,muestreo,card,12,yaml,852,2412,71.0,reversible,True,autocontenida,,,False
o200k_base,muestreo,card,12,xml,1244,3423,103.666667,reversible,True,con_contrato,,,False
o200k_base,muestreo,card,12,csv,493,1501,41.083333,no_reversible,False,con_contrato,,,False
o200k_base,muestreo,card,12,toon,859,2573,71.583333,reversible,True,autocontenida,,,False
o200k_base,muestreo,card,12,toon_flat,543,1631,45.25,reversible,True,con_contrato,,,False
o200k_base,muestreo,card,12,mini,523,1508,43.583333,reversible_normalizado,True,con_contrato,,,False
o200k_base,muestreo,card,12,xml_tipado,1756,5761,146.333333,reversible,True,autocontenida,,,False
o200k_base,muestreo,card,12,csv_reversible,579,1706,48.25,reversible,True,con_mapa,columnas,217,False
o200k_base,muestreo,card,12,toon_reversible,586,1709,48.833333,reversible,True,con_mapa,columnas,167,False
cl100k_base,muestreo,card,12,json_pretty,1202,3656,100.166667,reversible,True,autocontenida,,,False
cl100k_base,muestreo,card,12,json_compact,790,2465,65.833333,reversible,True,autocontenida,,,False
cl100k_base,muestreo,card,12,yaml,910,2412,75.833333,reversible,True,autocontenida,,,False
cl100k_base,muestreo,card,12,xml,1277,3423,106.416667,reversible,True,con_contrato,,,False
cl100k_base,muestreo,card,12,csv,541,1501,45.083333,no_reversible,False,con_contrato,,,False
cl100k_base,muestreo,card,12,toon,914,2573,76.166667,reversible,True,autocontenida,,,False
cl100k_base,muestreo,card,12,toon_flat,593,1631,49.416667,reversible,True,con_contrato,,,False
cl100k_base,muestreo,card,12,mini,577,1508,48.083333,reversible_normalizado,True,con_contrato,,,False
cl100k_base,muestreo,card,12,xml_tipado,1789,5761,149.083333,reversible,True,autocontenida,,,False
cl100k_base,muestreo,card,12,csv_reversible,628,1706,52.333333,reversible,True,con_mapa,columnas,206,False
cl100k_base,muestreo,card,12,toon_reversible,636,1709,53.0,reversible,True,con_mapa,columnas,156,False
r50k_base,muestreo,card,12,json_pretty,2071,3656,172.583333,reversible,True,autocontenida,,,False
r50k_base,muestreo,card,12,json_compact,913,2465,76.083333,reversible,True,autocontenida,,,False
r50k_base,muestreo,card,12,yaml,1037,2412,86.416667,reversible,True,autocontenida,,,False
r50k_base,muestreo,card,12,xml,1755,3423,146.25,reversible,True,con_contrato,,,False
r50k_base,muestreo,card,12,csv,661,1501,55.083333,no_reversible,False,con_contrato,,,False
r50k_base,muestreo,card,12,toon,1194,2573,99.5,reversible,True,autocontenida,,,False
r50k_base,muestreo,card,12,toon_flat,720,1631,60.0,reversible,True,con_contrato,,,False
r50k_base,muestreo,card,12,mini,683,1508,56.916667,reversible_normalizado,True,con_contrato,,,False
r50k_base,muestreo,card,12,xml_tipado,1961,5761,163.416667,reversible,True,autocontenida,,,False
r50k_base,muestreo,card,12,csv_reversible,767,1706,63.916667,reversible,True,con_mapa,columnas,233,False
r50k_base,muestreo,card,12,toon_reversible,773,1709,64.416667,reversible,True,con_mapa,columnas,173,False
o200k_base,muestreo,card,25,json_pretty,2337,7485,93.48,reversible,True,autocontenida,,,True
o200k_base,muestreo,card,25,json_compact,1529,5043,61.16,reversible,True,autocontenida,,,True
o200k_base,muestreo,card,25,yaml,1737,4944,69.48,reversible,True,autocontenida,,,True
o200k_base,muestreo,card,25,xml,2552,7046,102.08,reversible,True,con_contrato,,,True
o200k_base,muestreo,card,25,csv,1004,3086,40.16,no_reversible,False,con_contrato,,,True
o200k_base,muestreo,card,25,toon,1751,5276,70.04,reversible,True,autocontenida,,,True
o200k_base,muestreo,card,25,toon_flat,1072,3268,42.88,reversible,True,con_contrato,,,True
o200k_base,muestreo,card,25,mini,1053,3079,42.12,reversible_normalizado,True,con_contrato,,,True
o200k_base,muestreo,card,25,xml_tipado,3561,11709,142.44,reversible,True,autocontenida,,,True
o200k_base,muestreo,card,25,csv_reversible,1137,3391,45.48,reversible,True,con_mapa,columnas,217,True
o200k_base,muestreo,card,25,toon_reversible,1137,3380,45.48,reversible,True,con_mapa,columnas,167,True
cl100k_base,muestreo,card,25,json_pretty,2441,7485,97.64,reversible,True,autocontenida,,,True
cl100k_base,muestreo,card,25,json_compact,1606,5043,64.24,reversible,True,autocontenida,,,True
cl100k_base,muestreo,card,25,yaml,1856,4944,74.24,reversible,True,autocontenida,,,True
cl100k_base,muestreo,card,25,xml,2619,7046,104.76,reversible,True,con_contrato,,,True
cl100k_base,muestreo,card,25,csv,1104,3086,44.16,no_reversible,False,con_contrato,,,True
cl100k_base,muestreo,card,25,toon,1864,5276,74.56,reversible,True,autocontenida,,,True
cl100k_base,muestreo,card,25,toon_flat,1174,3268,46.96,reversible,True,con_contrato,,,True
cl100k_base,muestreo,card,25,mini,1163,3079,46.52,reversible_normalizado,True,con_contrato,,,True
cl100k_base,muestreo,card,25,xml_tipado,3628,11709,145.12,reversible,True,autocontenida,,,True
cl100k_base,muestreo,card,25,csv_reversible,1238,3391,49.52,reversible,True,con_mapa,columnas,206,True
cl100k_base,muestreo,card,25,toon_reversible,1239,3380,49.56,reversible,True,con_mapa,columnas,156,True
r50k_base,muestreo,card,25,json_pretty,4238,7485,169.52,reversible,True,autocontenida,,,True
r50k_base,muestreo,card,25,json_compact,1865,5043,74.6,reversible,True,autocontenida,,,True
r50k_base,muestreo,card,25,yaml,2118,4944,84.72,reversible,True,autocontenida,,,True
r50k_base,muestreo,card,25,xml,3613,7046,144.52,reversible,True,con_contrato,,,True
r50k_base,muestreo,card,25,csv,1355,3086,54.2,no_reversible,False,con_contrato,,,True
r50k_base,muestreo,card,25,toon,2445,5276,97.8,reversible,True,autocontenida,,,True
r50k_base,muestreo,card,25,toon_flat,1434,3268,57.36,reversible,True,con_contrato,,,True
r50k_base,muestreo,card,25,mini,1386,3079,55.44,reversible_normalizado,True,con_contrato,,,True
r50k_base,muestreo,card,25,xml_tipado,3988,11709,159.52,reversible,True,autocontenida,,,True
r50k_base,muestreo,card,25,csv_reversible,1517,3391,60.68,reversible,True,con_mapa,columnas,233,True
r50k_base,muestreo,card,25,toon_reversible,1521,3380,60.84,reversible,True,con_mapa,columnas,173,True
o200k_base,muestreo,card,50,json_pretty,4619,14780,92.38,reversible,True,autocontenida,,,True
o200k_base,muestreo,card,50,json_compact,3026,9944,60.52,reversible,True,autocontenida,,,True
o200k_base,muestreo,card,50,yaml,3439,9753,68.78,reversible,True,autocontenida,,,True
o200k_base,muestreo,card,50,xml,5071,13960,101.42,reversible,True,con_contrato,,,True
o200k_base,muestreo,card,50,csv,1992,6078,39.84,no_reversible,False,con_contrato,,,True
o200k_base,muestreo,card,50,toon,3464,10416,69.28,reversible,True,autocontenida,,,True
o200k_base,muestreo,card,50,toon_flat,2094,6358,41.88,reversible,True,con_contrato,,,True
o200k_base,muestreo,card,50,mini,2075,6045,41.5,reversible_normalizado,True,con_contrato,,,True
o200k_base,muestreo,card,50,xml_tipado,7032,23076,140.64,reversible,True,autocontenida,,,True
o200k_base,muestreo,card,50,csv_reversible,2219,6579,44.38,reversible,True,con_mapa,columnas,217,True
o200k_base,muestreo,card,50,toon_reversible,2204,6538,44.08,reversible,True,con_mapa,columnas,167,True
cl100k_base,muestreo,card,50,json_pretty,4819,14780,96.38,reversible,True,autocontenida,,,True
cl100k_base,muestreo,card,50,json_compact,3174,9944,63.48,reversible,True,autocontenida,,,True
cl100k_base,muestreo,card,50,yaml,3670,9753,73.4,reversible,True,autocontenida,,,True
cl100k_base,muestreo,card,50,xml,5197,13960,103.94,reversible,True,con_contrato,,,True
cl100k_base,muestreo,card,50,csv,2186,6078,43.72,no_reversible,False,con_contrato,,,True
cl100k_base,muestreo,card,50,toon,3683,10416,73.66,reversible,True,autocontenida,,,True
cl100k_base,muestreo,card,50,toon_flat,2290,6358,45.8,reversible,True,con_contrato,,,True
cl100k_base,muestreo,card,50,mini,2286,6045,45.72,reversible_normalizado,True,con_contrato,,,True
cl100k_base,muestreo,card,50,xml_tipado,7158,23076,143.16,reversible,True,autocontenida,,,True
cl100k_base,muestreo,card,50,csv_reversible,2414,6579,48.28,reversible,True,con_mapa,columnas,206,True
cl100k_base,muestreo,card,50,toon_reversible,2400,6538,48.0,reversible,True,con_mapa,columnas,156,True
r50k_base,muestreo,card,50,json_pretty,8373,14780,167.46,reversible,True,autocontenida,,,True
r50k_base,muestreo,card,50,json_compact,3675,9944,73.5,reversible,True,autocontenida,,,True
r50k_base,muestreo,card,50,yaml,4174,9753,83.48,reversible,True,autocontenida,,,True
r50k_base,muestreo,card,50,xml,7166,13960,143.32,reversible,True,con_contrato,,,True
r50k_base,muestreo,card,50,csv,2668,6078,53.36,no_reversible,False,con_contrato,,,True
r50k_base,muestreo,card,50,toon,4825,10416,96.5,reversible,True,autocontenida,,,True
r50k_base,muestreo,card,50,toon_flat,2786,6358,55.72,reversible,True,con_contrato,,,True
r50k_base,muestreo,card,50,mini,2717,6045,54.34,reversible_normalizado,True,con_contrato,,,True
r50k_base,muestreo,card,50,xml_tipado,7859,23076,157.18,reversible,True,autocontenida,,,True
r50k_base,muestreo,card,50,csv_reversible,2942,6579,58.84,reversible,True,con_mapa,columnas,233,True
r50k_base,muestreo,card,50,toon_reversible,2941,6538,58.82,reversible,True,con_mapa,columnas,173,True
o200k_base,muestreo,card,100,json_pretty,9233,29644,92.33,reversible,True,autocontenida,,,True
o200k_base,muestreo,card,100,json_compact,6063,20002,60.63,reversible,True,autocontenida,,,True
o200k_base,muestreo,card,100,yaml,6882,19625,68.82,reversible,True,autocontenida,,,True
o200k_base,muestreo,card,100,xml,10181,28118,101.81,reversible,True,con_contrato,,,True
o200k_base,muestreo,card,100,csv,4013,12322,40.13,no_reversible,False,con_contrato,,,True
o200k_base,muestreo,card,100,toon,6934,20945,69.34,reversible,True,autocontenida,,,True
o200k_base,muestreo,card,100,toon_flat,4179,12787,41.79,reversible,True,con_contrato,,,True
o200k_base,muestreo,card,100,mini,4168,12242,41.68,reversible_normalizado,True,con_contrato,,,True
o200k_base,muestreo,card,100,xml_tipado,14025,46076,140.25,reversible,True,autocontenida,,,True
o200k_base,muestreo,card,100,csv_reversible,4429,13217,44.29,reversible,True,con_mapa,columnas,217,True
o200k_base,muestreo,card,100,toon_reversible,4375,13099,43.75,reversible,True,con_mapa,columnas,167,True
cl100k_base,muestreo,card,100,json_pretty,9639,29644,96.39,reversible,True,autocontenida,,,True
cl100k_base,muestreo,card,100,json_compact,6367,20002,63.67,reversible,True,autocontenida,,,True
cl100k_base,muestreo,card,100,yaml,7347,19625,73.47,reversible,True,autocontenida,,,True
cl100k_base,muestreo,card,100,xml,10436,28118,104.36,reversible,True,con_contrato,,,True
cl100k_base,muestreo,card,100,csv,4409,12322,44.09,no_reversible,False,con_contrato,,,True
cl100k_base,muestreo,card,100,toon,7372,20945,73.72,reversible,True,autocontenida,,,True
cl100k_base,muestreo,card,100,toon_flat,4577,12787,45.77,reversible,True,con_contrato,,,True
cl100k_base,muestreo,card,100,mini,4601,12242,46.01,reversible_normalizado,True,con_contrato,,,True
cl100k_base,muestreo,card,100,xml_tipado,14280,46076,142.8,reversible,True,autocontenida,,,True
cl100k_base,muestreo,card,100,csv_reversible,4826,13217,48.26,reversible,True,con_mapa,columnas,206,True
cl100k_base,muestreo,card,100,toon_reversible,4773,13099,47.73,reversible,True,con_mapa,columnas,156,True
r50k_base,muestreo,card,100,json_pretty,16755,29644,167.55,reversible,True,autocontenida,,,True
r50k_base,muestreo,card,100,json_compact,7389,20002,73.89,reversible,True,autocontenida,,,True
r50k_base,muestreo,card,100,yaml,8379,19625,83.79,reversible,True,autocontenida,,,True
r50k_base,muestreo,card,100,xml,14416,28118,144.16,reversible,True,con_contrato,,,True
r50k_base,muestreo,card,100,csv,5391,12322,53.91,no_reversible,False,con_contrato,,,True
r50k_base,muestreo,card,100,toon,9679,20945,96.79,reversible,True,autocontenida,,,True
r50k_base,muestreo,card,100,toon_flat,5581,12787,55.81,reversible,True,con_contrato,,,True
r50k_base,muestreo,card,100,mini,5481,12242,54.81,reversible_normalizado,True,con_contrato,,,True
r50k_base,muestreo,card,100,xml_tipado,15706,46076,157.06,reversible,True,autocontenida,,,True
r50k_base,muestreo,card,100,csv_reversible,5886,13217,58.86,reversible,True,con_mapa,columnas,233,True
r50k_base,muestreo,card,100,toon_reversible,5868,13099,58.68,reversible,True,con_mapa,columnas,173,True
o200k_base,muestreo,card,250,json_pretty,22963,73906,91.852,reversible,True,autocontenida,,,True
o200k_base,muestreo,card,250,json_compact,15069,49873,60.276,reversible,True,autocontenida,,,True
o200k_base,muestreo,card,250,yaml,17131,48946,68.524,reversible,True,autocontenida,,,True
o200k_base,muestreo,card,250,xml,25355,70149,101.42,reversible,True,con_contrato,,,True
o200k_base,muestreo,card,250,csv,9969,30745,39.876,no_reversible,False,con_contrato,,,True
o200k_base,muestreo,card,250,toon,17259,52246,69.036,reversible,True,autocontenida,,,True
o200k_base,muestreo,card,250,toon_flat,10337,31788,41.348,reversible,True,con_contrato,,,True
o200k_base,muestreo,card,250,mini,10337,30513,41.348,reversible_normalizado,True,con_contrato,,,True
o200k_base,muestreo,card,250,xml_tipado,34890,114765,139.56,reversible,True,autocontenida,,,True
o200k_base,muestreo,card,250,csv_reversible,10949,32816,43.796,reversible,True,con_mapa,columnas,217,True
o200k_base,muestreo,card,250,toon_reversible,10797,32502,43.188,reversible,True,con_mapa,columnas,167,True
cl100k_base,muestreo,card,250,json_pretty,23985,73906,95.94,reversible,True,autocontenida,,,True
cl100k_base,muestreo,card,250,json_compact,15839,49873,63.356,reversible,True,autocontenida,,,True
cl100k_base,muestreo,card,250,yaml,18298,48946,73.192,reversible,True,autocontenida,,,True
cl100k_base,muestreo,card,250,xml,26002,70149,104.008,reversible,True,con_contrato,,,True
cl100k_base,muestreo,card,250,csv,10968,30745,43.872,no_reversible,False,con_contrato,,,True
cl100k_base,muestreo,card,250,toon,18363,52246,73.452,reversible,True,autocontenida,,,True
cl100k_base,muestreo,card,250,toon_flat,11338,31788,45.352,reversible,True,con_contrato,,,True
cl100k_base,muestreo,card,250,mini,11421,30513,45.684,reversible_normalizado,True,con_contrato,,,True
cl100k_base,muestreo,card,250,xml_tipado,35537,114765,142.148,reversible,True,autocontenida,,,True
cl100k_base,muestreo,card,250,csv_reversible,11949,32816,47.796,reversible,True,con_mapa,columnas,206,True
cl100k_base,muestreo,card,250,toon_reversible,11798,32502,47.192,reversible,True,con_mapa,columnas,156,True
r50k_base,muestreo,card,250,json_pretty,41719,73906,166.876,reversible,True,autocontenida,,,True
r50k_base,muestreo,card,250,json_compact,18373,49873,73.492,reversible,True,autocontenida,,,True
r50k_base,muestreo,card,250,yaml,20838,48946,83.352,reversible,True,autocontenida,,,True
r50k_base,muestreo,card,250,xml,35914,70149,143.656,reversible,True,con_contrato,,,True
r50k_base,muestreo,card,250,csv,13401,30745,53.604,no_reversible,False,con_contrato,,,True
r50k_base,muestreo,card,250,toon,24091,52246,96.364,reversible,True,autocontenida,,,True
r50k_base,muestreo,card,250,toon_flat,13817,31788,55.268,reversible,True,con_contrato,,,True
r50k_base,muestreo,card,250,mini,13601,30513,54.404,reversible_normalizado,True,con_contrato,,,True
r50k_base,muestreo,card,250,xml_tipado,39073,114765,156.292,reversible,True,autocontenida,,,True
r50k_base,muestreo,card,250,csv_reversible,14560,32816,58.24,reversible,True,con_mapa,columnas,233,True
r50k_base,muestreo,card,250,toon_reversible,14506,32502,58.024,reversible,True,con_mapa,columnas,173,True
o200k_base,muestreo,cat,1,json_pretty,122,346,122.0,reversible,True,autocontenida,,,False
o200k_base,muestreo,cat,1,json_compact,72,214,72.0,reversible,True,autocontenida,,,False
o200k_base,muestreo,cat,1,yaml,87,205,87.0,reversible,True,autocontenida,,,False
o200k_base,muestreo,cat,1,xml,114,297,114.0,reversible,True,con_contrato,,,False
o200k_base,muestreo,cat,1,csv,43,107,43.0,no_reversible,False,con_contrato,,,False
o200k_base,muestreo,cat,1,toon,85,219,85.0,reversible,True,autocontenida,,,False
o200k_base,muestreo,cat,1,toon_flat,70,179,70.0,reversible,True,con_contrato,,,False
o200k_base,muestreo,cat,1,mini,50,98,50.0,reversible_normalizado,True,con_contrato,,,False
o200k_base,muestreo,cat,1,xml_tipado,200,652,200.0,reversible,True,autocontenida,,,False
o200k_base,muestreo,cat,1,csv_reversible,74,197,74.0,reversible,True,con_mapa,celdas,126,False
o200k_base,muestreo,cat,1,toon_reversible,82,215,82.0,reversible,True,con_mapa,celdas,86,False
cl100k_base,muestreo,cat,1,json_pretty,122,346,122.0,reversible,True,autocontenida,,,False
cl100k_base,muestreo,cat,1,json_compact,69,214,69.0,reversible,True,autocontenida,,,False
cl100k_base,muestreo,cat,1,yaml,87,205,87.0,reversible,True,autocontenida,,,False
cl100k_base,muestreo,cat,1,xml,114,297,114.0,reversible,True,con_contrato,,,False
cl100k_base,muestreo,cat,1,csv,43,107,43.0,no_reversible,False,con_contrato,,,False
cl100k_base,muestreo,cat,1,toon,85,219,85.0,reversible,True,autocontenida,,,False
cl100k_base,muestreo,cat,1,toon_flat,70,179,70.0,reversible,True,con_contrato,,,False
cl100k_base,muestreo,cat,1,mini,49,98,49.0,reversible_normalizado,True,con_contrato,,,False
cl100k_base,muestreo,cat,1,xml_tipado,200,652,200.0,reversible,True,autocontenida,,,False
cl100k_base,muestreo,cat,1,csv_reversible,74,197,74.0,reversible,True,con_mapa,celdas,117,False
cl100k_base,muestreo,cat,1,toon_reversible,82,215,82.0,reversible,True,con_mapa,celdas,77,False
r50k_base,muestreo,cat,1,json_pretty,197,346,197.0,reversible,True,autocontenida,,,False
r50k_base,muestreo,cat,1,json_compact,69,214,69.0,reversible,True,autocontenida,,,False
r50k_base,muestreo,cat,1,yaml,88,205,88.0,reversible,True,autocontenida,,,False
r50k_base,muestreo,cat,1,xml,142,297,142.0,reversible,True,con_contrato,,,False
r50k_base,muestreo,cat,1,csv,44,107,44.0,no_reversible,False,con_contrato,,,False
r50k_base,muestreo,cat,1,toon,100,219,100.0,reversible,True,autocontenida,,,False
r50k_base,muestreo,cat,1,toon_flat,75,179,75.0,reversible,True,con_contrato,,,False
r50k_base,muestreo,cat,1,mini,49,98,49.0,reversible_normalizado,True,con_contrato,,,False
r50k_base,muestreo,cat,1,xml_tipado,201,652,201.0,reversible,True,autocontenida,,,False
r50k_base,muestreo,cat,1,csv_reversible,83,197,83.0,reversible,True,con_mapa,celdas,137,False
r50k_base,muestreo,cat,1,toon_reversible,89,215,89.0,reversible,True,con_mapa,celdas,89,False
o200k_base,muestreo,cat,5,json_pretty,447,1344,89.4,reversible,True,autocontenida,,,False
o200k_base,muestreo,cat,5,json_compact,266,816,53.2,reversible,True,autocontenida,,,False
o200k_base,muestreo,cat,5,yaml,333,807,66.6,reversible,True,autocontenida,,,False
o200k_base,muestreo,cat,5,xml,481,1287,96.2,reversible,True,con_contrato,,,False
o200k_base,muestreo,cat,5,csv,160,367,32.0,no_reversible,False,con_contrato,,,False
o200k_base,muestreo,cat,5,toon,321,859,64.2,reversible,True,autocontenida,,,False
o200k_base,muestreo,cat,5,toon_flat,192,451,38.4,reversible,True,con_contrato,,,False
o200k_base,muestreo,cat,5,mini,168,358,33.6,reversible_normalizado,True,con_contrato,,,False
o200k_base,muestreo,cat,5,xml_tipado,724,2354,144.8,reversible,True,autocontenida,,,False
o200k_base,muestreo,cat,5,csv_reversible,198,465,39.6,reversible,True,con_mapa,columnas,193,False
o200k_base,muestreo,cat,5,toon_reversible,208,487,41.6,reversible,True,con_mapa,columnas,148,False
cl100k_base,muestreo,cat,5,json_pretty,450,1344,90.0,reversible,True,autocontenida,,,False
cl100k_base,muestreo,cat,5,json_compact,262,816,52.4,reversible,True,autocontenida,,,False
cl100k_base,muestreo,cat,5,yaml,334,807,66.8,reversible,True,autocontenida,,,False
cl100k_base,muestreo,cat,5,xml,483,1287,96.6,reversible,True,con_contrato,,,False
cl100k_base,muestreo,cat,5,csv,162,367,32.4,no_reversible,False,con_contrato,,,False
cl100k_base,muestreo,cat,5,toon,322,859,64.4,reversible,True,autocontenida,,,False
cl100k_base,muestreo,cat,5,toon_flat,194,451,38.8,reversible,True,con_contrato,,,False
cl100k_base,muestreo,cat,5,mini,170,358,34.0,reversible_normalizado,True,con_contrato,,,False
cl100k_base,muestreo,cat,5,xml_tipado,726,2354,145.2,reversible,True,autocontenida,,,False
cl100k_base,muestreo,cat,5,csv_reversible,200,465,40.0,reversible,True,con_mapa,columnas,182,False
cl100k_base,muestreo,cat,5,toon_reversible,210,487,42.0,reversible,True,con_mapa,columnas,137,False
r50k_base,muestreo,cat,5,json_pretty,784,1344,156.8,reversible,True,autocontenida,,,False
r50k_base,muestreo,cat,5,json_compact,276,816,55.2,reversible,True,autocontenida,,,False
r50k_base,muestreo,cat,5,yaml,339,807,67.8,reversible,True,autocontenida,,,False
r50k_base,muestreo,cat,5,xml,632,1287,126.4,reversible,True,con_contrato,,,False
r50k_base,muestreo,cat,5,csv,176,367,35.2,no_reversible,False,con_contrato,,,False
r50k_base,muestreo,cat,5,toon,396,859,79.2,reversible,True,autocontenida,,,False
r50k_base,muestreo,cat,5,toon_flat,212,451,42.4,reversible,True,con_contrato,,,False
r50k_base,muestreo,cat,5,mini,181,358,36.2,reversible_normalizado,True,con_contrato,,,False
r50k_base,muestreo,cat,5,xml_tipado,744,2354,148.8,reversible,True,autocontenida,,,False
r50k_base,muestreo,cat,5,csv_reversible,223,465,44.6,reversible,True,con_mapa,columnas,206,False
r50k_base,muestreo,cat,5,toon_reversible,228,487,45.6,reversible,True,con_mapa,columnas,152,False
o200k_base,muestreo,cat,10,json_pretty,852,2577,85.2,reversible,True,autocontenida,,,False
o200k_base,muestreo,cat,10,json_compact,506,1554,50.6,reversible,True,autocontenida,,,False
o200k_base,muestreo,cat,10,yaml,636,1545,63.6,reversible,True,autocontenida,,,False
o200k_base,muestreo,cat,10,xml,946,2542,94.6,reversible,True,con_contrato,,,False
o200k_base,muestreo,cat,10,csv,302,682,30.2,no_reversible,False,con_contrato,,,False
o200k_base,muestreo,cat,10,toon,612,1645,61.2,reversible,True,autocontenida,,,False
o200k_base,muestreo,cat,10,toon_flat,339,777,33.9,reversible,True,con_contrato,,,False
o200k_base,muestreo,cat,10,mini,314,674,31.4,reversible_normalizado,True,con_contrato,,,False
o200k_base,muestreo,cat,10,xml_tipado,1377,4472,137.7,reversible,True,autocontenida,,,False
o200k_base,muestreo,cat,10,csv_reversible,363,816,36.3,reversible,True,con_mapa,columnas,215,False
o200k_base,muestreo,cat,10,toon_reversible,371,843,37.1,reversible,True,con_mapa,columnas,165,False
cl100k_base,muestreo,cat,10,json_pretty,862,2577,86.2,reversible,True,autocontenida,,,False
cl100k_base,muestreo,cat,10,json_compact,504,1554,50.4,reversible,True,autocontenida,,,False
cl100k_base,muestreo,cat,10,yaml,639,1545,63.9,reversible,True,autocontenida,,,False
cl100k_base,muestreo,cat,10,xml,951,2542,95.1,reversible,True,con_contrato,,,False
cl100k_base,muestreo,cat,10,csv,310,682,31.0,no_reversible,False,con_contrato,,,False
cl100k_base,muestreo,cat,10,toon,615,1645,61.5,reversible,True,autocontenida,,,False
cl100k_base,muestreo,cat,10,toon_flat,347,777,34.7,reversible,True,con_contrato,,,False
cl100k_base,muestreo,cat,10,mini,322,674,32.2,reversible_normalizado,True,con_contrato,,,False
cl100k_base,muestreo,cat,10,xml_tipado,1382,4472,138.2,reversible,True,autocontenida,,,False
cl100k_base,muestreo,cat,10,csv_reversible,370,816,37.0,reversible,True,con_mapa,columnas,204,False
cl100k_base,muestreo,cat,10,toon_reversible,378,843,37.8,reversible,True,con_mapa,columnas,154,False
r50k_base,muestreo,cat,10,json_pretty,1510,2577,151.0,reversible,True,autocontenida,,,False
r50k_base,muestreo,cat,10,json_compact,526,1554,52.6,reversible,True,autocontenida,,,False
r50k_base,muestreo,cat,10,yaml,647,1545,64.7,reversible,True,autocontenida,,,False
r50k_base,muestreo,cat,10,xml,1249,2542,124.9,reversible,True,con_contrato,,,False
r50k_base,muestreo,cat,10,csv,333,682,33.3,no_reversible,False,con_contrato,,,False
r50k_base,muestreo,cat,10,toon,757,1645,75.7,reversible,True,autocontenida,,,False
r50k_base,muestreo,cat,10,toon_flat,374,777,37.4,reversible,True,con_contrato,,,False
r50k_base,muestreo,cat,10,mini,338,674,33.8,reversible_normalizado,True,con_contrato,,,False
r50k_base,muestreo,cat,10,xml_tipado,1414,4472,141.4,reversible,True,autocontenida,,,False
r50k_base,muestreo,cat,10,csv_reversible,413,816,41.3,reversible,True,con_mapa,columnas,229,False
r50k_base,muestreo,cat,10,toon_reversible,415,843,41.5,reversible,True,con_mapa,columnas,169,False
o200k_base,muestreo,cat,12,json_pretty,1021,3083,85.083333,reversible,True,autocontenida,,,False
o200k_base,muestreo,cat,12,json_compact,609,1862,50.75,reversible,True,autocontenida,,,False
o200k_base,muestreo,cat,12,yaml,764,1853,63.666667,reversible,True,autocontenida,,,False
o200k_base,muestreo,cat,12,xml,1140,3058,95.0,reversible,True,con_contrato,,,False
o200k_base,muestreo,cat,12,csv,367,822,30.583333,no_reversible,False,con_contrato,,,False
o200k_base,muestreo,cat,12,toon,737,1973,61.416667,reversible,True,autocontenida,,,False
o200k_base,muestreo,cat,12,toon_flat,406,921,33.833333,reversible,True,con_contrato,,,False
o200k_base,muestreo,cat,12,mini,381,814,31.75,reversible_normalizado,True,con_contrato,,,False
o200k_base,muestreo,cat,12,xml_tipado,1645,5332,137.083333,reversible,True,autocontenida,,,False
o200k_base,muestreo,cat,12,csv_reversible,432,962,36.0,reversible,True,con_mapa,columnas,215,False
o200k_base,muestreo,cat,12,toon_reversible,440,991,36.666667,reversible,True,con_mapa,columnas,165,False
cl100k_base,muestreo,cat,12,json_pretty,1033,3083,86.083333,reversible,True,autocontenida,,,False
cl100k_base,muestreo,cat,12,json_compact,607,1862,50.583333,reversible,True,autocontenida,,,False
cl100k_base,muestreo,cat,12,yaml,771,1853,64.25,reversible,True,autocontenida,,,False
cl100k_base,muestreo,cat,12,xml,1147,3058,95.583333,reversible,True,con_contrato,,,False
cl100k_base,muestreo,cat,12,csv,377,822,31.416667,no_reversible,False,con_contrato,,,False
cl100k_base,muestreo,cat,12,toon,742,1973,61.833333,reversible,True,autocontenida,,,False
cl100k_base,muestreo,cat,12,toon_flat,416,921,34.666667,reversible,True,con_contrato,,,False
cl100k_base,muestreo,cat,12,mini,391,814,32.583333,reversible_normalizado,True,con_contrato,,,False
cl100k_base,muestreo,cat,12,xml_tipado,1652,5332,137.666667,reversible,True,autocontenida,,,False
cl100k_base,muestreo,cat,12,csv_reversible,441,962,36.75,reversible,True,con_mapa,columnas,204,False
cl100k_base,muestreo,cat,12,toon_reversible,449,991,37.416667,reversible,True,con_mapa,columnas,154,False
r50k_base,muestreo,cat,12,json_pretty,1812,3083,151.0,reversible,True,autocontenida,,,False
r50k_base,muestreo,cat,12,json_compact,638,1862,53.166667,reversible,True,autocontenida,,,False
r50k_base,muestreo,cat,12,yaml,786,1853,65.5,reversible,True,autocontenida,,,False
r50k_base,muestreo,cat,12,xml,1509,3058,125.75,reversible,True,con_contrato,,,False
r50k_base,muestreo,cat,12,csv,409,822,34.083333,no_reversible,False,con_contrato,,,False
r50k_base,muestreo,cat,12,toon,916,1973,76.333333,reversible,True,autocontenida,,,False
r50k_base,muestreo,cat,12,toon_flat,452,921,37.666667,reversible,True,con_contrato,,,False
r50k_base,muestreo,cat,12,mini,414,814,34.5,reversible_normalizado,True,con_contrato,,,False
r50k_base,muestreo,cat,12,xml_tipado,1694,5332,141.166667,reversible,True,autocontenida,,,False
r50k_base,muestreo,cat,12,csv_reversible,495,962,41.25,reversible,True,con_mapa,columnas,229,False
r50k_base,muestreo,cat,12,toon_reversible,497,991,41.416667,reversible,True,con_mapa,columnas,169,False
o200k_base,muestreo,cat,25,json_pretty,2084,6300,83.36,reversible,True,autocontenida,,,True
o200k_base,muestreo,cat,25,json_compact,1244,3792,49.76,reversible,True,autocontenida,,,True
o200k_base,muestreo,cat,25,yaml,1569,3782,62.76,reversible,True,autocontenida,,,True
o200k_base,muestreo,cat,25,xml,2354,6306,94.16,reversible,True,con_contrato,,,True
o200k_base,muestreo,cat,25,csv,751,1651,30.04,no_reversible,False,con_contrato,,,True
o200k_base,muestreo,cat,25,toon,1511,4028,60.44,reversible,True,autocontenida,,,True
o200k_base,muestreo,cat,25,toon_flat,804,1780,32.16,reversible,True,con_contrato,,,True
o200k_base,muestreo,cat,25,mini,772,1640,30.88,reversible_normalizado,True,con_contrato,,,True
o200k_base,muestreo,cat,25,xml_tipado,3354,10845,134.16,reversible,True,autocontenida,,,True
o200k_base,muestreo,cat,25,csv_reversible,850,1841,34.0,reversible,True,con_mapa,columnas,215,True
o200k_base,muestreo,cat,25,toon_reversible,851,1876,34.04,reversible,True,con_mapa,columnas,165,True
cl100k_base,muestreo,cat,25,json_pretty,2109,6300,84.36,reversible,True,autocontenida,,,True
cl100k_base,muestreo,cat,25,json_compact,1242,3792,49.68,reversible,True,autocontenida,,,True
cl100k_base,muestreo,cat,25,yaml,1583,3782,63.32,reversible,True,autocontenida,,,True
cl100k_base,muestreo,cat,25,xml,2369,6306,94.76,reversible,True,con_contrato,,,True
cl100k_base,muestreo,cat,25,csv,772,1651,30.88,no_reversible,False,con_contrato,,,True
cl100k_base,muestreo,cat,25,toon,1521,4028,60.84,reversible,True,autocontenida,,,True
cl100k_base,muestreo,cat,25,toon_flat,825,1780,33.0,reversible,True,con_contrato,,,True
cl100k_base,muestreo,cat,25,mini,794,1640,31.76,reversible_normalizado,True,con_contrato,,,True
cl100k_base,muestreo,cat,25,xml_tipado,3369,10845,134.76,reversible,True,autocontenida,,,True
cl100k_base,muestreo,cat,25,csv_reversible,869,1841,34.76,reversible,True,con_mapa,columnas,204,True
cl100k_base,muestreo,cat,25,toon_reversible,870,1876,34.8,reversible,True,con_mapa,columnas,154,True
r50k_base,muestreo,cat,25,json_pretty,3715,6300,148.6,reversible,True,autocontenida,,,True
r50k_base,muestreo,cat,25,json_compact,1305,3792,52.2,reversible,True,autocontenida,,,True
r50k_base,muestreo,cat,25,yaml,1609,3782,64.36,reversible,True,autocontenida,,,True
r50k_base,muestreo,cat,25,xml,3120,6306,124.8,reversible,True,con_contrato,,,True
r50k_base,muestreo,cat,25,csv,834,1651,33.36,no_reversible,False,con_contrato,,,True
r50k_base,muestreo,cat,25,toon,1878,4028,75.12,reversible,True,autocontenida,,,True
r50k_base,muestreo,cat,25,toon_flat,891,1780,35.64,reversible,True,con_contrato,,,True
r50k_base,muestreo,cat,25,mini,839,1640,33.56,reversible_normalizado,True,con_contrato,,,True
r50k_base,muestreo,cat,25,xml_tipado,3453,10845,138.12,reversible,True,autocontenida,,,True
r50k_base,muestreo,cat,25,csv_reversible,967,1841,38.68,reversible,True,con_mapa,columnas,229,True
r50k_base,muestreo,cat,25,toon_reversible,962,1876,38.48,reversible,True,con_mapa,columnas,169,True
o200k_base,muestreo,cat,50,json_pretty,4116,12482,82.32,reversible,True,autocontenida,,,True
o200k_base,muestreo,cat,50,json_compact,2455,7508,49.1,reversible,True,autocontenida,,,True
o200k_base,muestreo,cat,50,yaml,3104,7493,62.08,reversible,True,autocontenida,,,True
o200k_base,muestreo,cat,50,xml,4676,12552,93.52,reversible,True,con_contrato,,,True
o200k_base,muestreo,cat,50,csv,1481,3256,29.62,no_reversible,False,con_contrato,,,True
o200k_base,muestreo,cat,50,toon,2991,7991,59.82,reversible,True,autocontenida,,,True
o200k_base,muestreo,cat,50,toon_flat,1561,3443,31.22,reversible,True,con_contrato,,,True
o200k_base,muestreo,cat,50,mini,1516,3236,30.32,reversible_normalizado,True,con_contrato,,,True
o200k_base,muestreo,cat,50,xml_tipado,6626,21442,132.52,reversible,True,autocontenida,,,True
o200k_base,muestreo,cat,50,csv_reversible,1644,3542,32.88,reversible,True,con_mapa,columnas,215,True
o200k_base,muestreo,cat,50,toon_reversible,1634,3591,32.68,reversible,True,con_mapa,columnas,165,True
cl100k_base,muestreo,cat,50,json_pretty,4165,12482,83.3,reversible,True,autocontenida,,,True
cl100k_base,muestreo,cat,50,json_compact,2452,7508,49.04,reversible,True,autocontenida,,,True
cl100k_base,muestreo,cat,50,yaml,3132,7493,62.64,reversible,True,autocontenida,,,True
cl100k_base,muestreo,cat,50,xml,4704,12552,94.08,reversible,True,con_contrato,,,True
cl100k_base,muestreo,cat,50,csv,1521,3256,30.42,no_reversible,False,con_contrato,,,True
cl100k_base,muestreo,cat,50,toon,3011,7991,60.22,reversible,True,autocontenida,,,True
cl100k_base,muestreo,cat,50,toon_flat,1601,3443,32.02,reversible,True,con_contrato,,,True
cl100k_base,muestreo,cat,50,mini,1560,3236,31.2,reversible_normalizado,True,con_contrato,,,True
cl100k_base,muestreo,cat,50,xml_tipado,6654,21442,133.08,reversible,True,autocontenida,,,True
cl100k_base,muestreo,cat,50,csv_reversible,1680,3542,33.6,reversible,True,con_mapa,columnas,204,True
cl100k_base,muestreo,cat,50,toon_reversible,1670,3591,33.4,reversible,True,con_mapa,columnas,154,True
r50k_base,muestreo,cat,50,json_pretty,7360,12482,147.2,reversible,True,autocontenida,,,True
r50k_base,muestreo,cat,50,json_compact,2582,7508,51.64,reversible,True,autocontenida,,,True
r50k_base,muestreo,cat,50,yaml,3182,7493,63.64,reversible,True,autocontenida,,,True
r50k_base,muestreo,cat,50,xml,6210,12552,124.2,reversible,True,con_contrato,,,True
r50k_base,muestreo,cat,50,csv,1648,3256,32.96,no_reversible,False,con_contrato,,,True
r50k_base,muestreo,cat,50,toon,3724,7991,74.48,reversible,True,autocontenida,,,True
r50k_base,muestreo,cat,50,toon_flat,1732,3443,34.64,reversible,True,con_contrato,,,True
r50k_base,muestreo,cat,50,mini,1653,3236,33.06,reversible_normalizado,True,con_contrato,,,True
r50k_base,muestreo,cat,50,xml_tipado,6826,21442,136.52,reversible,True,autocontenida,,,True
r50k_base,muestreo,cat,50,csv_reversible,1871,3542,37.42,reversible,True,con_mapa,columnas,229,True
r50k_base,muestreo,cat,50,toon_reversible,1855,3591,37.1,reversible,True,con_mapa,columnas,169,True
o200k_base,muestreo,cat,100,json_pretty,8201,24896,82.01,reversible,True,autocontenida,,,True
o200k_base,muestreo,cat,100,json_compact,4894,14972,48.94,reversible,True,autocontenida,,,True
o200k_base,muestreo,cat,100,yaml,6189,14954,61.89,reversible,True,autocontenida,,,True
o200k_base,muestreo,cat,100,xml,9337,25081,93.37,reversible,True,con_contrato,,,True
o200k_base,muestreo,cat,100,csv,2949,6482,29.49,no_reversible,False,con_contrato,,,True
o200k_base,muestreo,cat,100,toon,5958,15934,59.58,reversible,True,autocontenida,,,True
o200k_base,muestreo,cat,100,toon_flat,3083,6786,30.83,reversible,True,con_contrato,,,True
o200k_base,muestreo,cat,100,mini,3015,6454,30.15,reversible_normalizado,True,con_contrato,,,True
o200k_base,muestreo,cat,100,xml_tipado,13193,42687,131.93,reversible,True,autocontenida,,,True
o200k_base,muestreo,cat,100,csv_reversible,3244,6962,32.44,reversible,True,con_mapa,columnas,215,True
o200k_base,muestreo,cat,100,toon_reversible,3206,7034,32.06,reversible,True,con_mapa,columnas,165,True
cl100k_base,muestreo,cat,100,json_pretty,8301,24896,83.01,reversible,True,autocontenida,,,True
cl100k_base,muestreo,cat,100,json_compact,4892,14972,48.92,reversible,True,autocontenida,,,True
cl100k_base,muestreo,cat,100,yaml,6250,14954,62.5,reversible,True,autocontenida,,,True
cl100k_base,muestreo,cat,100,xml,9396,25081,93.96,reversible,True,con_contrato,,,True
cl100k_base,muestreo,cat,100,csv,3032,6482,30.32,no_reversible,False,con_contrato,,,True
cl100k_base,muestreo,cat,100,toon,6001,15934,60.01,reversible,True,autocontenida,,,True
cl100k_base,muestreo,cat,100,toon_flat,3166,6786,31.66,reversible,True,con_contrato,,,True
cl100k_base,muestreo,cat,100,mini,3106,6454,31.06,reversible_normalizado,True,con_contrato,,,True
cl100k_base,muestreo,cat,100,xml_tipado,13252,42687,132.52,reversible,True,autocontenida,,,True
cl100k_base,muestreo,cat,100,csv_reversible,3319,6962,33.19,reversible,True,con_mapa,columnas,204,True
cl100k_base,muestreo,cat,100,toon_reversible,3281,7034,32.81,reversible,True,con_mapa,columnas,154,True
r50k_base,muestreo,cat,100,json_pretty,14697,24896,146.97,reversible,True,autocontenida,,,True
r50k_base,muestreo,cat,100,json_compact,5165,14972,51.65,reversible,True,autocontenida,,,True
r50k_base,muestreo,cat,100,yaml,6359,14954,63.59,reversible,True,autocontenida,,,True
r50k_base,muestreo,cat,100,xml,12421,25081,124.21,reversible,True,con_contrato,,,True
r50k_base,muestreo,cat,100,csv,3299,6482,32.99,no_reversible,False,con_contrato,,,True
r50k_base,muestreo,cat,100,toon,7435,15934,74.35,reversible,True,autocontenida,,,True
r50k_base,muestreo,cat,100,toon_flat,3437,6786,34.37,reversible,True,con_contrato,,,True
r50k_base,muestreo,cat,100,mini,3304,6454,33.04,reversible_normalizado,True,con_contrato,,,True
r50k_base,muestreo,cat,100,xml_tipado,13609,42687,136.09,reversible,True,autocontenida,,,True
r50k_base,muestreo,cat,100,csv_reversible,3704,6962,37.04,reversible,True,con_mapa,columnas,229,True
r50k_base,muestreo,cat,100,toon_reversible,3660,7034,36.6,reversible,True,con_mapa,columnas,169,True
o200k_base,muestreo,cat,250,json_pretty,20465,62120,81.86,reversible,True,autocontenida,,,True
o200k_base,muestreo,cat,250,json_compact,12217,37328,48.868,reversible,True,autocontenida,,,True
o200k_base,muestreo,cat,250,yaml,15470,37301,61.88,reversible,True,autocontenida,,,True
o200k_base,muestreo,cat,250,xml,23341,62620,93.364,reversible,True,con_contrato,,,True
o200k_base,muestreo,cat,250,csv,7372,16134,29.488,no_reversible,False,con_contrato,,,True
o200k_base,muestreo,cat,250,toon,14884,39738,59.536,reversible,True,autocontenida,,,True
o200k_base,muestreo,cat,250,toon_flat,7669,16790,30.676,reversible,True,con_contrato,,,True
o200k_base,muestreo,cat,250,mini,7525,16067,30.1,reversible_normalizado,True,con_contrato,,,True
o200k_base,muestreo,cat,250,xml_tipado,32912,106394,131.648,reversible,True,autocontenida,,,True
o200k_base,muestreo,cat,250,csv_reversible,8052,17186,32.208,reversible,True,con_mapa,columnas,215,True
o200k_base,muestreo,cat,250,toon_reversible,7940,17334,31.76,reversible,True,con_mapa,columnas,165,True
cl100k_base,muestreo,cat,250,json_pretty,20715,62120,82.86,reversible,True,autocontenida,,,True
cl100k_base,muestreo,cat,250,json_compact,12215,37328,48.86,reversible,True,autocontenida,,,True
cl100k_base,muestreo,cat,250,yaml,15616,37301,62.464,reversible,True,autocontenida,,,True
cl100k_base,muestreo,cat,250,xml,23487,62620,93.948,reversible,True,con_contrato,,,True
cl100k_base,muestreo,cat,250,csv,7581,16134,30.324,no_reversible,False,con_contrato,,,True
cl100k_base,muestreo,cat,250,toon,14988,39738,59.952,reversible,True,autocontenida,,,True
cl100k_base,muestreo,cat,250,toon_flat,7878,16790,31.512,reversible,True,con_contrato,,,True
cl100k_base,muestreo,cat,250,mini,7753,16067,31.012,reversible_normalizado,True,con_contrato,,,True
cl100k_base,muestreo,cat,250,xml_tipado,33058,106394,132.232,reversible,True,autocontenida,,,True
cl100k_base,muestreo,cat,250,csv_reversible,8240,17186,32.96,reversible,True,con_mapa,columnas,204,True
cl100k_base,muestreo,cat,250,toon_reversible,8128,17334,32.512,reversible,True,con_mapa,columnas,154,True
r50k_base,muestreo,cat,250,json_pretty,36706,62120,146.824,reversible,True,autocontenida,,,True
r50k_base,muestreo,cat,250,json_compact,12893,37328,51.572,reversible,True,autocontenida,,,True
r50k_base,muestreo,cat,250,yaml,15880,37301,63.52,reversible,True,autocontenida,,,True
r50k_base,muestreo,cat,250,xml,31040,62620,124.16,reversible,True,con_contrato,,,True
r50k_base,muestreo,cat,250,csv,8240,16134,32.96,no_reversible,False,con_contrato,,,True
r50k_base,muestreo,cat,250,toon,18565,39738,74.26,reversible,True,autocontenida,,,True
r50k_base,muestreo,cat,250,toon_flat,8541,16790,34.164,reversible,True,con_contrato,,,True
r50k_base,muestreo,cat,250,mini,8245,16067,32.98,reversible_normalizado,True,con_contrato,,,True
r50k_base,muestreo,cat,250,xml_tipado,33945,106394,135.78,reversible,True,autocontenida,,,True
r50k_base,muestreo,cat,250,csv_reversible,9178,17186,36.712,reversible,True,con_mapa,columnas,229,True
r50k_base,muestreo,cat,250,toon_reversible,9060,17334,36.24,reversible,True,con_mapa,columnas,169,True
o200k_base,muestreo,cls,1,json_pretty,133,423,133.0,reversible,True,autocontenida,,,False
o200k_base,muestreo,cls,1,json_compact,74,249,74.0,reversible,True,autocontenida,,,False
o200k_base,muestreo,cls,1,yaml,96,254,96.0,reversible,True,autocontenida,,,False
o200k_base,muestreo,cls,1,xml,112,280,112.0,reversible,True,con_contrato,,,False
o200k_base,muestreo,cls,1,csv,61,175,61.0,no_reversible,False,con_contrato,,,False
o200k_base,muestreo,cls,1,toon,88,246,88.0,reversible,True,autocontenida,,,False
o200k_base,muestreo,cls,1,toon_flat,97,262,97.0,reversible,True,con_contrato,,,False
o200k_base,muestreo,cls,1,mini,54,139,54.0,reversible_normalizado,True,con_contrato,,,False
o200k_base,muestreo,cls,1,xml_tipado,212,710,212.0,reversible,True,autocontenida,,,False
o200k_base,muestreo,cls,1,csv_reversible,85,244,85.0,reversible,True,con_mapa,celdas,99,False
o200k_base,muestreo,cls,1,toon_reversible,89,263,89.0,reversible,True,con_mapa,celdas,69,False
cl100k_base,muestreo,cls,1,json_pretty,133,423,133.0,reversible,True,autocontenida,,,False
cl100k_base,muestreo,cls,1,json_compact,72,249,72.0,reversible,True,autocontenida,,,False
cl100k_base,muestreo,cls,1,yaml,96,254,96.0,reversible,True,autocontenida,,,False
cl100k_base,muestreo,cls,1,xml,111,280,111.0,reversible,True,con_contrato,,,False
cl100k_base,muestreo,cls,1,csv,62,175,62.0,no_reversible,False,con_contrato,,,False
cl100k_base,muestreo,cls,1,toon,88,246,88.0,reversible,True,autocontenida,,,False
cl100k_base,muestreo,cls,1,toon_flat,98,262,98.0,reversible,True,con_contrato,,,False
cl100k_base,muestreo,cls,1,mini,53,139,53.0,reversible_normalizado,True,con_contrato,,,False
cl100k_base,muestreo,cls,1,xml_tipado,211,710,211.0,reversible,True,autocontenida,,,False
cl100k_base,muestreo,cls,1,csv_reversible,84,244,84.0,reversible,True,con_mapa,celdas,92,False
cl100k_base,muestreo,cls,1,toon_reversible,89,263,89.0,reversible,True,con_mapa,celdas,62,False
r50k_base,muestreo,cls,1,json_pretty,244,423,244.0,reversible,True,autocontenida,,,False
r50k_base,muestreo,cls,1,json_compact,77,249,77.0,reversible,True,autocontenida,,,False
r50k_base,muestreo,cls,1,yaml,102,254,102.0,reversible,True,autocontenida,,,False
r50k_base,muestreo,cls,1,xml,136,280,136.0,reversible,True,con_contrato,,,False
r50k_base,muestreo,cls,1,csv,71,175,71.0,no_reversible,False,con_contrato,,,False
r50k_base,muestreo,cls,1,toon,104,246,104.0,reversible,True,autocontenida,,,False
r50k_base,muestreo,cls,1,toon_flat,113,262,113.0,reversible,True,con_contrato,,,False
r50k_base,muestreo,cls,1,mini,60,139,60.0,reversible_normalizado,True,con_contrato,,,False
r50k_base,muestreo,cls,1,xml_tipado,220,710,220.0,reversible,True,autocontenida,,,False
r50k_base,muestreo,cls,1,csv_reversible,96,244,96.0,reversible,True,con_mapa,celdas,109,False
r50k_base,muestreo,cls,1,toon_reversible,104,263,104.0,reversible,True,con_mapa,celdas,73,False
o200k_base,muestreo,cls,5,json_pretty,493,1744,98.6,reversible,True,autocontenida,,,False
o200k_base,muestreo,cls,5,json_compact,279,1012,55.8,reversible,True,autocontenida,,,False
o200k_base,muestreo,cls,5,yaml,380,1069,76.0,reversible,True,autocontenida,,,False
o200k_base,muestreo,cls,5,xml,499,1315,99.8,reversible,True,con_contrato,,,False
o200k_base,muestreo,cls,5,csv,199,636,39.8,no_reversible,False,con_contrato,,,False
o200k_base,muestreo,cls,5,toon,331,1015,66.2,reversible,True,autocontenida,,,False
o200k_base,muestreo,cls,5,toon_flat,241,743,48.2,reversible,True,con_contrato,,,False
o200k_base,muestreo,cls,5,mini,180,592,36.0,reversible_normalizado,True,con_contrato,,,False
o200k_base,muestreo,cls,5,xml_tipado,759,2549,151.8,reversible,True,autocontenida,,,False
o200k_base,muestreo,cls,5,csv_reversible,245,767,49.0,reversible,True,con_mapa,columnas,275,False
o200k_base,muestreo,cls,5,toon_reversible,257,868,51.4,reversible,True,con_mapa,celdas,69,False
cl100k_base,muestreo,cls,5,json_pretty,493,1744,98.6,reversible,True,autocontenida,,,False
cl100k_base,muestreo,cls,5,json_compact,273,1012,54.6,reversible,True,autocontenida,,,False
cl100k_base,muestreo,cls,5,yaml,380,1069,76.0,reversible,True,autocontenida,,,False
cl100k_base,muestreo,cls,5,xml,494,1315,98.8,reversible,True,con_contrato,,,False
cl100k_base,muestreo,cls,5,csv,200,636,40.0,no_reversible,False,con_contrato,,,False
cl100k_base,muestreo,cls,5,toon,331,1015,66.2,reversible,True,autocontenida,,,False
cl100k_base,muestreo,cls,5,toon_flat,242,743,48.4,reversible,True,con_contrato,,,False
cl100k_base,muestreo,cls,5,mini,185,592,37.0,reversible_normalizado,True,con_contrato,,,False
cl100k_base,muestreo,cls,5,xml_tipado,754,2549,150.8,reversible,True,autocontenida,,,False
cl100k_base,muestreo,cls,5,csv_reversible,244,767,48.8,reversible,True,con_mapa,columnas,262,False
cl100k_base,muestreo,cls,5,toon_reversible,257,868,51.4,reversible,True,con_mapa,celdas,62,False
r50k_base,muestreo,cls,5,json_pretty,991,1744,198.2,reversible,True,autocontenida,,,False
r50k_base,muestreo,cls,5,json_compact,287,1012,57.4,reversible,True,autocontenida,,,False
r50k_base,muestreo,cls,5,yaml,388,1069,77.6,reversible,True,autocontenida,,,False
r50k_base,muestreo,cls,5,xml,608,1315,121.6,reversible,True,con_contrato,,,False
r50k_base,muestreo,cls,5,csv,220,636,44.0,no_reversible,False,con_contrato,,,False
r50k_base,muestreo,cls,5,toon,391,1015,78.2,reversible,True,autocontenida,,,False
r50k_base,muestreo,cls,5,toon_flat,268,743,53.6,reversible,True,con_contrato,,,False
r50k_base,muestreo,cls,5,mini,201,592,40.2,reversible_normalizado,True,con_contrato,,,False
r50k_base,muestreo,cls,5,xml_tipado,782,2549,156.4,reversible,True,autocontenida,,,False
r50k_base,muestreo,cls,5,csv_reversible,281,767,56.2,reversible,True,con_mapa,columnas,302,False
r50k_base,muestreo,cls,5,toon_reversible,293,792,58.6,reversible,True,con_mapa,columnas,230,False
o200k_base,muestreo,cls,10,json_pretty,936,3352,93.6,reversible,True,autocontenida,,,False
o200k_base,muestreo,cls,10,json_compact,525,1918,52.5,reversible,True,autocontenida,,,False
o200k_base,muestreo,cls,10,yaml,728,2041,72.8,reversible,True,autocontenida,,,False
o200k_base,muestreo,cls,10,xml,980,2579,98.0,reversible,True,con_contrato,,,False
o200k_base,muestreo,cls,10,csv,363,1165,36.3,no_reversible,False,con_contrato,,,False
o200k_base,muestreo,cls,10,toon,626,1928,62.6,reversible,True,autocontenida,,,False
o200k_base,muestreo,cls,10,toon_flat,413,1295,41.3,reversible,True,con_contrato,,,False
o200k_base,muestreo,cls,10,mini,330,1112,33.0,reversible_normalizado,True,con_contrato,,,False
o200k_base,muestreo,cls,10,xml_tipado,1437,4806,143.7,reversible,True,autocontenida,,,False
o200k_base,muestreo,cls,10,csv_reversible,420,1326,42.0,reversible,True,con_mapa,columnas,275,False
o200k_base,muestreo,cls,10,toon_reversible,439,1344,43.9,reversible,True,con_mapa,columnas,215,False
cl100k_base,muestreo,cls,10,json_pretty,936,3352,93.6,reversible,True,autocontenida,,,False
cl100k_base,muestreo,cls,10,json_compact,514,1918,51.4,reversible,True,autocontenida,,,False
cl100k_base,muestreo,cls,10,yaml,728,2041,72.8,reversible,True,autocontenida,,,False
cl100k_base,muestreo,cls,10,xml,970,2579,97.0,reversible,True,con_contrato,,,False
cl100k_base,muestreo,cls,10,csv,364,1165,36.4,no_reversible,False,con_contrato,,,False
cl100k_base,muestreo,cls,10,toon,626,1928,62.6,reversible,True,autocontenida,,,False
cl100k_base,muestreo,cls,10,toon_flat,414,1295,41.4,reversible,True,con_contrato,,,False
cl100k_base,muestreo,cls,10,mini,336,1112,33.6,reversible_normalizado,True,con_contrato,,,False
cl100k_base,muestreo,cls,10,xml_tipado,1427,4806,142.7,reversible,True,autocontenida,,,False
cl100k_base,muestreo,cls,10,csv_reversible,419,1326,41.9,reversible,True,con_mapa,columnas,262,False
cl100k_base,muestreo,cls,10,toon_reversible,439,1344,43.9,reversible,True,con_mapa,columnas,202,False
r50k_base,muestreo,cls,10,json_pretty,1923,3352,192.3,reversible,True,autocontenida,,,False
r50k_base,muestreo,cls,10,json_compact,541,1918,54.1,reversible,True,autocontenida,,,False
r50k_base,muestreo,cls,10,yaml,739,2041,73.9,reversible,True,autocontenida,,,False
r50k_base,muestreo,cls,10,xml,1197,2579,119.7,reversible,True,con_contrato,,,False
r50k_base,muestreo,cls,10,csv,400,1165,40.0,no_reversible,False,con_contrato,,,False
r50k_base,muestreo,cls,10,toon,742,1928,74.2,reversible,True,autocontenida,,,False
r50k_base,muestreo,cls,10,toon_flat,455,1295,45.5,reversible,True,con_contrato,,,False
r50k_base,muestreo,cls,10,mini,370,1112,37.0,reversible_normalizado,True,con_contrato,,,False
r50k_base,muestreo,cls,10,xml_tipado,1478,4806,147.8,reversible,True,autocontenida,,,False
r50k_base,muestreo,cls,10,csv_reversible,473,1326,47.3,reversible,True,con_mapa,columnas,302,False
r50k_base,muestreo,cls,10,toon_reversible,484,1344,48.4,reversible,True,con_mapa,columnas,230,False
o200k_base,muestreo,cls,12,json_pretty,1101,3942,91.75,reversible,True,autocontenida,,,False
o200k_base,muestreo,cls,12,json_compact,615,2238,51.25,reversible,True,autocontenida,,,False
o200k_base,muestreo,cls,12,yaml,855,2385,71.25,reversible,True,autocontenida,,,False
o200k_base,muestreo,cls,12,xml,1151,2999,95.916667,reversible,True,con_contrato,,,False
o200k_base,muestreo,cls,12,csv,419,1333,34.916667,no_reversible,False,con_contrato,,,False
o200k_base,muestreo,cls,12,toon,736,2254,61.333333,reversible,True,autocontenida,,,False
o200k_base,muestreo,cls,12,toon_flat,472,1479,39.333333,reversible,True,con_contrato,,,False
o200k_base,muestreo,cls,12,mini,384,1276,32.0,reversible_normalizado,True,con_contrato,,,False
o200k_base,muestreo,cls,12,xml_tipado,1694,5652,141.166667,reversible,True,autocontenida,,,False
o200k_base,muestreo,cls,12,csv_reversible,479,1506,39.916667,reversible,True,con_mapa,columnas,275,False
o200k_base,muestreo,cls,12,toon_reversible,500,1528,41.666667,reversible,True,con_mapa,columnas,215,False
cl100k_base,muestreo,cls,12,json_pretty,1101,3942,91.75,reversible,True,autocontenida,,,False
cl100k_base,muestreo,cls,12,json_compact,602,2238,50.166667,reversible,True,autocontenida,,,False
cl100k_base,muestreo,cls,12,yaml,855,2385,71.25,reversible,True,autocontenida,,,False
cl100k_base,muestreo,cls,12,xml,1139,2999,94.916667,reversible,True,con_contrato,,,False
cl100k_base,muestreo,cls,12,csv,420,1333,35.0,no_reversible,False,con_contrato,,,False
cl100k_base,muestreo,cls,12,toon,736,2254,61.333333,reversible,True,autocontenida,,,False
cl100k_base,muestreo,cls,12,toon_flat,473,1479,39.416667,reversible,True,con_contrato,,,False
cl100k_base,muestreo,cls,12,mini,390,1276,32.5,reversible_normalizado,True,con_contrato,,,False
cl100k_base,muestreo,cls,12,xml_tipado,1682,5652,140.166667,reversible,True,autocontenida,,,False
cl100k_base,muestreo,cls,12,csv_reversible,478,1506,39.833333,reversible,True,con_mapa,columnas,262,False
cl100k_base,muestreo,cls,12,toon_reversible,500,1528,41.666667,reversible,True,con_mapa,columnas,202,False
r50k_base,muestreo,cls,12,json_pretty,2274,3942,189.5,reversible,True,autocontenida,,,False
r50k_base,muestreo,cls,12,json_compact,633,2238,52.75,reversible,True,autocontenida,,,False
r50k_base,muestreo,cls,12,yaml,868,2385,72.333333,reversible,True,autocontenida,,,False
r50k_base,muestreo,cls,12,xml,1405,2999,117.083333,reversible,True,con_contrato,,,False
r50k_base,muestreo,cls,12,csv,461,1333,38.416667,no_reversible,False,con_contrato,,,False
r50k_base,muestreo,cls,12,toon,874,2254,72.833333,reversible,True,autocontenida,,,False
r50k_base,muestreo,cls,12,toon_flat,520,1479,43.333333,reversible,True,con_contrato,,,False
r50k_base,muestreo,cls,12,mini,430,1276,35.833333,reversible_normalizado,True,con_contrato,,,False
r50k_base,muestreo,cls,12,xml_tipado,1742,5652,145.166667,reversible,True,autocontenida,,,False
r50k_base,muestreo,cls,12,csv_reversible,540,1506,45.0,reversible,True,con_mapa,columnas,302,False
r50k_base,muestreo,cls,12,toon_reversible,553,1528,46.083333,reversible,True,con_mapa,columnas,230,False
o200k_base,muestreo,cls,25,json_pretty,2235,8075,89.4,reversible,True,autocontenida,,,True
o200k_base,muestreo,cls,25,json_compact,1246,4571,49.84,reversible,True,autocontenida,,,True
o200k_base,muestreo,cls,25,yaml,1742,4884,69.68,reversible,True,autocontenida,,,True
o200k_base,muestreo,cls,25,xml,2360,6162,94.4,reversible,True,con_contrato,,,True
o200k_base,muestreo,cls,25,csv,833,2681,33.32,no_reversible,False,con_contrato,,,True
o200k_base,muestreo,cls,25,toon,1494,4609,59.76,reversible,True,autocontenida,,,True
o200k_base,muestreo,cls,25,toon_flat,907,2901,36.28,reversible,True,con_contrato,,,True
o200k_base,muestreo,cls,25,mini,768,2600,30.72,reversible_normalizado,True,con_contrato,,,True
o200k_base,muestreo,cls,25,xml_tipado,3432,11464,137.28,reversible,True,autocontenida,,,True
o200k_base,muestreo,cls,25,csv_reversible,919,2932,36.76,reversible,True,con_mapa,columnas,275,True
o200k_base,muestreo,cls,25,toon_reversible,943,2950,37.72,reversible,True,con_mapa,columnas,215,True
cl100k_base,muestreo,cls,25,json_pretty,2235,8075,89.4,reversible,True,autocontenida,,,True
cl100k_base,muestreo,cls,25,json_compact,1220,4571,48.8,reversible,True,autocontenida,,,True
cl100k_base,muestreo,cls,25,yaml,1742,4884,69.68,reversible,True,autocontenida,,,True
cl100k_base,muestreo,cls,25,xml,2335,6162,93.4,reversible,True,con_contrato,,,True
cl100k_base,muestreo,cls,25,csv,834,2681,33.36,no_reversible,False,con_contrato,,,True
cl100k_base,muestreo,cls,25,toon,1494,4609,59.76,reversible,True,autocontenida,,,True
cl100k_base,muestreo,cls,25,toon_flat,908,2901,36.32,reversible,True,con_contrato,,,True
cl100k_base,muestreo,cls,25,mini,779,2600,31.16,reversible_normalizado,True,con_contrato,,,True
cl100k_base,muestreo,cls,25,xml_tipado,3407,11464,136.28,reversible,True,autocontenida,,,True
cl100k_base,muestreo,cls,25,csv_reversible,918,2932,36.72,reversible,True,con_mapa,columnas,262,True
cl100k_base,muestreo,cls,25,toon_reversible,943,2950,37.72,reversible,True,con_mapa,columnas,202,True
r50k_base,muestreo,cls,25,json_pretty,4656,8075,186.24,reversible,True,autocontenida,,,True
r50k_base,muestreo,cls,25,json_compact,1281,4571,51.24,reversible,True,autocontenida,,,True
r50k_base,muestreo,cls,25,yaml,1764,4884,70.56,reversible,True,autocontenida,,,True
r50k_base,muestreo,cls,25,xml,2882,6162,115.28,reversible,True,con_contrato,,,True
r50k_base,muestreo,cls,25,csv,913,2681,36.52,no_reversible,False,con_contrato,,,True
r50k_base,muestreo,cls,25,toon,1776,4609,71.04,reversible,True,autocontenida,,,True
r50k_base,muestreo,cls,25,toon_flat,993,2901,39.72,reversible,True,con_contrato,,,True
r50k_base,muestreo,cls,25,mini,860,2600,34.4,reversible_normalizado,True,con_contrato,,,True
r50k_base,muestreo,cls,25,xml_tipado,3528,11464,141.12,reversible,True,autocontenida,,,True
r50k_base,muestreo,cls,25,csv_reversible,1026,2932,41.04,reversible,True,con_mapa,columnas,302,True
r50k_base,muestreo,cls,25,toon_reversible,1042,2950,41.68,reversible,True,con_mapa,columnas,230,True
o200k_base,muestreo,cls,50,json_pretty,4438,16099,88.76,reversible,True,autocontenida,,,True
o200k_base,muestreo,cls,50,json_compact,2480,9121,49.6,reversible,True,autocontenida,,,True
o200k_base,muestreo,cls,50,yaml,3470,9756,69.4,reversible,True,autocontenida,,,True
o200k_base,muestreo,cls,50,xml,4720,12358,94.4,reversible,True,con_contrato,,,True
o200k_base,muestreo,cls,50,csv,1650,5344,33.0,no_reversible,False,con_contrato,,,True
o200k_base,muestreo,cls,50,toon,2972,9203,59.44,reversible,True,autocontenida,,,True
o200k_base,muestreo,cls,50,toon_flat,1763,5698,35.26,reversible,True,con_contrato,,,True
o200k_base,muestreo,cls,50,mini,1523,5211,30.46,reversible_normalizado,True,con_contrato,,,True
o200k_base,muestreo,cls,50,xml_tipado,6801,22721,136.02,reversible,True,autocontenida,,,True
o200k_base,muestreo,cls,50,csv_reversible,1786,5745,35.72,reversible,True,con_mapa,columnas,275,True
o200k_base,muestreo,cls,50,toon_reversible,1813,5747,36.26,reversible,True,con_mapa,columnas,215,True
cl100k_base,muestreo,cls,50,json_pretty,4438,16099,88.76,reversible,True,autocontenida,,,True
cl100k_base,muestreo,cls,50,json_compact,2429,9121,48.58,reversible,True,autocontenida,,,True
cl100k_base,muestreo,cls,50,yaml,3470,9756,69.4,reversible,True,autocontenida,,,True
cl100k_base,muestreo,cls,50,xml,4670,12358,93.4,reversible,True,con_contrato,,,True
cl100k_base,muestreo,cls,50,csv,1651,5344,33.02,no_reversible,False,con_contrato,,,True
cl100k_base,muestreo,cls,50,toon,2972,9203,59.44,reversible,True,autocontenida,,,True
cl100k_base,muestreo,cls,50,toon_flat,1764,5698,35.28,reversible,True,con_contrato,,,True
cl100k_base,muestreo,cls,50,mini,1549,5211,30.98,reversible_normalizado,True,con_contrato,,,True
cl100k_base,muestreo,cls,50,xml_tipado,6751,22721,135.02,reversible,True,autocontenida,,,True
cl100k_base,muestreo,cls,50,csv_reversible,1785,5745,35.7,reversible,True,con_mapa,columnas,262,True
cl100k_base,muestreo,cls,50,toon_reversible,1813,5747,36.26,reversible,True,con_mapa,columnas,202,True
r50k_base,muestreo,cls,50,json_pretty,9268,16099,185.36,reversible,True,autocontenida,,,True
r50k_base,muestreo,cls,50,json_compact,2547,9121,50.94,reversible,True,autocontenida,,,True
r50k_base,muestreo,cls,50,yaml,3507,9756,70.14,reversible,True,autocontenida,,,True
r50k_base,muestreo,cls,50,xml,5763,12358,115.26,reversible,True,con_contrato,,,True
r50k_base,muestreo,cls,50,csv,1801,5344,36.02,no_reversible,False,con_contrato,,,True
r50k_base,muestreo,cls,50,toon,3530,9203,70.6,reversible,True,autocontenida,,,True
r50k_base,muestreo,cls,50,toon_flat,1920,5698,38.4,reversible,True,con_contrato,,,True
r50k_base,muestreo,cls,50,mini,1703,5211,34.06,reversible_normalizado,True,con_contrato,,,True
r50k_base,muestreo,cls,50,xml_tipado,6988,22721,139.76,reversible,True,autocontenida,,,True
r50k_base,muestreo,cls,50,csv_reversible,1978,5745,39.56,reversible,True,con_mapa,columnas,302,True
r50k_base,muestreo,cls,50,toon_reversible,1997,5747,39.94,reversible,True,con_mapa,columnas,230,True
o200k_base,muestreo,cls,100,json_pretty,8801,31990,88.01,reversible,True,autocontenida,,,True
o200k_base,muestreo,cls,100,json_compact,4906,18073,49.06,reversible,True,autocontenida,,,True
o200k_base,muestreo,cls,100,yaml,6884,19352,68.84,reversible,True,autocontenida,,,True
o200k_base,muestreo,cls,100,xml,9381,24536,93.81,reversible,True,con_contrato,,,True
o200k_base,muestreo,cls,100,csv,3240,10506,32.4,no_reversible,False,con_contrato,,,True
o200k_base,muestreo,cls,100,toon,5883,18236,58.83,reversible,True,autocontenida,,,True
o200k_base,muestreo,cls,100,toon_flat,3434,11139,34.34,reversible,True,con_contrato,,,True
o200k_base,muestreo,cls,100,mini,2992,10283,29.92,reversible_normalizado,True,con_contrato,,,True
o200k_base,muestreo,cls,100,xml_tipado,13495,45079,134.95,reversible,True,autocontenida,,,True
o200k_base,muestreo,cls,100,csv_reversible,3475,11205,34.75,reversible,True,con_mapa,columnas,275,True
o200k_base,muestreo,cls,100,toon_reversible,3512,11188,35.12,reversible,True,con_mapa,columnas,215,True
cl100k_base,muestreo,cls,100,json_pretty,8801,31990,88.01,reversible,True,autocontenida,,,True
cl100k_base,muestreo,cls,100,json_compact,4805,18073,48.05,reversible,True,autocontenida,,,True
cl100k_base,muestreo,cls,100,yaml,6884,19352,68.84,reversible,True,autocontenida,,,True
cl100k_base,muestreo,cls,100,xml,9281,24536,92.81,reversible,True,con_contrato,,,True
cl100k_base,muestreo,cls,100,csv,3241,10506,32.41,no_reversible,False,con_contrato,,,True
cl100k_base,muestreo,cls,100,toon,5883,18236,58.83,reversible,True,autocontenida,,,True
cl100k_base,muestreo,cls,100,toon_flat,3435,11139,34.35,reversible,True,con_contrato,,,True
cl100k_base,muestreo,cls,100,mini,3043,10283,30.43,reversible_normalizado,True,con_contrato,,,True
cl100k_base,muestreo,cls,100,xml_tipado,13395,45079,133.95,reversible,True,autocontenida,,,True
cl100k_base,muestreo,cls,100,csv_reversible,3474,11205,34.74,reversible,True,con_mapa,columnas,262,True
cl100k_base,muestreo,cls,100,toon_reversible,3512,11188,35.12,reversible,True,con_mapa,columnas,202,True
r50k_base,muestreo,cls,100,json_pretty,18446,31990,184.46,reversible,True,autocontenida,,,True
r50k_base,muestreo,cls,100,json_compact,5042,18073,50.42,reversible,True,autocontenida,,,True
r50k_base,muestreo,cls,100,yaml,6956,19352,69.56,reversible,True,autocontenida,,,True
r50k_base,muestreo,cls,100,xml,11460,24536,114.6,reversible,True,con_contrato,,,True
r50k_base,muestreo,cls,100,csv,3541,10506,35.41,no_reversible,False,con_contrato,,,True
r50k_base,muestreo,cls,100,toon,6997,18236,69.97,reversible,True,autocontenida,,,True
r50k_base,muestreo,cls,100,toon_flat,3740,11139,37.4,reversible,True,con_contrato,,,True
r50k_base,muestreo,cls,100,mini,3356,10283,33.56,reversible_normalizado,True,con_contrato,,,True
r50k_base,muestreo,cls,100,xml_tipado,13867,45079,138.67,reversible,True,autocontenida,,,True
r50k_base,muestreo,cls,100,csv_reversible,3846,11205,38.46,reversible,True,con_mapa,columnas,302,True
r50k_base,muestreo,cls,100,toon_reversible,3875,11188,38.75,reversible,True,con_mapa,columnas,230,True
o200k_base,muestreo,cls,250,json_pretty,21953,80080,87.812,reversible,True,autocontenida,,,True
o200k_base,muestreo,cls,250,json_compact,12243,45346,48.972,reversible,True,autocontenida,,,True
o200k_base,muestreo,cls,250,yaml,17186,48551,68.744,reversible,True,autocontenida,,,True
o200k_base,muestreo,cls,250,xml,23448,61577,93.792,reversible,True,con_contrato,,,True
o200k_base,muestreo,cls,250,csv,8079,26433,32.316,no_reversible,False,con_contrato,,,True
o200k_base,muestreo,cls,250,toon,14685,45761,58.74,reversible,True,autocontenida,,,True
o200k_base,muestreo,cls,250,toon_flat,8510,27888,34.04,reversible,True,con_contrato,,,True
o200k_base,muestreo,cls,250,mini,7468,25919,29.872,reversible_normalizado,True,con_contrato,,,True
o200k_base,muestreo,cls,250,xml_tipado,33634,112558,134.536,reversible,True,autocontenida,,,True
o200k_base,muestreo,cls,250,csv_reversible,8614,28032,34.456,reversible,True,con_mapa,columnas,275,True
o200k_base,muestreo,cls,250,toon_reversible,8675,27937,34.7,reversible,True,con_mapa,columnas,215,True
cl100k_base,muestreo,cls,250,json_pretty,21953,80080,87.812,reversible,True,autocontenida,,,True
cl100k_base,muestreo,cls,250,json_compact,11992,45346,47.968,reversible,True,autocontenida,,,True
cl100k_base,muestreo,cls,250,yaml,17186,48551,68.744,reversible,True,autocontenida,,,True
cl100k_base,muestreo,cls,250,xml,23198,61577,92.792,reversible,True,con_contrato,,,True
cl100k_base,muestreo,cls,250,csv,8080,26433,32.32,no_reversible,False,con_contrato,,,True
cl100k_base,muestreo,cls,250,toon,14685,45761,58.74,reversible,True,autocontenida,,,True
cl100k_base,muestreo,cls,250,toon_flat,8511,27888,34.044,reversible,True,con_contrato,,,True
cl100k_base,muestreo,cls,250,mini,7592,25919,30.368,reversible_normalizado,True,con_contrato,,,True
cl100k_base,muestreo,cls,250,xml_tipado,33384,112558,133.536,reversible,True,autocontenida,,,True
cl100k_base,muestreo,cls,250,csv_reversible,8613,28032,34.452,reversible,True,con_mapa,columnas,262,True
cl100k_base,muestreo,cls,250,toon_reversible,8675,27937,34.7,reversible,True,con_mapa,columnas,202,True
r50k_base,muestreo,cls,250,json_pretty,46038,80080,184.152,reversible,True,autocontenida,,,True
r50k_base,muestreo,cls,250,json_compact,12578,45346,50.312,reversible,True,autocontenida,,,True
r50k_base,muestreo,cls,250,yaml,17357,48551,69.428,reversible,True,autocontenida,,,True
r50k_base,muestreo,cls,250,xml,28641,61577,114.564,reversible,True,con_contrato,,,True
r50k_base,muestreo,cls,250,csv,8816,26433,35.264,no_reversible,False,con_contrato,,,True
r50k_base,muestreo,cls,250,toon,17461,45761,69.844,reversible,True,autocontenida,,,True
r50k_base,muestreo,cls,250,toon_flat,9252,27888,37.008,reversible,True,con_contrato,,,True
r50k_base,muestreo,cls,250,mini,8367,25919,33.468,reversible_normalizado,True,con_contrato,,,True
r50k_base,muestreo,cls,250,xml_tipado,34555,112558,138.22,reversible,True,autocontenida,,,True
r50k_base,muestreo,cls,250,csv_reversible,9508,28032,38.032,reversible,True,con_mapa,columnas,302,True
r50k_base,muestreo,cls,250,toon_reversible,9561,27937,38.244,reversible,True,con_mapa,columnas,230,True
o200k_base,muestreo,code,1,json_pretty,149,479,149.0,reversible,True,autocontenida,,,False
o200k_base,muestreo,code,1,json_compact,96,331,96.0,reversible,True,autocontenida,,,False
o200k_base,muestreo,code,1,yaml,106,319,106.0,reversible,True,autocontenida,,,False
o200k_base,muestreo,code,1,xml,143,417,143.0,reversible,True,con_contrato,,,False
o200k_base,muestreo,code,1,csv,62,210,62.0,no_reversible,False,con_contrato,,,False
o200k_base,muestreo,code,1,toon,105,331,105.0,reversible,True,autocontenida,,,False
o200k_base,muestreo,code,1,toon_flat,93,288,93.0,reversible,True,con_contrato,,,False
o200k_base,muestreo,code,1,mini,70,210,70.0,reversible_normalizado,True,con_contrato,,,False
o200k_base,muestreo,code,1,xml_tipado,226,759,226.0,reversible,True,autocontenida,,,False
o200k_base,muestreo,code,1,csv_reversible,95,304,95.0,reversible,True,con_mapa,columnas,201,False
o200k_base,muestreo,code,1,toon_reversible,111,332,111.0,reversible,True,con_mapa,celdas,89,False
cl100k_base,muestreo,code,1,json_pretty,148,479,148.0,reversible,True,autocontenida,,,False
cl100k_base,muestreo,code,1,json_compact,91,331,91.0,reversible,True,autocontenida,,,False
cl100k_base,muestreo,code,1,yaml,106,319,106.0,reversible,True,autocontenida,,,False
cl100k_base,muestreo,code,1,xml,140,417,140.0,reversible,True,con_contrato,,,False
cl100k_base,muestreo,code,1,csv,62,210,62.0,no_reversible,False,con_contrato,,,False
cl100k_base,muestreo,code,1,toon,105,331,105.0,reversible,True,autocontenida,,,False
cl100k_base,muestreo,code,1,toon_flat,93,288,93.0,reversible,True,con_contrato,,,False
cl100k_base,muestreo,code,1,mini,70,210,70.0,reversible_normalizado,True,con_contrato,,,False
cl100k_base,muestreo,code,1,xml_tipado,224,759,224.0,reversible,True,autocontenida,,,False
cl100k_base,muestreo,code,1,csv_reversible,93,304,93.0,reversible,True,con_mapa,columnas,189,False
cl100k_base,muestreo,code,1,toon_reversible,110,332,110.0,reversible,True,con_mapa,celdas,79,False
r50k_base,muestreo,code,1,json_pretty,245,479,245.0,reversible,True,autocontenida,,,False
r50k_base,muestreo,code,1,json_compact,98,331,98.0,reversible,True,autocontenida,,,False
r50k_base,muestreo,code,1,yaml,114,319,114.0,reversible,True,autocontenida,,,False
r50k_base,muestreo,code,1,xml,175,417,175.0,reversible,True,con_contrato,,,False
r50k_base,muestreo,code,1,csv,70,210,70.0,no_reversible,False,con_contrato,,,False
r50k_base,muestreo,code,1,toon,126,331,126.0,reversible,True,autocontenida,,,False
r50k_base,muestreo,code,1,toon_flat,104,288,104.0,reversible,True,con_contrato,,,False
r50k_base,muestreo,code,1,mini,77,210,77.0,reversible_normalizado,True,con_contrato,,,False
r50k_base,muestreo,code,1,xml_tipado,233,759,233.0,reversible,True,autocontenida,,,False
r50k_base,muestreo,code,1,csv_reversible,112,304,112.0,reversible,True,con_mapa,columnas,213,False
r50k_base,muestreo,code,1,toon_reversible,122,332,122.0,reversible,True,con_mapa,celdas,92,False
o200k_base,muestreo,code,5,json_pretty,552,1867,110.4,reversible,True,autocontenida,,,False
o200k_base,muestreo,code,5,json_compact,363,1284,72.6,reversible,True,autocontenida,,,False
o200k_base,muestreo,code,5,yaml,403,1254,80.6,reversible,True,autocontenida,,,False
o200k_base,muestreo,code,5,xml,602,1777,120.4,reversible,True,con_contrato,,,False
o200k_base,muestreo,code,5,csv,239,809,47.8,no_reversible,False,con_contrato,,,False
o200k_base,muestreo,code,5,toon,404,1319,80.8,reversible,True,autocontenida,,,False
o200k_base,muestreo,code,5,toon_flat,275,897,55.0,reversible,True,con_contrato,,,False
o200k_base,muestreo,code,5,mini,257,812,51.4,reversible_normalizado,True,con_contrato,,,False
o200k_base,muestreo,code,5,xml_tipado,819,2749,163.8,reversible,True,autocontenida,,,False
o200k_base,muestreo,code,5,csv_reversible,284,926,56.8,reversible,True,con_mapa,columnas,223,False
o200k_base,muestreo,code,5,toon_reversible,306,961,61.2,reversible,True,con_mapa,columnas,173,False
cl100k_base,muestreo,code,5,json_pretty,547,1867,109.4,reversible,True,autocontenida,,,False
cl100k_base,muestreo,code,5,json_compact,352,1284,70.4,reversible,True,autocontenida,,,False
cl100k_base,muestreo,code,5,yaml,406,1254,81.2,reversible,True,autocontenida,,,False
cl100k_base,muestreo,code,5,xml,588,1777,117.6,reversible,True,con_contrato,,,False
cl100k_base,muestreo,code,5,csv,241,809,48.2,no_reversible,False,con_contrato,,,False
cl100k_base,muestreo,code,5,toon,406,1319,81.2,reversible,True,autocontenida,,,False
cl100k_base,muestreo,code,5,toon_flat,277,897,55.4,reversible,True,con_contrato,,,False
cl100k_base,muestreo,code,5,mini,263,812,52.6,reversible_normalizado,True,con_contrato,,,False
cl100k_base,muestreo,code,5,xml_tipado,810,2749,162.0,reversible,True,autocontenida,,,False
cl100k_base,muestreo,code,5,csv_reversible,283,926,56.6,reversible,True,con_mapa,columnas,207,False
cl100k_base,muestreo,code,5,toon_reversible,306,961,61.2,reversible,True,con_mapa,columnas,157,False
r50k_base,muestreo,code,5,json_pretty,963,1867,192.6,reversible,True,autocontenida,,,False
r50k_base,muestreo,code,5,json_compact,387,1284,77.4,reversible,True,autocontenida,,,False
r50k_base,muestreo,code,5,yaml,449,1254,89.8,reversible,True,autocontenida,,,False
r50k_base,muestreo,code,5,xml,771,1777,154.2,reversible,True,con_contrato,,,False
r50k_base,muestreo,code,5,csv,279,809,55.8,no_reversible,False,con_contrato,,,False
r50k_base,muestreo,code,5,toon,512,1319,102.4,reversible,True,autocontenida,,,False
r50k_base,muestreo,code,5,toon_flat,318,897,63.6,reversible,True,con_contrato,,,False
r50k_base,muestreo,code,5,mini,301,812,60.2,reversible_normalizado,True,con_contrato,,,False
r50k_base,muestreo,code,5,xml_tipado,860,2749,172.0,reversible,True,autocontenida,,,False
r50k_base,muestreo,code,5,csv_reversible,338,926,67.6,reversible,True,con_mapa,columnas,236,False
r50k_base,muestreo,code,5,toon_reversible,353,961,70.6,reversible,True,con_mapa,columnas,176,False
o200k_base,muestreo,code,10,json_pretty,1080,3609,108.0,reversible,True,autocontenida,,,False
o200k_base,muestreo,code,10,json_compact,715,2467,71.5,reversible,True,autocontenida,,,False
o200k_base,muestreo,code,10,yaml,801,2417,80.1,reversible,True,autocontenida,,,False
o200k_base,muestreo,code,10,xml,1207,3478,120.7,reversible,True,con_contrato,,,False
o200k_base,muestreo,code,10,csv,482,1545,48.2,no_reversible,False,con_contrato,,,False
o200k_base,muestreo,code,10,toon,801,2542,80.1,reversible,True,autocontenida,,,False
o200k_base,muestreo,code,10,toon_flat,524,1646,52.4,reversible,True,con_contrato,,,False
o200k_base,muestreo,code,10,mini,520,1556,52.0,reversible_normalizado,True,con_contrato,,,False
o200k_base,muestreo,code,10,xml_tipado,1592,5245,159.2,reversible,True,autocontenida,,,False
o200k_base,muestreo,code,10,csv_reversible,548,1705,54.8,reversible,True,con_mapa,columnas,247,False
o200k_base,muestreo,code,10,toon_reversible,579,1755,57.9,reversible,True,con_mapa,columnas,192,False
cl100k_base,muestreo,code,10,json_pretty,1068,3609,106.8,reversible,True,autocontenida,,,False
cl100k_base,muestreo,code,10,json_compact,693,2467,69.3,reversible,True,autocontenida,,,False
cl100k_base,muestreo,code,10,yaml,802,2417,80.2,reversible,True,autocontenida,,,False
cl100k_base,muestreo,code,10,xml,1175,3478,117.5,reversible,True,con_contrato,,,False
cl100k_base,muestreo,code,10,csv,483,1545,48.3,no_reversible,False,con_contrato,,,False
cl100k_base,muestreo,code,10,toon,800,2542,80.0,reversible,True,autocontenida,,,False
cl100k_base,muestreo,code,10,toon_flat,525,1646,52.5,reversible,True,con_contrato,,,False
cl100k_base,muestreo,code,10,mini,522,1556,52.2,reversible_normalizado,True,con_contrato,,,False
cl100k_base,muestreo,code,10,xml_tipado,1570,5245,157.0,reversible,True,autocontenida,,,False
cl100k_base,muestreo,code,10,csv_reversible,545,1705,54.5,reversible,True,con_mapa,columnas,229,False
cl100k_base,muestreo,code,10,toon_reversible,577,1755,57.7,reversible,True,con_mapa,columnas,174,False
r50k_base,muestreo,code,10,json_pretty,1883,3609,188.3,reversible,True,autocontenida,,,False
r50k_base,muestreo,code,10,json_compact,754,2467,75.4,reversible,True,autocontenida,,,False
r50k_base,muestreo,code,10,yaml,879,2417,87.9,reversible,True,autocontenida,,,False
r50k_base,muestreo,code,10,xml,1530,3478,153.0,reversible,True,con_contrato,,,False
r50k_base,muestreo,code,10,csv,551,1545,55.1,no_reversible,False,con_contrato,,,False
r50k_base,muestreo,code,10,toon,1004,2542,100.4,reversible,True,autocontenida,,,False
r50k_base,muestreo,code,10,toon_flat,596,1646,59.6,reversible,True,con_contrato,,,False
r50k_base,muestreo,code,10,mini,597,1556,59.7,reversible_normalizado,True,con_contrato,,,False
r50k_base,muestreo,code,10,xml_tipado,1658,5245,165.8,reversible,True,autocontenida,,,False
r50k_base,muestreo,code,10,csv_reversible,645,1705,64.5,reversible,True,con_mapa,columnas,261,False
r50k_base,muestreo,code,10,toon_reversible,666,1755,66.6,reversible,True,con_mapa,columnas,195,False
o200k_base,muestreo,code,12,json_pretty,1282,4303,106.833333,reversible,True,autocontenida,,,False
o200k_base,muestreo,code,12,json_compact,848,2940,70.666667,reversible,True,autocontenida,,,False
o200k_base,muestreo,code,12,yaml,950,2880,79.166667,reversible,True,autocontenida,,,False
o200k_base,muestreo,code,12,xml,1436,4155,119.666667,reversible,True,con_contrato,,,False
o200k_base,muestreo,code,12,csv,569,1842,47.416667,no_reversible,False,con_contrato,,,False
o200k_base,muestreo,code,12,toon,952,3033,79.333333,reversible,True,autocontenida,,,False
o200k_base,muestreo,code,12,toon_flat,613,1947,51.083333,reversible,True,con_contrato,,,False
o200k_base,muestreo,code,12,mini,613,1850,51.083333,reversible_normalizado,True,con_contrato,,,False
o200k_base,muestreo,code,12,xml_tipado,1889,6240,157.416667,reversible,True,autocontenida,,,False
o200k_base,muestreo,code,12,csv_reversible,640,2012,53.333333,reversible,True,con_mapa,columnas,247,False
o200k_base,muestreo,code,12,toon_reversible,673,2066,56.083333,reversible,True,con_mapa,columnas,192,False
cl100k_base,muestreo,code,12,json_pretty,1267,4303,105.583333,reversible,True,autocontenida,,,False
cl100k_base,muestreo,code,12,json_compact,821,2940,68.416667,reversible,True,autocontenida,,,False
cl100k_base,muestreo,code,12,yaml,950,2880,79.166667,reversible,True,autocontenida,,,False
cl100k_base,muestreo,code,12,xml,1397,4155,116.416667,reversible,True,con_contrato,,,False
cl100k_base,muestreo,code,12,csv,569,1842,47.416667,no_reversible,False,con_contrato,,,False
cl100k_base,muestreo,code,12,toon,950,3033,79.166667,reversible,True,autocontenida,,,False
cl100k_base,muestreo,code,12,toon_flat,613,1947,51.083333,reversible,True,con_contrato,,,False
cl100k_base,muestreo,code,12,mini,614,1850,51.166667,reversible_normalizado,True,con_contrato,,,False
cl100k_base,muestreo,code,12,xml_tipado,1862,6240,155.166667,reversible,True,autocontenida,,,False
cl100k_base,muestreo,code,12,csv_reversible,636,2012,53.0,reversible,True,con_mapa,columnas,229,False
cl100k_base,muestreo,code,12,toon_reversible,670,2066,55.833333,reversible,True,con_mapa,columnas,174,False
r50k_base,muestreo,code,12,json_pretty,2237,4303,186.416667,reversible,True,autocontenida,,,False
r50k_base,muestreo,code,12,json_compact,890,2940,74.166667,reversible,True,autocontenida,,,False
r50k_base,muestreo,code,12,yaml,1040,2880,86.666667,reversible,True,autocontenida,,,False
r50k_base,muestreo,code,12,xml,1820,4155,151.666667,reversible,True,con_contrato,,,False
r50k_base,muestreo,code,12,csv,649,1842,54.083333,no_reversible,False,con_contrato,,,False
r50k_base,muestreo,code,12,toon,1191,3033,99.25,reversible,True,autocontenida,,,False
r50k_base,muestreo,code,12,toon_flat,696,1947,58.0,reversible,True,con_contrato,,,False
r50k_base,muestreo,code,12,mini,698,1850,58.166667,reversible_normalizado,True,con_contrato,,,False
r50k_base,muestreo,code,12,xml_tipado,1964,6240,163.666667,reversible,True,autocontenida,,,False
r50k_base,muestreo,code,12,csv_reversible,753,2012,62.75,reversible,True,con_mapa,columnas,261,False
r50k_base,muestreo,code,12,toon_reversible,776,2066,64.666667,reversible,True,con_mapa,columnas,195,False
o200k_base,muestreo,code,25,json_pretty,2634,8878,105.36,reversible,True,autocontenida,,,True
o200k_base,muestreo,code,25,json_compact,1747,6070,69.88,reversible,True,autocontenida,,,True
o200k_base,muestreo,code,25,yaml,1960,5954,78.4,reversible,True,autocontenida,,,True
o200k_base,muestreo,code,25,xml,2978,8622,119.12,reversible,True,con_contrato,,,True
o200k_base,muestreo,code,25,csv,1180,3815,47.2,no_reversible,False,con_contrato,,,True
o200k_base,muestreo,code,25,toon,1963,6271,78.52,reversible,True,autocontenida,,,True
o200k_base,muestreo,code,25,toon_flat,1239,3950,49.56,reversible,True,con_contrato,,,True
o200k_base,muestreo,code,25,mini,1264,3834,50.56,reversible_normalizado,True,con_contrato,,,True
o200k_base,muestreo,code,25,xml_tipado,3869,12772,154.76,reversible,True,autocontenida,,,True
o200k_base,muestreo,code,25,csv_reversible,1283,4051,51.32,reversible,True,con_mapa,columnas,247,True
o200k_base,muestreo,code,25,toon_reversible,1333,4135,53.32,reversible,True,con_mapa,columnas,192,True
cl100k_base,muestreo,code,25,json_pretty,2604,8878,104.16,reversible,True,autocontenida,,,True
cl100k_base,muestreo,code,25,json_compact,1695,6070,67.8,reversible,True,autocontenida,,,True
cl100k_base,muestreo,code,25,yaml,1961,5954,78.44,reversible,True,autocontenida,,,True
cl100k_base,muestreo,code,25,xml,2898,8622,115.92,reversible,True,con_contrato,,,True
cl100k_base,muestreo,code,25,csv,1181,3815,47.24,no_reversible,False,con_contrato,,,True
cl100k_base,muestreo,code,25,toon,1960,6271,78.4,reversible,True,autocontenida,,,True
cl100k_base,muestreo,code,25,toon_flat,1240,3950,49.6,reversible,True,con_contrato,,,True
cl100k_base,muestreo,code,25,mini,1270,3834,50.8,reversible_normalizado,True,con_contrato,,,True
cl100k_base,muestreo,code,25,xml_tipado,3814,12772,152.56,reversible,True,autocontenida,,,True
cl100k_base,muestreo,code,25,csv_reversible,1280,4051,51.2,reversible,True,con_mapa,columnas,229,True
cl100k_base,muestreo,code,25,toon_reversible,1331,4135,53.24,reversible,True,con_mapa,columnas,174,True
r50k_base,muestreo,code,25,json_pretty,4615,8878,184.6,reversible,True,autocontenida,,,True
r50k_base,muestreo,code,25,json_compact,1840,6070,73.6,reversible,True,autocontenida,,,True
r50k_base,muestreo,code,25,yaml,2147,5954,85.88,reversible,True,autocontenida,,,True
r50k_base,muestreo,code,25,xml,3781,8622,151.24,reversible,True,con_contrato,,,True
r50k_base,muestreo,code,25,csv,1348,3815,53.92,no_reversible,False,con_contrato,,,True
r50k_base,muestreo,code,25,toon,2461,6271,98.44,reversible,True,autocontenida,,,True
r50k_base,muestreo,code,25,toon_flat,1410,3950,56.4,reversible,True,con_contrato,,,True
r50k_base,muestreo,code,25,mini,1447,3834,57.88,reversible_normalizado,True,con_contrato,,,True
r50k_base,muestreo,code,25,xml_tipado,4027,12772,161.08,reversible,True,autocontenida,,,True
r50k_base,muestreo,code,25,csv_reversible,1508,4051,60.32,reversible,True,con_mapa,columnas,261,True
r50k_base,muestreo,code,25,toon_reversible,1546,4135,61.84,reversible,True,con_mapa,columnas,195,True
o200k_base,muestreo,code,50,json_pretty,5201,17582,104.02,reversible,True,autocontenida,,,True
o200k_base,muestreo,code,50,json_compact,3448,12015,68.96,reversible,True,autocontenida,,,True
o200k_base,muestreo,code,50,yaml,3873,11791,77.46,reversible,True,autocontenida,,,True
o200k_base,muestreo,code,50,xml,5910,17132,118.2,reversible,True,con_contrato,,,True
o200k_base,muestreo,code,50,csv,2326,7535,46.52,no_reversible,False,con_contrato,,,True
o200k_base,muestreo,code,50,toon,3878,12419,77.56,reversible,True,autocontenida,,,True
o200k_base,muestreo,code,50,toon_flat,2415,7730,48.3,reversible,True,con_contrato,,,True
o200k_base,muestreo,code,50,mini,2486,7568,49.72,reversible_normalizado,True,con_contrato,,,True
o200k_base,muestreo,code,50,xml_tipado,7641,25241,152.82,reversible,True,autocontenida,,,True
o200k_base,muestreo,code,50,csv_reversible,2489,7897,49.78,reversible,True,con_mapa,columnas,247,True
o200k_base,muestreo,code,50,toon_reversible,2574,8041,51.48,reversible,True,con_mapa,columnas,192,True
cl100k_base,muestreo,code,50,json_pretty,5140,17582,102.8,reversible,True,autocontenida,,,True
cl100k_base,muestreo,code,50,json_compact,3347,12015,66.94,reversible,True,autocontenida,,,True
cl100k_base,muestreo,code,50,yaml,3874,11791,77.48,reversible,True,autocontenida,,,True
cl100k_base,muestreo,code,50,xml,5749,17132,114.98,reversible,True,con_contrato,,,True
cl100k_base,muestreo,code,50,csv,2327,7535,46.54,no_reversible,False,con_contrato,,,True
cl100k_base,muestreo,code,50,toon,3871,12419,77.42,reversible,True,autocontenida,,,True
cl100k_base,muestreo,code,50,toon_flat,2416,7730,48.32,reversible,True,con_contrato,,,True
cl100k_base,muestreo,code,50,mini,2493,7568,49.86,reversible_normalizado,True,con_contrato,,,True
cl100k_base,muestreo,code,50,xml_tipado,7530,25241,150.6,reversible,True,autocontenida,,,True
cl100k_base,muestreo,code,50,csv_reversible,2486,7897,49.72,reversible,True,con_mapa,columnas,229,True
cl100k_base,muestreo,code,50,toon_reversible,2572,8041,51.44,reversible,True,con_mapa,columnas,174,True
r50k_base,muestreo,code,50,json_pretty,9131,17582,182.62,reversible,True,autocontenida,,,True
r50k_base,muestreo,code,50,json_compact,3630,12015,72.6,reversible,True,autocontenida,,,True
r50k_base,muestreo,code,50,yaml,4241,11791,84.82,reversible,True,autocontenida,,,True
r50k_base,muestreo,code,50,xml,7510,17132,150.2,reversible,True,con_contrato,,,True
r50k_base,muestreo,code,50,csv,2656,7535,53.12,no_reversible,False,con_contrato,,,True
r50k_base,muestreo,code,50,toon,4867,12419,97.34,reversible,True,autocontenida,,,True
r50k_base,muestreo,code,50,toon_flat,2748,7730,54.96,reversible,True,con_contrato,,,True
r50k_base,muestreo,code,50,mini,2842,7568,56.84,reversible_normalizado,True,con_contrato,,,True
r50k_base,muestreo,code,50,xml_tipado,7951,25241,159.02,reversible,True,autocontenida,,,True
r50k_base,muestreo,code,50,csv_reversible,2924,7897,58.48,reversible,True,con_mapa,columnas,261,True
r50k_base,muestreo,code,50,toon_reversible,2992,8041,59.84,reversible,True,con_mapa,columnas,195,True
o200k_base,muestreo,code,100,json_pretty,10377,35154,103.77,reversible,True,autocontenida,,,True
o200k_base,muestreo,code,100,json_compact,6881,24021,68.81,reversible,True,autocontenida,,,True
o200k_base,muestreo,code,100,yaml,7734,23581,77.34,reversible,True,autocontenida,,,True
o200k_base,muestreo,code,100,xml,11817,34286,118.17,reversible,True,con_contrato,,,True
o200k_base,muestreo,code,100,csv,4646,15089,46.46,no_reversible,False,con_contrato,,,True
o200k_base,muestreo,code,100,toon,7742,24835,77.42,reversible,True,autocontenida,,,True
o200k_base,muestreo,code,100,toon_flat,4792,15399,47.92,reversible,True,con_contrato,,,True
o200k_base,muestreo,code,100,mini,4959,15151,49.59,reversible_normalizado,True,con_contrato,,,True
o200k_base,muestreo,code,100,xml_tipado,15234,50343,152.34,reversible,True,autocontenida,,,True
o200k_base,muestreo,code,100,csv_reversible,4929,15699,49.29,reversible,True,con_mapa,columnas,247,True
o200k_base,muestreo,code,100,toon_reversible,5078,15958,50.78,reversible,True,con_mapa,columnas,192,True
cl100k_base,muestreo,code,100,json_pretty,10252,35154,102.52,reversible,True,autocontenida,,,True
cl100k_base,muestreo,code,100,json_compact,6677,24021,66.77,reversible,True,autocontenida,,,True
cl100k_base,muestreo,code,100,yaml,7733,23581,77.33,reversible,True,autocontenida,,,True
cl100k_base,muestreo,code,100,xml,11491,34286,114.91,reversible,True,con_contrato,,,True
cl100k_base,muestreo,code,100,csv,4645,15089,46.45,no_reversible,False,con_contrato,,,True
cl100k_base,muestreo,code,100,toon,7724,24835,77.24,reversible,True,autocontenida,,,True
cl100k_base,muestreo,code,100,toon_flat,4791,15399,47.91,reversible,True,con_contrato,,,True
cl100k_base,muestreo,code,100,mini,4969,15151,49.69,reversible_normalizado,True,con_contrato,,,True
cl100k_base,muestreo,code,100,xml_tipado,15008,50343,150.08,reversible,True,autocontenida,,,True
cl100k_base,muestreo,code,100,csv_reversible,4924,15699,49.24,reversible,True,con_mapa,columnas,229,True
cl100k_base,muestreo,code,100,toon_reversible,5074,15958,50.74,reversible,True,con_mapa,columnas,174,True
r50k_base,muestreo,code,100,json_pretty,18239,35154,182.39,reversible,True,autocontenida,,,True
r50k_base,muestreo,code,100,json_compact,7239,24021,72.39,reversible,True,autocontenida,,,True
r50k_base,muestreo,code,100,yaml,8463,23581,84.63,reversible,True,autocontenida,,,True
r50k_base,muestreo,code,100,xml,15011,34286,150.11,reversible,True,con_contrato,,,True
r50k_base,muestreo,code,100,csv,5298,15089,52.98,no_reversible,False,con_contrato,,,True
r50k_base,muestreo,code,100,toon,9713,24835,97.13,reversible,True,autocontenida,,,True
r50k_base,muestreo,code,100,toon_flat,5447,15399,54.47,reversible,True,con_contrato,,,True
r50k_base,muestreo,code,100,mini,5662,15151,56.62,reversible_normalizado,True,con_contrato,,,True
r50k_base,muestreo,code,100,xml_tipado,15845,50343,158.45,reversible,True,autocontenida,,,True
r50k_base,muestreo,code,100,csv_reversible,5782,15699,57.82,reversible,True,con_mapa,columnas,261,True
r50k_base,muestreo,code,100,toon_reversible,5907,15958,59.07,reversible,True,con_mapa,columnas,195,True
o200k_base,muestreo,code,250,json_pretty,25814,87699,103.256,reversible,True,autocontenida,,,True
o200k_base,muestreo,code,250,json_compact,17110,59957,68.44,reversible,True,autocontenida,,,True
o200k_base,muestreo,code,250,yaml,19235,58867,76.94,reversible,True,autocontenida,,,True
o200k_base,muestreo,code,250,xml,29440,85628,117.76,reversible,True,con_contrato,,,True
o200k_base,muestreo,code,250,csv,11535,37675,46.14,no_reversible,False,con_contrato,,,True
o200k_base,muestreo,code,250,toon,19255,61993,77.02,reversible,True,autocontenida,,,True
o200k_base,muestreo,code,250,toon_flat,11857,38337,47.428,reversible,True,con_contrato,,,True
o200k_base,muestreo,code,250,mini,12306,37818,49.224,reversible_normalizado,True,con_contrato,,,True
o200k_base,muestreo,code,250,xml_tipado,37905,125475,151.62,reversible,True,autocontenida,,,True
o200k_base,muestreo,code,250,csv_reversible,12183,39035,48.732,reversible,True,con_mapa,columnas,247,True
o200k_base,muestreo,code,250,toon_reversible,12534,39646,50.136,reversible,True,con_mapa,columnas,192,True
cl100k_base,muestreo,code,250,json_pretty,25502,87699,102.008,reversible,True,autocontenida,,,True
cl100k_base,muestreo,code,250,json_compact,16608,59957,66.432,reversible,True,autocontenida,,,True
cl100k_base,muestreo,code,250,yaml,19236,58867,76.944,reversible,True,autocontenida,,,True
cl100k_base,muestreo,code,250,xml,28628,85628,114.512,reversible,True,con_contrato,,,True
cl100k_base,muestreo,code,250,csv,11535,37675,46.14,no_reversible,False,con_contrato,,,True
cl100k_base,muestreo,code,250,toon,19214,61993,76.856,reversible,True,autocontenida,,,True
cl100k_base,muestreo,code,250,toon_flat,11857,38337,47.428,reversible,True,con_contrato,,,True
cl100k_base,muestreo,code,250,mini,12328,37818,49.312,reversible_normalizado,True,con_contrato,,,True
cl100k_base,muestreo,code,250,xml_tipado,37343,125475,149.372,reversible,True,autocontenida,,,True
cl100k_base,muestreo,code,250,csv_reversible,12179,39035,48.716,reversible,True,con_mapa,columnas,229,True
cl100k_base,muestreo,code,250,toon_reversible,12531,39646,50.124,reversible,True,con_mapa,columnas,174,True
r50k_base,muestreo,code,250,json_pretty,45415,87699,181.66,reversible,True,autocontenida,,,True
r50k_base,muestreo,code,250,json_compact,18007,59957,72.028,reversible,True,autocontenida,,,True
r50k_base,muestreo,code,250,yaml,21054,58867,84.216,reversible,True,autocontenida,,,True
r50k_base,muestreo,code,250,xml,37423,85628,149.692,reversible,True,con_contrato,,,True
r50k_base,muestreo,code,250,csv,13164,37675,52.656,no_reversible,False,con_contrato,,,True
r50k_base,muestreo,code,250,toon,24178,61993,96.712,reversible,True,autocontenida,,,True
r50k_base,muestreo,code,250,toon_flat,13489,38337,53.956,reversible,True,con_contrato,,,True
r50k_base,muestreo,code,250,mini,14055,37818,56.22,reversible_normalizado,True,con_contrato,,,True
r50k_base,muestreo,code,250,xml_tipado,39431,125475,157.724,reversible,True,autocontenida,,,True
r50k_base,muestreo,code,250,csv_reversible,14298,39035,57.192,reversible,True,con_mapa,columnas,261,True
r50k_base,muestreo,code,250,toon_reversible,14599,39646,58.396,reversible,True,con_mapa,columnas,195,True
o200k_base,muestreo,log,1,json_pretty,141,404,141.0,reversible,True,autocontenida,,,False
o200k_base,muestreo,log,1,json_compact,92,272,92.0,reversible,True,autocontenida,,,False
o200k_base,muestreo,log,1,yaml,103,262,103.0,reversible,True,autocontenida,,,False
o200k_base,muestreo,log,1,xml,125,322,125.0,reversible,True,con_contrato,,,False
o200k_base,muestreo,log,1,csv,57,156,57.0,no_reversible,False,con_contrato,,,False
o200k_base,muestreo,log,1,toon,104,279,104.0,reversible,True,autocontenida,,,False
o200k_base,muestreo,log,1,toon_flat,89,237,89.0,reversible,True,con_contrato,,,False
o200k_base,muestreo,log,1,mini,69,151,69.0,reversible_normalizado,True,con_contrato,,,False
o200k_base,muestreo,log,1,xml_tipado,216,691,216.0,reversible,True,autocontenida,,,False
o200k_base,muestreo,log,1,csv_reversible,89,249,89.0,reversible,True,con_mapa,columnas,195,False
o200k_base,muestreo,log,1,toon_reversible,101,271,101.0,reversible,True,con_mapa,celdas,87,False
cl100k_base,muestreo,log,1,json_pretty,141,404,141.0,reversible,True,autocontenida,,,False
cl100k_base,muestreo,log,1,json_compact,89,272,89.0,reversible,True,autocontenida,,,False
cl100k_base,muestreo,log,1,yaml,103,262,103.0,reversible,True,autocontenida,,,False
cl100k_base,muestreo,log,1,xml,124,322,124.0,reversible,True,con_contrato,,,False
cl100k_base,muestreo,log,1,csv,57,156,57.0,no_reversible,False,con_contrato,,,False
cl100k_base,muestreo,log,1,toon,104,279,104.0,reversible,True,autocontenida,,,False
cl100k_base,muestreo,log,1,toon_flat,89,237,89.0,reversible,True,con_contrato,,,False
cl100k_base,muestreo,log,1,mini,69,151,69.0,reversible_normalizado,True,con_contrato,,,False
cl100k_base,muestreo,log,1,xml_tipado,215,691,215.0,reversible,True,autocontenida,,,False
cl100k_base,muestreo,log,1,csv_reversible,88,249,88.0,reversible,True,con_mapa,columnas,184,False
cl100k_base,muestreo,log,1,toon_reversible,101,271,101.0,reversible,True,con_mapa,celdas,78,False
r50k_base,muestreo,log,1,json_pretty,223,404,223.0,reversible,True,autocontenida,,,False
r50k_base,muestreo,log,1,json_compact,93,272,93.0,reversible,True,autocontenida,,,False
r50k_base,muestreo,log,1,yaml,111,262,111.0,reversible,True,autocontenida,,,False
r50k_base,muestreo,log,1,xml,154,322,154.0,reversible,True,con_contrato,,,False
r50k_base,muestreo,log,1,csv,65,156,65.0,no_reversible,False,con_contrato,,,False
r50k_base,muestreo,log,1,toon,127,279,127.0,reversible,True,autocontenida,,,False
r50k_base,muestreo,log,1,toon_flat,101,237,101.0,reversible,True,con_contrato,,,False
r50k_base,muestreo,log,1,mini,73,151,73.0,reversible_normalizado,True,con_contrato,,,False
r50k_base,muestreo,log,1,xml_tipado,225,691,225.0,reversible,True,autocontenida,,,False
r50k_base,muestreo,log,1,csv_reversible,107,251,107.0,reversible,True,con_mapa,celdas,138,False
r50k_base,muestreo,log,1,toon_reversible,115,271,115.0,reversible,True,con_mapa,celdas,90,False
o200k_base,muestreo,log,5,json_pretty,506,1536,101.2,reversible,True,autocontenida,,,False
o200k_base,muestreo,log,5,json_compact,333,1035,66.6,reversible,True,autocontenida,,,False
o200k_base,muestreo,log,5,yaml,387,1011,77.4,reversible,True,autocontenida,,,False
o200k_base,muestreo,log,5,xml,526,1413,105.2,reversible,True,con_contrato,,,False
o200k_base,muestreo,log,5,csv,216,561,43.2,no_reversible,False,con_contrato,,,False
o200k_base,muestreo,log,5,toon,394,1094,78.8,reversible,True,autocontenida,,,False
o200k_base,muestreo,log,5,toon_flat,263,674,52.6,reversible,True,con_contrato,,,False
o200k_base,muestreo,log,5,mini,233,556,46.6,reversible_normalizado,True,con_contrato,,,False
o200k_base,muestreo,log,5,xml_tipado,775,2462,155.0,reversible,True,autocontenida,,,False
o200k_base,muestreo,log,5,csv_reversible,257,668,51.4,reversible,True,con_mapa,columnas,195,False
o200k_base,muestreo,log,5,toon_reversible,282,720,56.4,reversible,True,con_mapa,columnas,150,False
cl100k_base,muestreo,log,5,json_pretty,506,1536,101.2,reversible,True,autocontenida,,,False
cl100k_base,muestreo,log,5,json_compact,326,1035,65.2,reversible,True,autocontenida,,,False
cl100k_base,muestreo,log,5,yaml,387,1011,77.4,reversible,True,autocontenida,,,False
cl100k_base,muestreo,log,5,xml,521,1413,104.2,reversible,True,con_contrato,,,False
cl100k_base,muestreo,log,5,csv,216,561,43.2,no_reversible,False,con_contrato,,,False
cl100k_base,muestreo,log,5,toon,394,1094,78.8,reversible,True,autocontenida,,,False
cl100k_base,muestreo,log,5,toon_flat,263,674,52.6,reversible,True,con_contrato,,,False
cl100k_base,muestreo,log,5,mini,233,556,46.6,reversible_normalizado,True,con_contrato,,,False
cl100k_base,muestreo,log,5,xml_tipado,770,2462,154.0,reversible,True,autocontenida,,,False
cl100k_base,muestreo,log,5,csv_reversible,256,668,51.2,reversible,True,con_mapa,columnas,184,False
cl100k_base,muestreo,log,5,toon_reversible,282,720,56.4,reversible,True,con_mapa,columnas,139,False
r50k_base,muestreo,log,5,json_pretty,840,1536,168.0,reversible,True,autocontenida,,,False
r50k_base,muestreo,log,5,json_compact,349,1035,69.8,reversible,True,autocontenida,,,False
r50k_base,muestreo,log,5,yaml,419,1011,83.8,reversible,True,autocontenida,,,False
r50k_base,muestreo,log,5,xml,672,1413,134.4,reversible,True,con_contrato,,,False
r50k_base,muestreo,log,5,csv,247,561,49.4,no_reversible,False,con_contrato,,,False
r50k_base,muestreo,log,5,toon,498,1094,99.6,reversible,True,autocontenida,,,False
r50k_base,muestreo,log,5,toon_flat,293,674,58.6,reversible,True,con_contrato,,,False
r50k_base,muestreo,log,5,mini,255,556,51.0,reversible_normalizado,True,con_contrato,,,False
r50k_base,muestreo,log,5,xml_tipado,805,2462,161.0,reversible,True,autocontenida,,,False
r50k_base,muestreo,log,5,csv_reversible,298,668,59.6,reversible,True,con_mapa,columnas,208,False
r50k_base,muestreo,log,5,toon_reversible,315,720,63.0,reversible,True,con_mapa,columnas,154,False
o200k_base,muestreo,log,10,json_pretty,959,2886,95.9,reversible,True,autocontenida,,,False
o200k_base,muestreo,log,10,json_compact,632,1935,63.2,reversible,True,autocontenida,,,False
o200k_base,muestreo,log,10,yaml,741,1891,74.1,reversible,True,autocontenida,,,False
o200k_base,muestreo,log,10,xml,1035,2772,103.5,reversible,True,con_contrato,,,False
o200k_base,muestreo,log,10,csv,416,1026,41.6,no_reversible,False,con_contrato,,,False
o200k_base,muestreo,log,10,toon,758,2064,75.8,reversible,True,autocontenida,,,False
o200k_base,muestreo,log,10,toon_flat,480,1174,48.0,reversible,True,con_contrato,,,False
o200k_base,muestreo,log,10,mini,441,1018,44.1,reversible_normalizado,True,con_contrato,,,False
o200k_base,muestreo,log,10,xml_tipado,1468,4618,146.8,reversible,True,autocontenida,,,False
o200k_base,muestreo,log,10,csv_reversible,467,1147,46.7,reversible,True,con_mapa,columnas,195,False
o200k_base,muestreo,log,10,toon_reversible,504,1230,50.4,reversible,True,con_mapa,columnas,150,False
cl100k_base,muestreo,log,10,json_pretty,960,2886,96.0,reversible,True,autocontenida,,,False
cl100k_base,muestreo,log,10,json_compact,621,1935,62.1,reversible,True,autocontenida,,,False
cl100k_base,muestreo,log,10,yaml,743,1891,74.3,reversible,True,autocontenida,,,False
cl100k_base,muestreo,log,10,xml,1026,2772,102.6,reversible,True,con_contrato,,,False
cl100k_base,muestreo,log,10,csv,417,1026,41.7,no_reversible,False,con_contrato,,,False
cl100k_base,muestreo,log,10,toon,760,2064,76.0,reversible,True,autocontenida,,,False
cl100k_base,muestreo,log,10,toon_flat,481,1174,48.1,reversible,True,con_contrato,,,False
cl100k_base,muestreo,log,10,mini,442,1018,44.2,reversible_normalizado,True,con_contrato,,,False
cl100k_base,muestreo,log,10,xml_tipado,1459,4618,145.9,reversible,True,autocontenida,,,False
cl100k_base,muestreo,log,10,csv_reversible,467,1147,46.7,reversible,True,con_mapa,columnas,184,False
cl100k_base,muestreo,log,10,toon_reversible,505,1230,50.5,reversible,True,con_mapa,columnas,139,False
r50k_base,muestreo,log,10,json_pretty,1587,2886,158.7,reversible,True,autocontenida,,,False
r50k_base,muestreo,log,10,json_compact,656,1935,65.6,reversible,True,autocontenida,,,False
r50k_base,muestreo,log,10,yaml,789,1891,78.9,reversible,True,autocontenida,,,False
r50k_base,muestreo,log,10,xml,1324,2772,132.4,reversible,True,con_contrato,,,False
r50k_base,muestreo,log,10,csv,463,1026,46.3,no_reversible,False,con_contrato,,,False
r50k_base,muestreo,log,10,toon,953,2064,95.3,reversible,True,autocontenida,,,False
r50k_base,muestreo,log,10,toon_flat,520,1174,52.0,reversible,True,con_contrato,,,False
r50k_base,muestreo,log,10,mini,471,1018,47.1,reversible_normalizado,True,con_contrato,,,False
r50k_base,muestreo,log,10,xml_tipado,1512,4618,151.2,reversible,True,autocontenida,,,False
r50k_base,muestreo,log,10,csv_reversible,525,1147,52.5,reversible,True,con_mapa,columnas,208,False
r50k_base,muestreo,log,10,toon_reversible,552,1230,55.2,reversible,True,con_mapa,columnas,154,False
o200k_base,muestreo,log,12,json_pretty,1144,3478,95.333333,reversible,True,autocontenida,,,False
o200k_base,muestreo,log,12,json_compact,755,2338,62.916667,reversible,True,autocontenida,,,False
o200k_base,muestreo,log,12,yaml,887,2288,73.916667,reversible,True,autocontenida,,,False
o200k_base,muestreo,log,12,xml,1230,3305,102.5,reversible,True,con_contrato,,,False
o200k_base,muestreo,log,12,csv,496,1245,41.333333,no_reversible,False,con_contrato,,,False
o200k_base,muestreo,log,12,toon,906,2493,75.5,reversible,True,autocontenida,,,False
o200k_base,muestreo,log,12,toon_flat,568,1413,47.333333,reversible,True,con_contrato,,,False
o200k_base,muestreo,log,12,mini,524,1237,43.666667,reversible_normalizado,True,con_contrato,,,False
o200k_base,muestreo,log,12,xml_tipado,1751,5525,145.916667,reversible,True,autocontenida,,,False
o200k_base,muestreo,log,12,csv_reversible,551,1376,45.916667,reversible,True,con_mapa,columnas,195,False
o200k_base,muestreo,log,12,toon_reversible,593,1473,49.416667,reversible,True,con_mapa,columnas,150,False
cl100k_base,muestreo,log,12,json_pretty,1144,3478,95.333333,reversible,True,autocontenida,,,False
cl100k_base,muestreo,log,12,json_compact,741,2338,61.75,reversible,True,autocontenida,,,False
cl100k_base,muestreo,log,12,yaml,888,2288,74.0,reversible,True,autocontenida,,,False
cl100k_base,muestreo,log,12,xml,1218,3305,101.5,reversible,True,con_contrato,,,False
cl100k_base,muestreo,log,12,csv,496,1245,41.333333,no_reversible,False,con_contrato,,,False
cl100k_base,muestreo,log,12,toon,907,2493,75.583333,reversible,True,autocontenida,,,False
cl100k_base,muestreo,log,12,toon_flat,568,1413,47.333333,reversible,True,con_contrato,,,False
cl100k_base,muestreo,log,12,mini,524,1237,43.666667,reversible_normalizado,True,con_contrato,,,False
cl100k_base,muestreo,log,12,xml_tipado,1739,5525,144.916667,reversible,True,autocontenida,,,False
cl100k_base,muestreo,log,12,csv_reversible,550,1376,45.833333,reversible,True,con_mapa,columnas,184,False
cl100k_base,muestreo,log,12,toon_reversible,593,1473,49.416667,reversible,True,con_mapa,columnas,139,False
r50k_base,muestreo,log,12,json_pretty,1904,3478,158.666667,reversible,True,autocontenida,,,False
r50k_base,muestreo,log,12,json_compact,788,2338,65.666667,reversible,True,autocontenida,,,False
r50k_base,muestreo,log,12,yaml,948,2288,79.0,reversible,True,autocontenida,,,False
r50k_base,muestreo,log,12,xml,1574,3305,131.166667,reversible,True,con_contrato,,,False
r50k_base,muestreo,log,12,csv,557,1245,46.416667,no_reversible,False,con_contrato,,,False
r50k_base,muestreo,log,12,toon,1142,2493,95.166667,reversible,True,autocontenida,,,False
r50k_base,muestreo,log,12,toon_flat,620,1413,51.666667,reversible,True,con_contrato,,,False
r50k_base,muestreo,log,12,mini,565,1237,47.083333,reversible_normalizado,True,con_contrato,,,False
r50k_base,muestreo,log,12,xml_tipado,1808,5525,150.666667,reversible,True,autocontenida,,,False
r50k_base,muestreo,log,12,csv_reversible,623,1376,51.916667,reversible,True,con_mapa,columnas,208,False
r50k_base,muestreo,log,12,toon_reversible,654,1473,54.5,reversible,True,con_mapa,columnas,154,False
o200k_base,muestreo,log,25,json_pretty,2333,7135,93.32,reversible,True,autocontenida,,,True
o200k_base,muestreo,log,25,json_compact,1542,4798,61.68,reversible,True,autocontenida,,,True
o200k_base,muestreo,log,25,yaml,1818,4702,72.72,reversible,True,autocontenida,,,True
o200k_base,muestreo,log,25,xml,2529,6812,101.16,reversible,True,con_contrato,,,True
o200k_base,muestreo,log,25,csv,1013,2544,40.52,no_reversible,False,con_contrato,,,True
o200k_base,muestreo,log,25,toon,1857,5126,74.28,reversible,True,autocontenida,,,True
o200k_base,muestreo,log,25,toon_flat,1133,2818,45.32,reversible,True,con_contrato,,,True
o200k_base,muestreo,log,25,mini,1063,2532,42.52,reversible_normalizado,True,con_contrato,,,True
o200k_base,muestreo,log,25,xml_tipado,3568,11257,142.72,reversible,True,autocontenida,,,True
o200k_base,muestreo,log,25,csv_reversible,1095,2723,43.8,reversible,True,con_mapa,columnas,195,True
o200k_base,muestreo,log,25,toon_reversible,1168,2904,46.72,reversible,True,con_mapa,columnas,150,True
cl100k_base,muestreo,log,25,json_pretty,2332,7135,93.28,reversible,True,autocontenida,,,True
cl100k_base,muestreo,log,25,json_compact,1514,4798,60.56,reversible,True,autocontenida,,,True
cl100k_base,muestreo,log,25,yaml,1819,4702,72.76,reversible,True,autocontenida,,,True
cl100k_base,muestreo,log,25,xml,2503,6812,100.12,reversible,True,con_contrato,,,True
cl100k_base,muestreo,log,25,csv,1012,2544,40.48,no_reversible,False,con_contrato,,,True
cl100k_base,muestreo,log,25,toon,1858,5126,74.32,reversible,True,autocontenida,,,True
cl100k_base,muestreo,log,25,toon_flat,1132,2818,45.28,reversible,True,con_contrato,,,True
cl100k_base,muestreo,log,25,mini,1062,2532,42.48,reversible_normalizado,True,con_contrato,,,True
cl100k_base,muestreo,log,25,xml_tipado,3542,11257,141.68,reversible,True,autocontenida,,,True
cl100k_base,muestreo,log,25,csv_reversible,1093,2723,43.72,reversible,True,con_mapa,columnas,184,True
cl100k_base,muestreo,log,25,toon_reversible,1167,2904,46.68,reversible,True,con_mapa,columnas,139,True
r50k_base,muestreo,log,25,json_pretty,3901,7135,156.04,reversible,True,autocontenida,,,True
r50k_base,muestreo,log,25,json_compact,1614,4798,64.56,reversible,True,autocontenida,,,True
r50k_base,muestreo,log,25,yaml,1942,4702,77.68,reversible,True,autocontenida,,,True
r50k_base,muestreo,log,25,xml,3243,6812,129.72,reversible,True,con_contrato,,,True
r50k_base,muestreo,log,25,csv,1142,2544,45.68,no_reversible,False,con_contrato,,,True
r50k_base,muestreo,log,25,toon,2345,5126,93.8,reversible,True,autocontenida,,,True
r50k_base,muestreo,log,25,toon_flat,1238,2818,49.52,reversible,True,con_contrato,,,True
r50k_base,muestreo,log,25,mini,1150,2532,46.0,reversible_normalizado,True,con_contrato,,,True
r50k_base,muestreo,log,25,xml_tipado,3686,11257,147.44,reversible,True,autocontenida,,,True
r50k_base,muestreo,log,25,csv_reversible,1235,2723,49.4,reversible,True,con_mapa,columnas,208,True
r50k_base,muestreo,log,25,toon_reversible,1292,2904,51.68,reversible,True,con_mapa,columnas,154,True
o200k_base,muestreo,log,50,json_pretty,4624,14119,92.48,reversible,True,autocontenida,,,True
o200k_base,muestreo,log,50,json_compact,3057,9478,61.14,reversible,True,autocontenida,,,True
o200k_base,muestreo,log,50,yaml,3611,9294,72.22,reversible,True,autocontenida,,,True
o200k_base,muestreo,log,50,xml,5054,13595,101.08,reversible,True,con_contrato,,,True
o200k_base,muestreo,log,50,csv,2014,5003,40.28,no_reversible,False,con_contrato,,,True
o200k_base,muestreo,log,50,toon,3688,10141,73.76,reversible,True,autocontenida,,,True
o200k_base,muestreo,log,50,toon_flat,2226,5471,44.52,reversible,True,con_contrato,,,True
o200k_base,muestreo,log,50,mini,2105,4981,42.1,reversible_normalizado,True,con_contrato,,,True
o200k_base,muestreo,log,50,xml_tipado,7067,22241,141.34,reversible,True,autocontenida,,,True
o200k_base,muestreo,log,50,csv_reversible,2146,5264,42.92,reversible,True,con_mapa,columnas,195,True
o200k_base,muestreo,log,50,toon_reversible,2280,5607,45.6,reversible,True,con_mapa,columnas,150,True
cl100k_base,muestreo,log,50,json_pretty,4624,14119,92.48,reversible,True,autocontenida,,,True
cl100k_base,muestreo,log,50,json_compact,3005,9478,60.1,reversible,True,autocontenida,,,True
cl100k_base,muestreo,log,50,yaml,3615,9294,72.3,reversible,True,autocontenida,,,True
cl100k_base,muestreo,log,50,xml,5004,13595,100.08,reversible,True,con_contrato,,,True
cl100k_base,muestreo,log,50,csv,2014,5003,40.28,no_reversible,False,con_contrato,,,True
cl100k_base,muestreo,log,50,toon,3692,10141,73.84,reversible,True,autocontenida,,,True
cl100k_base,muestreo,log,50,toon_flat,2226,5471,44.52,reversible,True,con_contrato,,,True
cl100k_base,muestreo,log,50,mini,2105,4981,42.1,reversible_normalizado,True,con_contrato,,,True
cl100k_base,muestreo,log,50,xml_tipado,7017,22241,140.34,reversible,True,autocontenida,,,True
cl100k_base,muestreo,log,50,csv_reversible,2145,5264,42.9,reversible,True,con_mapa,columnas,184,True
cl100k_base,muestreo,log,50,toon_reversible,2280,5607,45.6,reversible,True,con_mapa,columnas,139,True
r50k_base,muestreo,log,50,json_pretty,7739,14119,154.78,reversible,True,autocontenida,,,True
r50k_base,muestreo,log,50,json_compact,3198,9478,63.96,reversible,True,autocontenida,,,True
r50k_base,muestreo,log,50,yaml,3851,9294,77.02,reversible,True,autocontenida,,,True
r50k_base,muestreo,log,50,xml,6486,13595,129.72,reversible,True,con_contrato,,,True
r50k_base,muestreo,log,50,csv,2265,5003,45.3,no_reversible,False,con_contrato,,,True
r50k_base,muestreo,log,50,toon,4658,10141,93.16,reversible,True,autocontenida,,,True
r50k_base,muestreo,log,50,toon_flat,2422,5471,48.44,reversible,True,con_contrato,,,True
r50k_base,muestreo,log,50,mini,2273,4981,45.46,reversible_normalizado,True,con_contrato,,,True
r50k_base,muestreo,log,50,xml_tipado,7294,22241,145.88,reversible,True,autocontenida,,,True
r50k_base,muestreo,log,50,csv_reversible,2407,5264,48.14,reversible,True,con_mapa,columnas,208,True
r50k_base,muestreo,log,50,toon_reversible,2514,5607,50.28,reversible,True,con_mapa,columnas,154,True
o200k_base,muestreo,log,100,json_pretty,9212,28213,92.12,reversible,True,autocontenida,,,True
o200k_base,muestreo,log,100,json_compact,6095,18955,60.95,reversible,True,autocontenida,,,True
o200k_base,muestreo,log,100,yaml,7202,18597,72.02,reversible,True,autocontenida,,,True
o200k_base,muestreo,log,100,xml,10076,27138,100.76,reversible,True,con_contrato,,,True
o200k_base,muestreo,log,100,csv,4018,10016,40.18,no_reversible,False,con_contrato,,,True
o200k_base,muestreo,log,100,toon,7353,20285,73.53,reversible,True,autocontenida,,,True
o200k_base,muestreo,log,100,toon_flat,4413,10889,44.13,reversible,True,con_contrato,,,True
o200k_base,muestreo,log,100,mini,4191,9979,41.91,reversible_normalizado,True,con_contrato,,,True
o200k_base,muestreo,log,100,xml_tipado,14073,44318,140.73,reversible,True,autocontenida,,,True
o200k_base,muestreo,log,100,csv_reversible,4250,10455,42.5,reversible,True,con_mapa,columnas,195,True
o200k_base,muestreo,log,100,toon_reversible,4504,11125,45.04,reversible,True,con_mapa,columnas,150,True
cl100k_base,muestreo,log,100,json_pretty,9212,28213,92.12,reversible,True,autocontenida,,,True
cl100k_base,muestreo,log,100,json_compact,5993,18955,59.93,reversible,True,autocontenida,,,True
cl100k_base,muestreo,log,100,yaml,7211,18597,72.11,reversible,True,autocontenida,,,True
cl100k_base,muestreo,log,100,xml,9976,27138,99.76,reversible,True,con_contrato,,,True
cl100k_base,muestreo,log,100,csv,4018,10016,40.18,no_reversible,False,con_contrato,,,True
cl100k_base,muestreo,log,100,toon,7362,20285,73.62,reversible,True,autocontenida,,,True
cl100k_base,muestreo,log,100,toon_flat,4413,10889,44.13,reversible,True,con_contrato,,,True
cl100k_base,muestreo,log,100,mini,4191,9979,41.91,reversible_normalizado,True,con_contrato,,,True
cl100k_base,muestreo,log,100,xml_tipado,13973,44318,139.73,reversible,True,autocontenida,,,True
cl100k_base,muestreo,log,100,csv_reversible,4249,10455,42.49,reversible,True,con_mapa,columnas,184,True
cl100k_base,muestreo,log,100,toon_reversible,4504,11125,45.04,reversible,True,con_mapa,columnas,139,True
r50k_base,muestreo,log,100,json_pretty,15445,28213,154.45,reversible,True,autocontenida,,,True
r50k_base,muestreo,log,100,json_compact,6387,18955,63.87,reversible,True,autocontenida,,,True
r50k_base,muestreo,log,100,yaml,7691,18597,76.91,reversible,True,autocontenida,,,True
r50k_base,muestreo,log,100,xml,12937,27138,129.37,reversible,True,con_contrato,,,True
r50k_base,muestreo,log,100,csv,4528,10016,45.28,no_reversible,False,con_contrato,,,True
r50k_base,muestreo,log,100,toon,9300,20285,93.0,reversible,True,autocontenida,,,True
r50k_base,muestreo,log,100,toon_flat,4811,10889,48.11,reversible,True,con_contrato,,,True
r50k_base,muestreo,log,100,mini,4536,9979,45.36,reversible_normalizado,True,con_contrato,,,True
r50k_base,muestreo,log,100,xml_tipado,14535,44318,145.35,reversible,True,autocontenida,,,True
r50k_base,muestreo,log,100,csv_reversible,4770,10455,47.7,reversible,True,con_mapa,columnas,208,True
r50k_base,muestreo,log,100,toon_reversible,4977,11125,49.77,reversible,True,con_mapa,columnas,154,True
o200k_base,muestreo,log,250,json_pretty,22964,70333,91.856,reversible,True,autocontenida,,,True
o200k_base,muestreo,log,250,json_compact,15196,47233,60.784,reversible,True,autocontenida,,,True
o200k_base,muestreo,log,250,yaml,17966,46351,71.864,reversible,True,autocontenida,,,True
o200k_base,muestreo,log,250,xml,25153,67718,100.612,reversible,True,con_contrato,,,True
o200k_base,muestreo,log,250,csv,10018,24918,40.072,no_reversible,False,con_contrato,,,True
o200k_base,muestreo,log,250,toon,18341,50563,73.364,reversible,True,autocontenida,,,True
o200k_base,muestreo,log,250,toon_flat,10963,26991,43.852,reversible,True,con_contrato,,,True
o200k_base,muestreo,log,250,mini,10442,24831,41.768,reversible_normalizado,True,con_contrato,,,True
o200k_base,muestreo,log,250,xml_tipado,35075,110400,140.3,reversible,True,autocontenida,,,True
o200k_base,muestreo,log,250,csv_reversible,10549,25881,42.196,reversible,True,con_mapa,columnas,195,True
o200k_base,muestreo,log,250,toon_reversible,11166,27527,44.664,reversible,True,con_mapa,columnas,150,True
cl100k_base,muestreo,log,250,json_pretty,22965,70333,91.86,reversible,True,autocontenida,,,True
cl100k_base,muestreo,log,250,json_compact,14945,47233,59.78,reversible,True,autocontenida,,,True
cl100k_base,muestreo,log,250,yaml,17988,46351,71.952,reversible,True,autocontenida,,,True
cl100k_base,muestreo,log,250,xml,24904,67718,99.616,reversible,True,con_contrato,,,True
cl100k_base,muestreo,log,250,csv,10019,24918,40.076,no_reversible,False,con_contrato,,,True
cl100k_base,muestreo,log,250,toon,18363,50563,73.452,reversible,True,autocontenida,,,True
cl100k_base,muestreo,log,250,toon_flat,10964,26991,43.856,reversible,True,con_contrato,,,True
cl100k_base,muestreo,log,250,mini,10443,24831,41.772,reversible_normalizado,True,con_contrato,,,True
cl100k_base,muestreo,log,250,xml_tipado,34826,110400,139.304,reversible,True,autocontenida,,,True
cl100k_base,muestreo,log,250,csv_reversible,10549,25881,42.196,reversible,True,con_mapa,columnas,184,True
cl100k_base,muestreo,log,250,toon_reversible,11167,27527,44.668,reversible,True,con_mapa,columnas,139,True
r50k_base,muestreo,log,250,json_pretty,38537,70333,154.148,reversible,True,autocontenida,,,True
r50k_base,muestreo,log,250,json_compact,15937,47233,63.748,reversible,True,autocontenida,,,True
r50k_base,muestreo,log,250,yaml,19192,46351,76.768,reversible,True,autocontenida,,,True
r50k_base,muestreo,log,250,xml,32314,67718,129.256,reversible,True,con_contrato,,,True
r50k_base,muestreo,log,250,csv,11303,24918,45.212,no_reversible,False,con_contrato,,,True
r50k_base,muestreo,log,250,toon,23214,50563,92.856,reversible,True,autocontenida,,,True
r50k_base,muestreo,log,250,toon_flat,11961,26991,47.844,reversible,True,con_contrato,,,True
r50k_base,muestreo,log,250,mini,11311,24831,45.244,reversible_normalizado,True,con_contrato,,,True
r50k_base,muestreo,log,250,xml_tipado,36237,110400,144.948,reversible,True,autocontenida,,,True
r50k_base,muestreo,log,250,csv_reversible,11844,25881,47.376,reversible,True,con_mapa,columnas,208,True
r50k_base,muestreo,log,250,toon_reversible,12351,27527,49.404,reversible,True,con_mapa,columnas,154,True
o200k_base,muestreo,map,1,json_pretty,98,265,98.0,reversible,True,autocontenida,,,False
o200k_base,muestreo,map,1,json_compact,59,176,59.0,reversible,True,autocontenida,,,False
o200k_base,muestreo,map,1,yaml,62,162,62.0,reversible,True,autocontenida,,,False
o200k_base,muestreo,map,1,xml,84,218,84.0,reversible,True,con_contrato,,,False
o200k_base,muestreo,map,1,csv,25,68,25.0,no_reversible,False,con_contrato,,,False
o200k_base,muestreo,map,1,toon,59,152,59.0,reversible,True,autocontenida,,,False
o200k_base,muestreo,map,1,toon_flat,59,152,59.0,reversible,True,con_contrato,,,False
o200k_base,muestreo,map,1,mini,45,97,45.0,reversible_normalizado,True,con_contrato,,,False
o200k_base,muestreo,map,1,xml_tipado,161,524,161.0,reversible,True,autocontenida,,,False
o200k_base,muestreo,map,1,csv_reversible,55,157,55.0,reversible,True,con_mapa,celdas,85,False
o200k_base,muestreo,map,1,toon_reversible,65,167,65.0,reversible,True,con_mapa,celdas,60,False
cl100k_base,muestreo,map,1,json_pretty,99,265,99.0,reversible,True,autocontenida,,,False
cl100k_base,muestreo,map,1,json_compact,58,176,58.0,reversible,True,autocontenida,,,False
cl100k_base,muestreo,map,1,yaml,62,162,62.0,reversible,True,autocontenida,,,False
cl100k_base,muestreo,map,1,xml,85,218,85.0,reversible,True,con_contrato,,,False
cl100k_base,muestreo,map,1,csv,26,68,26.0,no_reversible,False,con_contrato,,,False
cl100k_base,muestreo,map,1,toon,60,152,60.0,reversible,True,autocontenida,,,False
cl100k_base,muestreo,map,1,toon_flat,60,152,60.0,reversible,True,con_contrato,,,False
cl100k_base,muestreo,map,1,mini,46,97,46.0,reversible_normalizado,True,con_contrato,,,False
cl100k_base,muestreo,map,1,xml_tipado,162,524,162.0,reversible,True,autocontenida,,,False
cl100k_base,muestreo,map,1,csv_reversible,55,157,55.0,reversible,True,con_mapa,celdas,79,False
cl100k_base,muestreo,map,1,toon_reversible,66,167,66.0,reversible,True,con_mapa,celdas,54,False
r50k_base,muestreo,map,1,json_pretty,151,265,151.0,reversible,True,autocontenida,,,False
r50k_base,muestreo,map,1,json_compact,63,176,63.0,reversible,True,autocontenida,,,False
r50k_base,muestreo,map,1,yaml,70,162,70.0,reversible,True,autocontenida,,,False
r50k_base,muestreo,map,1,xml,108,218,108.0,reversible,True,con_contrato,,,False
r50k_base,muestreo,map,1,csv,30,68,30.0,no_reversible,False,con_contrato,,,False
r50k_base,muestreo,map,1,toon,71,152,71.0,reversible,True,autocontenida,,,False
r50k_base,muestreo,map,1,toon_flat,71,152,71.0,reversible,True,con_contrato,,,False
r50k_base,muestreo,map,1,mini,50,97,50.0,reversible_normalizado,True,con_contrato,,,False
r50k_base,muestreo,map,1,xml_tipado,169,524,169.0,reversible,True,autocontenida,,,False
r50k_base,muestreo,map,1,csv_reversible,67,157,67.0,reversible,True,con_mapa,celdas,93,False
r50k_base,muestreo,map,1,toon_reversible,77,167,77.0,reversible,True,con_mapa,celdas,63,False
o200k_base,muestreo,map,5,json_pretty,294,844,58.8,reversible,True,autocontenida,,,False
o200k_base,muestreo,map,5,json_compact,180,555,36.0,reversible,True,autocontenida,,,False
o200k_base,muestreo,map,5,yaml,196,523,39.2,reversible,True,autocontenida,,,False
o200k_base,muestreo,map,5,xml,308,809,61.6,reversible,True,con_contrato,,,False
o200k_base,muestreo,map,5,csv,96,253,19.2,no_reversible,False,con_contrato,,,False
o200k_base,muestreo,map,5,toon,133,349,26.6,reversible,True,autocontenida,,,False
o200k_base,muestreo,map,5,toon_flat,133,349,26.6,reversible,True,con_contrato,,,False
o200k_base,muestreo,map,5,mini,120,282,24.0,reversible_normalizado,True,con_contrato,,,False
o200k_base,muestreo,map,5,xml_tipado,474,1539,94.8,reversible,True,autocontenida,,,False
o200k_base,muestreo,map,5,csv_reversible,136,370,27.2,reversible,True,con_mapa,celdas,85,False
o200k_base,muestreo,map,5,toon_reversible,139,364,27.8,reversible,True,con_mapa,celdas,60,False
cl100k_base,muestreo,map,5,json_pretty,298,844,59.6,reversible,True,autocontenida,,,False
cl100k_base,muestreo,map,5,json_compact,182,555,36.4,reversible,True,autocontenida,,,False
cl100k_base,muestreo,map,5,yaml,198,523,39.6,reversible,True,autocontenida,,,False
cl100k_base,muestreo,map,5,xml,309,809,61.8,reversible,True,con_contrato,,,False
cl100k_base,muestreo,map,5,csv,99,253,19.8,no_reversible,False,con_contrato,,,False
cl100k_base,muestreo,map,5,toon,136,349,27.2,reversible,True,autocontenida,,,False
cl100k_base,muestreo,map,5,toon_flat,136,349,27.2,reversible,True,con_contrato,,,False
cl100k_base,muestreo,map,5,mini,124,282,24.8,reversible_normalizado,True,con_contrato,,,False
cl100k_base,muestreo,map,5,xml_tipado,475,1539,95.0,reversible,True,autocontenida,,,False
cl100k_base,muestreo,map,5,csv_reversible,138,370,27.6,reversible,True,con_mapa,celdas,79,False
cl100k_base,muestreo,map,5,toon_reversible,142,364,28.4,reversible,True,con_mapa,celdas,54,False
r50k_base,muestreo,map,5,json_pretty,477,844,95.4,reversible,True,autocontenida,,,False
r50k_base,muestreo,map,5,json_compact,195,555,39.0,reversible,True,autocontenida,,,False
r50k_base,muestreo,map,5,yaml,215,523,43.0,reversible,True,autocontenida,,,False
r50k_base,muestreo,map,5,xml,413,809,82.6,reversible,True,con_contrato,,,False
r50k_base,muestreo,map,5,csv,117,253,23.4,no_reversible,False,con_contrato,,,False
r50k_base,muestreo,map,5,toon,164,349,32.8,reversible,True,autocontenida,,,False
r50k_base,muestreo,map,5,toon_flat,164,349,32.8,reversible,True,con_contrato,,,False
r50k_base,muestreo,map,5,mini,137,282,27.4,reversible_normalizado,True,con_contrato,,,False
r50k_base,muestreo,map,5,xml_tipado,497,1539,99.4,reversible,True,autocontenida,,,False
r50k_base,muestreo,map,5,csv_reversible,163,370,32.6,reversible,True,con_mapa,celdas,93,False
r50k_base,muestreo,map,5,toon_reversible,170,364,34.0,reversible,True,con_mapa,celdas,63,False
o200k_base,muestreo,map,10,json_pretty,537,1532,53.7,reversible,True,autocontenida,,,False
o200k_base,muestreo,map,10,json_compact,328,993,32.8,reversible,True,autocontenida,,,False
o200k_base,muestreo,map,10,yaml,361,936,36.1,reversible,True,autocontenida,,,False
o200k_base,muestreo,map,10,xml,596,1547,59.6,reversible,True,con_contrato,,,False
o200k_base,muestreo,map,10,csv,184,451,18.4,no_reversible,False,con_contrato,,,False
o200k_base,muestreo,map,10,toon,222,558,22.2,reversible,True,autocontenida,,,False
o200k_base,muestreo,map,10,toon_flat,222,558,22.2,reversible,True,con_contrato,,,False
o200k_base,muestreo,map,10,mini,213,481,21.3,reversible_normalizado,True,con_contrato,,,False
o200k_base,muestreo,map,10,xml_tipado,862,2767,86.2,reversible,True,autocontenida,,,False
o200k_base,muestreo,map,10,csv_reversible,234,598,23.4,reversible,True,con_mapa,celdas,85,False
o200k_base,muestreo,map,10,toon_reversible,228,573,22.8,reversible,True,con_mapa,celdas,60,False
cl100k_base,muestreo,map,10,json_pretty,546,1532,54.6,reversible,True,autocontenida,,,False
cl100k_base,muestreo,map,10,json_compact,335,993,33.5,reversible,True,autocontenida,,,False
cl100k_base,muestreo,map,10,yaml,366,936,36.6,reversible,True,autocontenida,,,False
cl100k_base,muestreo,map,10,xml,595,1547,59.5,reversible,True,con_contrato,,,False
cl100k_base,muestreo,map,10,csv,189,451,18.9,no_reversible,False,con_contrato,,,False
cl100k_base,muestreo,map,10,toon,226,558,22.6,reversible,True,autocontenida,,,False
cl100k_base,muestreo,map,10,toon_flat,226,558,22.6,reversible,True,con_contrato,,,False
cl100k_base,muestreo,map,10,mini,222,481,22.2,reversible_normalizado,True,con_contrato,,,False
cl100k_base,muestreo,map,10,xml_tipado,861,2767,86.1,reversible,True,autocontenida,,,False
cl100k_base,muestreo,map,10,csv_reversible,238,598,23.8,reversible,True,con_mapa,celdas,79,False
cl100k_base,muestreo,map,10,toon_reversible,232,573,23.2,reversible,True,con_mapa,celdas,54,False
r50k_base,muestreo,map,10,json_pretty,881,1532,88.1,reversible,True,autocontenida,,,False
r50k_base,muestreo,map,10,json_compact,354,993,35.4,reversible,True,autocontenida,,,False
r50k_base,muestreo,map,10,yaml,391,936,39.1,reversible,True,autocontenida,,,False
r50k_base,muestreo,map,10,xml,802,1547,80.2,reversible,True,con_contrato,,,False
r50k_base,muestreo,map,10,csv,221,451,22.1,no_reversible,False,con_contrato,,,False
r50k_base,muestreo,map,10,toon,275,558,27.5,reversible,True,autocontenida,,,False
r50k_base,muestreo,map,10,toon_flat,275,558,27.5,reversible,True,con_contrato,,,False
r50k_base,muestreo,map,10,mini,241,481,24.1,reversible_normalizado,True,con_contrato,,,False
r50k_base,muestreo,map,10,xml_tipado,901,2767,90.1,reversible,True,autocontenida,,,False
r50k_base,muestreo,map,10,csv_reversible,277,598,27.7,reversible,True,con_mapa,celdas,93,False
r50k_base,muestreo,map,10,toon_reversible,281,573,28.1,reversible,True,con_mapa,celdas,63,False
o200k_base,muestreo,map,12,json_pretty,635,1810,52.916667,reversible,True,autocontenida,,,False
o200k_base,muestreo,map,12,json_compact,388,1171,32.333333,reversible,True,autocontenida,,,False
o200k_base,muestreo,map,12,yaml,428,1104,35.666667,reversible,True,autocontenida,,,False
o200k_base,muestreo,map,12,xml,712,1845,59.333333,reversible,True,con_contrato,,,False
o200k_base,muestreo,map,12,csv,219,533,18.25,no_reversible,False,con_contrato,,,False
o200k_base,muestreo,map,12,toon,258,644,21.5,reversible,True,autocontenida,,,False
o200k_base,muestreo,map,12,toon_flat,258,644,21.5,reversible,True,con_contrato,,,False
o200k_base,muestreo,map,12,mini,251,563,20.916667,reversible_normalizado,True,con_contrato,,,False
o200k_base,muestreo,map,12,xml_tipado,1018,3261,84.833333,reversible,True,autocontenida,,,False
o200k_base,muestreo,map,12,csv_reversible,273,692,22.75,reversible,True,con_mapa,celdas,85,False
o200k_base,muestreo,map,12,toon_reversible,264,659,22.0,reversible,True,con_mapa,celdas,60,False
cl100k_base,muestreo,map,12,json_pretty,645,1810,53.75,reversible,True,autocontenida,,,False
cl100k_base,muestreo,map,12,json_compact,396,1171,33.0,reversible,True,autocontenida,,,False
cl100k_base,muestreo,map,12,yaml,433,1104,36.083333,reversible,True,autocontenida,,,False
cl100k_base,muestreo,map,12,xml,710,1845,59.166667,reversible,True,con_contrato,,,False
cl100k_base,muestreo,map,12,csv,225,533,18.75,no_reversible,False,con_contrato,,,False
cl100k_base,muestreo,map,12,toon,262,644,21.833333,reversible,True,autocontenida,,,False
cl100k_base,muestreo,map,12,toon_flat,262,644,21.833333,reversible,True,con_contrato,,,False
cl100k_base,muestreo,map,12,mini,261,563,21.75,reversible_normalizado,True,con_contrato,,,False
cl100k_base,muestreo,map,12,xml_tipado,1016,3261,84.666667,reversible,True,autocontenida,,,False
cl100k_base,muestreo,map,12,csv_reversible,278,692,23.166667,reversible,True,con_mapa,celdas,79,False
cl100k_base,muestreo,map,12,toon_reversible,268,659,22.333333,reversible,True,con_mapa,celdas,54,False
r50k_base,muestreo,map,12,json_pretty,1043,1810,86.916667,reversible,True,autocontenida,,,False
r50k_base,muestreo,map,12,json_compact,418,1171,34.833333,reversible,True,autocontenida,,,False
r50k_base,muestreo,map,12,yaml,462,1104,38.5,reversible,True,autocontenida,,,False
r50k_base,muestreo,map,12,xml,958,1845,79.833333,reversible,True,con_contrato,,,False
r50k_base,muestreo,map,12,csv,263,533,21.916667,no_reversible,False,con_contrato,,,False
r50k_base,muestreo,map,12,toon,319,644,26.583333,reversible,True,autocontenida,,,False
r50k_base,muestreo,map,12,toon_flat,319,644,26.583333,reversible,True,con_contrato,,,False
r50k_base,muestreo,map,12,mini,283,563,23.583333,reversible_normalizado,True,con_contrato,,,False
r50k_base,muestreo,map,12,xml_tipado,1063,3261,88.583333,reversible,True,autocontenida,,,False
r50k_base,muestreo,map,12,csv_reversible,323,692,26.916667,reversible,True,con_mapa,celdas,93,False
r50k_base,muestreo,map,12,toon_reversible,325,659,27.083333,reversible,True,con_mapa,celdas,63,False
o200k_base,muestreo,map,25,json_pretty,1264,3637,50.56,reversible,True,autocontenida,,,True
o200k_base,muestreo,map,25,json_compact,772,2348,30.88,reversible,True,autocontenida,,,True
o200k_base,muestreo,map,25,yaml,856,2220,34.24,reversible,True,autocontenida,,,True
o200k_base,muestreo,map,25,xml,1442,3746,57.68,reversible,True,con_contrato,,,True
o200k_base,muestreo,map,25,csv,444,1082,17.76,no_reversible,False,con_contrato,,,True
o200k_base,muestreo,map,25,toon,489,1227,19.56,reversible,True,autocontenida,,,True
o200k_base,muestreo,map,25,toon_flat,489,1227,19.56,reversible,True,con_contrato,,,True
o200k_base,muestreo,map,25,mini,489,1112,19.56,reversible_normalizado,True,con_contrato,,,True
o200k_base,muestreo,map,25,xml_tipado,2026,6500,81.04,reversible,True,autocontenida,,,True
o200k_base,muestreo,map,25,csv_reversible,520,1315,20.8,reversible,True,con_mapa,celdas,85,True
o200k_base,muestreo,map,25,toon_reversible,495,1242,19.8,reversible,True,con_mapa,celdas,60,True
cl100k_base,muestreo,map,25,json_pretty,1285,3637,51.4,reversible,True,autocontenida,,,True
cl100k_base,muestreo,map,25,json_compact,791,2348,31.64,reversible,True,autocontenida,,,True
cl100k_base,muestreo,map,25,yaml,867,2220,34.68,reversible,True,autocontenida,,,True
cl100k_base,muestreo,map,25,xml,1439,3746,57.56,reversible,True,con_contrato,,,True
cl100k_base,muestreo,map,25,csv,457,1082,18.28,no_reversible,False,con_contrato,,,True
cl100k_base,muestreo,map,25,toon,498,1227,19.92,reversible,True,autocontenida,,,True
cl100k_base,muestreo,map,25,toon_flat,498,1227,19.92,reversible,True,con_contrato,,,True
cl100k_base,muestreo,map,25,mini,510,1112,20.4,reversible_normalizado,True,con_contrato,,,True
cl100k_base,muestreo,map,25,xml_tipado,2023,6500,80.92,reversible,True,autocontenida,,,True
cl100k_base,muestreo,map,25,csv_reversible,532,1315,21.28,reversible,True,con_mapa,celdas,79,True
cl100k_base,muestreo,map,25,toon_reversible,504,1242,20.16,reversible,True,con_mapa,celdas,54,True
r50k_base,muestreo,map,25,json_pretty,2092,3637,83.68,reversible,True,autocontenida,,,True
r50k_base,muestreo,map,25,json_compact,834,2348,33.36,reversible,True,autocontenida,,,True
r50k_base,muestreo,map,25,yaml,919,2220,36.76,reversible,True,autocontenida,,,True
r50k_base,muestreo,map,25,xml,1950,3746,78.0,reversible,True,con_contrato,,,True
r50k_base,muestreo,map,25,csv,534,1082,21.36,no_reversible,False,con_contrato,,,True
r50k_base,muestreo,map,25,toon,607,1227,24.28,reversible,True,autocontenida,,,True
r50k_base,muestreo,map,25,toon_flat,607,1227,24.28,reversible,True,con_contrato,,,True
r50k_base,muestreo,map,25,mini,554,1112,22.16,reversible_normalizado,True,con_contrato,,,True
r50k_base,muestreo,map,25,xml_tipado,2116,6500,84.64,reversible,True,autocontenida,,,True
r50k_base,muestreo,map,25,csv_reversible,618,1315,24.72,reversible,True,con_mapa,celdas,93,True
r50k_base,muestreo,map,25,toon_reversible,613,1242,24.52,reversible,True,con_mapa,celdas,63,True
o200k_base,muestreo,map,50,json_pretty,2485,7143,49.7,reversible,True,autocontenida,,,True
o200k_base,muestreo,map,50,json_compact,1519,4604,30.38,reversible,True,autocontenida,,,True
o200k_base,muestreo,map,50,yaml,1686,4353,33.72,reversible,True,autocontenida,,,True
o200k_base,muestreo,map,50,xml,2880,7474,57.6,reversible,True,con_contrato,,,True
o200k_base,muestreo,map,50,csv,884,2136,17.68,no_reversible,False,con_contrato,,,True
o200k_base,muestreo,map,50,toon,938,2335,18.76,reversible,True,autocontenida,,,True
o200k_base,muestreo,map,50,toon_flat,938,2335,18.76,reversible,True,con_contrato,,,True
o200k_base,muestreo,map,50,mini,958,2166,19.16,reversible_normalizado,True,con_contrato,,,True
o200k_base,muestreo,map,50,xml_tipado,3973,12710,79.46,reversible,True,autocontenida,,,True
o200k_base,muestreo,map,50,csv_reversible,1011,2517,20.22,reversible,True,con_mapa,celdas,85,True
o200k_base,muestreo,map,50,toon_reversible,944,2350,18.88,reversible,True,con_mapa,celdas,60,True
cl100k_base,muestreo,map,50,json_pretty,2527,7143,50.54,reversible,True,autocontenida,,,True
cl100k_base,muestreo,map,50,json_compact,1559,4604,31.18,reversible,True,autocontenida,,,True
cl100k_base,muestreo,map,50,yaml,1706,4353,34.12,reversible,True,autocontenida,,,True
cl100k_base,muestreo,map,50,xml,2871,7474,57.42,reversible,True,con_contrato,,,True
cl100k_base,muestreo,map,50,csv,910,2136,18.2,no_reversible,False,con_contrato,,,True
cl100k_base,muestreo,map,50,toon,955,2335,19.1,reversible,True,autocontenida,,,True
cl100k_base,muestreo,map,50,toon_flat,955,2335,19.1,reversible,True,con_contrato,,,True
cl100k_base,muestreo,map,50,mini,1000,2166,20.0,reversible_normalizado,True,con_contrato,,,True
cl100k_base,muestreo,map,50,xml_tipado,3964,12710,79.28,reversible,True,autocontenida,,,True
cl100k_base,muestreo,map,50,csv_reversible,1036,2517,20.72,reversible,True,con_mapa,celdas,79,True
cl100k_base,muestreo,map,50,toon_reversible,961,2350,19.22,reversible,True,con_mapa,celdas,54,True
r50k_base,muestreo,map,50,json_pretty,4122,7143,82.44,reversible,True,autocontenida,,,True
r50k_base,muestreo,map,50,json_compact,1641,4604,32.82,reversible,True,autocontenida,,,True
r50k_base,muestreo,map,50,yaml,1807,4353,36.14,reversible,True,autocontenida,,,True
r50k_base,muestreo,map,50,xml,3896,7474,77.92,reversible,True,con_contrato,,,True
r50k_base,muestreo,map,50,csv,1065,2136,21.3,no_reversible,False,con_contrato,,,True
r50k_base,muestreo,map,50,toon,1168,2335,23.36,reversible,True,autocontenida,,,True
r50k_base,muestreo,map,50,toon_flat,1168,2335,23.36,reversible,True,con_contrato,,,True
r50k_base,muestreo,map,50,mini,1085,2166,21.7,reversible_normalizado,True,con_contrato,,,True
r50k_base,muestreo,map,50,xml_tipado,4148,12710,82.96,reversible,True,autocontenida,,,True
r50k_base,muestreo,map,50,csv_reversible,1198,2517,23.96,reversible,True,con_mapa,celdas,93,True
r50k_base,muestreo,map,50,toon_reversible,1174,2350,23.48,reversible,True,con_mapa,celdas,63,True
o200k_base,muestreo,map,100,json_pretty,4915,14163,49.15,reversible,True,autocontenida,,,True
o200k_base,muestreo,map,100,json_compact,3004,9124,30.04,reversible,True,autocontenida,,,True
o200k_base,muestreo,map,100,yaml,3337,8633,33.37,reversible,True,autocontenida,,,True
o200k_base,muestreo,map,100,xml,5720,14854,57.2,reversible,True,con_contrato,,,True
o200k_base,muestreo,map,100,csv,1757,4246,17.57,no_reversible,False,con_contrato,,,True
o200k_base,muestreo,map,100,toon,1834,4566,18.34,reversible,True,autocontenida,,,True
o200k_base,muestreo,map,100,toon_flat,1834,4566,18.34,reversible,True,con_contrato,,,True
o200k_base,muestreo,map,100,mini,1883,4277,18.83,reversible_normalizado,True,con_contrato,,,True
o200k_base,muestreo,map,100,xml_tipado,7858,25150,78.58,reversible,True,autocontenida,,,True
o200k_base,muestreo,map,100,csv_reversible,1979,4917,19.79,reversible,True,con_mapa,celdas,85,True
o200k_base,muestreo,map,100,toon_reversible,1840,4581,18.4,reversible,True,con_mapa,celdas,60,True
cl100k_base,muestreo,map,100,json_pretty,4999,14163,49.99,reversible,True,autocontenida,,,True
cl100k_base,muestreo,map,100,json_compact,3086,9124,30.86,reversible,True,autocontenida,,,True
cl100k_base,muestreo,map,100,yaml,3382,8633,33.82,reversible,True,autocontenida,,,True
cl100k_base,muestreo,map,100,xml,5705,14854,57.05,reversible,True,con_contrato,,,True
cl100k_base,muestreo,map,100,csv,1807,4246,18.07,no_reversible,False,con_contrato,,,True
cl100k_base,muestreo,map,100,toon,1868,4566,18.68,reversible,True,autocontenida,,,True
cl100k_base,muestreo,map,100,toon_flat,1868,4566,18.68,reversible,True,con_contrato,,,True
cl100k_base,muestreo,map,100,mini,1967,4277,19.67,reversible_normalizado,True,con_contrato,,,True
cl100k_base,muestreo,map,100,xml_tipado,7843,25150,78.43,reversible,True,autocontenida,,,True
cl100k_base,muestreo,map,100,csv_reversible,2028,4917,20.28,reversible,True,con_mapa,celdas,79,True
cl100k_base,muestreo,map,100,toon_reversible,1874,4581,18.74,reversible,True,con_mapa,celdas,54,True
r50k_base,muestreo,map,100,json_pretty,8170,14163,81.7,reversible,True,autocontenida,,,True
r50k_base,muestreo,map,100,json_compact,3249,9124,32.49,reversible,True,autocontenida,,,True
r50k_base,muestreo,map,100,yaml,3573,8633,35.73,reversible,True,autocontenida,,,True
r50k_base,muestreo,map,100,xml,7749,14854,77.49,reversible,True,con_contrato,,,True
r50k_base,muestreo,map,100,csv,2118,4246,21.18,no_reversible,False,con_contrato,,,True
r50k_base,muestreo,map,100,toon,2286,4566,22.86,reversible,True,autocontenida,,,True
r50k_base,muestreo,map,100,toon_flat,2286,4566,22.86,reversible,True,con_contrato,,,True
r50k_base,muestreo,map,100,mini,2138,4277,21.38,reversible_normalizado,True,con_contrato,,,True
r50k_base,muestreo,map,100,xml_tipado,8206,25150,82.06,reversible,True,autocontenida,,,True
r50k_base,muestreo,map,100,csv_reversible,2346,4917,23.46,reversible,True,con_mapa,celdas,93,True
r50k_base,muestreo,map,100,toon_reversible,2292,4581,22.92,reversible,True,con_mapa,celdas,63,True
o200k_base,muestreo,map,250,json_pretty,12218,35209,48.872,reversible,True,autocontenida,,,True
o200k_base,muestreo,map,250,json_compact,7469,22670,29.876,reversible,True,autocontenida,,,True
o200k_base,muestreo,map,250,yaml,8302,21453,33.208,reversible,True,autocontenida,,,True
o200k_base,muestreo,map,250,xml,14277,37064,57.108,reversible,True,con_contrato,,,True
o200k_base,muestreo,map,250,csv,4384,10568,17.536,no_reversible,False,con_contrato,,,True
o200k_base,muestreo,map,250,toon,4523,11236,18.092,reversible,True,autocontenida,,,True
o200k_base,muestreo,map,250,toon_flat,4523,11236,18.092,reversible,True,con_contrato,,,True
o200k_base,muestreo,map,250,mini,4674,10599,18.696,reversible_normalizado,True,con_contrato,,,True
o200k_base,muestreo,map,250,xml_tipado,19523,62444,78.092,reversible,True,autocontenida,,,True
o200k_base,muestreo,map,250,csv_reversible,4894,12115,19.576,reversible,True,con_mapa,celdas,85,True
o200k_base,muestreo,map,250,toon_reversible,4529,11251,18.116,reversible,True,con_mapa,celdas,60,True
cl100k_base,muestreo,map,250,json_pretty,12426,35209,49.704,reversible,True,autocontenida,,,True
cl100k_base,muestreo,map,250,json_compact,7675,22670,30.7,reversible,True,autocontenida,,,True
cl100k_base,muestreo,map,250,yaml,8407,21453,33.628,reversible,True,autocontenida,,,True
cl100k_base,muestreo,map,250,xml,14235,37064,56.94,reversible,True,con_contrato,,,True
cl100k_base,muestreo,map,250,csv,4509,10568,18.036,no_reversible,False,con_contrato,,,True
cl100k_base,muestreo,map,250,toon,4606,11236,18.424,reversible,True,autocontenida,,,True
cl100k_base,muestreo,map,250,toon_flat,4606,11236,18.424,reversible,True,con_contrato,,,True
cl100k_base,muestreo,map,250,mini,4882,10599,19.528,reversible_normalizado,True,con_contrato,,,True
cl100k_base,muestreo,map,250,xml_tipado,19481,62444,77.924,reversible,True,autocontenida,,,True
cl100k_base,muestreo,map,250,csv_reversible,5018,12115,20.072,reversible,True,con_mapa,celdas,79,True
cl100k_base,muestreo,map,250,toon_reversible,4612,11251,18.448,reversible,True,con_mapa,celdas,54,True
r50k_base,muestreo,map,250,json_pretty,20321,35209,81.284,reversible,True,autocontenida,,,True
r50k_base,muestreo,map,250,json_compact,8074,22670,32.296,reversible,True,autocontenida,,,True
r50k_base,muestreo,map,250,yaml,8873,21453,35.492,reversible,True,autocontenida,,,True
r50k_base,muestreo,map,250,xml,19342,37064,77.368,reversible,True,con_contrato,,,True
r50k_base,muestreo,map,250,csv,5281,10568,21.124,no_reversible,False,con_contrato,,,True
r50k_base,muestreo,map,250,toon,5636,11236,22.544,reversible,True,autocontenida,,,True
r50k_base,muestreo,map,250,toon_flat,5636,11236,22.544,reversible,True,con_contrato,,,True
r50k_base,muestreo,map,250,mini,5301,10599,21.204,reversible_normalizado,True,con_contrato,,,True
r50k_base,muestreo,map,250,xml_tipado,20381,62444,81.524,reversible,True,autocontenida,,,True
r50k_base,muestreo,map,250,csv_reversible,5797,12115,23.188,reversible,True,con_mapa,celdas,93,True
r50k_base,muestreo,map,250,toon_reversible,5642,11251,22.568,reversible,True,con_mapa,celdas,63,True
o200k_base,muestreo,ner,1,json_pretty,102,268,102.0,reversible,True,autocontenida,,,False
o200k_base,muestreo,ner,1,json_compact,60,171,60.0,reversible,True,autocontenida,,,False
o200k_base,muestreo,ner,1,yaml,70,160,70.0,reversible,True,autocontenida,,,False
o200k_base,muestreo,ner,1,xml,88,218,88.0,reversible,True,con_contrato,,,False
o200k_base,muestreo,ner,1,csv,23,51,23.0,no_reversible,False,con_contrato,,,False
o200k_base,muestreo,ner,1,toon,61,147,61.0,reversible,True,autocontenida,,,False
o200k_base,muestreo,ner,1,toon_flat,61,147,61.0,reversible,True,con_contrato,,,False
o200k_base,muestreo,ner,1,mini,44,88,44.0,reversible_normalizado,True,con_contrato,,,False
o200k_base,muestreo,ner,1,xml_tipado,171,562,171.0,reversible,True,autocontenida,,,False
o200k_base,muestreo,ner,1,csv_reversible,57,150,57.0,reversible,True,con_mapa,celdas,98,False
o200k_base,muestreo,ner,1,toon_reversible,71,165,71.0,reversible,True,con_mapa,celdas,68,False
cl100k_base,muestreo,ner,1,json_pretty,103,268,103.0,reversible,True,autocontenida,,,False
cl100k_base,muestreo,ner,1,json_compact,59,171,59.0,reversible,True,autocontenida,,,False
cl100k_base,muestreo,ner,1,yaml,71,160,71.0,reversible,True,autocontenida,,,False
cl100k_base,muestreo,ner,1,xml,89,218,89.0,reversible,True,con_contrato,,,False
cl100k_base,muestreo,ner,1,csv,23,51,23.0,no_reversible,False,con_contrato,,,False
cl100k_base,muestreo,ner,1,toon,61,147,61.0,reversible,True,autocontenida,,,False
cl100k_base,muestreo,ner,1,toon_flat,61,147,61.0,reversible,True,con_contrato,,,False
cl100k_base,muestreo,ner,1,mini,45,88,45.0,reversible_normalizado,True,con_contrato,,,False
cl100k_base,muestreo,ner,1,xml_tipado,172,562,172.0,reversible,True,autocontenida,,,False
cl100k_base,muestreo,ner,1,csv_reversible,57,150,57.0,reversible,True,con_mapa,celdas,91,False
cl100k_base,muestreo,ner,1,toon_reversible,71,165,71.0,reversible,True,con_mapa,celdas,61,False
r50k_base,muestreo,ner,1,json_pretty,156,268,156.0,reversible,True,autocontenida,,,False
r50k_base,muestreo,ner,1,json_compact,63,171,63.0,reversible,True,autocontenida,,,False
r50k_base,muestreo,ner,1,yaml,74,160,74.0,reversible,True,autocontenida,,,False
r50k_base,muestreo,ner,1,xml,113,218,113.0,reversible,True,con_contrato,,,False
r50k_base,muestreo,ner,1,csv,27,51,27.0,no_reversible,False,con_contrato,,,False
r50k_base,muestreo,ner,1,toon,71,147,71.0,reversible,True,autocontenida,,,False
r50k_base,muestreo,ner,1,toon_flat,71,147,71.0,reversible,True,con_contrato,,,False
r50k_base,muestreo,ner,1,mini,49,88,49.0,reversible_normalizado,True,con_contrato,,,False
r50k_base,muestreo,ner,1,xml_tipado,178,562,178.0,reversible,True,autocontenida,,,False
r50k_base,muestreo,ner,1,csv_reversible,68,150,68.0,reversible,True,con_mapa,celdas,107,False
r50k_base,muestreo,ner,1,toon_reversible,78,165,78.0,reversible,True,con_mapa,celdas,71,False
o200k_base,muestreo,ner,5,json_pretty,302,799,60.4,reversible,True,autocontenida,,,False
o200k_base,muestreo,ner,5,json_compact,172,470,34.4,reversible,True,autocontenida,,,False
o200k_base,muestreo,ner,5,yaml,216,451,43.2,reversible,True,autocontenida,,,False
o200k_base,muestreo,ner,5,xml,322,789,64.4,reversible,True,con_contrato,,,False
o200k_base,muestreo,ner,5,csv,85,154,17.0,no_reversible,False,con_contrato,,,False
o200k_base,muestreo,ner,5,toon,127,258,25.4,reversible,True,autocontenida,,,False
o200k_base,muestreo,ner,5,toon_flat,127,258,25.4,reversible,True,con_contrato,,,False
o200k_base,muestreo,ner,5,mini,108,191,21.6,reversible_normalizado,True,con_contrato,,,False
o200k_base,muestreo,ner,5,xml_tipado,509,1665,101.8,reversible,True,autocontenida,,,False
o200k_base,muestreo,ner,5,csv_reversible,119,253,23.8,reversible,True,con_mapa,celdas,98,False
o200k_base,muestreo,ner,5,toon_reversible,137,276,27.4,reversible,True,con_mapa,celdas,68,False
cl100k_base,muestreo,ner,5,json_pretty,303,799,60.6,reversible,True,autocontenida,,,False
cl100k_base,muestreo,ner,5,json_compact,171,470,34.2,reversible,True,autocontenida,,,False
cl100k_base,muestreo,ner,5,yaml,217,451,43.4,reversible,True,autocontenida,,,False
cl100k_base,muestreo,ner,5,xml,323,789,64.6,reversible,True,con_contrato,,,False
cl100k_base,muestreo,ner,5,csv,85,154,17.0,no_reversible,False,con_contrato,,,False
cl100k_base,muestreo,ner,5,toon,127,258,25.4,reversible,True,autocontenida,,,False
cl100k_base,muestreo,ner,5,toon_flat,127,258,25.4,reversible,True,con_contrato,,,False
cl100k_base,muestreo,ner,5,mini,109,191,21.8,reversible_normalizado,True,con_contrato,,,False
cl100k_base,muestreo,ner,5,xml_tipado,510,1665,102.0,reversible,True,autocontenida,,,False
cl100k_base,muestreo,ner,5,csv_reversible,119,253,23.8,reversible,True,con_mapa,celdas,91,False
cl100k_base,muestreo,ner,5,toon_reversible,137,276,27.4,reversible,True,con_mapa,celdas,61,False
r50k_base,muestreo,ner,5,json_pretty,489,799,97.8,reversible,True,autocontenida,,,False
r50k_base,muestreo,ner,5,json_compact,180,470,36.0,reversible,True,autocontenida,,,False
r50k_base,muestreo,ner,5,yaml,209,451,41.8,reversible,True,autocontenida,,,False
r50k_base,muestreo,ner,5,xml,438,789,87.6,reversible,True,con_contrato,,,False
r50k_base,muestreo,ner,5,csv,96,154,19.2,no_reversible,False,con_contrato,,,False
r50k_base,muestreo,ner,5,toon,144,258,28.8,reversible,True,autocontenida,,,False
r50k_base,muestreo,ner,5,toon_flat,144,258,28.8,reversible,True,con_contrato,,,False
r50k_base,muestreo,ner,5,mini,118,191,23.6,reversible_normalizado,True,con_contrato,,,False
r50k_base,muestreo,ner,5,xml_tipado,527,1665,105.4,reversible,True,autocontenida,,,False
r50k_base,muestreo,ner,5,csv_reversible,137,253,27.4,reversible,True,con_mapa,celdas,107,False
r50k_base,muestreo,ner,5,toon_reversible,151,276,30.2,reversible,True,con_mapa,celdas,71,False
o200k_base,muestreo,ner,10,json_pretty,557,1494,55.7,reversible,True,autocontenida,,,False
o200k_base,muestreo,ner,10,json_compact,317,875,31.7,reversible,True,autocontenida,,,False
o200k_base,muestreo,ner,10,yaml,405,846,40.5,reversible,True,autocontenida,,,False
o200k_base,muestreo,ner,10,xml,622,1534,62.2,reversible,True,con_contrato,,,False
o200k_base,muestreo,ner,10,csv,170,314,17.0,no_reversible,False,con_contrato,,,False
o200k_base,muestreo,ner,10,toon,217,429,21.7,reversible,True,autocontenida,,,False
o200k_base,muestreo,ner,10,toon_flat,217,429,21.7,reversible,True,con_contrato,,,False
o200k_base,muestreo,ner,10,mini,193,352,19.3,reversible_normalizado,True,con_contrato,,,False
o200k_base,muestreo,ner,10,xml_tipado,939,3075,93.9,reversible,True,autocontenida,,,False
o200k_base,muestreo,ner,10,csv_reversible,204,413,20.4,reversible,True,con_mapa,celdas,98,False
o200k_base,muestreo,ner,10,toon_reversible,227,447,22.7,reversible,True,con_mapa,celdas,68,False
cl100k_base,muestreo,ner,10,json_pretty,558,1494,55.8,reversible,True,autocontenida,,,False
cl100k_base,muestreo,ner,10,json_compact,316,875,31.6,reversible,True,autocontenida,,,False
cl100k_base,muestreo,ner,10,yaml,405,846,40.5,reversible,True,autocontenida,,,False
cl100k_base,muestreo,ner,10,xml,622,1534,62.2,reversible,True,con_contrato,,,False
cl100k_base,muestreo,ner,10,csv,169,314,16.9,no_reversible,False,con_contrato,,,False
cl100k_base,muestreo,ner,10,toon,216,429,21.6,reversible,True,autocontenida,,,False
cl100k_base,muestreo,ner,10,toon_flat,216,429,21.6,reversible,True,con_contrato,,,False
cl100k_base,muestreo,ner,10,mini,194,352,19.4,reversible_normalizado,True,con_contrato,,,False
cl100k_base,muestreo,ner,10,xml_tipado,939,3075,93.9,reversible,True,autocontenida,,,False
cl100k_base,muestreo,ner,10,csv_reversible,203,413,20.3,reversible,True,con_mapa,celdas,91,False
cl100k_base,muestreo,ner,10,toon_reversible,226,447,22.6,reversible,True,con_mapa,celdas,61,False
r50k_base,muestreo,ner,10,json_pretty,908,1494,90.8,reversible,True,autocontenida,,,False
r50k_base,muestreo,ner,10,json_compact,329,875,32.9,reversible,True,autocontenida,,,False
r50k_base,muestreo,ner,10,yaml,385,846,38.5,reversible,True,autocontenida,,,False
r50k_base,muestreo,ner,10,xml,847,1534,84.7,reversible,True,con_contrato,,,False
r50k_base,muestreo,ner,10,csv,185,314,18.5,no_reversible,False,con_contrato,,,False
r50k_base,muestreo,ner,10,toon,238,429,23.8,reversible,True,autocontenida,,,False
r50k_base,muestreo,ner,10,toon_flat,238,429,23.8,reversible,True,con_contrato,,,False
r50k_base,muestreo,ner,10,mini,207,352,20.7,reversible_normalizado,True,con_contrato,,,False
r50k_base,muestreo,ner,10,xml_tipado,966,3075,96.6,reversible,True,autocontenida,,,False
r50k_base,muestreo,ner,10,csv_reversible,226,413,22.6,reversible,True,con_mapa,celdas,107,False
r50k_base,muestreo,ner,10,toon_reversible,245,447,24.5,reversible,True,con_mapa,celdas,71,False
o200k_base,muestreo,ner,12,json_pretty,659,1766,54.916667,reversible,True,autocontenida,,,False
o200k_base,muestreo,ner,12,json_compact,375,1031,31.25,reversible,True,autocontenida,,,False
o200k_base,muestreo,ner,12,yaml,481,1000,40.083333,reversible,True,autocontenida,,,False
o200k_base,muestreo,ner,12,xml,742,1826,61.833333,reversible,True,con_contrato,,,False
o200k_base,muestreo,ner,12,csv,204,372,17.0,no_reversible,False,con_contrato,,,False
o200k_base,muestreo,ner,12,toon,253,493,21.083333,reversible,True,autocontenida,,,False
o200k_base,muestreo,ner,12,toon_flat,253,493,21.083333,reversible,True,con_contrato,,,False
o200k_base,muestreo,ner,12,mini,227,410,18.916667,reversible_normalizado,True,con_contrato,,,False
o200k_base,muestreo,ner,12,xml_tipado,1111,3633,92.583333,reversible,True,autocontenida,,,False
o200k_base,muestreo,ner,12,csv_reversible,238,471,19.833333,reversible,True,con_mapa,celdas,98,False
o200k_base,muestreo,ner,12,toon_reversible,263,511,21.916667,reversible,True,con_mapa,celdas,68,False
cl100k_base,muestreo,ner,12,json_pretty,661,1766,55.083333,reversible,True,autocontenida,,,False
cl100k_base,muestreo,ner,12,json_compact,375,1031,31.25,reversible,True,autocontenida,,,False
cl100k_base,muestreo,ner,12,yaml,482,1000,40.166667,reversible,True,autocontenida,,,False
cl100k_base,muestreo,ner,12,xml,743,1826,61.916667,reversible,True,con_contrato,,,False
cl100k_base,muestreo,ner,12,csv,204,372,17.0,no_reversible,False,con_contrato,,,False
cl100k_base,muestreo,ner,12,toon,253,493,21.083333,reversible,True,autocontenida,,,False
cl100k_base,muestreo,ner,12,toon_flat,253,493,21.083333,reversible,True,con_contrato,,,False
cl100k_base,muestreo,ner,12,mini,229,410,19.083333,reversible_normalizado,True,con_contrato,,,False
cl100k_base,muestreo,ner,12,xml_tipado,1112,3633,92.666667,reversible,True,autocontenida,,,False
cl100k_base,muestreo,ner,12,csv_reversible,238,471,19.833333,reversible,True,con_mapa,celdas,91,False
cl100k_base,muestreo,ner,12,toon_reversible,263,511,21.916667,reversible,True,con_mapa,celdas,61,False
r50k_base,muestreo,ner,12,json_pretty,1077,1766,89.75,reversible,True,autocontenida,,,False
r50k_base,muestreo,ner,12,json_compact,390,1031,32.5,reversible,True,autocontenida,,,False
r50k_base,muestreo,ner,12,yaml,459,1000,38.25,reversible,True,autocontenida,,,False
r50k_base,muestreo,ner,12,xml,1012,1826,84.333333,reversible,True,con_contrato,,,False
r50k_base,muestreo,ner,12,csv,222,372,18.5,no_reversible,False,con_contrato,,,False
r50k_base,muestreo,ner,12,toon,277,493,23.083333,reversible,True,autocontenida,,,False
r50k_base,muestreo,ner,12,toon_flat,277,493,23.083333,reversible,True,con_contrato,,,False
r50k_base,muestreo,ner,12,mini,244,410,20.333333,reversible_normalizado,True,con_contrato,,,False
r50k_base,muestreo,ner,12,xml_tipado,1143,3633,95.25,reversible,True,autocontenida,,,False
r50k_base,muestreo,ner,12,csv_reversible,263,471,21.916667,reversible,True,con_mapa,celdas,107,False
r50k_base,muestreo,ner,12,toon_reversible,284,511,23.666667,reversible,True,con_mapa,celdas,71,False
o200k_base,muestreo,ner,25,json_pretty,1317,3534,52.68,reversible,True,autocontenida,,,True
o200k_base,muestreo,ner,25,json_compact,747,2045,29.88,reversible,True,autocontenida,,,True
o200k_base,muestreo,ner,25,yaml,965,1990,38.6,reversible,True,autocontenida,,,True
o200k_base,muestreo,ner,25,xml,1515,3724,60.6,reversible,True,con_contrato,,,True
o200k_base,muestreo,ner,25,csv,418,749,16.72,no_reversible,False,con_contrato,,,True
o200k_base,muestreo,ner,25,toon,480,898,19.2,reversible,True,autocontenida,,,True
o200k_base,muestreo,ner,25,toon_flat,480,898,19.2,reversible,True,con_contrato,,,True
o200k_base,muestreo,ner,25,mini,443,787,17.72,reversible_normalizado,True,con_contrato,,,True
o200k_base,muestreo,ner,25,xml_tipado,2222,7260,88.88,reversible,True,autocontenida,,,True
o200k_base,muestreo,ner,25,csv_reversible,452,848,18.08,reversible,True,con_mapa,celdas,98,True
o200k_base,muestreo,ner,25,toon_reversible,490,916,19.6,reversible,True,con_mapa,celdas,68,True
cl100k_base,muestreo,ner,25,json_pretty,1319,3534,52.76,reversible,True,autocontenida,,,True
cl100k_base,muestreo,ner,25,json_compact,747,2045,29.88,reversible,True,autocontenida,,,True
cl100k_base,muestreo,ner,25,yaml,966,1990,38.64,reversible,True,autocontenida,,,True
cl100k_base,muestreo,ner,25,xml,1515,3724,60.6,reversible,True,con_contrato,,,True
cl100k_base,muestreo,ner,25,csv,417,749,16.68,no_reversible,False,con_contrato,,,True
cl100k_base,muestreo,ner,25,toon,479,898,19.16,reversible,True,autocontenida,,,True
cl100k_base,muestreo,ner,25,toon_flat,479,898,19.16,reversible,True,con_contrato,,,True
cl100k_base,muestreo,ner,25,mini,445,787,17.8,reversible_normalizado,True,con_contrato,,,True
cl100k_base,muestreo,ner,25,xml_tipado,2222,7260,88.88,reversible,True,autocontenida,,,True
cl100k_base,muestreo,ner,25,csv_reversible,451,848,18.04,reversible,True,con_mapa,celdas,91,True
cl100k_base,muestreo,ner,25,toon_reversible,489,916,19.56,reversible,True,con_mapa,celdas,61,True
r50k_base,muestreo,ner,25,json_pretty,2163,3534,86.52,reversible,True,autocontenida,,,True
r50k_base,muestreo,ner,25,json_compact,774,2045,30.96,reversible,True,autocontenida,,,True
r50k_base,muestreo,ner,25,yaml,912,1990,36.48,reversible,True,autocontenida,,,True
r50k_base,muestreo,ner,25,xml,2072,3724,82.88,reversible,True,con_contrato,,,True
r50k_base,muestreo,ner,25,csv,450,749,18.0,no_reversible,False,con_contrato,,,True
r50k_base,muestreo,ner,25,toon,518,898,20.72,reversible,True,autocontenida,,,True
r50k_base,muestreo,ner,25,toon_flat,518,898,20.72,reversible,True,con_contrato,,,True
r50k_base,muestreo,ner,25,mini,472,787,18.88,reversible_normalizado,True,con_contrato,,,True
r50k_base,muestreo,ner,25,xml_tipado,2281,7260,91.24,reversible,True,autocontenida,,,True
r50k_base,muestreo,ner,25,csv_reversible,491,848,19.64,reversible,True,con_mapa,celdas,107,True
r50k_base,muestreo,ner,25,toon_reversible,525,916,21.0,reversible,True,con_mapa,celdas,71,True
o200k_base,muestreo,ner,50,json_pretty,2580,6934,51.6,reversible,True,autocontenida,,,True
o200k_base,muestreo,ner,50,json_compact,1460,3995,29.2,reversible,True,autocontenida,,,True
o200k_base,muestreo,ner,50,yaml,1896,3896,37.92,reversible,True,autocontenida,,,True
o200k_base,muestreo,ner,50,xml,2999,7374,59.98,reversible,True,con_contrato,,,True
o200k_base,muestreo,ner,50,csv,827,1474,16.54,no_reversible,False,con_contrato,,,True
o200k_base,muestreo,ner,50,toon,914,1679,18.28,reversible,True,autocontenida,,,True
o200k_base,muestreo,ner,50,toon_flat,914,1679,18.28,reversible,True,con_contrato,,,True
o200k_base,muestreo,ner,50,mini,856,1512,17.12,reversible_normalizado,True,con_contrato,,,True
o200k_base,muestreo,ner,50,xml_tipado,4356,14235,87.12,reversible,True,autocontenida,,,True
o200k_base,muestreo,ner,50,csv_reversible,861,1573,17.22,reversible,True,con_mapa,celdas,98,True
o200k_base,muestreo,ner,50,toon_reversible,924,1697,18.48,reversible,True,con_mapa,celdas,68,True
cl100k_base,muestreo,ner,50,json_pretty,2585,6934,51.7,reversible,True,autocontenida,,,True
cl100k_base,muestreo,ner,50,json_compact,1463,3995,29.26,reversible,True,autocontenida,,,True
cl100k_base,muestreo,ner,50,yaml,1901,3896,38.02,reversible,True,autocontenida,,,True
cl100k_base,muestreo,ner,50,xml,3000,7374,60.0,reversible,True,con_contrato,,,True
cl100k_base,muestreo,ner,50,csv,827,1474,16.54,no_reversible,False,con_contrato,,,True
cl100k_base,muestreo,ner,50,toon,914,1679,18.28,reversible,True,autocontenida,,,True
cl100k_base,muestreo,ner,50,toon_flat,914,1679,18.28,reversible,True,con_contrato,,,True
cl100k_base,muestreo,ner,50,mini,861,1512,17.22,reversible_normalizado,True,con_contrato,,,True
cl100k_base,muestreo,ner,50,xml_tipado,4357,14235,87.14,reversible,True,autocontenida,,,True
cl100k_base,muestreo,ner,50,csv_reversible,861,1573,17.22,reversible,True,con_mapa,celdas,91,True
cl100k_base,muestreo,ner,50,toon_reversible,924,1697,18.48,reversible,True,con_mapa,celdas,61,True
r50k_base,muestreo,ner,50,json_pretty,4251,6934,85.02,reversible,True,autocontenida,,,True
r50k_base,muestreo,ner,50,json_compact,1512,3995,30.24,reversible,True,autocontenida,,,True
r50k_base,muestreo,ner,50,yaml,1787,3896,35.74,reversible,True,autocontenida,,,True
r50k_base,muestreo,ner,50,xml,4110,7374,82.2,reversible,True,con_contrato,,,True
r50k_base,muestreo,ner,50,csv,888,1474,17.76,no_reversible,False,con_contrato,,,True
r50k_base,muestreo,ner,50,toon,981,1679,19.62,reversible,True,autocontenida,,,True
r50k_base,muestreo,ner,50,toon_flat,981,1679,19.62,reversible,True,con_contrato,,,True
r50k_base,muestreo,ner,50,mini,910,1512,18.2,reversible_normalizado,True,con_contrato,,,True
r50k_base,muestreo,ner,50,xml_tipado,4469,14235,89.38,reversible,True,autocontenida,,,True
r50k_base,muestreo,ner,50,csv_reversible,929,1573,18.58,reversible,True,con_mapa,celdas,107,True
r50k_base,muestreo,ner,50,toon_reversible,988,1697,19.76,reversible,True,con_mapa,celdas,71,True
o200k_base,muestreo,ner,100,json_pretty,5108,13763,51.08,reversible,True,autocontenida,,,True
o200k_base,muestreo,ner,100,json_compact,2888,7924,28.88,reversible,True,autocontenida,,,True
o200k_base,muestreo,ner,100,yaml,3758,7733,37.58,reversible,True,autocontenida,,,True
o200k_base,muestreo,ner,100,xml,5968,14703,59.68,reversible,True,con_contrato,,,True
o200k_base,muestreo,ner,100,csv,1646,2953,16.46,no_reversible,False,con_contrato,,,True
o200k_base,muestreo,ner,100,toon,1783,3267,17.83,reversible,True,autocontenida,,,True
o200k_base,muestreo,ner,100,toon_flat,1783,3267,17.83,reversible,True,con_contrato,,,True
o200k_base,muestreo,ner,100,mini,1684,2992,16.84,reversible_normalizado,True,con_contrato,,,True
o200k_base,muestreo,ner,100,xml_tipado,8625,28214,86.25,reversible,True,autocontenida,,,True
o200k_base,muestreo,ner,100,csv_reversible,1680,3052,16.8,reversible,True,con_mapa,celdas,98,True
o200k_base,muestreo,ner,100,toon_reversible,1793,3285,17.93,reversible,True,con_mapa,celdas,68,True
cl100k_base,muestreo,ner,100,json_pretty,5117,13763,51.17,reversible,True,autocontenida,,,True
cl100k_base,muestreo,ner,100,json_compact,2895,7924,28.95,reversible,True,autocontenida,,,True
cl100k_base,muestreo,ner,100,yaml,3765,7733,37.65,reversible,True,autocontenida,,,True
cl100k_base,muestreo,ner,100,xml,5969,14703,59.69,reversible,True,con_contrato,,,True
cl100k_base,muestreo,ner,100,csv,1646,2953,16.46,no_reversible,False,con_contrato,,,True
cl100k_base,muestreo,ner,100,toon,1783,3267,17.83,reversible,True,autocontenida,,,True
cl100k_base,muestreo,ner,100,toon_flat,1783,3267,17.83,reversible,True,con_contrato,,,True
cl100k_base,muestreo,ner,100,mini,1693,2992,16.93,reversible_normalizado,True,con_contrato,,,True
cl100k_base,muestreo,ner,100,xml_tipado,8626,28214,86.26,reversible,True,autocontenida,,,True
cl100k_base,muestreo,ner,100,csv_reversible,1680,3052,16.8,reversible,True,con_mapa,celdas,91,True
cl100k_base,muestreo,ner,100,toon_reversible,1793,3285,17.93,reversible,True,con_mapa,celdas,61,True
r50k_base,muestreo,ner,100,json_pretty,8429,13763,84.29,reversible,True,autocontenida,,,True
r50k_base,muestreo,ner,100,json_compact,2990,7924,29.9,reversible,True,autocontenida,,,True
r50k_base,muestreo,ner,100,yaml,3531,7733,35.31,reversible,True,autocontenida,,,True
r50k_base,muestreo,ner,100,xml,8188,14703,81.88,reversible,True,con_contrato,,,True
r50k_base,muestreo,ner,100,csv,1766,2953,17.66,no_reversible,False,con_contrato,,,True
r50k_base,muestreo,ner,100,toon,1909,3267,19.09,reversible,True,autocontenida,,,True
r50k_base,muestreo,ner,100,toon_flat,1909,3267,19.09,reversible,True,con_contrato,,,True
r50k_base,muestreo,ner,100,mini,1788,2992,17.88,reversible_normalizado,True,con_contrato,,,True
r50k_base,muestreo,ner,100,xml_tipado,8847,28214,88.47,reversible,True,autocontenida,,,True
r50k_base,muestreo,ner,100,csv_reversible,1807,3052,18.07,reversible,True,con_mapa,celdas,107,True
r50k_base,muestreo,ner,100,toon_reversible,1916,3285,19.16,reversible,True,con_mapa,celdas,71,True
o200k_base,muestreo,ner,250,json_pretty,12696,34273,50.784,reversible,True,autocontenida,,,True
o200k_base,muestreo,ner,250,json_compact,7176,19734,28.704,reversible,True,autocontenida,,,True
o200k_base,muestreo,ner,250,yaml,9345,19267,37.38,reversible,True,autocontenida,,,True
o200k_base,muestreo,ner,250,xml,14881,36713,59.524,reversible,True,con_contrato,,,True
o200k_base,muestreo,ner,250,csv,4109,7413,16.436,no_reversible,False,con_contrato,,,True
o200k_base,muestreo,ner,250,toon,4396,8051,17.584,reversible,True,autocontenida,,,True
o200k_base,muestreo,ner,250,toon_flat,4396,8051,17.584,reversible,True,con_contrato,,,True
o200k_base,muestreo,ner,250,mini,4172,7452,16.688,reversible_normalizado,True,con_contrato,,,True
o200k_base,muestreo,ner,250,xml_tipado,21438,70174,85.752,reversible,True,autocontenida,,,True
o200k_base,muestreo,ner,250,csv_reversible,4143,7512,16.572,reversible,True,con_mapa,celdas,98,True
o200k_base,muestreo,ner,250,toon_reversible,4406,8069,17.624,reversible,True,con_mapa,celdas,68,True
cl100k_base,muestreo,ner,250,json_pretty,12718,34273,50.872,reversible,True,autocontenida,,,True
cl100k_base,muestreo,ner,250,json_compact,7196,19734,28.784,reversible,True,autocontenida,,,True
cl100k_base,muestreo,ner,250,yaml,9366,19267,37.464,reversible,True,autocontenida,,,True
cl100k_base,muestreo,ner,250,xml,14883,36713,59.532,reversible,True,con_contrato,,,True
cl100k_base,muestreo,ner,250,csv,4110,7413,16.44,no_reversible,False,con_contrato,,,True
cl100k_base,muestreo,ner,250,toon,4397,8051,17.588,reversible,True,autocontenida,,,True
cl100k_base,muestreo,ner,250,toon_flat,4397,8051,17.588,reversible,True,con_contrato,,,True
cl100k_base,muestreo,ner,250,mini,4194,7452,16.776,reversible_normalizado,True,con_contrato,,,True
cl100k_base,muestreo,ner,250,xml_tipado,21440,70174,85.76,reversible,True,autocontenida,,,True
cl100k_base,muestreo,ner,250,csv_reversible,4144,7512,16.576,reversible,True,con_mapa,celdas,91,True
cl100k_base,muestreo,ner,250,toon_reversible,4407,8069,17.628,reversible,True,con_mapa,celdas,61,True
r50k_base,muestreo,ner,250,json_pretty,20968,34273,83.872,reversible,True,autocontenida,,,True
r50k_base,muestreo,ner,250,json_compact,7429,19734,29.716,reversible,True,autocontenida,,,True
r50k_base,muestreo,ner,250,yaml,8768,19267,35.072,reversible,True,autocontenida,,,True
r50k_base,muestreo,ner,250,xml,20427,36713,81.708,reversible,True,con_contrato,,,True
r50k_base,muestreo,ner,250,csv,4405,7413,17.62,no_reversible,False,con_contrato,,,True
r50k_base,muestreo,ner,250,toon,4698,8051,18.792,reversible,True,autocontenida,,,True
r50k_base,muestreo,ner,250,toon_flat,4698,8051,18.792,reversible,True,con_contrato,,,True
r50k_base,muestreo,ner,250,mini,4427,7452,17.708,reversible_normalizado,True,con_contrato,,,True
r50k_base,muestreo,ner,250,xml_tipado,21986,70174,87.944,reversible,True,autocontenida,,,True
r50k_base,muestreo,ner,250,csv_reversible,4446,7512,17.784,reversible,True,con_mapa,celdas,107,True
r50k_base,muestreo,ner,250,toon_reversible,4705,8069,18.82,reversible,True,con_mapa,celdas,71,True
o200k_base,muestreo,q,1,json_pretty,341,979,341.0,reversible,True,autocontenida,,,False
o200k_base,muestreo,q,1,json_compact,211,599,211.0,reversible,True,autocontenida,,,False
o200k_base,muestreo,q,1,yaml,265,641,265.0,reversible,True,autocontenida,,,False
o200k_base,muestreo,q,1,xml,289,744,289.0,reversible,True,con_contrato,,,False
o200k_base,muestreo,q,1,csv,130,362,130.0,no_reversible,False,con_contrato,,,False
o200k_base,muestreo,q,1,toon,245,645,245.0,reversible,True,autocontenida,,,False
o200k_base,muestreo,q,1,toon_flat,237,591,237.0,reversible,True,con_contrato,,,False
o200k_base,muestreo,q,1,mini,141,293,141.0,reversible_normalizado,True,con_contrato,,,False
o200k_base,muestreo,q,1,xml_tipado,545,1788,545.0,reversible,True,autocontenida,,,False
o200k_base,muestreo,q,1,csv_reversible,216,577,216.0,reversible,True,con_mapa,celdas,249,False
o200k_base,muestreo,q,1,toon_reversible,247,627,247.0,reversible,True,con_mapa,celdas,169,False
cl100k_base,muestreo,q,1,json_pretty,348,979,348.0,reversible,True,autocontenida,,,False
cl100k_base,muestreo,q,1,json_compact,212,599,212.0,reversible,True,autocontenida,,,False
cl100k_base,muestreo,q,1,yaml,274,641,274.0,reversible,True,autocontenida,,,False
cl100k_base,muestreo,q,1,xml,293,744,293.0,reversible,True,con_contrato,,,False
cl100k_base,muestreo,q,1,csv,133,362,133.0,no_reversible,False,con_contrato,,,False
cl100k_base,muestreo,q,1,toon,254,645,254.0,reversible,True,autocontenida,,,False
cl100k_base,muestreo,q,1,toon_flat,241,591,241.0,reversible,True,con_contrato,,,False
cl100k_base,muestreo,q,1,mini,147,293,147.0,reversible_normalizado,True,con_contrato,,,False
cl100k_base,muestreo,q,1,xml_tipado,546,1788,546.0,reversible,True,autocontenida,,,False
cl100k_base,muestreo,q,1,csv_reversible,221,577,221.0,reversible,True,con_mapa,celdas,232,False
cl100k_base,muestreo,q,1,toon_reversible,256,627,256.0,reversible,True,con_mapa,celdas,152,False
r50k_base,muestreo,q,1,json_pretty,596,979,596.0,reversible,True,autocontenida,,,False
r50k_base,muestreo,q,1,json_compact,236,599,236.0,reversible,True,autocontenida,,,False
r50k_base,muestreo,q,1,yaml,316,641,316.0,reversible,True,autocontenida,,,False
r50k_base,muestreo,q,1,xml,369,744,369.0,reversible,True,con_contrato,,,False
r50k_base,muestreo,q,1,csv,163,362,163.0,no_reversible,False,con_contrato,,,False
r50k_base,muestreo,q,1,toon,335,645,335.0,reversible,True,autocontenida,,,False
r50k_base,muestreo,q,1,toon_flat,292,591,292.0,reversible,True,con_contrato,,,False
r50k_base,muestreo,q,1,mini,163,293,163.0,reversible_normalizado,True,con_contrato,,,False
r50k_base,muestreo,q,1,xml_tipado,582,1788,582.0,reversible,True,autocontenida,,,False
r50k_base,muestreo,q,1,csv_reversible,269,577,269.0,reversible,True,con_mapa,celdas,276,False
r50k_base,muestreo,q,1,toon_reversible,303,627,303.0,reversible,True,con_mapa,celdas,180,False
o200k_base,muestreo,q,5,json_pretty,1186,3797,237.2,reversible,True,autocontenida,,,False
o200k_base,muestreo,q,5,json_compact,779,2525,155.8,reversible,True,autocontenida,,,False
o200k_base,muestreo,q,5,yaml,934,2625,186.8,reversible,True,autocontenida,,,False
o200k_base,muestreo,q,5,xml,1079,3176,215.8,reversible,True,con_contrato,,,False
o200k_base,muestreo,q,5,csv,518,1552,103.6,no_reversible,False,con_contrato,,,False
o200k_base,muestreo,q,5,toon,892,2725,178.4,reversible,True,autocontenida,,,False
o200k_base,muestreo,q,5,toon_flat,630,1799,126.0,reversible,True,con_contrato,,,False
o200k_base,muestreo,q,5,mini,525,1473,105.0,reversible_normalizado,True,con_contrato,,,False
o200k_base,muestreo,q,5,xml_tipado,1825,6114,365.0,reversible,True,autocontenida,,,False
o200k_base,muestreo,q,5,csv_reversible,607,1784,121.4,reversible,True,con_mapa,columnas,418,False
o200k_base,muestreo,q,5,toon_reversible,651,1856,130.2,reversible,True,con_mapa,columnas,323,False
cl100k_base,muestreo,q,5,json_pretty,1228,3797,245.6,reversible,True,autocontenida,,,False
cl100k_base,muestreo,q,5,json_compact,806,2525,161.2,reversible,True,autocontenida,,,False
cl100k_base,muestreo,q,5,yaml,987,2625,197.4,reversible,True,autocontenida,,,False
cl100k_base,muestreo,q,5,xml,1114,3176,222.8,reversible,True,con_contrato,,,False
cl100k_base,muestreo,q,5,csv,558,1552,111.6,no_reversible,False,con_contrato,,,False
cl100k_base,muestreo,q,5,toon,946,2725,189.2,reversible,True,autocontenida,,,False
cl100k_base,muestreo,q,5,toon_flat,671,1799,134.2,reversible,True,con_contrato,,,False
cl100k_base,muestreo,q,5,mini,572,1473,114.4,reversible_normalizado,True,con_contrato,,,False
cl100k_base,muestreo,q,5,xml_tipado,1852,6114,370.4,reversible,True,autocontenida,,,False
cl100k_base,muestreo,q,5,csv_reversible,648,1784,129.6,reversible,True,con_mapa,columnas,396,False
cl100k_base,muestreo,q,5,toon_reversible,696,1856,139.2,reversible,True,con_mapa,columnas,301,False
r50k_base,muestreo,q,5,json_pretty,2136,3797,427.2,reversible,True,autocontenida,,,False
r50k_base,muestreo,q,5,json_compact,913,2525,182.6,reversible,True,autocontenida,,,False
r50k_base,muestreo,q,5,yaml,1150,2625,230.0,reversible,True,autocontenida,,,False
r50k_base,muestreo,q,5,xml,1449,3176,289.8,reversible,True,con_contrato,,,False
r50k_base,muestreo,q,5,csv,660,1552,132.0,no_reversible,False,con_contrato,,,False
r50k_base,muestreo,q,5,toon,1278,2725,255.6,reversible,True,autocontenida,,,False
r50k_base,muestreo,q,5,toon_flat,794,1799,158.8,reversible,True,con_contrato,,,False
r50k_base,muestreo,q,5,mini,664,1473,132.8,reversible_normalizado,True,con_contrato,,,False
r50k_base,muestreo,q,5,xml_tipado,1988,6114,397.6,reversible,True,autocontenida,,,False
r50k_base,muestreo,q,5,csv_reversible,774,1784,154.8,reversible,True,con_mapa,columnas,452,False
r50k_base,muestreo,q,5,toon_reversible,814,1856,162.8,reversible,True,con_mapa,columnas,338,False
o200k_base,muestreo,q,10,json_pretty,2212,7384,221.2,reversible,True,autocontenida,,,False
o200k_base,muestreo,q,10,json_compact,1461,4997,146.1,reversible,True,autocontenida,,,False
o200k_base,muestreo,q,10,yaml,1739,5157,173.9,reversible,True,autocontenida,,,False
o200k_base,muestreo,q,10,xml,2038,6279,203.8,reversible,True,con_contrato,,,False
o200k_base,muestreo,q,10,csv,979,3104,97.9,no_reversible,False,con_contrato,,,False
o200k_base,muestreo,q,10,toon,1681,5379,168.1,reversible,True,autocontenida,,,False
o200k_base,muestreo,q,10,toon_flat,1096,3363,109.6,reversible,True,con_contrato,,,False
o200k_base,muestreo,q,10,mini,979,3013,97.9,reversible_normalizado,True,con_contrato,,,False
o200k_base,muestreo,q,10,xml_tipado,3396,11584,339.6,reversible,True,autocontenida,,,False
o200k_base,muestreo,q,10,csv_reversible,1070,3339,107.0,reversible,True,con_mapa,columnas,418,False
o200k_base,muestreo,q,10,toon_reversible,1117,3420,111.7,reversible,True,con_mapa,columnas,323,False
cl100k_base,muestreo,q,10,json_pretty,2309,7384,230.9,reversible,True,autocontenida,,,False
cl100k_base,muestreo,q,10,json_compact,1531,4997,153.1,reversible,True,autocontenida,,,False
cl100k_base,muestreo,q,10,yaml,1854,5157,185.4,reversible,True,autocontenida,,,False
cl100k_base,muestreo,q,10,xml,2126,6279,212.6,reversible,True,con_contrato,,,False
cl100k_base,muestreo,q,10,csv,1076,3104,107.6,no_reversible,False,con_contrato,,,False
cl100k_base,muestreo,q,10,toon,1792,5379,179.2,reversible,True,autocontenida,,,False
cl100k_base,muestreo,q,10,toon_flat,1194,3363,119.4,reversible,True,con_contrato,,,False
cl100k_base,muestreo,q,10,mini,1088,3013,108.8,reversible_normalizado,True,con_contrato,,,False
cl100k_base,muestreo,q,10,xml_tipado,3471,11584,347.1,reversible,True,autocontenida,,,False
cl100k_base,muestreo,q,10,csv_reversible,1168,3339,116.8,reversible,True,con_mapa,columnas,396,False
cl100k_base,muestreo,q,10,toon_reversible,1219,3420,121.9,reversible,True,con_mapa,columnas,301,False
r50k_base,muestreo,q,10,json_pretty,4075,7384,407.5,reversible,True,autocontenida,,,False
r50k_base,muestreo,q,10,json_compact,1773,4997,177.3,reversible,True,autocontenida,,,False
r50k_base,muestreo,q,10,yaml,2199,5157,219.9,reversible,True,autocontenida,,,False
r50k_base,muestreo,q,10,xml,2813,6279,281.3,reversible,True,con_contrato,,,False
r50k_base,muestreo,q,10,csv,1295,3104,129.5,no_reversible,False,con_contrato,,,False
r50k_base,muestreo,q,10,toon,2468,5379,246.8,reversible,True,autocontenida,,,False
r50k_base,muestreo,q,10,toon_flat,1434,3363,143.4,reversible,True,con_contrato,,,False
r50k_base,muestreo,q,10,mini,1305,3013,130.5,reversible_normalizado,True,con_contrato,,,False
r50k_base,muestreo,q,10,xml_tipado,3759,11584,375.9,reversible,True,autocontenida,,,False
r50k_base,muestreo,q,10,csv_reversible,1411,3339,141.1,reversible,True,con_mapa,columnas,452,False
r50k_base,muestreo,q,10,toon_reversible,1454,3420,145.4,reversible,True,con_mapa,columnas,338,False
o200k_base,muestreo,q,12,json_pretty,2626,8904,218.833333,reversible,True,autocontenida,,,False
o200k_base,muestreo,q,12,json_compact,1737,6071,144.75,reversible,True,autocontenida,,,False
o200k_base,muestreo,q,12,yaml,2065,6255,172.083333,reversible,True,autocontenida,,,False
o200k_base,muestreo,q,12,xml,2422,7605,201.833333,reversible,True,con_contrato,,,False
o200k_base,muestreo,q,12,csv,1165,3810,97.083333,no_reversible,False,con_contrato,,,False
o200k_base,muestreo,q,12,toon,1999,6525,166.583333,reversible,True,autocontenida,,,False
o200k_base,muestreo,q,12,toon_flat,1284,4073,107.0,reversible,True,con_contrato,,,False
o200k_base,muestreo,q,12,mini,1162,3714,96.833333,reversible_normalizado,True,con_contrato,,,False
o200k_base,muestreo,q,12,xml_tipado,4026,13858,335.5,reversible,True,autocontenida,,,False
o200k_base,muestreo,q,12,csv_reversible,1258,4047,104.833333,reversible,True,con_mapa,columnas,418,False
o200k_base,muestreo,q,12,toon_reversible,1305,4130,108.75,reversible,True,con_mapa,columnas,323,False
cl100k_base,muestreo,q,12,json_pretty,2754,8904,229.5,reversible,True,autocontenida,,,False
cl100k_base,muestreo,q,12,json_compact,1834,6071,152.833333,reversible,True,autocontenida,,,False
cl100k_base,muestreo,q,12,yaml,2216,6255,184.666667,reversible,True,autocontenida,,,False
cl100k_base,muestreo,q,12,xml,2541,7605,211.75,reversible,True,con_contrato,,,False
cl100k_base,muestreo,q,12,csv,1295,3810,107.916667,no_reversible,False,con_contrato,,,False
cl100k_base,muestreo,q,12,toon,2144,6525,178.666667,reversible,True,autocontenida,,,False
cl100k_base,muestreo,q,12,toon_flat,1415,4073,117.916667,reversible,True,con_contrato,,,False
cl100k_base,muestreo,q,12,mini,1307,3714,108.916667,reversible_normalizado,True,con_contrato,,,False
cl100k_base,muestreo,q,12,xml_tipado,4130,13858,344.166667,reversible,True,autocontenida,,,False
cl100k_base,muestreo,q,12,csv_reversible,1389,4047,115.75,reversible,True,con_mapa,columnas,396,False
cl100k_base,muestreo,q,12,toon_reversible,1440,4130,120.0,reversible,True,con_mapa,columnas,301,False
r50k_base,muestreo,q,12,json_pretty,4875,8904,406.25,reversible,True,autocontenida,,,False
r50k_base,muestreo,q,12,json_compact,2143,6071,178.583333,reversible,True,autocontenida,,,False
r50k_base,muestreo,q,12,yaml,2645,6255,220.416667,reversible,True,autocontenida,,,False
r50k_base,muestreo,q,12,xml,3383,7605,281.916667,reversible,True,con_contrato,,,False
r50k_base,muestreo,q,12,csv,1574,3810,131.166667,no_reversible,False,con_contrato,,,False
r50k_base,muestreo,q,12,toon,2970,6525,247.5,reversible,True,autocontenida,,,False
r50k_base,muestreo,q,12,toon_flat,1715,4073,142.916667,reversible,True,con_contrato,,,False
r50k_base,muestreo,q,12,mini,1586,3714,132.166667,reversible_normalizado,True,con_contrato,,,False
r50k_base,muestreo,q,12,xml_tipado,4493,13858,374.416667,reversible,True,autocontenida,,,False
r50k_base,muestreo,q,12,csv_reversible,1692,4047,141.0,reversible,True,con_mapa,columnas,452,False
r50k_base,muestreo,q,12,toon_reversible,1735,4130,144.583333,reversible,True,con_mapa,columnas,338,False
o200k_base,muestreo,q,25,json_pretty,5313,18130,212.52,reversible,True,autocontenida,,,True
o200k_base,muestreo,q,25,json_compact,3529,12398,141.16,reversible,True,autocontenida,,,True
o200k_base,muestreo,q,25,yaml,4177,12750,167.08,reversible,True,autocontenida,,,True
o200k_base,muestreo,q,25,xml,4930,15575,197.2,reversible,True,con_contrato,,,True
o200k_base,muestreo,q,25,csv,2371,7744,94.84,no_reversible,False,con_contrato,,,True
o200k_base,muestreo,q,25,toon,4055,13331,162.2,reversible,True,autocontenida,,,True
o200k_base,muestreo,q,25,toon_flat,2504,8045,100.16,reversible,True,con_contrato,,,True
o200k_base,muestreo,q,25,mini,2355,7617,94.2,reversible_normalizado,True,con_contrato,,,True
o200k_base,muestreo,q,25,xml_tipado,8126,27983,325.04,reversible,True,autocontenida,,,True
o200k_base,muestreo,q,25,csv_reversible,2470,7987,98.8,reversible,True,con_mapa,columnas,418,True
o200k_base,muestreo,q,25,toon_reversible,2525,8102,101.0,reversible,True,con_mapa,columnas,323,True
cl100k_base,muestreo,q,25,json_pretty,5579,18130,223.16,reversible,True,autocontenida,,,True
cl100k_base,muestreo,q,25,json_compact,3733,12398,149.32,reversible,True,autocontenida,,,True
cl100k_base,muestreo,q,25,yaml,4488,12750,179.52,reversible,True,autocontenida,,,True
cl100k_base,muestreo,q,25,xml,5177,15575,207.08,reversible,True,con_contrato,,,True
cl100k_base,muestreo,q,25,csv,2647,7744,105.88,no_reversible,False,con_contrato,,,True
cl100k_base,muestreo,q,25,toon,4356,13331,174.24,reversible,True,autocontenida,,,True
cl100k_base,muestreo,q,25,toon_flat,2781,8045,111.24,reversible,True,con_contrato,,,True
cl100k_base,muestreo,q,25,mini,2660,7617,106.4,reversible_normalizado,True,con_contrato,,,True
cl100k_base,muestreo,q,25,xml_tipado,8343,27983,333.72,reversible,True,autocontenida,,,True
cl100k_base,muestreo,q,25,csv_reversible,2747,7987,109.88,reversible,True,con_mapa,columnas,396,True
cl100k_base,muestreo,q,25,toon_reversible,2806,8102,112.24,reversible,True,con_mapa,columnas,301,True
r50k_base,muestreo,q,25,json_pretty,9893,18130,395.72,reversible,True,autocontenida,,,True
r50k_base,muestreo,q,25,json_compact,4357,12398,174.28,reversible,True,autocontenida,,,True
r50k_base,muestreo,q,25,yaml,5356,12750,214.24,reversible,True,autocontenida,,,True
r50k_base,muestreo,q,25,xml,6908,15575,276.32,reversible,True,con_contrato,,,True
r50k_base,muestreo,q,25,csv,3202,7744,128.08,no_reversible,False,con_contrato,,,True
r50k_base,muestreo,q,25,toon,6045,13331,241.8,reversible,True,autocontenida,,,True
r50k_base,muestreo,q,25,toon_flat,3357,8045,134.28,reversible,True,con_contrato,,,True
r50k_base,muestreo,q,25,mini,3228,7617,129.12,reversible_normalizado,True,con_contrato,,,True
r50k_base,muestreo,q,25,xml_tipado,9077,27983,363.08,reversible,True,autocontenida,,,True
r50k_base,muestreo,q,25,csv_reversible,3326,7987,133.04,reversible,True,con_mapa,columnas,452,True
r50k_base,muestreo,q,25,toon_reversible,3377,8102,135.08,reversible,True,con_mapa,columnas,338,True
o200k_base,muestreo,q,50,json_pretty,10487,35993,209.74,reversible,True,autocontenida,,,True
o200k_base,muestreo,q,50,json_compact,6979,24686,139.58,reversible,True,autocontenida,,,True
o200k_base,muestreo,q,50,yaml,8244,25356,164.88,reversible,True,autocontenida,,,True
o200k_base,muestreo,q,50,xml,9754,31018,195.08,reversible,True,con_contrato,,,True
o200k_base,muestreo,q,50,csv,4694,15429,93.88,no_reversible,False,con_contrato,,,True
o200k_base,muestreo,q,50,toon,8010,26534,160.2,reversible,True,autocontenida,,,True
o200k_base,muestreo,q,50,toon_flat,4854,15798,97.08,reversible,True,con_contrato,,,True
o200k_base,muestreo,q,50,mini,4653,15239,93.06,reversible_normalizado,True,con_contrato,,,True
o200k_base,muestreo,q,50,xml_tipado,16016,55267,320.32,reversible,True,autocontenida,,,True
o200k_base,muestreo,q,50,csv_reversible,4809,15688,96.18,reversible,True,con_mapa,columnas,418,True
o200k_base,muestreo,q,50,toon_reversible,4875,15855,97.5,reversible,True,con_mapa,columnas,323,True
cl100k_base,muestreo,q,50,json_pretty,11015,35993,220.3,reversible,True,autocontenida,,,True
cl100k_base,muestreo,q,50,json_compact,7387,24686,147.74,reversible,True,autocontenida,,,True
cl100k_base,muestreo,q,50,yaml,8866,25356,177.32,reversible,True,autocontenida,,,True
cl100k_base,muestreo,q,50,xml,10244,31018,204.88,reversible,True,con_contrato,,,True
cl100k_base,muestreo,q,50,csv,5242,15429,104.84,no_reversible,False,con_contrato,,,True
cl100k_base,muestreo,q,50,toon,8606,26534,172.12,reversible,True,autocontenida,,,True
cl100k_base,muestreo,q,50,toon_flat,5403,15798,108.06,reversible,True,con_contrato,,,True
cl100k_base,muestreo,q,50,mini,5257,15239,105.14,reversible_normalizado,True,con_contrato,,,True
cl100k_base,muestreo,q,50,xml_tipado,16447,55267,328.94,reversible,True,autocontenida,,,True
cl100k_base,muestreo,q,50,csv_reversible,5358,15688,107.16,reversible,True,con_mapa,columnas,396,True
cl100k_base,muestreo,q,50,toon_reversible,5428,15855,108.56,reversible,True,con_mapa,columnas,301,True
r50k_base,muestreo,q,50,json_pretty,19573,35993,391.46,reversible,True,autocontenida,,,True
r50k_base,muestreo,q,50,json_compact,8645,24686,172.9,reversible,True,autocontenida,,,True
r50k_base,muestreo,q,50,yaml,10599,25356,211.98,reversible,True,autocontenida,,,True
r50k_base,muestreo,q,50,xml,13711,31018,274.22,reversible,True,con_contrato,,,True
r50k_base,muestreo,q,50,csv,6360,15429,127.2,no_reversible,False,con_contrato,,,True
r50k_base,muestreo,q,50,toon,11983,26534,239.66,reversible,True,autocontenida,,,True
r50k_base,muestreo,q,50,toon_flat,6542,15798,130.84,reversible,True,con_contrato,,,True
r50k_base,muestreo,q,50,mini,6413,15239,128.26,reversible_normalizado,True,con_contrato,,,True
r50k_base,muestreo,q,50,xml_tipado,17921,55267,358.42,reversible,True,autocontenida,,,True
r50k_base,muestreo,q,50,csv_reversible,6500,15688,130.0,reversible,True,con_mapa,columnas,452,True
r50k_base,muestreo,q,50,toon_reversible,6562,15855,131.24,reversible,True,con_mapa,columnas,338,True
o200k_base,muestreo,q,100,json_pretty,20799,71384,207.99,reversible,True,autocontenida,,,True
o200k_base,muestreo,q,100,json_compact,13846,48927,138.46,reversible,True,autocontenida,,,True
o200k_base,muestreo,q,100,yaml,16346,50245,163.46,reversible,True,autocontenida,,,True
o200k_base,muestreo,q,100,xml,19375,61577,193.75,reversible,True,con_contrato,,,True
o200k_base,muestreo,q,100,csv,9308,30471,93.08,no_reversible,False,con_contrato,,,True
o200k_base,muestreo,q,100,toon,15891,52626,158.91,reversible,True,autocontenida,,,True
o200k_base,muestreo,q,100,toon_flat,9523,30990,95.23,reversible,True,con_contrato,,,True
o200k_base,muestreo,q,100,mini,9220,30157,92.2,reversible_normalizado,True,con_contrato,,,True
o200k_base,muestreo,q,100,xml_tipado,31761,109500,317.61,reversible,True,autocontenida,,,True
o200k_base,muestreo,q,100,csv_reversible,9447,30755,94.47,reversible,True,con_mapa,columnas,418,True
o200k_base,muestreo,q,100,toon_reversible,9544,31047,95.44,reversible,True,con_mapa,columnas,323,True
cl100k_base,muestreo,q,100,json_pretty,21848,71384,218.48,reversible,True,autocontenida,,,True
cl100k_base,muestreo,q,100,json_compact,14658,48927,146.58,reversible,True,autocontenida,,,True
cl100k_base,muestreo,q,100,yaml,17582,50245,175.82,reversible,True,autocontenida,,,True
cl100k_base,muestreo,q,100,xml,20347,61577,203.47,reversible,True,con_contrato,,,True
cl100k_base,muestreo,q,100,csv,10402,30471,104.02,no_reversible,False,con_contrato,,,True
cl100k_base,muestreo,q,100,toon,17077,52626,170.77,reversible,True,autocontenida,,,True
cl100k_base,muestreo,q,100,toon_flat,10618,30990,106.18,reversible,True,con_contrato,,,True
cl100k_base,muestreo,q,100,mini,10424,30157,104.24,reversible_normalizado,True,con_contrato,,,True
cl100k_base,muestreo,q,100,xml_tipado,32615,109500,326.15,reversible,True,autocontenida,,,True
cl100k_base,muestreo,q,100,csv_reversible,10542,30755,105.42,reversible,True,con_mapa,columnas,396,True
cl100k_base,muestreo,q,100,toon_reversible,10643,31047,106.43,reversible,True,con_mapa,columnas,301,True
r50k_base,muestreo,q,100,json_pretty,38850,71384,388.5,reversible,True,autocontenida,,,True
r50k_base,muestreo,q,100,json_compact,17139,48927,171.39,reversible,True,autocontenida,,,True
r50k_base,muestreo,q,100,yaml,21012,50245,210.12,reversible,True,autocontenida,,,True
r50k_base,muestreo,q,100,xml,27244,61577,272.44,reversible,True,con_contrato,,,True
r50k_base,muestreo,q,100,csv,12600,30471,126.0,no_reversible,False,con_contrato,,,True
r50k_base,muestreo,q,100,toon,23789,52626,237.89,reversible,True,autocontenida,,,True
r50k_base,muestreo,q,100,toon_flat,12837,30990,128.37,reversible,True,con_contrato,,,True
r50k_base,muestreo,q,100,mini,12707,30157,127.07,reversible_normalizado,True,con_contrato,,,True
r50k_base,muestreo,q,100,xml_tipado,35528,109500,355.28,reversible,True,autocontenida,,,True
r50k_base,muestreo,q,100,csv_reversible,12764,30755,127.64,reversible,True,con_mapa,columnas,452,True
r50k_base,muestreo,q,100,toon_reversible,12857,31047,128.57,reversible,True,con_mapa,columnas,338,True
o200k_base,muestreo,q,250,json_pretty,51768,178492,207.072,reversible,True,autocontenida,,,True
o200k_base,muestreo,q,250,json_compact,34477,122585,137.908,reversible,True,autocontenida,,,True
o200k_base,muestreo,q,250,yaml,40670,125817,162.68,reversible,True,autocontenida,,,True
o200k_base,muestreo,q,250,xml,48271,154185,193.084,reversible,True,con_contrato,,,True
o200k_base,muestreo,q,250,csv,23193,76529,92.772,no_reversible,False,con_contrato,,,True
o200k_base,muestreo,q,250,toon,39576,131798,158.304,reversible,True,autocontenida,,,True
o200k_base,muestreo,q,250,toon_flat,23569,77462,94.276,reversible,True,con_contrato,,,True
o200k_base,muestreo,q,250,mini,22952,75841,91.808,reversible_normalizado,True,con_contrato,,,True
o200k_base,muestreo,q,250,xml_tipado,79031,273132,316.124,reversible,True,autocontenida,,,True
o200k_base,muestreo,q,250,csv_reversible,23406,76887,93.624,reversible,True,con_mapa,columnas,418,True
o200k_base,muestreo,q,250,toon_reversible,23590,77519,94.36,reversible,True,con_mapa,columnas,323,True
cl100k_base,muestreo,q,250,json_pretty,54439,178492,217.756,reversible,True,autocontenida,,,True
cl100k_base,muestreo,q,250,json_compact,36561,122585,146.244,reversible,True,autocontenida,,,True
cl100k_base,muestreo,q,250,yaml,43799,125817,175.196,reversible,True,autocontenida,,,True
cl100k_base,muestreo,q,250,xml,50753,154185,203.012,reversible,True,con_contrato,,,True
cl100k_base,muestreo,q,250,csv,25984,76529,103.936,no_reversible,False,con_contrato,,,True
cl100k_base,muestreo,q,250,toon,42579,131798,170.316,reversible,True,autocontenida,,,True
cl100k_base,muestreo,q,250,toon_flat,26361,77462,105.444,reversible,True,con_contrato,,,True
cl100k_base,muestreo,q,250,mini,26016,75841,104.064,reversible_normalizado,True,con_contrato,,,True
cl100k_base,muestreo,q,250,xml_tipado,81220,273132,324.88,reversible,True,autocontenida,,,True
cl100k_base,muestreo,q,250,csv_reversible,26198,76887,104.792,reversible,True,con_mapa,columnas,396,True
cl100k_base,muestreo,q,250,toon_reversible,26386,77519,105.544,reversible,True,con_mapa,columnas,301,True
r50k_base,muestreo,q,250,json_pretty,96871,178492,387.484,reversible,True,autocontenida,,,True
r50k_base,muestreo,q,250,json_compact,42809,122585,171.236,reversible,True,autocontenida,,,True
r50k_base,muestreo,q,250,yaml,52407,125817,209.628,reversible,True,autocontenida,,,True
r50k_base,muestreo,q,250,xml,68027,154185,272.108,reversible,True,con_contrato,,,True
r50k_base,muestreo,q,250,csv,31510,76529,126.04,no_reversible,False,con_contrato,,,True
r50k_base,muestreo,q,250,toon,59380,131798,237.52,reversible,True,autocontenida,,,True
r50k_base,muestreo,q,250,toon_flat,31908,77462,127.632,reversible,True,con_contrato,,,True
r50k_base,muestreo,q,250,mini,31780,75841,127.12,reversible_normalizado,True,con_contrato,,,True
r50k_base,muestreo,q,250,xml_tipado,88535,273132,354.14,reversible,True,autocontenida,,,True
r50k_base,muestreo,q,250,csv_reversible,31748,76887,126.992,reversible,True,con_mapa,columnas,452,True
r50k_base,muestreo,q,250,toon_reversible,31928,77519,127.712,reversible,True,con_mapa,columnas,338,True
o200k_base,muestreo,r,1,json_pretty,130,419,130.0,reversible,True,autocontenida,,,False
o200k_base,muestreo,r,1,json_compact,76,273,76.0,reversible,True,autocontenida,,,False
o200k_base,muestreo,r,1,yaml,90,267,90.0,reversible,True,autocontenida,,,False
o200k_base,muestreo,r,1,xml,121,346,121.0,reversible,True,con_contrato,,,False
o200k_base,muestreo,r,1,csv,53,174,53.0,no_reversible,False,con_contrato,,,False
o200k_base,muestreo,r,1,toon,88,268,88.0,reversible,True,autocontenida,,,False
o200k_base,muestreo,r,1,toon_flat,95,267,95.0,reversible,True,con_contrato,,,False
o200k_base,muestreo,r,1,mini,58,157,58.0,reversible_normalizado,True,con_contrato,,,False
o200k_base,muestreo,r,1,xml_tipado,212,720,212.0,reversible,True,autocontenida,,,False
o200k_base,muestreo,r,1,csv_reversible,82,260,82.0,reversible,True,con_mapa,celdas,99,False
o200k_base,muestreo,r,1,toon_reversible,91,276,91.0,reversible,True,con_mapa,celdas,69,False
cl100k_base,muestreo,r,1,json_pretty,132,419,132.0,reversible,True,autocontenida,,,False
cl100k_base,muestreo,r,1,json_compact,75,273,75.0,reversible,True,autocontenida,,,False
cl100k_base,muestreo,r,1,yaml,90,267,90.0,reversible,True,autocontenida,,,False
cl100k_base,muestreo,r,1,xml,122,346,122.0,reversible,True,con_contrato,,,False
cl100k_base,muestreo,r,1,csv,54,174,54.0,no_reversible,False,con_contrato,,,False
cl100k_base,muestreo,r,1,toon,88,268,88.0,reversible,True,autocontenida,,,False
cl100k_base,muestreo,r,1,toon_flat,96,267,96.0,reversible,True,con_contrato,,,False
cl100k_base,muestreo,r,1,mini,59,157,59.0,reversible_normalizado,True,con_contrato,,,False
cl100k_base,muestreo,r,1,xml_tipado,213,720,213.0,reversible,True,autocontenida,,,False
cl100k_base,muestreo,r,1,csv_reversible,83,260,83.0,reversible,True,con_mapa,celdas,93,False
cl100k_base,muestreo,r,1,toon_reversible,93,276,93.0,reversible,True,con_mapa,celdas,63,False
r50k_base,muestreo,r,1,json_pretty,223,419,223.0,reversible,True,autocontenida,,,False
r50k_base,muestreo,r,1,json_compact,79,273,79.0,reversible,True,autocontenida,,,False
r50k_base,muestreo,r,1,yaml,92,267,92.0,reversible,True,autocontenida,,,False
r50k_base,muestreo,r,1,xml,147,346,147.0,reversible,True,con_contrato,,,False
r50k_base,muestreo,r,1,csv,58,174,58.0,no_reversible,False,con_contrato,,,False
r50k_base,muestreo,r,1,toon,100,268,100.0,reversible,True,autocontenida,,,False
r50k_base,muestreo,r,1,toon_flat,102,267,102.0,reversible,True,con_contrato,,,False
r50k_base,muestreo,r,1,mini,64,157,64.0,reversible_normalizado,True,con_contrato,,,False
r50k_base,muestreo,r,1,xml_tipado,219,720,219.0,reversible,True,autocontenida,,,False
r50k_base,muestreo,r,1,csv_reversible,94,260,94.0,reversible,True,con_mapa,celdas,108,False
r50k_base,muestreo,r,1,toon_reversible,102,276,102.0,reversible,True,con_mapa,celdas,72,False
o200k_base,muestreo,r,5,json_pretty,429,1579,85.8,reversible,True,autocontenida,,,False
o200k_base,muestreo,r,5,json_compact,251,1029,50.2,reversible,True,autocontenida,,,False
o200k_base,muestreo,r,5,yaml,307,1031,61.4,reversible,True,autocontenida,,,False
o200k_base,muestreo,r,5,xml,488,1494,97.6,reversible,True,con_contrato,,,False
o200k_base,muestreo,r,5,csv,167,618,33.4,no_reversible,False,con_contrato,,,False
o200k_base,muestreo,r,5,toon,288,1028,57.6,reversible,True,autocontenida,,,False
o200k_base,muestreo,r,5,toon_flat,213,719,42.6,reversible,True,con_contrato,,,False
o200k_base,muestreo,r,5,mini,173,601,34.6,reversible_normalizado,True,con_contrato,,,False
o200k_base,muestreo,r,5,xml_tipado,679,2364,135.8,reversible,True,autocontenida,,,False
o200k_base,muestreo,r,5,csv_reversible,200,716,40.0,reversible,True,con_mapa,columnas,203,False
o200k_base,muestreo,r,5,toon_reversible,223,746,44.6,reversible,True,con_mapa,columnas,158,False
cl100k_base,muestreo,r,5,json_pretty,435,1579,87.0,reversible,True,autocontenida,,,False
cl100k_base,muestreo,r,5,json_compact,250,1029,50.0,reversible,True,autocontenida,,,False
cl100k_base,muestreo,r,5,yaml,308,1031,61.6,reversible,True,autocontenida,,,False
cl100k_base,muestreo,r,5,xml,493,1494,98.6,reversible,True,con_contrato,,,False
cl100k_base,muestreo,r,5,csv,168,618,33.6,no_reversible,False,con_contrato,,,False
cl100k_base,muestreo,r,5,toon,288,1028,57.6,reversible,True,autocontenida,,,False
cl100k_base,muestreo,r,5,toon_flat,214,719,42.8,reversible,True,con_contrato,,,False
cl100k_base,muestreo,r,5,mini,174,601,34.8,reversible_normalizado,True,con_contrato,,,False
cl100k_base,muestreo,r,5,xml_tipado,680,2364,136.0,reversible,True,autocontenida,,,False
cl100k_base,muestreo,r,5,csv_reversible,201,716,40.2,reversible,True,con_mapa,columnas,194,False
cl100k_base,muestreo,r,5,toon_reversible,225,746,45.0,reversible,True,con_mapa,columnas,149,False
r50k_base,muestreo,r,5,json_pretty,807,1579,161.4,reversible,True,autocontenida,,,False
r50k_base,muestreo,r,5,json_compact,263,1029,52.6,reversible,True,autocontenida,,,False
r50k_base,muestreo,r,5,yaml,315,1031,63.0,reversible,True,autocontenida,,,False
r50k_base,muestreo,r,5,xml,607,1494,121.4,reversible,True,con_contrato,,,False
r50k_base,muestreo,r,5,csv,190,618,38.0,no_reversible,False,con_contrato,,,False
r50k_base,muestreo,r,5,toon,348,1028,69.6,reversible,True,autocontenida,,,False
r50k_base,muestreo,r,5,toon_flat,238,719,47.6,reversible,True,con_contrato,,,False
r50k_base,muestreo,r,5,mini,196,601,39.2,reversible_normalizado,True,con_contrato,,,False
r50k_base,muestreo,r,5,xml_tipado,699,2364,139.8,reversible,True,autocontenida,,,False
r50k_base,muestreo,r,5,csv_reversible,233,716,46.6,reversible,True,con_mapa,columnas,215,False
r50k_base,muestreo,r,5,toon_reversible,248,746,49.6,reversible,True,con_mapa,columnas,161,False
o200k_base,muestreo,r,10,json_pretty,803,3025,80.3,reversible,True,autocontenida,,,False
o200k_base,muestreo,r,10,json_compact,470,1970,47.0,reversible,True,autocontenida,,,False
o200k_base,muestreo,r,10,yaml,582,1982,58.2,reversible,True,autocontenida,,,False
o200k_base,muestreo,r,10,xml,946,2925,94.6,reversible,True,con_contrato,,,False
o200k_base,muestreo,r,10,csv,310,1171,31.0,no_reversible,False,con_contrato,,,False
o200k_base,muestreo,r,10,toon,542,1977,54.2,reversible,True,autocontenida,,,False
o200k_base,muestreo,r,10,toon_flat,361,1283,36.1,reversible,True,con_contrato,,,False
o200k_base,muestreo,r,10,mini,317,1154,31.7,reversible_normalizado,True,con_contrato,,,False
o200k_base,muestreo,r,10,xml_tipado,1262,4415,126.2,reversible,True,autocontenida,,,False
o200k_base,muestreo,r,10,csv_reversible,343,1269,34.3,reversible,True,con_mapa,columnas,203,False
o200k_base,muestreo,r,10,toon_reversible,371,1310,37.1,reversible,True,con_mapa,columnas,158,False
cl100k_base,muestreo,r,10,json_pretty,812,3025,81.2,reversible,True,autocontenida,,,False
cl100k_base,muestreo,r,10,json_compact,467,1970,46.7,reversible,True,autocontenida,,,False
cl100k_base,muestreo,r,10,yaml,583,1982,58.3,reversible,True,autocontenida,,,False
cl100k_base,muestreo,r,10,xml,952,2925,95.2,reversible,True,con_contrato,,,False
cl100k_base,muestreo,r,10,csv,311,1171,31.1,no_reversible,False,con_contrato,,,False
cl100k_base,muestreo,r,10,toon,542,1977,54.2,reversible,True,autocontenida,,,False
cl100k_base,muestreo,r,10,toon_flat,362,1283,36.2,reversible,True,con_contrato,,,False
cl100k_base,muestreo,r,10,mini,320,1154,32.0,reversible_normalizado,True,con_contrato,,,False
cl100k_base,muestreo,r,10,xml_tipado,1259,4415,125.9,reversible,True,autocontenida,,,False
cl100k_base,muestreo,r,10,csv_reversible,344,1269,34.4,reversible,True,con_mapa,columnas,194,False
cl100k_base,muestreo,r,10,toon_reversible,373,1310,37.3,reversible,True,con_mapa,columnas,149,False
r50k_base,muestreo,r,10,json_pretty,1532,3025,153.2,reversible,True,autocontenida,,,False
r50k_base,muestreo,r,10,json_compact,488,1970,48.8,reversible,True,autocontenida,,,False
r50k_base,muestreo,r,10,yaml,595,1982,59.5,reversible,True,autocontenida,,,False
r50k_base,muestreo,r,10,xml,1177,2925,117.7,reversible,True,con_contrato,,,False
r50k_base,muestreo,r,10,csv,350,1171,35.0,no_reversible,False,con_contrato,,,False
r50k_base,muestreo,r,10,toon,656,1977,65.6,reversible,True,autocontenida,,,False
r50k_base,muestreo,r,10,toon_flat,403,1283,40.3,reversible,True,con_contrato,,,False
r50k_base,muestreo,r,10,mini,357,1154,35.7,reversible_normalizado,True,con_contrato,,,False
r50k_base,muestreo,r,10,xml_tipado,1294,4415,129.4,reversible,True,autocontenida,,,False
r50k_base,muestreo,r,10,csv_reversible,393,1269,39.3,reversible,True,con_mapa,columnas,215,False
r50k_base,muestreo,r,10,toon_reversible,413,1310,41.3,reversible,True,con_mapa,columnas,161,False
o200k_base,muestreo,r,12,json_pretty,957,3621,79.75,reversible,True,autocontenida,,,False
o200k_base,muestreo,r,12,json_compact,562,2364,46.833333,reversible,True,autocontenida,,,False
o200k_base,muestreo,r,12,yaml,696,2380,58.0,reversible,True,autocontenida,,,False
o200k_base,muestreo,r,12,xml,1134,3515,94.5,reversible,True,con_contrato,,,False
o200k_base,muestreo,r,12,csv,373,1411,31.083333,no_reversible,False,con_contrato,,,False
o200k_base,muestreo,r,12,toon,647,2375,53.916667,reversible,True,autocontenida,,,False
o200k_base,muestreo,r,12,toon_flat,426,1527,35.5,reversible,True,con_contrato,,,False
o200k_base,muestreo,r,12,mini,380,1393,31.666667,reversible_normalizado,True,con_contrato,,,False
o200k_base,muestreo,r,12,xml_tipado,1500,5253,125.0,reversible,True,autocontenida,,,False
o200k_base,muestreo,r,12,csv_reversible,406,1509,33.833333,reversible,True,con_mapa,columnas,203,False
o200k_base,muestreo,r,12,toon_reversible,436,1554,36.333333,reversible,True,con_mapa,columnas,158,False
cl100k_base,muestreo,r,12,json_pretty,969,3621,80.75,reversible,True,autocontenida,,,False
cl100k_base,muestreo,r,12,json_compact,560,2364,46.666667,reversible,True,autocontenida,,,False
cl100k_base,muestreo,r,12,yaml,697,2380,58.083333,reversible,True,autocontenida,,,False
cl100k_base,muestreo,r,12,xml,1142,3515,95.166667,reversible,True,con_contrato,,,False
cl100k_base,muestreo,r,12,csv,372,1411,31.0,no_reversible,False,con_contrato,,,False
cl100k_base,muestreo,r,12,toon,646,2375,53.833333,reversible,True,autocontenida,,,False
cl100k_base,muestreo,r,12,toon_flat,425,1527,35.416667,reversible,True,con_contrato,,,False
cl100k_base,muestreo,r,12,mini,384,1393,32.0,reversible_normalizado,True,con_contrato,,,False
cl100k_base,muestreo,r,12,xml_tipado,1497,5253,124.75,reversible,True,autocontenida,,,False
cl100k_base,muestreo,r,12,csv_reversible,405,1509,33.75,reversible,True,con_mapa,columnas,194,False
cl100k_base,muestreo,r,12,toon_reversible,436,1554,36.333333,reversible,True,con_mapa,columnas,149,False
r50k_base,muestreo,r,12,json_pretty,1826,3621,152.166667,reversible,True,autocontenida,,,False
r50k_base,muestreo,r,12,json_compact,582,2364,48.5,reversible,True,autocontenida,,,False
r50k_base,muestreo,r,12,yaml,712,2380,59.333333,reversible,True,autocontenida,,,False
r50k_base,muestreo,r,12,xml,1409,3515,117.416667,reversible,True,con_contrato,,,False
r50k_base,muestreo,r,12,csv,418,1411,34.833333,no_reversible,False,con_contrato,,,False
r50k_base,muestreo,r,12,toon,784,2375,65.333333,reversible,True,autocontenida,,,False
r50k_base,muestreo,r,12,toon_flat,473,1527,39.416667,reversible,True,con_contrato,,,False
r50k_base,muestreo,r,12,mini,426,1393,35.5,reversible_normalizado,True,con_contrato,,,False
r50k_base,muestreo,r,12,xml_tipado,1536,5253,128.0,reversible,True,autocontenida,,,False
r50k_base,muestreo,r,12,csv_reversible,461,1509,38.416667,reversible,True,con_mapa,columnas,215,False
r50k_base,muestreo,r,12,toon_reversible,483,1554,40.25,reversible,True,con_mapa,columnas,161,False
o200k_base,muestreo,r,25,json_pretty,1932,7394,77.28,reversible,True,autocontenida,,,True
o200k_base,muestreo,r,25,json_compact,1134,4824,45.36,reversible,True,autocontenida,,,True
o200k_base,muestreo,r,25,yaml,1409,4866,56.36,reversible,True,autocontenida,,,True
o200k_base,muestreo,r,25,xml,2329,7249,93.16,reversible,True,con_contrato,,,True
o200k_base,muestreo,r,25,csv,749,2861,29.96,no_reversible,False,con_contrato,,,True
o200k_base,muestreo,r,25,toon,1304,4852,52.16,reversible,True,autocontenida,,,True
o200k_base,muestreo,r,25,toon_flat,815,3003,32.6,reversible,True,con_contrato,,,True
o200k_base,muestreo,r,25,mini,758,2841,30.32,reversible_normalizado,True,con_contrato,,,True
o200k_base,muestreo,r,25,xml_tipado,3020,10599,120.8,reversible,True,autocontenida,,,True
o200k_base,muestreo,r,25,csv_reversible,782,2959,31.28,reversible,True,con_mapa,columnas,203,True
o200k_base,muestreo,r,25,toon_reversible,825,3030,33.0,reversible,True,con_mapa,columnas,158,True
cl100k_base,muestreo,r,25,json_pretty,1957,7394,78.28,reversible,True,autocontenida,,,True
cl100k_base,muestreo,r,25,json_compact,1132,4824,45.28,reversible,True,autocontenida,,,True
cl100k_base,muestreo,r,25,yaml,1411,4866,56.44,reversible,True,autocontenida,,,True
cl100k_base,muestreo,r,25,xml,2346,7249,93.84,reversible,True,con_contrato,,,True
cl100k_base,muestreo,r,25,csv,748,2861,29.92,no_reversible,False,con_contrato,,,True
cl100k_base,muestreo,r,25,toon,1303,4852,52.12,reversible,True,autocontenida,,,True
cl100k_base,muestreo,r,25,toon_flat,814,3003,32.56,reversible,True,con_contrato,,,True
cl100k_base,muestreo,r,25,mini,767,2841,30.68,reversible_normalizado,True,con_contrato,,,True
cl100k_base,muestreo,r,25,xml_tipado,3013,10599,120.52,reversible,True,autocontenida,,,True
cl100k_base,muestreo,r,25,csv_reversible,781,2959,31.24,reversible,True,con_mapa,columnas,194,True
cl100k_base,muestreo,r,25,toon_reversible,825,3030,33.0,reversible,True,con_mapa,columnas,149,True
r50k_base,muestreo,r,25,json_pretty,3721,7394,148.84,reversible,True,autocontenida,,,True
r50k_base,muestreo,r,25,json_compact,1177,4824,47.08,reversible,True,autocontenida,,,True
r50k_base,muestreo,r,25,yaml,1441,4866,57.64,reversible,True,autocontenida,,,True
r50k_base,muestreo,r,25,xml,2901,7249,116.04,reversible,True,con_contrato,,,True
r50k_base,muestreo,r,25,csv,844,2861,33.76,no_reversible,False,con_contrato,,,True
r50k_base,muestreo,r,25,toon,1589,4852,63.56,reversible,True,autocontenida,,,True
r50k_base,muestreo,r,25,toon_flat,912,3003,36.48,reversible,True,con_contrato,,,True
r50k_base,muestreo,r,25,mini,854,2841,34.16,reversible_normalizado,True,con_contrato,,,True
r50k_base,muestreo,r,25,xml_tipado,3093,10599,123.72,reversible,True,autocontenida,,,True
r50k_base,muestreo,r,25,csv_reversible,887,2959,35.48,reversible,True,con_mapa,columnas,215,True
r50k_base,muestreo,r,25,toon_reversible,922,3030,36.88,reversible,True,con_mapa,columnas,161,True
o200k_base,muestreo,r,50,json_pretty,3814,14703,76.28,reversible,True,autocontenida,,,True
o200k_base,muestreo,r,50,json_compact,2241,9608,44.82,reversible,True,autocontenida,,,True
o200k_base,muestreo,r,50,yaml,2786,9700,55.72,reversible,True,autocontenida,,,True
o200k_base,muestreo,r,50,xml,4634,14483,92.68,reversible,True,con_contrato,,,True
o200k_base,muestreo,r,50,csv,1482,5705,29.64,no_reversible,False,con_contrato,,,True
o200k_base,muestreo,r,50,toon,2579,9671,51.58,reversible,True,autocontenida,,,True
o200k_base,muestreo,r,50,toon_flat,1573,5897,31.46,reversible,True,con_contrato,,,True
o200k_base,muestreo,r,50,mini,1496,5680,29.92,reversible_normalizado,True,con_contrato,,,True
o200k_base,muestreo,r,50,xml_tipado,5950,20933,119.0,reversible,True,autocontenida,,,True
o200k_base,muestreo,r,50,csv_reversible,1515,5803,30.3,reversible,True,con_mapa,columnas,203,True
o200k_base,muestreo,r,50,toon_reversible,1583,5924,31.66,reversible,True,con_mapa,columnas,158,True
cl100k_base,muestreo,r,50,json_pretty,3864,14703,77.28,reversible,True,autocontenida,,,True
cl100k_base,muestreo,r,50,json_compact,2239,9608,44.78,reversible,True,autocontenida,,,True
cl100k_base,muestreo,r,50,yaml,2791,9700,55.82,reversible,True,autocontenida,,,True
cl100k_base,muestreo,r,50,xml,4671,14483,93.42,reversible,True,con_contrato,,,True
cl100k_base,muestreo,r,50,csv,1476,5705,29.52,no_reversible,False,con_contrato,,,True
cl100k_base,muestreo,r,50,toon,2574,9671,51.48,reversible,True,autocontenida,,,True
cl100k_base,muestreo,r,50,toon_flat,1567,5897,31.34,reversible,True,con_contrato,,,True
cl100k_base,muestreo,r,50,mini,1512,5680,30.24,reversible_normalizado,True,con_contrato,,,True
cl100k_base,muestreo,r,50,xml_tipado,5938,20933,118.76,reversible,True,autocontenida,,,True
cl100k_base,muestreo,r,50,csv_reversible,1509,5803,30.18,reversible,True,con_mapa,columnas,194,True
cl100k_base,muestreo,r,50,toon_reversible,1578,5924,31.56,reversible,True,con_mapa,columnas,149,True
r50k_base,muestreo,r,50,json_pretty,7370,14703,147.4,reversible,True,autocontenida,,,True
r50k_base,muestreo,r,50,json_compact,2326,9608,46.52,reversible,True,autocontenida,,,True
r50k_base,muestreo,r,50,yaml,2850,9700,57.0,reversible,True,autocontenida,,,True
r50k_base,muestreo,r,50,xml,5775,14483,115.5,reversible,True,con_contrato,,,True
r50k_base,muestreo,r,50,csv,1668,5705,33.36,no_reversible,False,con_contrato,,,True
r50k_base,muestreo,r,50,toon,3146,9671,62.92,reversible,True,autocontenida,,,True
r50k_base,muestreo,r,50,toon_flat,1761,5897,35.22,reversible,True,con_contrato,,,True
r50k_base,muestreo,r,50,mini,1683,5680,33.66,reversible_normalizado,True,con_contrato,,,True
r50k_base,muestreo,r,50,xml_tipado,6092,20933,121.84,reversible,True,autocontenida,,,True
r50k_base,muestreo,r,50,csv_reversible,1711,5803,34.22,reversible,True,con_mapa,columnas,215,True
r50k_base,muestreo,r,50,toon_reversible,1771,5924,35.42,reversible,True,con_mapa,columnas,161,True
o200k_base,muestreo,r,100,json_pretty,7548,29162,75.48,reversible,True,autocontenida,,,True
o200k_base,muestreo,r,100,json_compact,4425,19017,44.25,reversible,True,autocontenida,,,True
o200k_base,muestreo,r,100,yaml,5514,19209,55.14,reversible,True,autocontenida,,,True
o200k_base,muestreo,r,100,xml,9213,28792,92.13,reversible,True,con_contrato,,,True
o200k_base,muestreo,r,100,csv,2915,11228,29.15,no_reversible,False,con_contrato,,,True
o200k_base,muestreo,r,100,toon,5097,19145,50.97,reversible,True,autocontenida,,,True
o200k_base,muestreo,r,100,toon_flat,3056,11521,30.56,reversible,True,con_contrato,,,True
o200k_base,muestreo,r,100,mini,2937,11197,29.37,reversible_normalizado,True,con_contrato,,,True
o200k_base,muestreo,r,100,xml_tipado,11779,41442,117.79,reversible,True,autocontenida,,,True
o200k_base,muestreo,r,100,csv_reversible,2948,11326,29.48,reversible,True,con_mapa,columnas,203,True
o200k_base,muestreo,r,100,toon_reversible,3066,11548,30.66,reversible,True,con_mapa,columnas,158,True
cl100k_base,muestreo,r,100,json_pretty,7648,29162,76.48,reversible,True,autocontenida,,,True
cl100k_base,muestreo,r,100,json_compact,4423,19017,44.23,reversible,True,autocontenida,,,True
cl100k_base,muestreo,r,100,yaml,5522,19209,55.22,reversible,True,autocontenida,,,True
cl100k_base,muestreo,r,100,xml,9287,28792,92.87,reversible,True,con_contrato,,,True
cl100k_base,muestreo,r,100,csv,2908,11228,29.08,no_reversible,False,con_contrato,,,True
cl100k_base,muestreo,r,100,toon,5090,19145,50.9,reversible,True,autocontenida,,,True
cl100k_base,muestreo,r,100,toon_flat,3049,11521,30.49,reversible,True,con_contrato,,,True
cl100k_base,muestreo,r,100,mini,2970,11197,29.7,reversible_normalizado,True,con_contrato,,,True
cl100k_base,muestreo,r,100,xml_tipado,11754,41442,117.54,reversible,True,autocontenida,,,True
cl100k_base,muestreo,r,100,csv_reversible,2941,11326,29.41,reversible,True,con_mapa,columnas,194,True
cl100k_base,muestreo,r,100,toon_reversible,3060,11548,30.6,reversible,True,con_mapa,columnas,149,True
r50k_base,muestreo,r,100,json_pretty,14634,29162,146.34,reversible,True,autocontenida,,,True
r50k_base,muestreo,r,100,json_compact,4590,19017,45.9,reversible,True,autocontenida,,,True
r50k_base,muestreo,r,100,yaml,5632,19209,56.32,reversible,True,autocontenida,,,True
r50k_base,muestreo,r,100,xml,11489,28792,114.89,reversible,True,con_contrato,,,True
r50k_base,muestreo,r,100,csv,3282,11228,32.82,no_reversible,False,con_contrato,,,True
r50k_base,muestreo,r,100,toon,6223,19145,62.23,reversible,True,autocontenida,,,True
r50k_base,muestreo,r,100,toon_flat,3425,11521,34.25,reversible,True,con_contrato,,,True
r50k_base,muestreo,r,100,mini,3304,11197,33.04,reversible_normalizado,True,con_contrato,,,True
r50k_base,muestreo,r,100,xml_tipado,12056,41442,120.56,reversible,True,autocontenida,,,True
r50k_base,muestreo,r,100,csv_reversible,3325,11326,33.25,reversible,True,con_mapa,columnas,215,True
r50k_base,muestreo,r,100,toon_reversible,3435,11548,34.35,reversible,True,con_mapa,columnas,161,True
o200k_base,muestreo,r,250,json_pretty,18810,73013,75.24,reversible,True,autocontenida,,,True
o200k_base,muestreo,r,250,json_compact,11037,47718,44.148,reversible,True,autocontenida,,,True
o200k_base,muestreo,r,250,yaml,13750,48210,55.0,reversible,True,autocontenida,,,True
o200k_base,muestreo,r,250,xml,23013,72193,92.052,reversible,True,con_contrato,,,True
o200k_base,muestreo,r,250,csv,7279,28281,29.116,no_reversible,False,con_contrato,,,True
o200k_base,muestreo,r,250,toon,12711,48048,50.844,reversible,True,autocontenida,,,True
o200k_base,muestreo,r,250,toon_flat,7570,28874,30.28,reversible,True,con_contrato,,,True
o200k_base,muestreo,r,250,mini,7326,28224,29.304,reversible_normalizado,True,con_contrato,,,True
o200k_base,muestreo,r,250,xml_tipado,29329,103443,117.316,reversible,True,autocontenida,,,True
o200k_base,muestreo,r,250,csv_reversible,7312,28379,29.248,reversible,True,con_mapa,columnas,203,True
o200k_base,muestreo,r,250,toon_reversible,7580,28901,30.32,reversible,True,con_mapa,columnas,158,True
cl100k_base,muestreo,r,250,json_pretty,19060,73013,76.24,reversible,True,autocontenida,,,True
cl100k_base,muestreo,r,250,json_compact,11035,47718,44.14,reversible,True,autocontenida,,,True
cl100k_base,muestreo,r,250,yaml,13771,48210,55.084,reversible,True,autocontenida,,,True
cl100k_base,muestreo,r,250,xml,23199,72193,92.796,reversible,True,con_contrato,,,True
cl100k_base,muestreo,r,250,csv,7258,28281,29.032,no_reversible,False,con_contrato,,,True
cl100k_base,muestreo,r,250,toon,12690,48048,50.76,reversible,True,autocontenida,,,True
cl100k_base,muestreo,r,250,toon_flat,7549,28874,30.196,reversible,True,con_contrato,,,True
cl100k_base,muestreo,r,250,mini,7410,28224,29.64,reversible_normalizado,True,con_contrato,,,True
cl100k_base,muestreo,r,250,xml_tipado,29266,103443,117.064,reversible,True,autocontenida,,,True
cl100k_base,muestreo,r,250,csv_reversible,7291,28379,29.164,reversible,True,con_mapa,columnas,194,True
cl100k_base,muestreo,r,250,toon_reversible,7560,28901,30.24,reversible,True,con_mapa,columnas,149,True
r50k_base,muestreo,r,250,json_pretty,36499,73013,145.996,reversible,True,autocontenida,,,True
r50k_base,muestreo,r,250,json_compact,11455,47718,45.82,reversible,True,autocontenida,,,True
r50k_base,muestreo,r,250,yaml,14045,48210,56.18,reversible,True,autocontenida,,,True
r50k_base,muestreo,r,250,xml,28704,72193,114.816,reversible,True,con_contrato,,,True
r50k_base,muestreo,r,250,csv,8197,28281,32.788,no_reversible,False,con_contrato,,,True
r50k_base,muestreo,r,250,toon,15525,48048,62.1,reversible,True,autocontenida,,,True
r50k_base,muestreo,r,250,toon_flat,8490,28874,33.96,reversible,True,con_contrato,,,True
r50k_base,muestreo,r,250,mini,8245,28224,32.98,reversible_normalizado,True,con_contrato,,,True
r50k_base,muestreo,r,250,xml_tipado,30021,103443,120.084,reversible,True,autocontenida,,,True
r50k_base,muestreo,r,250,csv_reversible,8240,28379,32.96,reversible,True,con_mapa,columnas,215,True
r50k_base,muestreo,r,250,toon_reversible,8500,28901,34.0,reversible,True,con_mapa,columnas,161,True
o200k_base,muestreo,s,1,json_pretty,116,380,116.0,reversible,True,autocontenida,,,False
o200k_base,muestreo,s,1,json_compact,69,258,69.0,reversible,True,autocontenida,,,False
o200k_base,muestreo,s,1,yaml,80,251,80.0,reversible,True,autocontenida,,,False
o200k_base,muestreo,s,1,xml,103,329,103.0,reversible,True,con_contrato,,,False
o200k_base,muestreo,s,1,csv,40,154,40.0,no_reversible,False,con_contrato,,,False
o200k_base,muestreo,s,1,toon,80,260,80.0,reversible,True,autocontenida,,,False
o200k_base,muestreo,s,1,toon_flat,76,242,76.0,reversible,True,con_contrato,,,False
o200k_base,muestreo,s,1,mini,52,156,52.0,reversible_normalizado,True,con_contrato,,,False
o200k_base,muestreo,s,1,xml_tipado,187,666,187.0,reversible,True,autocontenida,,,False
o200k_base,muestreo,s,1,csv_reversible,68,247,68.0,reversible,True,con_mapa,columnas,155,False
o200k_base,muestreo,s,1,toon_reversible,82,260,82.0,reversible,True,con_mapa,celdas,68,False
cl100k_base,muestreo,s,1,json_pretty,116,380,116.0,reversible,True,autocontenida,,,False
cl100k_base,muestreo,s,1,json_compact,67,258,67.0,reversible,True,autocontenida,,,False
cl100k_base,muestreo,s,1,yaml,80,251,80.0,reversible,True,autocontenida,,,False
cl100k_base,muestreo,s,1,xml,103,329,103.0,reversible,True,con_contrato,,,False
cl100k_base,muestreo,s,1,csv,40,154,40.0,no_reversible,False,con_contrato,,,False
cl100k_base,muestreo,s,1,toon,80,260,80.0,reversible,True,autocontenida,,,False
cl100k_base,muestreo,s,1,toon_flat,76,242,76.0,reversible,True,con_contrato,,,False
cl100k_base,muestreo,s,1,mini,52,156,52.0,reversible_normalizado,True,con_contrato,,,False
cl100k_base,muestreo,s,1,xml_tipado,187,666,187.0,reversible,True,autocontenida,,,False
cl100k_base,muestreo,s,1,csv_reversible,67,247,67.0,reversible,True,con_mapa,columnas,146,False
cl100k_base,muestreo,s,1,toon_reversible,82,260,82.0,reversible,True,con_mapa,celdas,61,False
r50k_base,muestreo,s,1,json_pretty,187,380,187.0,reversible,True,autocontenida,,,False
r50k_base,muestreo,s,1,json_compact,70,258,70.0,reversible,True,autocontenida,,,False
r50k_base,muestreo,s,1,yaml,85,251,85.0,reversible,True,autocontenida,,,False
r50k_base,muestreo,s,1,xml,131,329,131.0,reversible,True,con_contrato,,,False
r50k_base,muestreo,s,1,csv,47,154,47.0,no_reversible,False,con_contrato,,,False
r50k_base,muestreo,s,1,toon,95,260,95.0,reversible,True,autocontenida,,,False
r50k_base,muestreo,s,1,toon_flat,86,242,86.0,reversible,True,con_contrato,,,False
r50k_base,muestreo,s,1,mini,57,156,57.0,reversible_normalizado,True,con_contrato,,,False
r50k_base,muestreo,s,1,xml_tipado,193,666,193.0,reversible,True,autocontenida,,,False
r50k_base,muestreo,s,1,csv_reversible,81,246,81.0,reversible,True,con_mapa,celdas,107,False
r50k_base,muestreo,s,1,toon_reversible,91,260,91.0,reversible,True,con_mapa,celdas,71,False
o200k_base,muestreo,s,5,json_pretty,373,1355,74.6,reversible,True,autocontenida,,,False
o200k_base,muestreo,s,5,json_compact,222,901,44.4,reversible,True,autocontenida,,,False
o200k_base,muestreo,s,5,yaml,266,894,53.2,reversible,True,autocontenida,,,False
o200k_base,muestreo,s,5,xml,405,1336,81.0,reversible,True,con_contrato,,,False
o200k_base,muestreo,s,5,csv,129,513,25.8,no_reversible,False,con_contrato,,,False
o200k_base,muestreo,s,5,toon,262,931,52.4,reversible,True,autocontenida,,,False
o200k_base,muestreo,s,5,toon_flat,169,609,33.8,reversible,True,con_contrato,,,False
o200k_base,muestreo,s,5,mini,150,515,30.0,reversible_normalizado,True,con_contrato,,,False
o200k_base,muestreo,s,5,xml_tipado,593,2149,118.6,reversible,True,autocontenida,,,False
o200k_base,muestreo,s,5,csv_reversible,157,606,31.4,reversible,True,con_mapa,columnas,155,False
o200k_base,muestreo,s,5,toon_reversible,176,630,35.2,reversible,True,con_mapa,columnas,120,False
cl100k_base,muestreo,s,5,json_pretty,374,1355,74.8,reversible,True,autocontenida,,,False
cl100k_base,muestreo,s,5,json_compact,217,901,43.4,reversible,True,autocontenida,,,False
cl100k_base,muestreo,s,5,yaml,266,894,53.2,reversible,True,autocontenida,,,False
cl100k_base,muestreo,s,5,xml,406,1336,81.2,reversible,True,con_contrato,,,False
cl100k_base,muestreo,s,5,csv,130,513,26.0,no_reversible,False,con_contrato,,,False
cl100k_base,muestreo,s,5,toon,262,931,52.4,reversible,True,autocontenida,,,False
cl100k_base,muestreo,s,5,toon_flat,170,609,34.0,reversible,True,con_contrato,,,False
cl100k_base,muestreo,s,5,mini,151,515,30.2,reversible_normalizado,True,con_contrato,,,False
cl100k_base,muestreo,s,5,xml_tipado,594,2149,118.8,reversible,True,autocontenida,,,False
cl100k_base,muestreo,s,5,csv_reversible,157,606,31.4,reversible,True,con_mapa,columnas,146,False
cl100k_base,muestreo,s,5,toon_reversible,177,630,35.4,reversible,True,con_mapa,columnas,111,False
r50k_base,muestreo,s,5,json_pretty,663,1355,132.6,reversible,True,autocontenida,,,False
r50k_base,muestreo,s,5,json_compact,226,901,45.2,reversible,True,autocontenida,,,False
r50k_base,muestreo,s,5,yaml,279,894,55.8,reversible,True,autocontenida,,,False
r50k_base,muestreo,s,5,xml,531,1336,106.2,reversible,True,con_contrato,,,False
r50k_base,muestreo,s,5,csv,151,513,30.2,no_reversible,False,con_contrato,,,False
r50k_base,muestreo,s,5,toon,324,931,64.8,reversible,True,autocontenida,,,False
r50k_base,muestreo,s,5,toon_flat,194,609,38.8,reversible,True,con_contrato,,,False
r50k_base,muestreo,s,5,mini,165,515,33.0,reversible_normalizado,True,con_contrato,,,False
r50k_base,muestreo,s,5,xml_tipado,613,2149,122.6,reversible,True,autocontenida,,,False
r50k_base,muestreo,s,5,csv_reversible,187,606,37.4,reversible,True,con_mapa,columnas,168,False
r50k_base,muestreo,s,5,toon_reversible,202,630,40.4,reversible,True,con_mapa,columnas,126,False
o200k_base,muestreo,s,10,json_pretty,686,2541,68.6,reversible,True,autocontenida,,,False
o200k_base,muestreo,s,10,json_compact,405,1672,40.5,reversible,True,autocontenida,,,False
o200k_base,muestreo,s,10,yaml,492,1665,49.2,reversible,True,autocontenida,,,False
o200k_base,muestreo,s,10,xml,774,2562,77.4,reversible,True,con_contrato,,,False
o200k_base,muestreo,s,10,csv,234,929,23.4,no_reversible,False,con_contrato,,,False
o200k_base,muestreo,s,10,toon,483,1738,48.3,reversible,True,autocontenida,,,False
o200k_base,muestreo,s,10,toon_flat,279,1036,27.9,reversible,True,con_contrato,,,False
o200k_base,muestreo,s,10,mini,265,932,26.5,reversible_normalizado,True,con_contrato,,,False
o200k_base,muestreo,s,10,xml_tipado,1092,3970,109.2,reversible,True,autocontenida,,,False
o200k_base,muestreo,s,10,csv_reversible,262,1022,26.2,reversible,True,con_mapa,columnas,155,False
o200k_base,muestreo,s,10,toon_reversible,286,1057,28.6,reversible,True,con_mapa,columnas,120,False
cl100k_base,muestreo,s,10,json_pretty,688,2541,68.8,reversible,True,autocontenida,,,False
cl100k_base,muestreo,s,10,json_compact,396,1672,39.6,reversible,True,autocontenida,,,False
cl100k_base,muestreo,s,10,yaml,492,1665,49.2,reversible,True,autocontenida,,,False
cl100k_base,muestreo,s,10,xml,776,2562,77.6,reversible,True,con_contrato,,,False
cl100k_base,muestreo,s,10,csv,236,929,23.6,no_reversible,False,con_contrato,,,False
cl100k_base,muestreo,s,10,toon,483,1738,48.3,reversible,True,autocontenida,,,False
cl100k_base,muestreo,s,10,toon_flat,281,1036,28.1,reversible,True,con_contrato,,,False
cl100k_base,muestreo,s,10,mini,267,932,26.7,reversible_normalizado,True,con_contrato,,,False
cl100k_base,muestreo,s,10,xml_tipado,1094,3970,109.4,reversible,True,autocontenida,,,False
cl100k_base,muestreo,s,10,csv_reversible,263,1022,26.3,reversible,True,con_mapa,columnas,146,False
cl100k_base,muestreo,s,10,toon_reversible,288,1057,28.8,reversible,True,con_mapa,columnas,111,False
r50k_base,muestreo,s,10,json_pretty,1248,2541,124.8,reversible,True,autocontenida,,,False
r50k_base,muestreo,s,10,json_compact,411,1672,41.1,reversible,True,autocontenida,,,False
r50k_base,muestreo,s,10,yaml,513,1665,51.3,reversible,True,autocontenida,,,False
r50k_base,muestreo,s,10,xml,1021,2562,102.1,reversible,True,con_contrato,,,False
r50k_base,muestreo,s,10,csv,271,929,27.1,no_reversible,False,con_contrato,,,False
r50k_base,muestreo,s,10,toon,601,1738,60.1,reversible,True,autocontenida,,,False
r50k_base,muestreo,s,10,toon_flat,319,1036,31.9,reversible,True,con_contrato,,,False
r50k_base,muestreo,s,10,mini,290,932,29.0,reversible_normalizado,True,con_contrato,,,False
r50k_base,muestreo,s,10,xml_tipado,1128,3970,112.8,reversible,True,autocontenida,,,False
r50k_base,muestreo,s,10,csv_reversible,307,1022,30.7,reversible,True,con_mapa,columnas,168,False
r50k_base,muestreo,s,10,toon_reversible,327,1057,32.7,reversible,True,con_mapa,columnas,126,False
o200k_base,muestreo,s,12,json_pretty,815,3044,67.916667,reversible,True,autocontenida,,,False
o200k_base,muestreo,s,12,json_compact,482,2009,40.166667,reversible,True,autocontenida,,,False
o200k_base,muestreo,s,12,yaml,585,2002,48.75,reversible,True,autocontenida,,,False
o200k_base,muestreo,s,12,xml,926,3081,77.166667,reversible,True,con_contrato,,,False
o200k_base,muestreo,s,12,csv,278,1124,23.166667,no_reversible,False,con_contrato,,,False
o200k_base,muestreo,s,12,toon,574,2089,47.833333,reversible,True,autocontenida,,,False
o200k_base,muestreo,s,12,toon_flat,325,1235,27.083333,reversible,True,con_contrato,,,False
o200k_base,muestreo,s,12,mini,314,1127,26.166667,reversible_normalizado,True,con_contrato,,,False
o200k_base,muestreo,s,12,xml_tipado,1296,4727,108.0,reversible,True,autocontenida,,,False
o200k_base,muestreo,s,12,csv_reversible,306,1217,25.5,reversible,True,con_mapa,columnas,155,False
o200k_base,muestreo,s,12,toon_reversible,332,1256,27.666667,reversible,True,con_mapa,columnas,120,False
cl100k_base,muestreo,s,12,json_pretty,817,3044,68.083333,reversible,True,autocontenida,,,False
cl100k_base,muestreo,s,12,json_compact,471,2009,39.25,reversible,True,autocontenida,,,False
cl100k_base,muestreo,s,12,yaml,585,2002,48.75,reversible,True,autocontenida,,,False
cl100k_base,muestreo,s,12,xml,928,3081,77.333333,reversible,True,con_contrato,,,False
cl100k_base,muestreo,s,12,csv,280,1124,23.333333,no_reversible,False,con_contrato,,,False
cl100k_base,muestreo,s,12,toon,574,2089,47.833333,reversible,True,autocontenida,,,False
cl100k_base,muestreo,s,12,toon_flat,327,1235,27.25,reversible,True,con_contrato,,,False
cl100k_base,muestreo,s,12,mini,316,1127,26.333333,reversible_normalizado,True,con_contrato,,,False
cl100k_base,muestreo,s,12,xml_tipado,1298,4727,108.166667,reversible,True,autocontenida,,,False
cl100k_base,muestreo,s,12,csv_reversible,307,1217,25.583333,reversible,True,con_mapa,columnas,146,False
cl100k_base,muestreo,s,12,toon_reversible,334,1256,27.833333,reversible,True,con_mapa,columnas,111,False
r50k_base,muestreo,s,12,json_pretty,1488,3044,124.0,reversible,True,autocontenida,,,False
r50k_base,muestreo,s,12,json_compact,491,2009,40.916667,reversible,True,autocontenida,,,False
r50k_base,muestreo,s,12,yaml,611,2002,50.916667,reversible,True,autocontenida,,,False
r50k_base,muestreo,s,12,xml,1223,3081,101.916667,reversible,True,con_contrato,,,False
r50k_base,muestreo,s,12,csv,325,1124,27.083333,no_reversible,False,con_contrato,,,False
r50k_base,muestreo,s,12,toon,717,2089,59.75,reversible,True,autocontenida,,,False
r50k_base,muestreo,s,12,toon_flat,375,1235,31.25,reversible,True,con_contrato,,,False
r50k_base,muestreo,s,12,mini,346,1127,28.833333,reversible_normalizado,True,con_contrato,,,False
r50k_base,muestreo,s,12,xml_tipado,1340,4727,111.666667,reversible,True,autocontenida,,,False
r50k_base,muestreo,s,12,csv_reversible,361,1217,30.083333,reversible,True,con_mapa,columnas,168,False
r50k_base,muestreo,s,12,toon_reversible,383,1256,31.916667,reversible,True,con_mapa,columnas,126,False
o200k_base,muestreo,s,25,json_pretty,1639,6195,65.56,reversible,True,autocontenida,,,True
o200k_base,muestreo,s,25,json_compact,968,4081,38.72,reversible,True,autocontenida,,,True
o200k_base,muestreo,s,25,yaml,1180,4074,47.2,reversible,True,autocontenida,,,True
o200k_base,muestreo,s,25,xml,1897,6336,75.88,reversible,True,con_contrato,,,True
o200k_base,muestreo,s,25,csv,558,2273,22.32,no_reversible,False,con_contrato,,,True
o200k_base,muestreo,s,25,toon,1156,4252,46.24,reversible,True,autocontenida,,,True
o200k_base,muestreo,s,25,toon_flat,618,2410,24.72,reversible,True,con_contrato,,,True
o200k_base,muestreo,s,25,mini,622,2276,24.88,reversible_normalizado,True,con_contrato,,,True
o200k_base,muestreo,s,25,xml_tipado,2605,9529,104.2,reversible,True,autocontenida,,,True
o200k_base,muestreo,s,25,csv_reversible,586,2366,23.44,reversible,True,con_mapa,columnas,155,True
o200k_base,muestreo,s,25,toon_reversible,625,2431,25.0,reversible,True,con_mapa,columnas,120,True
cl100k_base,muestreo,s,25,json_pretty,1644,6195,65.76,reversible,True,autocontenida,,,True
cl100k_base,muestreo,s,25,json_compact,947,4081,37.88,reversible,True,autocontenida,,,True
cl100k_base,muestreo,s,25,yaml,1180,4074,47.2,reversible,True,autocontenida,,,True
cl100k_base,muestreo,s,25,xml,1902,6336,76.08,reversible,True,con_contrato,,,True
cl100k_base,muestreo,s,25,csv,563,2273,22.52,no_reversible,False,con_contrato,,,True
cl100k_base,muestreo,s,25,toon,1156,4252,46.24,reversible,True,autocontenida,,,True
cl100k_base,muestreo,s,25,toon_flat,623,2410,24.92,reversible,True,con_contrato,,,True
cl100k_base,muestreo,s,25,mini,627,2276,25.08,reversible_normalizado,True,con_contrato,,,True
cl100k_base,muestreo,s,25,xml_tipado,2610,9529,104.4,reversible,True,autocontenida,,,True
cl100k_base,muestreo,s,25,csv_reversible,590,2366,23.6,reversible,True,con_mapa,columnas,146,True
cl100k_base,muestreo,s,25,toon_reversible,630,2431,25.2,reversible,True,con_mapa,columnas,111,True
r50k_base,muestreo,s,25,json_pretty,3025,6195,121.0,reversible,True,autocontenida,,,True
r50k_base,muestreo,s,25,json_compact,988,4081,39.52,reversible,True,autocontenida,,,True
r50k_base,muestreo,s,25,yaml,1233,4074,49.32,reversible,True,autocontenida,,,True
r50k_base,muestreo,s,25,xml,2513,6336,100.52,reversible,True,con_contrato,,,True
r50k_base,muestreo,s,25,csv,653,2273,26.12,no_reversible,False,con_contrato,,,True
r50k_base,muestreo,s,25,toon,1452,4252,58.08,reversible,True,autocontenida,,,True
r50k_base,muestreo,s,25,toon_flat,716,2410,28.64,reversible,True,con_contrato,,,True
r50k_base,muestreo,s,25,mini,687,2276,27.48,reversible_normalizado,True,con_contrato,,,True
r50k_base,muestreo,s,25,xml_tipado,2695,9529,107.8,reversible,True,autocontenida,,,True
r50k_base,muestreo,s,25,csv_reversible,689,2366,27.56,reversible,True,con_mapa,columnas,168,True
r50k_base,muestreo,s,25,toon_reversible,724,2431,28.96,reversible,True,con_mapa,columnas,126,True
o200k_base,muestreo,s,50,json_pretty,3237,12296,64.74,reversible,True,autocontenida,,,True
o200k_base,muestreo,s,50,json_compact,1916,8107,38.32,reversible,True,autocontenida,,,True
o200k_base,muestreo,s,50,yaml,2336,8100,46.72,reversible,True,autocontenida,,,True
o200k_base,muestreo,s,50,xml,3775,12637,75.5,reversible,True,con_contrato,,,True
o200k_base,muestreo,s,50,csv,1105,4524,22.1,no_reversible,False,con_contrato,,,True
o200k_base,muestreo,s,50,toon,2287,8453,45.74,reversible,True,autocontenida,,,True
o200k_base,muestreo,s,50,toon_flat,1190,4711,23.8,reversible,True,con_contrato,,,True
o200k_base,muestreo,s,50,mini,1226,4527,24.52,reversible_normalizado,True,con_contrato,,,True
o200k_base,muestreo,s,50,xml_tipado,5133,18805,102.66,reversible,True,autocontenida,,,True
o200k_base,muestreo,s,50,csv_reversible,1133,4617,22.66,reversible,True,con_mapa,columnas,155,True
o200k_base,muestreo,s,50,toon_reversible,1197,4732,23.94,reversible,True,con_mapa,columnas,120,True
cl100k_base,muestreo,s,50,json_pretty,3245,12296,64.9,reversible,True,autocontenida,,,True
cl100k_base,muestreo,s,50,json_compact,1873,8107,37.46,reversible,True,autocontenida,,,True
cl100k_base,muestreo,s,50,yaml,2336,8100,46.72,reversible,True,autocontenida,,,True
cl100k_base,muestreo,s,50,xml,3783,12637,75.66,reversible,True,con_contrato,,,True
cl100k_base,muestreo,s,50,csv,1113,4524,22.26,no_reversible,False,con_contrato,,,True
cl100k_base,muestreo,s,50,toon,2287,8453,45.74,reversible,True,autocontenida,,,True
cl100k_base,muestreo,s,50,toon_flat,1198,4711,23.96,reversible,True,con_contrato,,,True
cl100k_base,muestreo,s,50,mini,1234,4527,24.68,reversible_normalizado,True,con_contrato,,,True
cl100k_base,muestreo,s,50,xml_tipado,5141,18805,102.82,reversible,True,autocontenida,,,True
cl100k_base,muestreo,s,50,csv_reversible,1140,4617,22.8,reversible,True,con_mapa,columnas,146,True
cl100k_base,muestreo,s,50,toon_reversible,1205,4732,24.1,reversible,True,con_mapa,columnas,111,True
r50k_base,muestreo,s,50,json_pretty,5990,12296,119.8,reversible,True,autocontenida,,,True
r50k_base,muestreo,s,50,json_compact,1953,8107,39.06,reversible,True,autocontenida,,,True
r50k_base,muestreo,s,50,yaml,2435,8100,48.7,reversible,True,autocontenida,,,True
r50k_base,muestreo,s,50,xml,5003,12637,100.06,reversible,True,con_contrato,,,True
r50k_base,muestreo,s,50,csv,1293,4524,25.86,no_reversible,False,con_contrato,,,True
r50k_base,muestreo,s,50,toon,2873,8453,57.46,reversible,True,autocontenida,,,True
r50k_base,muestreo,s,50,toon_flat,1381,4711,27.62,reversible,True,con_contrato,,,True
r50k_base,muestreo,s,50,mini,1352,4527,27.04,reversible_normalizado,True,con_contrato,,,True
r50k_base,muestreo,s,50,xml_tipado,5310,18805,106.2,reversible,True,autocontenida,,,True
r50k_base,muestreo,s,50,csv_reversible,1329,4617,26.58,reversible,True,con_mapa,columnas,168,True
r50k_base,muestreo,s,50,toon_reversible,1389,4732,27.78,reversible,True,con_mapa,columnas,126,True
o200k_base,muestreo,s,100,json_pretty,6426,24487,64.26,reversible,True,autocontenida,,,True
o200k_base,muestreo,s,100,json_compact,3805,16148,38.05,reversible,True,autocontenida,,,True
o200k_base,muestreo,s,100,yaml,4641,16141,46.41,reversible,True,autocontenida,,,True
o200k_base,muestreo,s,100,xml,7526,25228,75.26,reversible,True,con_contrato,,,True
o200k_base,muestreo,s,100,csv,2193,9015,21.93,no_reversible,False,con_contrato,,,True
o200k_base,muestreo,s,100,toon,4542,16845,45.42,reversible,True,autocontenida,,,True
o200k_base,muestreo,s,100,toon_flat,2328,9303,23.28,reversible,True,con_contrato,,,True
o200k_base,muestreo,s,100,mini,2427,9019,24.27,reversible_normalizado,True,con_contrato,,,True
o200k_base,muestreo,s,100,xml_tipado,10184,37346,101.84,reversible,True,autocontenida,,,True
o200k_base,muestreo,s,100,csv_reversible,2221,9108,22.21,reversible,True,con_mapa,columnas,155,True
o200k_base,muestreo,s,100,toon_reversible,2335,9324,23.35,reversible,True,con_mapa,columnas,120,True
cl100k_base,muestreo,s,100,json_pretty,6442,24487,64.42,reversible,True,autocontenida,,,True
cl100k_base,muestreo,s,100,json_compact,3720,16148,37.2,reversible,True,autocontenida,,,True
cl100k_base,muestreo,s,100,yaml,4641,16141,46.41,reversible,True,autocontenida,,,True
cl100k_base,muestreo,s,100,xml,7542,25228,75.42,reversible,True,con_contrato,,,True
cl100k_base,muestreo,s,100,csv,2209,9015,22.09,no_reversible,False,con_contrato,,,True
cl100k_base,muestreo,s,100,toon,4542,16845,45.42,reversible,True,autocontenida,,,True
cl100k_base,muestreo,s,100,toon_flat,2344,9303,23.44,reversible,True,con_contrato,,,True
cl100k_base,muestreo,s,100,mini,2443,9019,24.43,reversible_normalizado,True,con_contrato,,,True
cl100k_base,muestreo,s,100,xml_tipado,10200,37346,102.0,reversible,True,autocontenida,,,True
cl100k_base,muestreo,s,100,csv_reversible,2236,9108,22.36,reversible,True,con_mapa,columnas,146,True
cl100k_base,muestreo,s,100,toon_reversible,2351,9324,23.51,reversible,True,con_mapa,columnas,111,True
r50k_base,muestreo,s,100,json_pretty,11915,24487,119.15,reversible,True,autocontenida,,,True
r50k_base,muestreo,s,100,json_compact,3878,16148,38.78,reversible,True,autocontenida,,,True
r50k_base,muestreo,s,100,yaml,4834,16141,48.34,reversible,True,autocontenida,,,True
r50k_base,muestreo,s,100,xml,9978,25228,99.78,reversible,True,con_contrato,,,True
r50k_base,muestreo,s,100,csv,2568,9015,25.68,no_reversible,False,con_contrato,,,True
r50k_base,muestreo,s,100,toon,5710,16845,57.1,reversible,True,autocontenida,,,True
r50k_base,muestreo,s,100,toon_flat,2706,9303,27.06,reversible,True,con_contrato,,,True
r50k_base,muestreo,s,100,mini,2677,9019,26.77,reversible_normalizado,True,con_contrato,,,True
r50k_base,muestreo,s,100,xml_tipado,10535,37346,105.35,reversible,True,autocontenida,,,True
r50k_base,muestreo,s,100,csv_reversible,2604,9108,26.04,reversible,True,con_mapa,columnas,168,True
r50k_base,muestreo,s,100,toon_reversible,2714,9324,27.14,reversible,True,con_mapa,columnas,126,True
o200k_base,muestreo,s,250,json_pretty,15986,61201,63.944,reversible,True,autocontenida,,,True
o200k_base,muestreo,s,250,json_compact,9465,40412,37.86,reversible,True,autocontenida,,,True
o200k_base,muestreo,s,250,yaml,11552,40405,46.208,reversible,True,autocontenida,,,True
o200k_base,muestreo,s,250,xml,18775,63142,75.1,reversible,True,con_contrato,,,True
o200k_base,muestreo,s,250,csv,5454,22629,21.816,no_reversible,False,con_contrato,,,True
o200k_base,muestreo,s,250,toon,11303,42159,45.212,reversible,True,autocontenida,,,True
o200k_base,muestreo,s,250,toon_flat,5739,23217,22.956,reversible,True,con_contrato,,,True
o200k_base,muestreo,s,250,mini,6025,22633,24.1,reversible_normalizado,True,con_contrato,,,True
o200k_base,muestreo,s,250,xml_tipado,25333,93110,101.332,reversible,True,autocontenida,,,True
o200k_base,muestreo,s,250,csv_reversible,5482,22722,21.928,reversible,True,con_mapa,columnas,155,True
o200k_base,muestreo,s,250,toon_reversible,5746,23238,22.984,reversible,True,con_mapa,columnas,120,True
cl100k_base,muestreo,s,250,json_pretty,16028,61201,64.112,reversible,True,autocontenida,,,True
cl100k_base,muestreo,s,250,json_compact,9256,40412,37.024,reversible,True,autocontenida,,,True
cl100k_base,muestreo,s,250,yaml,11552,40405,46.208,reversible,True,autocontenida,,,True
cl100k_base,muestreo,s,250,xml,18817,63142,75.268,reversible,True,con_contrato,,,True
cl100k_base,muestreo,s,250,csv,5496,22629,21.984,no_reversible,False,con_contrato,,,True
cl100k_base,muestreo,s,250,toon,11303,42159,45.212,reversible,True,autocontenida,,,True
cl100k_base,muestreo,s,250,toon_flat,5781,23217,23.124,reversible,True,con_contrato,,,True
cl100k_base,muestreo,s,250,mini,6067,22633,24.268,reversible_normalizado,True,con_contrato,,,True
cl100k_base,muestreo,s,250,xml_tipado,25375,93110,101.5,reversible,True,autocontenida,,,True
cl100k_base,muestreo,s,250,csv_reversible,5523,22722,22.092,reversible,True,con_mapa,columnas,146,True
cl100k_base,muestreo,s,250,toon_reversible,5788,23238,23.152,reversible,True,con_mapa,columnas,111,True
r50k_base,muestreo,s,250,json_pretty,29691,61201,118.764,reversible,True,autocontenida,,,True
r50k_base,muestreo,s,250,json_compact,9654,40412,38.616,reversible,True,autocontenida,,,True
r50k_base,muestreo,s,250,yaml,12036,40405,48.144,reversible,True,autocontenida,,,True
r50k_base,muestreo,s,250,xml,24904,63142,99.616,reversible,True,con_contrato,,,True
r50k_base,muestreo,s,250,csv,6394,22629,25.576,no_reversible,False,con_contrato,,,True
r50k_base,muestreo,s,250,toon,14224,42159,56.896,reversible,True,autocontenida,,,True
r50k_base,muestreo,s,250,toon_flat,6682,23217,26.728,reversible,True,con_contrato,,,True
r50k_base,muestreo,s,250,mini,6653,22633,26.612,reversible_normalizado,True,con_contrato,,,True
r50k_base,muestreo,s,250,xml_tipado,26211,93110,104.844,reversible,True,autocontenida,,,True
r50k_base,muestreo,s,250,csv_reversible,6430,22722,25.72,reversible,True,con_mapa,columnas,168,True
r50k_base,muestreo,s,250,toon_reversible,6690,23238,26.76,reversible,True,con_mapa,columnas,126,True
o200k_base,muestreo,sum,1,json_pretty,154,478,154.0,reversible,True,autocontenida,,,False
o200k_base,muestreo,sum,1,json_compact,98,333,98.0,reversible,True,autocontenida,,,False
o200k_base,muestreo,sum,1,yaml,114,326,114.0,reversible,True,autocontenida,,,False
o200k_base,muestreo,sum,1,xml,144,411,144.0,reversible,True,con_contrato,,,False
o200k_base,muestreo,sum,1,csv,56,199,56.0,no_reversible,False,con_contrato,,,False
o200k_base,muestreo,sum,1,toon,112,333,112.0,reversible,True,autocontenida,,,False
o200k_base,muestreo,sum,1,toon_flat,98,298,98.0,reversible,True,con_contrato,,,False
o200k_base,muestreo,sum,1,mini,78,219,78.0,reversible_normalizado,True,con_contrato,,,False
o200k_base,muestreo,sum,1,xml_tipado,238,807,238.0,reversible,True,autocontenida,,,False
o200k_base,muestreo,sum,1,csv_reversible,104,317,104.0,reversible,True,con_mapa,celdas,115,False
o200k_base,muestreo,sum,1,toon_reversible,114,335,114.0,reversible,True,con_mapa,celdas,80,False
cl100k_base,muestreo,sum,1,json_pretty,159,478,159.0,reversible,True,autocontenida,,,False
cl100k_base,muestreo,sum,1,json_compact,101,333,101.0,reversible,True,autocontenida,,,False
cl100k_base,muestreo,sum,1,yaml,119,326,119.0,reversible,True,autocontenida,,,False
cl100k_base,muestreo,sum,1,xml,149,411,149.0,reversible,True,con_contrato,,,False
cl100k_base,muestreo,sum,1,csv,61,199,61.0,no_reversible,False,con_contrato,,,False
cl100k_base,muestreo,sum,1,toon,117,333,117.0,reversible,True,autocontenida,,,False
cl100k_base,muestreo,sum,1,toon_flat,103,298,103.0,reversible,True,con_contrato,,,False
cl100k_base,muestreo,sum,1,mini,83,219,83.0,reversible_normalizado,True,con_contrato,,,False
cl100k_base,muestreo,sum,1,xml_tipado,243,807,243.0,reversible,True,autocontenida,,,False
cl100k_base,muestreo,sum,1,csv_reversible,108,317,108.0,reversible,True,con_mapa,celdas,107,False
cl100k_base,muestreo,sum,1,toon_reversible,119,335,119.0,reversible,True,con_mapa,celdas,72,False
r50k_base,muestreo,sum,1,json_pretty,257,478,257.0,reversible,True,autocontenida,,,False
r50k_base,muestreo,sum,1,json_compact,116,333,116.0,reversible,True,autocontenida,,,False
r50k_base,muestreo,sum,1,yaml,135,326,135.0,reversible,True,autocontenida,,,False
r50k_base,muestreo,sum,1,xml,191,411,191.0,reversible,True,con_contrato,,,False
r50k_base,muestreo,sum,1,csv,77,199,77.0,no_reversible,False,con_contrato,,,False
r50k_base,muestreo,sum,1,toon,144,333,144.0,reversible,True,autocontenida,,,False
r50k_base,muestreo,sum,1,toon_flat,125,298,125.0,reversible,True,con_contrato,,,False
r50k_base,muestreo,sum,1,mini,95,219,95.0,reversible_normalizado,True,con_contrato,,,False
r50k_base,muestreo,sum,1,xml_tipado,261,807,261.0,reversible,True,autocontenida,,,False
r50k_base,muestreo,sum,1,csv_reversible,129,317,129.0,reversible,True,con_mapa,celdas,128,False
r50k_base,muestreo,sum,1,toon_reversible,139,335,139.0,reversible,True,con_mapa,celdas,86,False
o200k_base,muestreo,sum,5,json_pretty,544,1765,108.8,reversible,True,autocontenida,,,False
o200k_base,muestreo,sum,5,json_compact,364,1238,72.8,reversible,True,autocontenida,,,False
o200k_base,muestreo,sum,5,yaml,425,1235,85.0,reversible,True,autocontenida,,,False
o200k_base,muestreo,sum,5,xml,594,1704,118.8,reversible,True,con_contrato,,,False
o200k_base,muestreo,sum,5,csv,245,798,49.0,no_reversible,False,con_contrato,,,False
o200k_base,muestreo,sum,5,toon,416,1270,83.2,reversible,True,autocontenida,,,False
o200k_base,muestreo,sum,5,toon_flat,291,907,58.2,reversible,True,con_contrato,,,False
o200k_base,muestreo,sum,5,mini,271,816,54.2,reversible_normalizado,True,con_contrato,,,False
o200k_base,muestreo,sum,5,xml_tipado,800,2692,160.0,reversible,True,autocontenida,,,False
o200k_base,muestreo,sum,5,csv_reversible,297,930,59.4,reversible,True,con_mapa,columnas,203,False
o200k_base,muestreo,sum,5,toon_reversible,318,962,63.6,reversible,True,con_mapa,columnas,158,False
cl100k_base,muestreo,sum,5,json_pretty,568,1765,113.6,reversible,True,autocontenida,,,False
cl100k_base,muestreo,sum,5,json_compact,382,1238,76.4,reversible,True,autocontenida,,,False
cl100k_base,muestreo,sum,5,yaml,448,1235,89.6,reversible,True,autocontenida,,,False
cl100k_base,muestreo,sum,5,xml,614,1704,122.8,reversible,True,con_contrato,,,False
cl100k_base,muestreo,sum,5,csv,268,798,53.6,no_reversible,False,con_contrato,,,False
cl100k_base,muestreo,sum,5,toon,439,1270,87.8,reversible,True,autocontenida,,,False
cl100k_base,muestreo,sum,5,toon_flat,315,907,63.0,reversible,True,con_contrato,,,False
cl100k_base,muestreo,sum,5,mini,295,816,59.0,reversible_normalizado,True,con_contrato,,,False
cl100k_base,muestreo,sum,5,xml_tipado,820,2692,164.0,reversible,True,autocontenida,,,False
cl100k_base,muestreo,sum,5,csv_reversible,318,930,63.6,reversible,True,con_mapa,columnas,192,False
cl100k_base,muestreo,sum,5,toon_reversible,341,962,68.2,reversible,True,con_mapa,columnas,147,False
r50k_base,muestreo,sum,5,json_pretty,956,1765,191.2,reversible,True,autocontenida,,,False
r50k_base,muestreo,sum,5,json_compact,442,1238,88.4,reversible,True,autocontenida,,,False
r50k_base,muestreo,sum,5,yaml,507,1235,101.4,reversible,True,autocontenida,,,False
r50k_base,muestreo,sum,5,xml,817,1704,163.4,reversible,True,con_contrato,,,False
r50k_base,muestreo,sum,5,csv,323,798,64.6,no_reversible,False,con_contrato,,,False
r50k_base,muestreo,sum,5,toon,554,1270,110.8,reversible,True,autocontenida,,,False
r50k_base,muestreo,sum,5,toon_flat,375,907,75.0,reversible,True,con_contrato,,,False
r50k_base,muestreo,sum,5,mini,345,816,69.0,reversible_normalizado,True,con_contrato,,,False
r50k_base,muestreo,sum,5,xml_tipado,895,2692,179.0,reversible,True,autocontenida,,,False
r50k_base,muestreo,sum,5,csv_reversible,385,930,77.0,reversible,True,con_mapa,columnas,225,False
r50k_base,muestreo,sum,5,toon_reversible,401,962,80.2,reversible,True,con_mapa,columnas,171,False
o200k_base,muestreo,sum,10,json_pretty,1020,3324,102.0,reversible,True,autocontenida,,,False
o200k_base,muestreo,sum,10,json_compact,688,2333,68.8,reversible,True,autocontenida,,,False
o200k_base,muestreo,sum,10,yaml,800,2329,80.0,reversible,True,autocontenida,,,False
o200k_base,muestreo,sum,10,xml,1140,3278,114.0,reversible,True,con_contrato,,,False
o200k_base,muestreo,sum,10,csv,472,1517,47.2,no_reversible,False,con_contrato,,,False
o200k_base,muestreo,sum,10,toon,789,2412,78.9,reversible,True,autocontenida,,,False
o200k_base,muestreo,sum,10,toon_flat,523,1639,52.3,reversible,True,con_contrato,,,False
o200k_base,muestreo,sum,10,mini,503,1530,50.3,reversible_normalizado,True,con_contrato,,,False
o200k_base,muestreo,sum,10,xml_tipado,1486,5000,148.6,reversible,True,autocontenida,,,False
o200k_base,muestreo,sum,10,csv_reversible,530,1657,53.0,reversible,True,con_mapa,columnas,203,False
o200k_base,muestreo,sum,10,toon_reversible,556,1702,55.6,reversible,True,con_mapa,columnas,158,False
cl100k_base,muestreo,sum,10,json_pretty,1066,3324,106.6,reversible,True,autocontenida,,,False
cl100k_base,muestreo,sum,10,json_compact,723,2333,72.3,reversible,True,autocontenida,,,False
cl100k_base,muestreo,sum,10,yaml,844,2329,84.4,reversible,True,autocontenida,,,False
cl100k_base,muestreo,sum,10,xml,1178,3278,117.8,reversible,True,con_contrato,,,False
cl100k_base,muestreo,sum,10,csv,515,1517,51.5,no_reversible,False,con_contrato,,,False
cl100k_base,muestreo,sum,10,toon,833,2412,83.3,reversible,True,autocontenida,,,False
cl100k_base,muestreo,sum,10,toon_flat,567,1639,56.7,reversible,True,con_contrato,,,False
cl100k_base,muestreo,sum,10,mini,547,1530,54.7,reversible_normalizado,True,con_contrato,,,False
cl100k_base,muestreo,sum,10,xml_tipado,1524,5000,152.4,reversible,True,autocontenida,,,False
cl100k_base,muestreo,sum,10,csv_reversible,571,1657,57.1,reversible,True,con_mapa,columnas,192,False
cl100k_base,muestreo,sum,10,toon_reversible,599,1702,59.9,reversible,True,con_mapa,columnas,147,False
r50k_base,muestreo,sum,10,json_pretty,1799,3324,179.9,reversible,True,autocontenida,,,False
r50k_base,muestreo,sum,10,json_compact,832,2333,83.2,reversible,True,autocontenida,,,False
r50k_base,muestreo,sum,10,yaml,951,2329,95.1,reversible,True,autocontenida,,,False
r50k_base,muestreo,sum,10,xml,1576,3278,157.6,reversible,True,con_contrato,,,False
r50k_base,muestreo,sum,10,csv,613,1517,61.3,no_reversible,False,con_contrato,,,False
r50k_base,muestreo,sum,10,toon,1052,2412,105.2,reversible,True,autocontenida,,,False
r50k_base,muestreo,sum,10,toon_flat,670,1639,67.0,reversible,True,con_contrato,,,False
r50k_base,muestreo,sum,10,mini,640,1530,64.0,reversible_normalizado,True,con_contrato,,,False
r50k_base,muestreo,sum,10,xml_tipado,1664,5000,166.4,reversible,True,autocontenida,,,False
r50k_base,muestreo,sum,10,csv_reversible,683,1657,68.3,reversible,True,con_mapa,columnas,225,False
r50k_base,muestreo,sum,10,toon_reversible,704,1702,70.4,reversible,True,con_mapa,columnas,171,False
o200k_base,muestreo,sum,12,json_pretty,1207,3946,100.583333,reversible,True,autocontenida,,,False
o200k_base,muestreo,sum,12,json_compact,813,2764,67.75,reversible,True,autocontenida,,,False
o200k_base,muestreo,sum,12,yaml,947,2762,78.916667,reversible,True,autocontenida,,,False
o200k_base,muestreo,sum,12,xml,1356,3903,113.0,reversible,True,con_contrato,,,False
o200k_base,muestreo,sum,12,csv,559,1794,46.583333,no_reversible,False,con_contrato,,,False
o200k_base,muestreo,sum,12,toon,933,2859,77.75,reversible,True,autocontenida,,,False
o200k_base,muestreo,sum,12,toon_flat,612,1922,51.0,reversible,True,con_contrato,,,False
o200k_base,muestreo,sum,12,mini,591,1807,49.25,reversible_normalizado,True,con_contrato,,,False
o200k_base,muestreo,sum,12,xml_tipado,1758,5921,146.5,reversible,True,autocontenida,,,False
o200k_base,muestreo,sum,12,csv_reversible,618,1936,51.5,reversible,True,con_mapa,columnas,203,False
o200k_base,muestreo,sum,12,toon_reversible,646,1987,53.833333,reversible,True,con_mapa,columnas,158,False
cl100k_base,muestreo,sum,12,json_pretty,1264,3946,105.333333,reversible,True,autocontenida,,,False
cl100k_base,muestreo,sum,12,json_compact,857,2764,71.416667,reversible,True,autocontenida,,,False
cl100k_base,muestreo,sum,12,yaml,1002,2762,83.5,reversible,True,autocontenida,,,False
cl100k_base,muestreo,sum,12,xml,1404,3903,117.0,reversible,True,con_contrato,,,False
cl100k_base,muestreo,sum,12,csv,612,1794,51.0,no_reversible,False,con_contrato,,,False
cl100k_base,muestreo,sum,12,toon,987,2859,82.25,reversible,True,autocontenida,,,False
cl100k_base,muestreo,sum,12,toon_flat,667,1922,55.583333,reversible,True,con_contrato,,,False
cl100k_base,muestreo,sum,12,mini,646,1807,53.833333,reversible_normalizado,True,con_contrato,,,False
cl100k_base,muestreo,sum,12,xml_tipado,1806,5921,150.5,reversible,True,autocontenida,,,False
cl100k_base,muestreo,sum,12,csv_reversible,669,1936,55.75,reversible,True,con_mapa,columnas,192,False
cl100k_base,muestreo,sum,12,toon_reversible,700,1987,58.333333,reversible,True,con_mapa,columnas,147,False
r50k_base,muestreo,sum,12,json_pretty,2136,3946,178.0,reversible,True,autocontenida,,,False
r50k_base,muestreo,sum,12,json_compact,982,2764,81.833333,reversible,True,autocontenida,,,False
r50k_base,muestreo,sum,12,yaml,1123,2762,93.583333,reversible,True,autocontenida,,,False
r50k_base,muestreo,sum,12,xml,1876,3903,156.333333,reversible,True,con_contrato,,,False
r50k_base,muestreo,sum,12,csv,723,1794,60.25,no_reversible,False,con_contrato,,,False
r50k_base,muestreo,sum,12,toon,1244,2859,103.666667,reversible,True,autocontenida,,,False
r50k_base,muestreo,sum,12,toon_flat,782,1922,65.166667,reversible,True,con_contrato,,,False
r50k_base,muestreo,sum,12,mini,752,1807,62.666667,reversible_normalizado,True,con_contrato,,,False
r50k_base,muestreo,sum,12,xml_tipado,1968,5921,164.0,reversible,True,autocontenida,,,False
r50k_base,muestreo,sum,12,csv_reversible,795,1936,66.25,reversible,True,con_mapa,columnas,225,False
r50k_base,muestreo,sum,12,toon_reversible,818,1987,68.166667,reversible,True,con_mapa,columnas,171,False
o200k_base,muestreo,sum,25,json_pretty,2456,8069,98.24,reversible,True,autocontenida,,,True
o200k_base,muestreo,sum,25,json_compact,1660,5650,66.4,reversible,True,autocontenida,,,True
o200k_base,muestreo,sum,25,yaml,1938,5657,77.52,reversible,True,autocontenida,,,True
o200k_base,muestreo,sum,25,xml,2795,8048,111.8,reversible,True,con_contrato,,,True
o200k_base,muestreo,sum,25,csv,1156,3688,46.24,no_reversible,False,con_contrato,,,True
o200k_base,muestreo,sum,25,toon,1906,5853,76.24,reversible,True,autocontenida,,,True
o200k_base,muestreo,sum,25,toon_flat,1222,3850,48.88,reversible,True,con_contrato,,,True
o200k_base,muestreo,sum,25,mini,1199,3693,47.96,reversible_normalizado,True,con_contrato,,,True
o200k_base,muestreo,sum,25,xml_tipado,3561,11988,142.44,reversible,True,autocontenida,,,True
o200k_base,muestreo,sum,25,csv_reversible,1225,3844,49.0,reversible,True,con_mapa,columnas,203,True
o200k_base,muestreo,sum,25,toon_reversible,1266,3929,50.64,reversible,True,con_mapa,columnas,158,True
cl100k_base,muestreo,sum,25,json_pretty,2575,8069,103.0,reversible,True,autocontenida,,,True
cl100k_base,muestreo,sum,25,json_compact,1753,5650,70.12,reversible,True,autocontenida,,,True
cl100k_base,muestreo,sum,25,yaml,2053,5657,82.12,reversible,True,autocontenida,,,True
cl100k_base,muestreo,sum,25,xml,2895,8048,115.8,reversible,True,con_contrato,,,True
cl100k_base,muestreo,sum,25,csv,1266,3688,50.64,no_reversible,False,con_contrato,,,True
cl100k_base,muestreo,sum,25,toon,2018,5853,80.72,reversible,True,autocontenida,,,True
cl100k_base,muestreo,sum,25,toon_flat,1337,3850,53.48,reversible,True,con_contrato,,,True
cl100k_base,muestreo,sum,25,mini,1314,3693,52.56,reversible_normalizado,True,con_contrato,,,True
cl100k_base,muestreo,sum,25,xml_tipado,3661,11988,146.44,reversible,True,autocontenida,,,True
cl100k_base,muestreo,sum,25,csv_reversible,1332,3844,53.28,reversible,True,con_mapa,columnas,192,True
cl100k_base,muestreo,sum,25,toon_reversible,1379,3929,55.16,reversible,True,con_mapa,columnas,147,True
r50k_base,muestreo,sum,25,json_pretty,4366,8069,174.64,reversible,True,autocontenida,,,True
r50k_base,muestreo,sum,25,json_compact,2003,5650,80.12,reversible,True,autocontenida,,,True
r50k_base,muestreo,sum,25,yaml,2292,5657,91.68,reversible,True,autocontenida,,,True
r50k_base,muestreo,sum,25,xml,3870,8048,154.8,reversible,True,con_contrato,,,True
r50k_base,muestreo,sum,25,csv,1484,3688,59.36,no_reversible,False,con_contrato,,,True
r50k_base,muestreo,sum,25,toon,2542,5853,101.68,reversible,True,autocontenida,,,True
r50k_base,muestreo,sum,25,toon_flat,1556,3850,62.24,reversible,True,con_contrato,,,True
r50k_base,muestreo,sum,25,mini,1526,3693,61.04,reversible_normalizado,True,con_contrato,,,True
r50k_base,muestreo,sum,25,xml_tipado,3988,11988,159.52,reversible,True,autocontenida,,,True
r50k_base,muestreo,sum,25,csv_reversible,1570,3844,62.8,reversible,True,con_mapa,columnas,225,True
r50k_base,muestreo,sum,25,toon_reversible,1606,3929,64.24,reversible,True,con_mapa,columnas,171,True
o200k_base,muestreo,sum,50,json_pretty,4835,15965,96.7,reversible,True,autocontenida,,,True
o200k_base,muestreo,sum,50,json_compact,3271,11190,65.42,reversible,True,autocontenida,,,True
o200k_base,muestreo,sum,50,yaml,3818,11206,76.36,reversible,True,autocontenida,,,True
o200k_base,muestreo,sum,50,xml,5536,15999,110.72,reversible,True,con_contrato,,,True
o200k_base,muestreo,sum,50,csv,2285,7328,45.7,no_reversible,False,con_contrato,,,True
o200k_base,muestreo,sum,50,toon,3759,11605,75.18,reversible,True,autocontenida,,,True
o200k_base,muestreo,sum,50,toon_flat,2376,7552,47.52,reversible,True,con_contrato,,,True
o200k_base,muestreo,sum,50,mini,2353,7315,47.06,reversible_normalizado,True,con_contrato,,,True
o200k_base,muestreo,sum,50,xml_tipado,7002,23625,140.04,reversible,True,autocontenida,,,True
o200k_base,muestreo,sum,50,csv_reversible,2380,7516,47.6,reversible,True,con_mapa,columnas,203,True
o200k_base,muestreo,sum,50,toon_reversible,2446,7663,48.92,reversible,True,con_mapa,columnas,158,True
cl100k_base,muestreo,sum,50,json_pretty,5073,15965,101.46,reversible,True,autocontenida,,,True
cl100k_base,muestreo,sum,50,json_compact,3458,11190,69.16,reversible,True,autocontenida,,,True
cl100k_base,muestreo,sum,50,yaml,4047,11206,80.94,reversible,True,autocontenida,,,True
cl100k_base,muestreo,sum,50,xml,5736,15999,114.72,reversible,True,con_contrato,,,True
cl100k_base,muestreo,sum,50,csv,2506,7328,50.12,no_reversible,False,con_contrato,,,True
cl100k_base,muestreo,sum,50,toon,3985,11605,79.7,reversible,True,autocontenida,,,True
cl100k_base,muestreo,sum,50,toon_flat,2606,7552,52.12,reversible,True,con_contrato,,,True
cl100k_base,muestreo,sum,50,mini,2583,7315,51.66,reversible_normalizado,True,con_contrato,,,True
cl100k_base,muestreo,sum,50,xml_tipado,7202,23625,144.04,reversible,True,autocontenida,,,True
cl100k_base,muestreo,sum,50,csv_reversible,2596,7516,51.92,reversible,True,con_mapa,columnas,192,True
cl100k_base,muestreo,sum,50,toon_reversible,2672,7663,53.44,reversible,True,con_mapa,columnas,147,True
r50k_base,muestreo,sum,50,json_pretty,8625,15965,172.5,reversible,True,autocontenida,,,True
r50k_base,muestreo,sum,50,json_compact,3961,11190,79.22,reversible,True,autocontenida,,,True
r50k_base,muestreo,sum,50,yaml,4527,11206,90.54,reversible,True,autocontenida,,,True
r50k_base,muestreo,sum,50,xml,7689,15999,153.78,reversible,True,con_contrato,,,True
r50k_base,muestreo,sum,50,csv,2942,7328,58.84,no_reversible,False,con_contrato,,,True
r50k_base,muestreo,sum,50,toon,5031,11605,100.62,reversible,True,autocontenida,,,True
r50k_base,muestreo,sum,50,toon_flat,3039,7552,60.78,reversible,True,con_contrato,,,True
r50k_base,muestreo,sum,50,mini,3009,7315,60.18,reversible_normalizado,True,con_contrato,,,True
r50k_base,muestreo,sum,50,xml_tipado,7857,23625,157.14,reversible,True,autocontenida,,,True
r50k_base,muestreo,sum,50,csv_reversible,3060,7516,61.2,reversible,True,con_mapa,columnas,225,True
r50k_base,muestreo,sum,50,toon_reversible,3121,7663,62.42,reversible,True,con_mapa,columnas,171,True
o200k_base,muestreo,sum,100,json_pretty,9631,31906,96.31,reversible,True,autocontenida,,,True
o200k_base,muestreo,sum,100,json_compact,6521,22374,65.21,reversible,True,autocontenida,,,True
o200k_base,muestreo,sum,100,yaml,7617,22418,76.17,reversible,True,autocontenida,,,True
o200k_base,muestreo,sum,100,xml,11066,32025,110.66,reversible,True,con_contrato,,,True
o200k_base,muestreo,sum,100,csv,4574,14698,45.74,no_reversible,False,con_contrato,,,True
o200k_base,muestreo,sum,100,toon,7491,23200,74.91,reversible,True,autocontenida,,,True
o200k_base,muestreo,sum,100,toon_flat,4715,15047,47.15,reversible,True,con_contrato,,,True
o200k_base,muestreo,sum,100,mini,4686,14654,46.86,reversible_normalizado,True,con_contrato,,,True
o200k_base,muestreo,sum,100,xml_tipado,13932,47043,139.32,reversible,True,autocontenida,,,True
o200k_base,muestreo,sum,100,csv_reversible,4711,14940,47.11,reversible,True,con_mapa,columnas,203,True
o200k_base,muestreo,sum,100,toon_reversible,4827,15212,48.27,reversible,True,con_mapa,columnas,158,True
cl100k_base,muestreo,sum,100,json_pretty,10104,31906,101.04,reversible,True,autocontenida,,,True
cl100k_base,muestreo,sum,100,json_compact,6893,22374,68.93,reversible,True,autocontenida,,,True
cl100k_base,muestreo,sum,100,yaml,8073,22418,80.73,reversible,True,autocontenida,,,True
cl100k_base,muestreo,sum,100,xml,11465,32025,114.65,reversible,True,con_contrato,,,True
cl100k_base,muestreo,sum,100,csv,5013,14698,50.13,no_reversible,False,con_contrato,,,True
cl100k_base,muestreo,sum,100,toon,7939,23200,79.39,reversible,True,autocontenida,,,True
cl100k_base,muestreo,sum,100,toon_flat,5171,15047,51.71,reversible,True,con_contrato,,,True
cl100k_base,muestreo,sum,100,mini,5143,14654,51.43,reversible_normalizado,True,con_contrato,,,True
cl100k_base,muestreo,sum,100,xml_tipado,14331,47043,143.31,reversible,True,autocontenida,,,True
cl100k_base,muestreo,sum,100,csv_reversible,5141,14940,51.41,reversible,True,con_mapa,columnas,192,True
cl100k_base,muestreo,sum,100,toon_reversible,5275,15212,52.75,reversible,True,con_mapa,columnas,147,True
r50k_base,muestreo,sum,100,json_pretty,17227,31906,172.27,reversible,True,autocontenida,,,True
r50k_base,muestreo,sum,100,json_compact,7914,22374,79.14,reversible,True,autocontenida,,,True
r50k_base,muestreo,sum,100,yaml,9045,22418,90.45,reversible,True,autocontenida,,,True
r50k_base,muestreo,sum,100,xml,15384,32025,153.84,reversible,True,con_contrato,,,True
r50k_base,muestreo,sum,100,csv,5895,14698,58.95,no_reversible,False,con_contrato,,,True
r50k_base,muestreo,sum,100,toon,10044,23200,100.44,reversible,True,autocontenida,,,True
r50k_base,muestreo,sum,100,toon_flat,6042,15047,60.42,reversible,True,con_contrato,,,True
r50k_base,muestreo,sum,100,mini,6012,14654,60.12,reversible_normalizado,True,con_contrato,,,True
r50k_base,muestreo,sum,100,xml_tipado,15652,47043,156.52,reversible,True,autocontenida,,,True
r50k_base,muestreo,sum,100,csv_reversible,6067,14940,60.67,reversible,True,con_mapa,columnas,225,True
r50k_base,muestreo,sum,100,toon_reversible,6178,15212,61.78,reversible,True,con_mapa,columnas,171,True
o200k_base,muestreo,sum,250,json_pretty,23981,79639,95.924,reversible,True,autocontenida,,,True
o200k_base,muestreo,sum,250,json_compact,16249,55908,64.996,reversible,True,autocontenida,,,True
o200k_base,muestreo,sum,250,yaml,18985,56026,75.94,reversible,True,autocontenida,,,True
o200k_base,muestreo,sum,250,xml,27601,80053,110.404,reversible,True,con_contrato,,,True
o200k_base,muestreo,sum,250,csv,11413,36810,45.652,no_reversible,False,con_contrato,,,True
o200k_base,muestreo,sum,250,toon,18672,57988,74.688,reversible,True,autocontenida,,,True
o200k_base,muestreo,sum,250,toon_flat,11704,37535,46.816,reversible,True,con_contrato,,,True
o200k_base,muestreo,sum,250,mini,11664,36666,46.656,reversible_normalizado,True,con_contrato,,,True
o200k_base,muestreo,sum,250,xml_tipado,34667,117215,138.668,reversible,True,autocontenida,,,True
o200k_base,muestreo,sum,250,csv_reversible,11691,37230,46.764,reversible,True,con_mapa,columnas,203,True
o200k_base,muestreo,sum,250,toon_reversible,11957,37878,47.828,reversible,True,con_mapa,columnas,158,True
cl100k_base,muestreo,sum,250,json_pretty,25170,79639,100.68,reversible,True,autocontenida,,,True
cl100k_base,muestreo,sum,250,json_compact,17187,55908,68.748,reversible,True,autocontenida,,,True
cl100k_base,muestreo,sum,250,yaml,20132,56026,80.528,reversible,True,autocontenida,,,True
cl100k_base,muestreo,sum,250,xml,28601,80053,114.404,reversible,True,con_contrato,,,True
cl100k_base,muestreo,sum,250,csv,12518,36810,50.072,no_reversible,False,con_contrato,,,True
cl100k_base,muestreo,sum,250,toon,19798,57988,79.192,reversible,True,autocontenida,,,True
cl100k_base,muestreo,sum,250,toon_flat,12851,37535,51.404,reversible,True,con_contrato,,,True
cl100k_base,muestreo,sum,250,mini,12811,36666,51.244,reversible_normalizado,True,con_contrato,,,True
cl100k_base,muestreo,sum,250,xml_tipado,35667,117215,142.668,reversible,True,autocontenida,,,True
cl100k_base,muestreo,sum,250,csv_reversible,12774,37230,51.096,reversible,True,con_mapa,columnas,192,True
cl100k_base,muestreo,sum,250,toon_reversible,13083,37878,52.332,reversible,True,con_mapa,columnas,147,True
r50k_base,muestreo,sum,250,json_pretty,42895,79639,171.58,reversible,True,autocontenida,,,True
r50k_base,muestreo,sum,250,json_compact,19708,55908,78.832,reversible,True,autocontenida,,,True
r50k_base,muestreo,sum,250,yaml,22530,56026,90.12,reversible,True,autocontenida,,,True
r50k_base,muestreo,sum,250,xml,38372,80053,153.488,reversible,True,con_contrato,,,True
r50k_base,muestreo,sum,250,csv,14689,36810,58.756,no_reversible,False,con_contrato,,,True
r50k_base,muestreo,sum,250,toon,25029,57988,100.116,reversible,True,autocontenida,,,True
r50k_base,muestreo,sum,250,toon_flat,14986,37535,59.944,reversible,True,con_contrato,,,True
r50k_base,muestreo,sum,250,mini,14956,36666,59.824,reversible_normalizado,True,con_contrato,,,True
r50k_base,muestreo,sum,250,xml_tipado,38940,117215,155.76,reversible,True,autocontenida,,,True
r50k_base,muestreo,sum,250,csv_reversible,15039,37230,60.156,reversible,True,con_mapa,columnas,225,True
r50k_base,muestreo,sum,250,toon_reversible,15300,37878,61.2,reversible,True,con_mapa,columnas,171,True
o200k_base,muestreo,tc,1,json_pretty,148,511,148.0,reversible,True,autocontenida,,,False
o200k_base,muestreo,tc,1,json_compact,93,365,93.0,reversible,True,autocontenida,,,False
o200k_base,muestreo,tc,1,yaml,105,351,105.0,reversible,True,autocontenida,,,False
o200k_base,muestreo,tc,1,xml,142,466,142.0,reversible,True,con_contrato,,,False
o200k_base,muestreo,tc,1,csv,53,230,53.0,no_reversible,False,con_contrato,,,False
o200k_base,muestreo,tc,1,toon,105,366,105.0,reversible,True,autocontenida,,,False
o200k_base,muestreo,tc,1,toon_flat,92,321,92.0,reversible,True,con_contrato,,,False
o200k_base,muestreo,tc,1,mini,66,225,66.0,reversible_normalizado,True,con_contrato,,,False
o200k_base,muestreo,tc,1,xml_tipado,236,838,236.0,reversible,True,autocontenida,,,False
o200k_base,muestreo,tc,1,csv_reversible,94,342,94.0,reversible,True,con_mapa,celdas,142,False
o200k_base,muestreo,tc,1,toon_reversible,107,360,107.0,reversible,True,con_mapa,celdas,97,False
cl100k_base,muestreo,tc,1,json_pretty,148,511,148.0,reversible,True,autocontenida,,,False
cl100k_base,muestreo,tc,1,json_compact,90,365,90.0,reversible,True,autocontenida,,,False
cl100k_base,muestreo,tc,1,yaml,104,351,104.0,reversible,True,autocontenida,,,False
cl100k_base,muestreo,tc,1,xml,141,466,141.0,reversible,True,con_contrato,,,False
cl100k_base,muestreo,tc,1,csv,53,230,53.0,no_reversible,False,con_contrato,,,False
cl100k_base,muestreo,tc,1,toon,104,366,104.0,reversible,True,autocontenida,,,False
cl100k_base,muestreo,tc,1,toon_flat,92,321,92.0,reversible,True,con_contrato,,,False
cl100k_base,muestreo,tc,1,mini,68,225,68.0,reversible_normalizado,True,con_contrato,,,False
cl100k_base,muestreo,tc,1,xml_tipado,235,838,235.0,reversible,True,autocontenida,,,False
cl100k_base,muestreo,tc,1,csv_reversible,93,342,93.0,reversible,True,con_mapa,celdas,132,False
cl100k_base,muestreo,tc,1,toon_reversible,107,360,107.0,reversible,True,con_mapa,celdas,87,False
r50k_base,muestreo,tc,1,json_pretty,239,511,239.0,reversible,True,autocontenida,,,False
r50k_base,muestreo,tc,1,json_compact,95,365,95.0,reversible,True,autocontenida,,,False
r50k_base,muestreo,tc,1,yaml,112,351,112.0,reversible,True,autocontenida,,,False
r50k_base,muestreo,tc,1,xml,179,466,179.0,reversible,True,con_contrato,,,False
r50k_base,muestreo,tc,1,csv,62,230,62.0,no_reversible,False,con_contrato,,,False
r50k_base,muestreo,tc,1,toon,127,366,127.0,reversible,True,autocontenida,,,False
r50k_base,muestreo,tc,1,toon_flat,104,321,104.0,reversible,True,con_contrato,,,False
r50k_base,muestreo,tc,1,mini,73,225,73.0,reversible_normalizado,True,con_contrato,,,False
r50k_base,muestreo,tc,1,xml_tipado,245,838,245.0,reversible,True,autocontenida,,,False
r50k_base,muestreo,tc,1,csv_reversible,110,342,110.0,reversible,True,con_mapa,celdas,154,False
r50k_base,muestreo,tc,1,toon_reversible,119,360,119.0,reversible,True,con_mapa,celdas,100,False
o200k_base,muestreo,tc,5,json_pretty,540,2037,108.0,reversible,True,autocontenida,,,False
o200k_base,muestreo,tc,5,json_compact,341,1445,68.2,reversible,True,autocontenida,,,False
o200k_base,muestreo,tc,5,yaml,399,1415,79.8,reversible,True,autocontenida,,,False
o200k_base,muestreo,tc,5,xml,605,2038,121.0,reversible,True,con_contrato,,,False
o200k_base,muestreo,tc,5,csv,212,876,42.4,no_reversible,False,con_contrato,,,False
o200k_base,muestreo,tc,5,toon,391,1476,78.2,reversible,True,autocontenida,,,False
o200k_base,muestreo,tc,5,toon_flat,255,975,51.0,reversible,True,con_contrato,,,False
o200k_base,muestreo,tc,5,mini,230,870,46.0,reversible_normalizado,True,con_contrato,,,False
o200k_base,muestreo,tc,5,xml_tipado,855,3066,171.0,reversible,True,autocontenida,,,False
o200k_base,muestreo,tc,5,csv_reversible,261,1002,52.2,reversible,True,con_mapa,columnas,238,False
o200k_base,muestreo,tc,5,toon_reversible,283,1068,56.6,reversible,True,con_mapa,celdas,97,False
cl100k_base,muestreo,tc,5,json_pretty,539,2037,107.8,reversible,True,autocontenida,,,False
cl100k_base,muestreo,tc,5,json_compact,333,1445,66.6,reversible,True,autocontenida,,,False
cl100k_base,muestreo,tc,5,yaml,394,1415,78.8,reversible,True,autocontenida,,,False
cl100k_base,muestreo,tc,5,xml,603,2038,120.6,reversible,True,con_contrato,,,False
cl100k_base,muestreo,tc,5,csv,211,876,42.2,no_reversible,False,con_contrato,,,False
cl100k_base,muestreo,tc,5,toon,386,1476,77.2,reversible,True,autocontenida,,,False
cl100k_base,muestreo,tc,5,toon_flat,254,975,50.8,reversible,True,con_contrato,,,False
cl100k_base,muestreo,tc,5,mini,232,870,46.4,reversible_normalizado,True,con_contrato,,,False
cl100k_base,muestreo,tc,5,xml_tipado,853,3066,170.6,reversible,True,autocontenida,,,False
cl100k_base,muestreo,tc,5,csv_reversible,259,1002,51.8,reversible,True,con_mapa,columnas,226,False
cl100k_base,muestreo,tc,5,toon_reversible,282,1068,56.4,reversible,True,con_mapa,celdas,87,False
r50k_base,muestreo,tc,5,json_pretty,940,2037,188.0,reversible,True,autocontenida,,,False
r50k_base,muestreo,tc,5,json_compact,358,1445,71.6,reversible,True,autocontenida,,,False
r50k_base,muestreo,tc,5,yaml,425,1415,85.0,reversible,True,autocontenida,,,False
r50k_base,muestreo,tc,5,xml,786,2038,157.2,reversible,True,con_contrato,,,False
r50k_base,muestreo,tc,5,csv,241,876,48.2,no_reversible,False,con_contrato,,,False
r50k_base,muestreo,tc,5,toon,493,1476,98.6,reversible,True,autocontenida,,,False
r50k_base,muestreo,tc,5,toon_flat,287,975,57.4,reversible,True,con_contrato,,,False
r50k_base,muestreo,tc,5,mini,253,870,50.6,reversible_normalizado,True,con_contrato,,,False
r50k_base,muestreo,tc,5,xml_tipado,888,3066,177.6,reversible,True,autocontenida,,,False
r50k_base,muestreo,tc,5,csv_reversible,301,1002,60.2,reversible,True,con_mapa,columnas,253,False
r50k_base,muestreo,tc,5,toon_reversible,315,1032,63.0,reversible,True,con_mapa,columnas,187,False
o200k_base,muestreo,tc,10,json_pretty,1022,3967,102.2,reversible,True,autocontenida,,,False
o200k_base,muestreo,tc,10,json_compact,644,2822,64.4,reversible,True,autocontenida,,,False
o200k_base,muestreo,tc,10,yaml,762,2771,76.2,reversible,True,autocontenida,,,False
o200k_base,muestreo,tc,10,xml,1173,4028,117.3,reversible,True,con_contrato,,,False
o200k_base,muestreo,tc,10,csv,403,1709,40.3,no_reversible,False,con_contrato,,,False
o200k_base,muestreo,tc,10,toon,744,2890,74.4,reversible,True,autocontenida,,,False
o200k_base,muestreo,tc,10,toon_flat,451,1819,45.1,reversible,True,con_contrato,,,False
o200k_base,muestreo,tc,10,mini,427,1704,42.7,reversible_normalizado,True,con_contrato,,,False
o200k_base,muestreo,tc,10,xml_tipado,1618,5874,161.8,reversible,True,autocontenida,,,False
o200k_base,muestreo,tc,10,csv_reversible,454,1841,45.4,reversible,True,con_mapa,columnas,238,False
o200k_base,muestreo,tc,10,toon_reversible,481,1882,48.1,reversible,True,con_mapa,columnas,183,False
cl100k_base,muestreo,tc,10,json_pretty,1023,3967,102.3,reversible,True,autocontenida,,,False
cl100k_base,muestreo,tc,10,json_compact,633,2822,63.3,reversible,True,autocontenida,,,False
cl100k_base,muestreo,tc,10,yaml,752,2771,75.2,reversible,True,autocontenida,,,False
cl100k_base,muestreo,tc,10,xml,1170,4028,117.0,reversible,True,con_contrato,,,False
cl100k_base,muestreo,tc,10,csv,404,1709,40.4,no_reversible,False,con_contrato,,,False
cl100k_base,muestreo,tc,10,toon,734,2890,73.4,reversible,True,autocontenida,,,False
cl100k_base,muestreo,tc,10,toon_flat,452,1819,45.2,reversible,True,con_contrato,,,False
cl100k_base,muestreo,tc,10,mini,431,1704,43.1,reversible_normalizado,True,con_contrato,,,False
cl100k_base,muestreo,tc,10,xml_tipado,1615,5874,161.5,reversible,True,autocontenida,,,False
cl100k_base,muestreo,tc,10,csv_reversible,454,1841,45.4,reversible,True,con_mapa,columnas,226,False
cl100k_base,muestreo,tc,10,toon_reversible,482,1882,48.2,reversible,True,con_mapa,columnas,171,False
r50k_base,muestreo,tc,10,json_pretty,1795,3967,179.5,reversible,True,autocontenida,,,False
r50k_base,muestreo,tc,10,json_compact,670,2822,67.0,reversible,True,autocontenida,,,False
r50k_base,muestreo,tc,10,yaml,801,2771,80.1,reversible,True,autocontenida,,,False
r50k_base,muestreo,tc,10,xml,1526,4028,152.6,reversible,True,con_contrato,,,False
r50k_base,muestreo,tc,10,csv,448,1709,44.8,no_reversible,False,con_contrato,,,False
r50k_base,muestreo,tc,10,toon,935,2890,93.5,reversible,True,autocontenida,,,False
r50k_base,muestreo,tc,10,toon_flat,499,1819,49.9,reversible,True,con_contrato,,,False
r50k_base,muestreo,tc,10,mini,460,1704,46.0,reversible_normalizado,True,con_contrato,,,False
r50k_base,muestreo,tc,10,xml_tipado,1673,5874,167.3,reversible,True,autocontenida,,,False
r50k_base,muestreo,tc,10,csv_reversible,514,1841,51.4,reversible,True,con_mapa,columnas,253,False
r50k_base,muestreo,tc,10,toon_reversible,533,1882,53.3,reversible,True,con_mapa,columnas,187,False
o200k_base,muestreo,tc,12,json_pretty,1205,4691,100.416667,reversible,True,autocontenida,,,False
o200k_base,muestreo,tc,12,json_compact,758,3332,63.166667,reversible,True,autocontenida,,,False
o200k_base,muestreo,tc,12,yaml,898,3271,74.833333,reversible,True,autocontenida,,,False
o200k_base,muestreo,tc,12,xml,1388,4780,115.666667,reversible,True,con_contrato,,,False
o200k_base,muestreo,tc,12,csv,472,2003,39.333333,no_reversible,False,con_contrato,,,False
o200k_base,muestreo,tc,12,toon,878,3416,73.166667,reversible,True,autocontenida,,,False
o200k_base,muestreo,tc,12,toon_flat,522,2117,43.5,reversible,True,con_contrato,,,False
o200k_base,muestreo,tc,12,mini,499,1998,41.583333,reversible_normalizado,True,con_contrato,,,False
o200k_base,muestreo,tc,12,xml_tipado,1911,6950,159.25,reversible,True,autocontenida,,,False
o200k_base,muestreo,tc,12,csv_reversible,525,2139,43.75,reversible,True,con_mapa,columnas,238,False
o200k_base,muestreo,tc,12,toon_reversible,554,2184,46.166667,reversible,True,con_mapa,columnas,183,False
cl100k_base,muestreo,tc,12,json_pretty,1206,4691,100.5,reversible,True,autocontenida,,,False
cl100k_base,muestreo,tc,12,json_compact,745,3332,62.083333,reversible,True,autocontenida,,,False
cl100k_base,muestreo,tc,12,yaml,886,3271,73.833333,reversible,True,autocontenida,,,False
cl100k_base,muestreo,tc,12,xml,1384,4780,115.333333,reversible,True,con_contrato,,,False
cl100k_base,muestreo,tc,12,csv,473,2003,39.416667,no_reversible,False,con_contrato,,,False
cl100k_base,muestreo,tc,12,toon,866,3416,72.166667,reversible,True,autocontenida,,,False
cl100k_base,muestreo,tc,12,toon_flat,523,2117,43.583333,reversible,True,con_contrato,,,False
cl100k_base,muestreo,tc,12,mini,502,1998,41.833333,reversible_normalizado,True,con_contrato,,,False
cl100k_base,muestreo,tc,12,xml_tipado,1907,6950,158.916667,reversible,True,autocontenida,,,False
cl100k_base,muestreo,tc,12,csv_reversible,525,2139,43.75,reversible,True,con_mapa,columnas,226,False
cl100k_base,muestreo,tc,12,toon_reversible,555,2184,46.25,reversible,True,con_mapa,columnas,171,False
r50k_base,muestreo,tc,12,json_pretty,2124,4691,177.0,reversible,True,autocontenida,,,False
r50k_base,muestreo,tc,12,json_compact,790,3332,65.833333,reversible,True,autocontenida,,,False
r50k_base,muestreo,tc,12,yaml,941,3271,78.416667,reversible,True,autocontenida,,,False
r50k_base,muestreo,tc,12,xml,1813,4780,151.083333,reversible,True,con_contrato,,,False
r50k_base,muestreo,tc,12,csv,525,2003,43.75,no_reversible,False,con_contrato,,,False
r50k_base,muestreo,tc,12,toon,1103,3416,91.916667,reversible,True,autocontenida,,,False
r50k_base,muestreo,tc,12,toon_flat,578,2117,48.166667,reversible,True,con_contrato,,,False
r50k_base,muestreo,tc,12,mini,538,1998,44.833333,reversible_normalizado,True,con_contrato,,,False
r50k_base,muestreo,tc,12,xml_tipado,1978,6950,164.833333,reversible,True,autocontenida,,,False
r50k_base,muestreo,tc,12,csv_reversible,595,2139,49.583333,reversible,True,con_mapa,columnas,253,False
r50k_base,muestreo,tc,12,toon_reversible,616,2184,51.333333,reversible,True,con_mapa,columnas,187,False
o200k_base,muestreo,tc,25,json_pretty,2445,9613,97.8,reversible,True,autocontenida,,,True
o200k_base,muestreo,tc,25,json_compact,1536,6827,61.44,reversible,True,autocontenida,,,True
o200k_base,muestreo,tc,25,yaml,1826,6709,73.04,reversible,True,autocontenida,,,True
o200k_base,muestreo,tc,25,xml,2851,9864,114.04,reversible,True,con_contrato,,,True
o200k_base,muestreo,tc,25,csv,960,4088,38.4,no_reversible,False,con_contrato,,,True
o200k_base,muestreo,tc,25,toon,1783,7009,71.32,reversible,True,autocontenida,,,True
o200k_base,muestreo,tc,25,toon_flat,1023,4228,40.92,reversible,True,con_contrato,,,True
o200k_base,muestreo,tc,25,mini,1002,4082,40.08,reversible_normalizado,True,con_contrato,,,True
o200k_base,muestreo,tc,25,xml_tipado,3881,14156,155.24,reversible,True,autocontenida,,,True
o200k_base,muestreo,tc,25,csv_reversible,1020,4242,40.8,reversible,True,con_mapa,columnas,238,True
o200k_base,muestreo,tc,25,toon_reversible,1062,4313,42.48,reversible,True,con_mapa,columnas,183,True
cl100k_base,muestreo,tc,25,json_pretty,2448,9613,97.92,reversible,True,autocontenida,,,True
cl100k_base,muestreo,tc,25,json_compact,1512,6827,60.48,reversible,True,autocontenida,,,True
cl100k_base,muestreo,tc,25,yaml,1801,6709,72.04,reversible,True,autocontenida,,,True
cl100k_base,muestreo,tc,25,xml,2844,9864,113.76,reversible,True,con_contrato,,,True
cl100k_base,muestreo,tc,25,csv,963,4088,38.52,no_reversible,False,con_contrato,,,True
cl100k_base,muestreo,tc,25,toon,1758,7009,70.32,reversible,True,autocontenida,,,True
cl100k_base,muestreo,tc,25,toon_flat,1026,4228,41.04,reversible,True,con_contrato,,,True
cl100k_base,muestreo,tc,25,mini,1007,4082,40.28,reversible_normalizado,True,con_contrato,,,True
cl100k_base,muestreo,tc,25,xml_tipado,3874,14156,154.96,reversible,True,autocontenida,,,True
cl100k_base,muestreo,tc,25,csv_reversible,1022,4242,40.88,reversible,True,con_mapa,columnas,226,True
cl100k_base,muestreo,tc,25,toon_reversible,1065,4313,42.6,reversible,True,con_mapa,columnas,171,True
r50k_base,muestreo,tc,25,json_pretty,4337,9613,173.48,reversible,True,autocontenida,,,True
r50k_base,muestreo,tc,25,json_compact,1603,6827,64.12,reversible,True,autocontenida,,,True
r50k_base,muestreo,tc,25,yaml,1912,6709,76.48,reversible,True,autocontenida,,,True
r50k_base,muestreo,tc,25,xml,3733,9864,149.32,reversible,True,con_contrato,,,True
r50k_base,muestreo,tc,25,csv,1064,4088,42.56,no_reversible,False,con_contrato,,,True
r50k_base,muestreo,tc,25,toon,2249,7009,89.96,reversible,True,autocontenida,,,True
r50k_base,muestreo,tc,25,toon_flat,1130,4228,45.2,reversible,True,con_contrato,,,True
r50k_base,muestreo,tc,25,mini,1079,4082,43.16,reversible_normalizado,True,con_contrato,,,True
r50k_base,muestreo,tc,25,xml_tipado,4015,14156,160.6,reversible,True,autocontenida,,,True
r50k_base,muestreo,tc,25,csv_reversible,1152,4242,46.08,reversible,True,con_mapa,columnas,253,True
r50k_base,muestreo,tc,25,toon_reversible,1186,4313,47.44,reversible,True,con_mapa,columnas,187,True
o200k_base,muestreo,tc,50,json_pretty,4842,19083,96.84,reversible,True,autocontenida,,,True
o200k_base,muestreo,tc,50,json_compact,3045,13550,60.9,reversible,True,autocontenida,,,True
o200k_base,muestreo,tc,50,yaml,3623,13323,72.46,reversible,True,autocontenida,,,True
o200k_base,muestreo,tc,50,xml,5677,19644,113.54,reversible,True,con_contrato,,,True
o200k_base,muestreo,tc,50,csv,1910,8099,38.2,no_reversible,False,con_contrato,,,True
o200k_base,muestreo,tc,50,toon,3538,13920,70.76,reversible,True,autocontenida,,,True
o200k_base,muestreo,tc,50,toon_flat,1998,8289,39.96,reversible,True,con_contrato,,,True
o200k_base,muestreo,tc,50,mini,1985,8091,39.7,reversible_normalizado,True,con_contrato,,,True
o200k_base,muestreo,tc,50,xml_tipado,7682,28018,153.64,reversible,True,autocontenida,,,True
o200k_base,muestreo,tc,50,csv_reversible,1986,8287,39.72,reversible,True,con_mapa,columnas,238,True
o200k_base,muestreo,tc,50,toon_reversible,2053,8408,41.06,reversible,True,con_mapa,columnas,183,True
cl100k_base,muestreo,tc,50,json_pretty,4845,19083,96.9,reversible,True,autocontenida,,,True
cl100k_base,muestreo,tc,50,json_compact,2996,13550,59.92,reversible,True,autocontenida,,,True
cl100k_base,muestreo,tc,50,yaml,3573,13323,71.46,reversible,True,autocontenida,,,True
cl100k_base,muestreo,tc,50,xml,5659,19644,113.18,reversible,True,con_contrato,,,True
cl100k_base,muestreo,tc,50,csv,1913,8099,38.26,no_reversible,False,con_contrato,,,True
cl100k_base,muestreo,tc,50,toon,3488,13920,69.76,reversible,True,autocontenida,,,True
cl100k_base,muestreo,tc,50,toon_flat,2001,8289,40.02,reversible,True,con_contrato,,,True
cl100k_base,muestreo,tc,50,mini,1989,8091,39.78,reversible_normalizado,True,con_contrato,,,True
cl100k_base,muestreo,tc,50,xml_tipado,7664,28018,153.28,reversible,True,autocontenida,,,True
cl100k_base,muestreo,tc,50,csv_reversible,1988,8287,39.76,reversible,True,con_mapa,columnas,226,True
cl100k_base,muestreo,tc,50,toon_reversible,2056,8408,41.12,reversible,True,con_mapa,columnas,171,True
r50k_base,muestreo,tc,50,json_pretty,8620,19083,172.4,reversible,True,autocontenida,,,True
r50k_base,muestreo,tc,50,json_compact,3192,13550,63.84,reversible,True,autocontenida,,,True
r50k_base,muestreo,tc,50,yaml,3799,13323,75.98,reversible,True,autocontenida,,,True
r50k_base,muestreo,tc,50,xml,7451,19644,149.02,reversible,True,con_contrato,,,True
r50k_base,muestreo,tc,50,csv,2125,8099,42.5,no_reversible,False,con_contrato,,,True
r50k_base,muestreo,tc,50,toon,4472,13920,89.44,reversible,True,autocontenida,,,True
r50k_base,muestreo,tc,50,toon_flat,2216,8289,44.32,reversible,True,con_contrato,,,True
r50k_base,muestreo,tc,50,mini,2145,8091,42.9,reversible_normalizado,True,con_contrato,,,True
r50k_base,muestreo,tc,50,xml_tipado,7958,28018,159.16,reversible,True,autocontenida,,,True
r50k_base,muestreo,tc,50,csv_reversible,2247,8287,44.94,reversible,True,con_mapa,columnas,253,True
r50k_base,muestreo,tc,50,toon_reversible,2306,8408,46.12,reversible,True,con_mapa,columnas,187,True
o200k_base,muestreo,tc,100,json_pretty,9648,38102,96.48,reversible,True,autocontenida,,,True
o200k_base,muestreo,tc,100,json_compact,6071,27066,60.71,reversible,True,autocontenida,,,True
o200k_base,muestreo,tc,100,yaml,7229,26623,72.29,reversible,True,autocontenida,,,True
o200k_base,muestreo,tc,100,xml,11343,39278,113.43,reversible,True,con_contrato,,,True
o200k_base,muestreo,tc,100,csv,3818,16189,38.18,no_reversible,False,con_contrato,,,True
o200k_base,muestreo,tc,100,toon,7056,27811,70.56,reversible,True,autocontenida,,,True
o200k_base,muestreo,tc,100,toon_flat,3956,16480,39.56,reversible,True,con_contrato,,,True
o200k_base,muestreo,tc,100,mini,3957,16178,39.57,reversible_normalizado,True,con_contrato,,,True
o200k_base,muestreo,tc,100,xml_tipado,15298,55820,152.98,reversible,True,autocontenida,,,True
o200k_base,muestreo,tc,100,csv_reversible,3923,16443,39.23,reversible,True,con_mapa,columnas,238,True
o200k_base,muestreo,tc,100,toon_reversible,4040,16665,40.4,reversible,True,con_mapa,columnas,183,True
cl100k_base,muestreo,tc,100,json_pretty,9654,38102,96.54,reversible,True,autocontenida,,,True
cl100k_base,muestreo,tc,100,json_compact,5975,27066,59.75,reversible,True,autocontenida,,,True
cl100k_base,muestreo,tc,100,yaml,7129,26623,71.29,reversible,True,autocontenida,,,True
cl100k_base,muestreo,tc,100,xml,11307,39278,113.07,reversible,True,con_contrato,,,True
cl100k_base,muestreo,tc,100,csv,3824,16189,38.24,no_reversible,False,con_contrato,,,True
cl100k_base,muestreo,tc,100,toon,6956,27811,69.56,reversible,True,autocontenida,,,True
cl100k_base,muestreo,tc,100,toon_flat,3962,16480,39.62,reversible,True,con_contrato,,,True
cl100k_base,muestreo,tc,100,mini,3964,16178,39.64,reversible_normalizado,True,con_contrato,,,True
cl100k_base,muestreo,tc,100,xml_tipado,15262,55820,152.62,reversible,True,autocontenida,,,True
cl100k_base,muestreo,tc,100,csv_reversible,3928,16443,39.28,reversible,True,con_mapa,columnas,226,True
cl100k_base,muestreo,tc,100,toon_reversible,4046,16665,40.46,reversible,True,con_mapa,columnas,171,True
r50k_base,muestreo,tc,100,json_pretty,17222,38102,172.22,reversible,True,autocontenida,,,True
r50k_base,muestreo,tc,100,json_compact,6395,27066,63.95,reversible,True,autocontenida,,,True
r50k_base,muestreo,tc,100,yaml,7607,26623,76.07,reversible,True,autocontenida,,,True
r50k_base,muestreo,tc,100,xml,14918,39278,149.18,reversible,True,con_contrato,,,True
r50k_base,muestreo,tc,100,csv,4274,16189,42.74,no_reversible,False,con_contrato,,,True
r50k_base,muestreo,tc,100,toon,8951,27811,89.51,reversible,True,autocontenida,,,True
r50k_base,muestreo,tc,100,toon_flat,4415,16480,44.15,reversible,True,con_contrato,,,True
r50k_base,muestreo,tc,100,mini,4302,16178,43.02,reversible_normalizado,True,con_contrato,,,True
r50k_base,muestreo,tc,100,xml_tipado,15875,55820,158.75,reversible,True,autocontenida,,,True
r50k_base,muestreo,tc,100,csv_reversible,4462,16443,44.62,reversible,True,con_mapa,columnas,253,True
r50k_base,muestreo,tc,100,toon_reversible,4571,16665,45.71,reversible,True,con_mapa,columnas,187,True
o200k_base,muestreo,tc,250,json_pretty,24029,95061,96.116,reversible,True,autocontenida,,,True
o200k_base,muestreo,tc,250,json_compact,15114,67525,60.456,reversible,True,autocontenida,,,True
o200k_base,muestreo,tc,250,yaml,18011,66432,72.044,reversible,True,autocontenida,,,True
o200k_base,muestreo,tc,250,xml,28296,98087,113.184,reversible,True,con_contrato,,,True
o200k_base,muestreo,tc,250,csv,9512,40374,38.048,no_reversible,False,con_contrato,,,True
o200k_base,muestreo,tc,250,toon,17576,69396,70.304,reversible,True,autocontenida,,,True
o200k_base,muestreo,tc,250,toon_flat,9800,40965,39.2,reversible,True,con_contrato,,,True
o200k_base,muestreo,tc,250,mini,9838,40350,39.352,reversible_normalizado,True,con_contrato,,,True
o200k_base,muestreo,tc,250,xml_tipado,38101,139129,152.404,reversible,True,autocontenida,,,True
o200k_base,muestreo,tc,250,csv_reversible,9704,40828,38.816,reversible,True,con_mapa,columnas,238,True
o200k_base,muestreo,tc,250,toon_reversible,9971,41350,39.884,reversible,True,con_mapa,columnas,183,True
cl100k_base,muestreo,tc,250,json_pretty,24050,95061,96.2,reversible,True,autocontenida,,,True
cl100k_base,muestreo,tc,250,json_compact,14883,67525,59.532,reversible,True,autocontenida,,,True
cl100k_base,muestreo,tc,250,yaml,17761,66432,71.044,reversible,True,autocontenida,,,True
cl100k_base,muestreo,tc,250,xml,28212,98087,112.848,reversible,True,con_contrato,,,True
cl100k_base,muestreo,tc,250,csv,9533,40374,38.132,no_reversible,False,con_contrato,,,True
cl100k_base,muestreo,tc,250,toon,17326,69396,69.304,reversible,True,autocontenida,,,True
cl100k_base,muestreo,tc,250,toon_flat,9821,40965,39.284,reversible,True,con_contrato,,,True
cl100k_base,muestreo,tc,250,mini,9861,40350,39.444,reversible_normalizado,True,con_contrato,,,True
cl100k_base,muestreo,tc,250,xml_tipado,38017,139129,152.068,reversible,True,autocontenida,,,True
cl100k_base,muestreo,tc,250,csv_reversible,9724,40828,38.896,reversible,True,con_mapa,columnas,226,True
cl100k_base,muestreo,tc,250,toon_reversible,9992,41350,39.968,reversible,True,con_mapa,columnas,171,True
r50k_base,muestreo,tc,250,json_pretty,42879,95061,171.516,reversible,True,autocontenida,,,True
r50k_base,muestreo,tc,250,json_compact,15864,67525,63.456,reversible,True,autocontenida,,,True
r50k_base,muestreo,tc,250,yaml,18889,66432,75.556,reversible,True,autocontenida,,,True
r50k_base,muestreo,tc,250,xml,37175,98087,148.7,reversible,True,con_contrato,,,True
r50k_base,muestreo,tc,250,csv,10581,40374,42.324,no_reversible,False,con_contrato,,,True
r50k_base,muestreo,tc,250,toon,22244,69396,88.976,reversible,True,autocontenida,,,True
r50k_base,muestreo,tc,250,toon_flat,10872,40965,43.488,reversible,True,con_contrato,,,True
r50k_base,muestreo,tc,250,mini,10634,40350,42.536,reversible_normalizado,True,con_contrato,,,True
r50k_base,muestreo,tc,250,xml_tipado,39482,139129,157.928,reversible,True,autocontenida,,,True
r50k_base,muestreo,tc,250,csv_reversible,10969,40828,43.876,reversible,True,con_mapa,columnas,253,True
r50k_base,muestreo,tc,250,toon_reversible,11228,41350,44.912,reversible,True,con_mapa,columnas,187,True
o200k_base,muestreo,us,1,json_pretty,139,437,139.0,reversible,True,autocontenida,,,False
o200k_base,muestreo,us,1,json_compact,86,299,86.0,reversible,True,autocontenida,,,False
o200k_base,muestreo,us,1,yaml,93,286,93.0,reversible,True,autocontenida,,,False
o200k_base,muestreo,us,1,xml,132,376,132.0,reversible,True,con_contrato,,,False
o200k_base,muestreo,us,1,csv,53,181,53.0,no_reversible,False,con_contrato,,,False
o200k_base,muestreo,us,1,toon,93,299,93.0,reversible,True,autocontenida,,,False
o200k_base,muestreo,us,1,toon_flat,87,259,87.0,reversible,True,con_contrato,,,False
o200k_base,muestreo,us,1,mini,60,180,60.0,reversible_normalizado,True,con_contrato,,,False
o200k_base,muestreo,us,1,xml_tipado,221,749,221.0,reversible,True,autocontenida,,,False
o200k_base,muestreo,us,1,csv_reversible,88,277,88.0,reversible,True,con_mapa,celdas,129,False
o200k_base,muestreo,us,1,toon_reversible,99,295,99.0,reversible,True,con_mapa,celdas,89,False
cl100k_base,muestreo,us,1,json_pretty,139,437,139.0,reversible,True,autocontenida,,,False
cl100k_base,muestreo,us,1,json_compact,83,299,83.0,reversible,True,autocontenida,,,False
cl100k_base,muestreo,us,1,yaml,94,286,94.0,reversible,True,autocontenida,,,False
cl100k_base,muestreo,us,1,xml,132,376,132.0,reversible,True,con_contrato,,,False
cl100k_base,muestreo,us,1,csv,53,181,53.0,no_reversible,False,con_contrato,,,False
cl100k_base,muestreo,us,1,toon,94,299,94.0,reversible,True,autocontenida,,,False
cl100k_base,muestreo,us,1,toon_flat,87,259,87.0,reversible,True,con_contrato,,,False
cl100k_base,muestreo,us,1,mini,61,180,61.0,reversible_normalizado,True,con_contrato,,,False
cl100k_base,muestreo,us,1,xml_tipado,221,749,221.0,reversible,True,autocontenida,,,False
cl100k_base,muestreo,us,1,csv_reversible,87,277,87.0,reversible,True,con_mapa,celdas,120,False
cl100k_base,muestreo,us,1,toon_reversible,99,295,99.0,reversible,True,con_mapa,celdas,80,False
r50k_base,muestreo,us,1,json_pretty,220,437,220.0,reversible,True,autocontenida,,,False
r50k_base,muestreo,us,1,json_compact,83,299,83.0,reversible,True,autocontenida,,,False
r50k_base,muestreo,us,1,yaml,97,286,97.0,reversible,True,autocontenida,,,False
r50k_base,muestreo,us,1,xml,158,376,158.0,reversible,True,con_contrato,,,False
r50k_base,muestreo,us,1,csv,54,181,54.0,no_reversible,False,con_contrato,,,False
r50k_base,muestreo,us,1,toon,110,299,110.0,reversible,True,autocontenida,,,False
r50k_base,muestreo,us,1,toon_flat,91,259,91.0,reversible,True,con_contrato,,,False
r50k_base,muestreo,us,1,mini,64,180,64.0,reversible_normalizado,True,con_contrato,,,False
r50k_base,muestreo,us,1,xml_tipado,224,749,224.0,reversible,True,autocontenida,,,False
r50k_base,muestreo,us,1,csv_reversible,97,277,97.0,reversible,True,con_mapa,celdas,138,False
r50k_base,muestreo,us,1,toon_reversible,105,295,105.0,reversible,True,con_mapa,celdas,90,False
o200k_base,muestreo,us,5,json_pretty,503,1755,100.6,reversible,True,autocontenida,,,False
o200k_base,muestreo,us,5,json_compact,318,1221,63.6,reversible,True,autocontenida,,,False
o200k_base,muestreo,us,5,yaml,359,1192,71.8,reversible,True,autocontenida,,,False
o200k_base,muestreo,us,5,xml,560,1694,112.0,reversible,True,con_contrato,,,False
o200k_base,muestreo,us,5,csv,201,763,40.2,no_reversible,False,con_contrato,,,False
o200k_base,muestreo,us,5,toon,357,1249,71.4,reversible,True,autocontenida,,,False
o200k_base,muestreo,us,5,toon_flat,239,849,47.8,reversible,True,con_contrato,,,False
o200k_base,muestreo,us,5,mini,212,762,42.4,reversible_normalizado,True,con_contrato,,,False
o200k_base,muestreo,us,5,xml_tipado,781,2711,156.2,reversible,True,autocontenida,,,False
o200k_base,muestreo,us,5,csv_reversible,236,863,47.2,reversible,True,con_mapa,columnas,201,False
o200k_base,muestreo,us,5,toon_reversible,255,891,51.0,reversible,True,con_mapa,columnas,156,False
cl100k_base,muestreo,us,5,json_pretty,503,1755,100.6,reversible,True,autocontenida,,,False
cl100k_base,muestreo,us,5,json_compact,311,1221,62.2,reversible,True,autocontenida,,,False
cl100k_base,muestreo,us,5,yaml,360,1192,72.0,reversible,True,autocontenida,,,False
cl100k_base,muestreo,us,5,xml,560,1694,112.0,reversible,True,con_contrato,,,False
cl100k_base,muestreo,us,5,csv,201,763,40.2,no_reversible,False,con_contrato,,,False
cl100k_base,muestreo,us,5,toon,358,1249,71.6,reversible,True,autocontenida,,,False
cl100k_base,muestreo,us,5,toon_flat,239,849,47.8,reversible,True,con_contrato,,,False
cl100k_base,muestreo,us,5,mini,213,762,42.6,reversible_normalizado,True,con_contrato,,,False
cl100k_base,muestreo,us,5,xml_tipado,781,2711,156.2,reversible,True,autocontenida,,,False
cl100k_base,muestreo,us,5,csv_reversible,236,863,47.2,reversible,True,con_mapa,columnas,190,False
cl100k_base,muestreo,us,5,toon_reversible,256,891,51.2,reversible,True,con_mapa,columnas,145,False
r50k_base,muestreo,us,5,json_pretty,836,1755,167.2,reversible,True,autocontenida,,,False
r50k_base,muestreo,us,5,json_compact,307,1221,61.4,reversible,True,autocontenida,,,False
r50k_base,muestreo,us,5,yaml,362,1192,72.4,reversible,True,autocontenida,,,False
r50k_base,muestreo,us,5,xml,686,1694,137.2,reversible,True,con_contrato,,,False
r50k_base,muestreo,us,5,csv,206,763,41.2,no_reversible,False,con_contrato,,,False
r50k_base,muestreo,us,5,toon,425,1249,85.0,reversible,True,autocontenida,,,False
r50k_base,muestreo,us,5,toon_flat,247,849,49.4,reversible,True,con_contrato,,,False
r50k_base,muestreo,us,5,mini,216,762,43.2,reversible_normalizado,True,con_contrato,,,False
r50k_base,muestreo,us,5,xml_tipado,784,2711,156.8,reversible,True,autocontenida,,,False
r50k_base,muestreo,us,5,csv_reversible,251,863,50.2,reversible,True,con_mapa,columnas,210,False
r50k_base,muestreo,us,5,toon_reversible,264,891,52.8,reversible,True,con_mapa,columnas,156,False
o200k_base,muestreo,us,10,json_pretty,941,3285,94.1,reversible,True,autocontenida,,,False
o200k_base,muestreo,us,10,json_compact,591,2256,59.1,reversible,True,autocontenida,,,False
o200k_base,muestreo,us,10,yaml,674,2207,67.4,reversible,True,autocontenida,,,False
o200k_base,muestreo,us,10,xml,1081,3224,108.1,reversible,True,con_contrato,,,False
o200k_base,muestreo,us,10,csv,370,1373,37.0,no_reversible,False,con_contrato,,,False
o200k_base,muestreo,us,10,toon,669,2320,66.9,reversible,True,autocontenida,,,False
o200k_base,muestreo,us,10,toon_flat,413,1470,41.3,reversible,True,con_contrato,,,False
o200k_base,muestreo,us,10,mini,385,1373,38.5,reversible_normalizado,True,con_contrato,,,False
o200k_base,muestreo,us,10,xml_tipado,1467,5046,146.7,reversible,True,autocontenida,,,False
o200k_base,muestreo,us,10,csv_reversible,405,1473,40.5,reversible,True,con_mapa,columnas,201,False
o200k_base,muestreo,us,10,toon_reversible,429,1512,42.9,reversible,True,con_mapa,columnas,156,False
cl100k_base,muestreo,us,10,json_pretty,940,3285,94.0,reversible,True,autocontenida,,,False
cl100k_base,muestreo,us,10,json_compact,578,2256,57.8,reversible,True,autocontenida,,,False
cl100k_base,muestreo,us,10,yaml,675,2207,67.5,reversible,True,autocontenida,,,False
cl100k_base,muestreo,us,10,xml,1080,3224,108.0,reversible,True,con_contrato,,,False
cl100k_base,muestreo,us,10,csv,369,1373,36.9,no_reversible,False,con_contrato,,,False
cl100k_base,muestreo,us,10,toon,669,2320,66.9,reversible,True,autocontenida,,,False
cl100k_base,muestreo,us,10,toon_flat,412,1470,41.2,reversible,True,con_contrato,,,False
cl100k_base,muestreo,us,10,mini,385,1373,38.5,reversible_normalizado,True,con_contrato,,,False
cl100k_base,muestreo,us,10,xml_tipado,1466,5046,146.6,reversible,True,autocontenida,,,False
cl100k_base,muestreo,us,10,csv_reversible,404,1473,40.4,reversible,True,con_mapa,columnas,190,False
cl100k_base,muestreo,us,10,toon_reversible,429,1512,42.9,reversible,True,con_mapa,columnas,145,False
r50k_base,muestreo,us,10,json_pretty,1597,3285,159.7,reversible,True,autocontenida,,,False
r50k_base,muestreo,us,10,json_compact,578,2256,57.8,reversible,True,autocontenida,,,False
r50k_base,muestreo,us,10,yaml,679,2207,67.9,reversible,True,autocontenida,,,False
r50k_base,muestreo,us,10,xml,1337,3224,133.7,reversible,True,con_contrato,,,False
r50k_base,muestreo,us,10,csv,387,1373,38.7,no_reversible,False,con_contrato,,,False
r50k_base,muestreo,us,10,toon,804,2320,80.4,reversible,True,autocontenida,,,False
r50k_base,muestreo,us,10,toon_flat,433,1470,43.3,reversible,True,con_contrato,,,False
r50k_base,muestreo,us,10,mini,397,1373,39.7,reversible_normalizado,True,con_contrato,,,False
r50k_base,muestreo,us,10,xml_tipado,1475,5046,147.5,reversible,True,autocontenida,,,False
r50k_base,muestreo,us,10,csv_reversible,432,1473,43.2,reversible,True,con_mapa,columnas,210,False
r50k_base,muestreo,us,10,toon_reversible,450,1512,45.0,reversible,True,con_mapa,columnas,156,False
o200k_base,muestreo,us,12,json_pretty,1121,3916,93.416667,reversible,True,autocontenida,,,False
o200k_base,muestreo,us,12,json_compact,705,2689,58.75,reversible,True,autocontenida,,,False
o200k_base,muestreo,us,12,yaml,806,2632,67.166667,reversible,True,autocontenida,,,False
o200k_base,muestreo,us,12,xml,1294,3855,107.833333,reversible,True,con_contrato,,,False
o200k_base,muestreo,us,12,csv,442,1636,36.833333,no_reversible,False,con_contrato,,,False
o200k_base,muestreo,us,12,toon,799,2767,66.583333,reversible,True,autocontenida,,,False
o200k_base,muestreo,us,12,toon_flat,487,1737,40.583333,reversible,True,con_contrato,,,False
o200k_base,muestreo,us,12,mini,459,1636,38.25,reversible_normalizado,True,con_contrato,,,False
o200k_base,muestreo,us,12,xml_tipado,1746,5999,145.5,reversible,True,autocontenida,,,False
o200k_base,muestreo,us,12,csv_reversible,477,1736,39.75,reversible,True,con_mapa,columnas,201,False
o200k_base,muestreo,us,12,toon_reversible,503,1779,41.916667,reversible,True,con_mapa,columnas,156,False
cl100k_base,muestreo,us,12,json_pretty,1120,3916,93.333333,reversible,True,autocontenida,,,False
cl100k_base,muestreo,us,12,json_compact,690,2689,57.5,reversible,True,autocontenida,,,False
cl100k_base,muestreo,us,12,yaml,807,2632,67.25,reversible,True,autocontenida,,,False
cl100k_base,muestreo,us,12,xml,1292,3855,107.666667,reversible,True,con_contrato,,,False
cl100k_base,muestreo,us,12,csv,441,1636,36.75,no_reversible,False,con_contrato,,,False
cl100k_base,muestreo,us,12,toon,799,2767,66.583333,reversible,True,autocontenida,,,False
cl100k_base,muestreo,us,12,toon_flat,486,1737,40.5,reversible,True,con_contrato,,,False
cl100k_base,muestreo,us,12,mini,459,1636,38.25,reversible_normalizado,True,con_contrato,,,False
cl100k_base,muestreo,us,12,xml_tipado,1744,5999,145.333333,reversible,True,autocontenida,,,False
cl100k_base,muestreo,us,12,csv_reversible,476,1736,39.666667,reversible,True,con_mapa,columnas,190,False
cl100k_base,muestreo,us,12,toon_reversible,503,1779,41.916667,reversible,True,con_mapa,columnas,145,False
r50k_base,muestreo,us,12,json_pretty,1904,3916,158.666667,reversible,True,autocontenida,,,False
r50k_base,muestreo,us,12,json_compact,689,2689,57.416667,reversible,True,autocontenida,,,False
r50k_base,muestreo,us,12,yaml,811,2632,67.583333,reversible,True,autocontenida,,,False
r50k_base,muestreo,us,12,xml,1600,3855,133.333333,reversible,True,con_contrato,,,False
r50k_base,muestreo,us,12,csv,462,1636,38.5,no_reversible,False,con_contrato,,,False
r50k_base,muestreo,us,12,toon,960,2767,80.0,reversible,True,autocontenida,,,False
r50k_base,muestreo,us,12,toon_flat,510,1737,42.5,reversible,True,con_contrato,,,False
r50k_base,muestreo,us,12,mini,472,1636,39.333333,reversible_normalizado,True,con_contrato,,,False
r50k_base,muestreo,us,12,xml_tipado,1754,5999,146.166667,reversible,True,autocontenida,,,False
r50k_base,muestreo,us,12,csv_reversible,507,1736,42.25,reversible,True,con_mapa,columnas,210,False
r50k_base,muestreo,us,12,toon_reversible,527,1779,43.916667,reversible,True,con_mapa,columnas,156,False
o200k_base,muestreo,us,25,json_pretty,2274,7998,90.96,reversible,True,autocontenida,,,True
o200k_base,muestreo,us,25,json_compact,1429,5484,57.16,reversible,True,autocontenida,,,True
o200k_base,muestreo,us,25,yaml,1640,5375,65.6,reversible,True,autocontenida,,,True
o200k_base,muestreo,us,25,xml,2661,7937,106.44,reversible,True,con_contrato,,,True
o200k_base,muestreo,us,25,csv,895,3326,35.8,no_reversible,False,con_contrato,,,True
o200k_base,muestreo,us,25,toon,1624,5653,64.96,reversible,True,autocontenida,,,True
o200k_base,muestreo,us,25,toon_flat,953,3453,38.12,reversible,True,con_contrato,,,True
o200k_base,muestreo,us,25,mini,923,3326,36.92,reversible_normalizado,True,con_contrato,,,True
o200k_base,muestreo,us,25,xml_tipado,3542,12174,141.68,reversible,True,autocontenida,,,True
o200k_base,muestreo,us,25,csv_reversible,930,3426,37.2,reversible,True,con_mapa,columnas,201,True
o200k_base,muestreo,us,25,toon_reversible,969,3495,38.76,reversible,True,con_mapa,columnas,156,True
cl100k_base,muestreo,us,25,json_pretty,2272,7998,90.88,reversible,True,autocontenida,,,True
cl100k_base,muestreo,us,25,json_compact,1400,5484,56.0,reversible,True,autocontenida,,,True
cl100k_base,muestreo,us,25,yaml,1642,5375,65.68,reversible,True,autocontenida,,,True
cl100k_base,muestreo,us,25,xml,2657,7937,106.28,reversible,True,con_contrato,,,True
cl100k_base,muestreo,us,25,csv,894,3326,35.76,no_reversible,False,con_contrato,,,True
cl100k_base,muestreo,us,25,toon,1624,5653,64.96,reversible,True,autocontenida,,,True
cl100k_base,muestreo,us,25,toon_flat,952,3453,38.08,reversible,True,con_contrato,,,True
cl100k_base,muestreo,us,25,mini,922,3326,36.88,reversible_normalizado,True,con_contrato,,,True
cl100k_base,muestreo,us,25,xml_tipado,3538,12174,141.52,reversible,True,autocontenida,,,True
cl100k_base,muestreo,us,25,csv_reversible,929,3426,37.16,reversible,True,con_mapa,columnas,190,True
cl100k_base,muestreo,us,25,toon_reversible,969,3495,38.76,reversible,True,con_mapa,columnas,145,True
r50k_base,muestreo,us,25,json_pretty,3889,7998,155.56,reversible,True,autocontenida,,,True
r50k_base,muestreo,us,25,json_compact,1400,5484,56.0,reversible,True,autocontenida,,,True
r50k_base,muestreo,us,25,yaml,1647,5375,65.88,reversible,True,autocontenida,,,True
r50k_base,muestreo,us,25,xml,3299,7937,131.96,reversible,True,con_contrato,,,True
r50k_base,muestreo,us,25,csv,939,3326,37.56,no_reversible,False,con_contrato,,,True
r50k_base,muestreo,us,25,toon,1956,5653,78.24,reversible,True,autocontenida,,,True
r50k_base,muestreo,us,25,toon_flat,1000,3453,40.0,reversible,True,con_contrato,,,True
r50k_base,muestreo,us,25,mini,949,3326,37.96,reversible_normalizado,True,con_contrato,,,True
r50k_base,muestreo,us,25,xml_tipado,3557,12174,142.28,reversible,True,autocontenida,,,True
r50k_base,muestreo,us,25,csv_reversible,984,3426,39.36,reversible,True,con_mapa,columnas,210,True
r50k_base,muestreo,us,25,toon_reversible,1017,3495,40.68,reversible,True,con_mapa,columnas,156,True
o200k_base,muestreo,us,50,json_pretty,4516,15972,90.32,reversible,True,autocontenida,,,True
o200k_base,muestreo,us,50,json_compact,2846,10983,56.92,reversible,True,autocontenida,,,True
o200k_base,muestreo,us,50,yaml,3267,10774,65.34,reversible,True,autocontenida,,,True
o200k_base,muestreo,us,50,xml,5312,15911,106.24,reversible,True,con_contrato,,,True
o200k_base,muestreo,us,50,csv,1788,6700,35.76,no_reversible,False,con_contrato,,,True
o200k_base,muestreo,us,50,toon,3235,11327,64.7,reversible,True,autocontenida,,,True
o200k_base,muestreo,us,50,toon_flat,1871,6877,37.42,reversible,True,con_contrato,,,True
o200k_base,muestreo,us,50,mini,1840,6700,36.8,reversible_normalizado,True,con_contrato,,,True
o200k_base,muestreo,us,50,xml_tipado,7018,24173,140.36,reversible,True,autocontenida,,,True
o200k_base,muestreo,us,50,csv_reversible,1823,6800,36.46,reversible,True,con_mapa,columnas,201,True
o200k_base,muestreo,us,50,toon_reversible,1887,6919,37.74,reversible,True,con_mapa,columnas,156,True
cl100k_base,muestreo,us,50,json_pretty,4512,15972,90.24,reversible,True,autocontenida,,,True
cl100k_base,muestreo,us,50,json_compact,2790,10983,55.8,reversible,True,autocontenida,,,True
cl100k_base,muestreo,us,50,yaml,3271,10774,65.42,reversible,True,autocontenida,,,True
cl100k_base,muestreo,us,50,xml,5304,15911,106.08,reversible,True,con_contrato,,,True
cl100k_base,muestreo,us,50,csv,1787,6700,35.74,no_reversible,False,con_contrato,,,True
cl100k_base,muestreo,us,50,toon,3235,11327,64.7,reversible,True,autocontenida,,,True
cl100k_base,muestreo,us,50,toon_flat,1870,6877,37.4,reversible,True,con_contrato,,,True
cl100k_base,muestreo,us,50,mini,1837,6700,36.74,reversible_normalizado,True,con_contrato,,,True
cl100k_base,muestreo,us,50,xml_tipado,7010,24173,140.2,reversible,True,autocontenida,,,True
cl100k_base,muestreo,us,50,csv_reversible,1822,6800,36.44,reversible,True,con_mapa,columnas,190,True
cl100k_base,muestreo,us,50,toon_reversible,1887,6919,37.74,reversible,True,con_mapa,columnas,145,True
r50k_base,muestreo,us,50,json_pretty,7724,15972,154.48,reversible,True,autocontenida,,,True
r50k_base,muestreo,us,50,json_compact,2785,10983,55.7,reversible,True,autocontenida,,,True
r50k_base,muestreo,us,50,yaml,3278,10774,65.56,reversible,True,autocontenida,,,True
r50k_base,muestreo,us,50,xml,6584,15911,131.68,reversible,True,con_contrato,,,True
r50k_base,muestreo,us,50,csv,1874,6700,37.48,no_reversible,False,con_contrato,,,True
r50k_base,muestreo,us,50,toon,3896,11327,77.92,reversible,True,autocontenida,,,True
r50k_base,muestreo,us,50,toon_flat,1960,6877,39.2,reversible,True,con_contrato,,,True
r50k_base,muestreo,us,50,mini,1884,6700,37.68,reversible_normalizado,True,con_contrato,,,True
r50k_base,muestreo,us,50,xml_tipado,7042,24173,140.84,reversible,True,autocontenida,,,True
r50k_base,muestreo,us,50,csv_reversible,1919,6800,38.38,reversible,True,con_mapa,columnas,210,True
r50k_base,muestreo,us,50,toon_reversible,1977,6919,39.54,reversible,True,con_mapa,columnas,156,True
o200k_base,muestreo,us,100,json_pretty,8977,31753,89.77,reversible,True,autocontenida,,,True
o200k_base,muestreo,us,100,json_compact,5657,21814,56.57,reversible,True,autocontenida,,,True
o200k_base,muestreo,us,100,yaml,6499,21405,64.99,reversible,True,autocontenida,,,True
o200k_base,muestreo,us,100,xml,10595,31692,105.95,reversible,True,con_contrato,,,True
o200k_base,muestreo,us,100,csv,3553,13281,35.53,no_reversible,False,con_contrato,,,True
o200k_base,muestreo,us,100,toon,6433,22509,64.33,reversible,True,autocontenida,,,True
o200k_base,muestreo,us,100,toon_flat,3686,13559,36.86,reversible,True,con_contrato,,,True
o200k_base,muestreo,us,100,mini,3651,13282,36.51,reversible_normalizado,True,con_contrato,,,True
o200k_base,muestreo,us,100,xml_tipado,13951,48004,139.51,reversible,True,autocontenida,,,True
o200k_base,muestreo,us,100,csv_reversible,3588,13381,35.88,reversible,True,con_mapa,columnas,201,True
o200k_base,muestreo,us,100,toon_reversible,3702,13601,37.02,reversible,True,con_mapa,columnas,156,True
cl100k_base,muestreo,us,100,json_pretty,8969,31753,89.69,reversible,True,autocontenida,,,True
cl100k_base,muestreo,us,100,json_compact,5547,21814,55.47,reversible,True,autocontenida,,,True
cl100k_base,muestreo,us,100,yaml,6507,21405,65.07,reversible,True,autocontenida,,,True
cl100k_base,muestreo,us,100,xml,10578,31692,105.78,reversible,True,con_contrato,,,True
cl100k_base,muestreo,us,100,csv,3552,13281,35.52,no_reversible,False,con_contrato,,,True
cl100k_base,muestreo,us,100,toon,6433,22509,64.33,reversible,True,autocontenida,,,True
cl100k_base,muestreo,us,100,toon_flat,3685,13559,36.85,reversible,True,con_contrato,,,True
cl100k_base,muestreo,us,100,mini,3644,13282,36.44,reversible_normalizado,True,con_contrato,,,True
cl100k_base,muestreo,us,100,xml_tipado,13934,48004,139.34,reversible,True,autocontenida,,,True
cl100k_base,muestreo,us,100,csv_reversible,3587,13381,35.87,reversible,True,con_mapa,columnas,190,True
cl100k_base,muestreo,us,100,toon_reversible,3702,13601,37.02,reversible,True,con_mapa,columnas,145,True
r50k_base,muestreo,us,100,json_pretty,15377,31753,153.77,reversible,True,autocontenida,,,True
r50k_base,muestreo,us,100,json_compact,5538,21814,55.38,reversible,True,autocontenida,,,True
r50k_base,muestreo,us,100,yaml,6518,21405,65.18,reversible,True,autocontenida,,,True
r50k_base,muestreo,us,100,xml,13137,31692,131.37,reversible,True,con_contrato,,,True
r50k_base,muestreo,us,100,csv,3727,13281,37.27,no_reversible,False,con_contrato,,,True
r50k_base,muestreo,us,100,toon,7752,22509,77.52,reversible,True,autocontenida,,,True
r50k_base,muestreo,us,100,toon_flat,3863,13559,38.63,reversible,True,con_contrato,,,True
r50k_base,muestreo,us,100,mini,3737,13282,37.37,reversible_normalizado,True,con_contrato,,,True
r50k_base,muestreo,us,100,xml_tipado,13995,48004,139.95,reversible,True,autocontenida,,,True
r50k_base,muestreo,us,100,csv_reversible,3772,13381,37.72,reversible,True,con_mapa,columnas,210,True
r50k_base,muestreo,us,100,toon_reversible,3880,13601,38.8,reversible,True,con_mapa,columnas,156,True
o200k_base,muestreo,us,250,json_pretty,22365,79372,89.46,reversible,True,autocontenida,,,True
o200k_base,muestreo,us,250,json_compact,14095,54583,56.38,reversible,True,autocontenida,,,True
o200k_base,muestreo,us,250,yaml,16201,53574,64.804,reversible,True,autocontenida,,,True
o200k_base,muestreo,us,250,xml,26445,79311,105.78,reversible,True,con_contrato,,,True
o200k_base,muestreo,us,250,csv,8854,33300,35.416,no_reversible,False,con_contrato,,,True
o200k_base,muestreo,us,250,toon,16035,56328,64.14,reversible,True,autocontenida,,,True
o200k_base,muestreo,us,250,toon_flat,9137,33878,36.548,reversible,True,con_contrato,,,True
o200k_base,muestreo,us,250,mini,9089,33301,36.356,reversible_normalizado,True,con_contrato,,,True
o200k_base,muestreo,us,250,xml_tipado,34751,119773,139.004,reversible,True,autocontenida,,,True
o200k_base,muestreo,us,250,csv_reversible,8889,33400,35.556,reversible,True,con_mapa,columnas,201,True
o200k_base,muestreo,us,250,toon_reversible,9153,33920,36.612,reversible,True,con_mapa,columnas,156,True
cl100k_base,muestreo,us,250,json_pretty,22344,79372,89.376,reversible,True,autocontenida,,,True
cl100k_base,muestreo,us,250,json_compact,13822,54583,55.288,reversible,True,autocontenida,,,True
cl100k_base,muestreo,us,250,yaml,16221,53574,64.884,reversible,True,autocontenida,,,True
cl100k_base,muestreo,us,250,xml,26403,79311,105.612,reversible,True,con_contrato,,,True
cl100k_base,muestreo,us,250,csv,8852,33300,35.408,no_reversible,False,con_contrato,,,True
cl100k_base,muestreo,us,250,toon,16034,56328,64.136,reversible,True,autocontenida,,,True
cl100k_base,muestreo,us,250,toon_flat,9135,33878,36.54,reversible,True,con_contrato,,,True
cl100k_base,muestreo,us,250,mini,9069,33301,36.276,reversible_normalizado,True,con_contrato,,,True
cl100k_base,muestreo,us,250,xml_tipado,34709,119773,138.836,reversible,True,autocontenida,,,True
cl100k_base,muestreo,us,250,csv_reversible,8887,33400,35.548,reversible,True,con_mapa,columnas,190,True
cl100k_base,muestreo,us,250,toon_reversible,9152,33920,36.608,reversible,True,con_mapa,columnas,145,True
r50k_base,muestreo,us,250,json_pretty,38340,79372,153.36,reversible,True,autocontenida,,,True
r50k_base,muestreo,us,250,json_compact,13801,54583,55.204,reversible,True,autocontenida,,,True
r50k_base,muestreo,us,250,yaml,16244,53574,64.976,reversible,True,autocontenida,,,True
r50k_base,muestreo,us,250,xml,32800,79311,131.2,reversible,True,con_contrato,,,True
r50k_base,muestreo,us,250,csv,9290,33300,37.16,no_reversible,False,con_contrato,,,True
r50k_base,muestreo,us,250,toon,19329,56328,77.316,reversible,True,autocontenida,,,True
r50k_base,muestreo,us,250,toon_flat,9576,33878,38.304,reversible,True,con_contrato,,,True
r50k_base,muestreo,us,250,mini,9300,33301,37.2,reversible_normalizado,True,con_contrato,,,True
r50k_base,muestreo,us,250,xml_tipado,34858,119773,139.432,reversible,True,autocontenida,,,True
r50k_base,muestreo,us,250,csv_reversible,9335,33400,37.34,reversible,True,con_mapa,columnas,210,True
r50k_base,muestreo,us,250,toon_reversible,9593,33920,38.372,reversible,True,con_mapa,columnas,156,True
o200k_base,ciclo,a,1,json_pretty,304,863,304.0,reversible,True,autocontenida,,,False
o200k_base,ciclo,a,1,json_compact,182,507,182.0,reversible,True,autocontenida,,,False
o200k_base,ciclo,a,1,yaml,237,552,237.0,reversible,True,autocontenida,,,False
o200k_base,ciclo,a,1,xml,247,617,247.0,reversible,True,con_contrato,,,False
o200k_base,ciclo,a,1,csv,106,279,106.0,no_reversible,False,con_contrato,,,False
o200k_base,ciclo,a,1,toon,217,548,217.0,reversible,True,autocontenida,,,False
o200k_base,ciclo,a,1,toon_flat,211,509,211.0,reversible,True,con_contrato,,,False
o200k_base,ciclo,a,1,mini,118,235,118.0,reversible_normalizado,True,con_contrato,,,False
o200k_base,ciclo,a,1,xml_tipado,491,1615,491.0,reversible,True,autocontenida,,,False
o200k_base,ciclo,a,1,csv_reversible,190,494,190.0,reversible,True,con_mapa,celdas,207,False
o200k_base,ciclo,a,1,toon_reversible,216,536,216.0,reversible,True,con_mapa,celdas,142,False
cl100k_base,ciclo,a,1,json_pretty,311,863,311.0,reversible,True,autocontenida,,,False
cl100k_base,ciclo,a,1,json_compact,184,507,184.0,reversible,True,autocontenida,,,False
cl100k_base,ciclo,a,1,yaml,246,552,246.0,reversible,True,autocontenida,,,False
cl100k_base,ciclo,a,1,xml,253,617,253.0,reversible,True,con_contrato,,,False
cl100k_base,ciclo,a,1,csv,106,279,106.0,no_reversible,False,con_contrato,,,False
cl100k_base,ciclo,a,1,toon,224,548,224.0,reversible,True,autocontenida,,,False
cl100k_base,ciclo,a,1,toon_flat,214,509,214.0,reversible,True,con_contrato,,,False
cl100k_base,ciclo,a,1,mini,126,235,126.0,reversible_normalizado,True,con_contrato,,,False
cl100k_base,ciclo,a,1,xml_tipado,496,1615,496.0,reversible,True,autocontenida,,,False
cl100k_base,ciclo,a,1,csv_reversible,195,494,195.0,reversible,True,con_mapa,celdas,193,False
cl100k_base,ciclo,a,1,toon_reversible,224,536,224.0,reversible,True,con_mapa,celdas,128,False
r50k_base,ciclo,a,1,json_pretty,541,863,541.0,reversible,True,autocontenida,,,False
r50k_base,ciclo,a,1,json_compact,206,507,206.0,reversible,True,autocontenida,,,False
r50k_base,ciclo,a,1,yaml,285,552,285.0,reversible,True,autocontenida,,,False
r50k_base,ciclo,a,1,xml,312,617,312.0,reversible,True,con_contrato,,,False
r50k_base,ciclo,a,1,csv,129,279,129.0,no_reversible,False,con_contrato,,,False
r50k_base,ciclo,a,1,toon,295,548,295.0,reversible,True,autocontenida,,,False
r50k_base,ciclo,a,1,toon_flat,259,509,259.0,reversible,True,con_contrato,,,False
r50k_base,ciclo,a,1,mini,137,235,137.0,reversible_normalizado,True,con_contrato,,,False
r50k_base,ciclo,a,1,xml_tipado,524,1615,524.0,reversible,True,autocontenida,,,False
r50k_base,ciclo,a,1,csv_reversible,235,494,235.0,reversible,True,con_mapa,celdas,228,False
r50k_base,ciclo,a,1,toon_reversible,267,536,267.0,reversible,True,con_mapa,celdas,150,False
o200k_base,ciclo,a,5,json_pretty,962,2990,192.4,reversible,True,autocontenida,,,False
o200k_base,ciclo,a,5,json_compact,600,1838,120.0,reversible,True,autocontenida,,,False
o200k_base,ciclo,a,5,yaml,745,1951,149.0,reversible,True,autocontenida,,,False
o200k_base,ciclo,a,5,xml,839,2322,167.8,reversible,True,con_contrato,,,False
o200k_base,ciclo,a,5,csv,368,1014,73.6,no_reversible,False,con_contrato,,,False
o200k_base,ciclo,a,5,toon,702,2015,140.4,reversible,True,autocontenida,,,False
o200k_base,ciclo,a,5,toon_flat,478,1260,95.6,reversible,True,con_contrato,,,False
o200k_base,ciclo,a,5,mini,376,964,75.2,reversible_normalizado,True,con_contrato,,,False
o200k_base,ciclo,a,5,xml_tipado,1513,5022,302.6,reversible,True,autocontenida,,,False
o200k_base,ciclo,a,5,csv_reversible,457,1246,91.4,reversible,True,con_mapa,columnas,361,False
o200k_base,ciclo,a,5,toon_reversible,496,1308,99.2,reversible,True,con_mapa,columnas,281,False
cl100k_base,ciclo,a,5,json_pretty,991,2990,198.2,reversible,True,autocontenida,,,False
cl100k_base,ciclo,a,5,json_compact,619,1838,123.8,reversible,True,autocontenida,,,False
cl100k_base,ciclo,a,5,yaml,784,1951,156.8,reversible,True,autocontenida,,,False
cl100k_base,ciclo,a,5,xml,866,2322,173.2,reversible,True,con_contrato,,,False
cl100k_base,ciclo,a,5,csv,394,1014,78.8,no_reversible,False,con_contrato,,,False
cl100k_base,ciclo,a,5,toon,741,2015,148.2,reversible,True,autocontenida,,,False
cl100k_base,ciclo,a,5,toon_flat,507,1260,101.4,reversible,True,con_contrato,,,False
cl100k_base,ciclo,a,5,mini,413,964,82.6,reversible_normalizado,True,con_contrato,,,False
cl100k_base,ciclo,a,5,xml_tipado,1535,5022,307.0,reversible,True,autocontenida,,,False
cl100k_base,ciclo,a,5,csv_reversible,487,1246,97.4,reversible,True,con_mapa,columnas,342,False
cl100k_base,ciclo,a,5,toon_reversible,529,1308,105.8,reversible,True,con_mapa,columnas,262,False
r50k_base,ciclo,a,5,json_pretty,1787,2990,357.4,reversible,True,autocontenida,,,False
r50k_base,ciclo,a,5,json_compact,690,1838,138.0,reversible,True,autocontenida,,,False
r50k_base,ciclo,a,5,yaml,916,1951,183.2,reversible,True,autocontenida,,,False
r50k_base,ciclo,a,5,xml,1099,2322,219.8,reversible,True,con_contrato,,,False
r50k_base,ciclo,a,5,csv,464,1014,92.8,no_reversible,False,con_contrato,,,False
r50k_base,ciclo,a,5,toon,1009,2015,201.8,reversible,True,autocontenida,,,False
r50k_base,ciclo,a,5,toon_flat,599,1260,119.8,reversible,True,con_contrato,,,False
r50k_base,ciclo,a,5,mini,468,964,93.6,reversible_normalizado,True,con_contrato,,,False
r50k_base,ciclo,a,5,xml_tipado,1625,5022,325.0,reversible,True,autocontenida,,,False
r50k_base,ciclo,a,5,csv_reversible,578,1246,115.6,reversible,True,con_mapa,columnas,386,False
r50k_base,ciclo,a,5,toon_reversible,616,1308,123.2,reversible,True,con_mapa,columnas,290,False
o200k_base,ciclo,a,10,json_pretty,1771,5628,177.1,reversible,True,autocontenida,,,False
o200k_base,ciclo,a,10,json_compact,1109,3481,110.9,reversible,True,autocontenida,,,False
o200k_base,ciclo,a,10,yaml,1358,3669,135.8,reversible,True,autocontenida,,,False
o200k_base,ciclo,a,10,xml,1567,4435,156.7,reversible,True,con_contrato,,,False
o200k_base,ciclo,a,10,csv,682,1911,68.2,no_reversible,False,con_contrato,,,False
o200k_base,ciclo,a,10,toon,1294,3819,129.4,reversible,True,autocontenida,,,False
o200k_base,ciclo,a,10,toon_flat,797,2169,79.7,reversible,True,con_contrato,,,False
o200k_base,ciclo,a,10,mini,688,1858,68.8,reversible_normalizado,True,con_contrato,,,False
o200k_base,ciclo,a,10,xml_tipado,2776,9260,277.6,reversible,True,autocontenida,,,False
o200k_base,ciclo,a,10,csv_reversible,771,2144,77.1,reversible,True,con_mapa,columnas,361,False
o200k_base,ciclo,a,10,toon_reversible,815,2217,81.5,reversible,True,con_mapa,columnas,281,False
cl100k_base,ciclo,a,10,json_pretty,1825,5628,182.5,reversible,True,autocontenida,,,False
cl100k_base,ciclo,a,10,json_compact,1146,3481,114.6,reversible,True,autocontenida,,,False
cl100k_base,ciclo,a,10,yaml,1432,3669,143.2,reversible,True,autocontenida,,,False
cl100k_base,ciclo,a,10,xml,1615,4435,161.5,reversible,True,con_contrato,,,False
cl100k_base,ciclo,a,10,csv,734,1911,73.4,no_reversible,False,con_contrato,,,False
cl100k_base,ciclo,a,10,toon,1365,3819,136.5,reversible,True,autocontenida,,,False
cl100k_base,ciclo,a,10,toon_flat,852,2169,85.2,reversible,True,con_contrato,,,False
cl100k_base,ciclo,a,10,mini,756,1858,75.6,reversible_normalizado,True,con_contrato,,,False
cl100k_base,ciclo,a,10,xml_tipado,2812,9260,281.2,reversible,True,autocontenida,,,False
cl100k_base,ciclo,a,10,csv_reversible,827,2144,82.7,reversible,True,con_mapa,columnas,342,False
cl100k_base,ciclo,a,10,toon_reversible,874,2217,87.4,reversible,True,con_mapa,columnas,262,False
r50k_base,ciclo,a,10,json_pretty,3339,5628,333.9,reversible,True,autocontenida,,,False
r50k_base,ciclo,a,10,json_compact,1288,3481,128.8,reversible,True,autocontenida,,,False
r50k_base,ciclo,a,10,yaml,1687,3669,168.7,reversible,True,autocontenida,,,False
r50k_base,ciclo,a,10,xml,2079,4435,207.9,reversible,True,con_contrato,,,False
r50k_base,ciclo,a,10,csv,879,1911,87.9,no_reversible,False,con_contrato,,,False
r50k_base,ciclo,a,10,toon,1891,3819,189.1,reversible,True,autocontenida,,,False
r50k_base,ciclo,a,10,toon_flat,1019,2169,101.9,reversible,True,con_contrato,,,False
r50k_base,ciclo,a,10,mini,878,1858,87.8,reversible_normalizado,True,con_contrato,,,False
r50k_base,ciclo,a,10,xml_tipado,2995,9260,299.5,reversible,True,autocontenida,,,False
r50k_base,ciclo,a,10,csv_reversible,993,2144,99.3,reversible,True,con_mapa,columnas,386,False
r50k_base,ciclo,a,10,toon_reversible,1036,2217,103.6,reversible,True,con_mapa,columnas,290,False
o200k_base,ciclo,a,12,json_pretty,2097,6737,174.75,reversible,True,autocontenida,,,False
o200k_base,ciclo,a,12,json_compact,1314,4192,109.5,reversible,True,autocontenida,,,False
o200k_base,ciclo,a,12,yaml,1607,4410,133.916667,reversible,True,autocontenida,,,False
o200k_base,ciclo,a,12,xml,1859,5332,154.916667,reversible,True,con_contrato,,,False
o200k_base,ciclo,a,12,csv,811,2326,67.583333,no_reversible,False,con_contrato,,,False
o200k_base,ciclo,a,12,toon,1537,4596,128.083333,reversible,True,autocontenida,,,False
o200k_base,ciclo,a,12,toon_flat,928,2588,77.333333,reversible,True,con_contrato,,,False
o200k_base,ciclo,a,12,mini,813,2269,67.75,reversible_normalizado,True,con_contrato,,,False
o200k_base,ciclo,a,12,xml_tipado,3284,11009,273.666667,reversible,True,autocontenida,,,False
o200k_base,ciclo,a,12,csv_reversible,902,2561,75.166667,reversible,True,con_mapa,columnas,361,False
o200k_base,ciclo,a,12,toon_reversible,946,2636,78.833333,reversible,True,con_mapa,columnas,281,False
cl100k_base,ciclo,a,12,json_pretty,2167,6737,180.583333,reversible,True,autocontenida,,,False
cl100k_base,ciclo,a,12,json_compact,1365,4192,113.75,reversible,True,autocontenida,,,False
cl100k_base,ciclo,a,12,yaml,1701,4410,141.75,reversible,True,autocontenida,,,False
cl100k_base,ciclo,a,12,xml,1923,5332,160.25,reversible,True,con_contrato,,,False
cl100k_base,ciclo,a,12,csv,880,2326,73.333333,no_reversible,False,con_contrato,,,False
cl100k_base,ciclo,a,12,toon,1625,4596,135.416667,reversible,True,autocontenida,,,False
cl100k_base,ciclo,a,12,toon_flat,1000,2588,83.333333,reversible,True,con_contrato,,,False
cl100k_base,ciclo,a,12,mini,901,2269,75.083333,reversible_normalizado,True,con_contrato,,,False
cl100k_base,ciclo,a,12,xml_tipado,3334,11009,277.833333,reversible,True,autocontenida,,,False
cl100k_base,ciclo,a,12,csv_reversible,975,2561,81.25,reversible,True,con_mapa,columnas,342,False
cl100k_base,ciclo,a,12,toon_reversible,1022,2636,85.166667,reversible,True,con_mapa,columnas,262,False
r50k_base,ciclo,a,12,json_pretty,3974,6737,331.166667,reversible,True,autocontenida,,,False
r50k_base,ciclo,a,12,json_compact,1542,4192,128.5,reversible,True,autocontenida,,,False
r50k_base,ciclo,a,12,yaml,2013,4410,167.75,reversible,True,autocontenida,,,False
r50k_base,ciclo,a,12,xml,2483,5332,206.916667,reversible,True,con_contrato,,,False
r50k_base,ciclo,a,12,csv,1059,2326,88.25,no_reversible,False,con_contrato,,,False
r50k_base,ciclo,a,12,toon,2261,4596,188.416667,reversible,True,autocontenida,,,False
r50k_base,ciclo,a,12,toon_flat,1201,2588,100.083333,reversible,True,con_contrato,,,False
r50k_base,ciclo,a,12,mini,1057,2269,88.083333,reversible_normalizado,True,con_contrato,,,False
r50k_base,ciclo,a,12,xml_tipado,3557,11009,296.416667,reversible,True,autocontenida,,,False
r50k_base,ciclo,a,12,csv_reversible,1175,2561,97.916667,reversible,True,con_mapa,columnas,386,False
r50k_base,ciclo,a,12,toon_reversible,1218,2636,101.5,reversible,True,con_mapa,columnas,290,False
o200k_base,ciclo,a,25,json_pretty,4206,13602,168.24,reversible,True,autocontenida,,,True
o200k_base,ciclo,a,25,json_compact,2644,8470,105.76,reversible,True,autocontenida,,,True
o200k_base,ciclo,a,25,yaml,3219,8891,128.76,reversible,True,autocontenida,,,True
o200k_base,ciclo,a,25,xml,3751,10824,150.04,reversible,True,con_contrato,,,True
o200k_base,ciclo,a,25,csv,1632,4665,65.28,no_reversible,False,con_contrato,,,True
o200k_base,ciclo,a,25,toon,3087,9296,123.48,reversible,True,autocontenida,,,True
o200k_base,ciclo,a,25,toon_flat,1763,4961,70.52,reversible,True,con_contrato,,,True
o200k_base,ciclo,a,25,mini,1622,4591,64.88,reversible_normalizado,True,con_contrato,,,True
o200k_base,ciclo,a,25,xml_tipado,6575,22034,263.0,reversible,True,autocontenida,,,True
o200k_base,ciclo,a,25,csv_reversible,1731,4908,69.24,reversible,True,con_mapa,columnas,361,True
o200k_base,ciclo,a,25,toon_reversible,1781,5009,71.24,reversible,True,con_mapa,columnas,281,True
cl100k_base,ciclo,a,25,json_pretty,4347,13602,173.88,reversible,True,autocontenida,,,True
cl100k_base,ciclo,a,25,json_compact,2748,8470,109.92,reversible,True,autocontenida,,,True
cl100k_base,ciclo,a,25,yaml,3410,8891,136.4,reversible,True,autocontenida,,,True
cl100k_base,ciclo,a,25,xml,3879,10824,155.16,reversible,True,con_contrato,,,True
cl100k_base,ciclo,a,25,csv,1778,4665,71.12,no_reversible,False,con_contrato,,,True
cl100k_base,ciclo,a,25,toon,3264,9296,130.56,reversible,True,autocontenida,,,True
cl100k_base,ciclo,a,25,toon_flat,1912,4961,76.48,reversible,True,con_contrato,,,True
cl100k_base,ciclo,a,25,mini,1802,4591,72.08,reversible_normalizado,True,con_contrato,,,True
cl100k_base,ciclo,a,25,xml_tipado,6674,22034,266.96,reversible,True,autocontenida,,,True
cl100k_base,ciclo,a,25,csv_reversible,1881,4908,75.24,reversible,True,con_mapa,columnas,342,True
cl100k_base,ciclo,a,25,toon_reversible,1934,5009,77.36,reversible,True,con_mapa,columnas,262,True
r50k_base,ciclo,a,25,json_pretty,8013,13602,320.52,reversible,True,autocontenida,,,True
r50k_base,ciclo,a,25,json_compact,3102,8470,124.08,reversible,True,autocontenida,,,True
r50k_base,ciclo,a,25,yaml,4037,8891,161.48,reversible,True,autocontenida,,,True
r50k_base,ciclo,a,25,xml,5028,10824,201.12,reversible,True,con_contrato,,,True
r50k_base,ciclo,a,25,csv,2135,4665,85.4,no_reversible,False,con_contrato,,,True
r50k_base,ciclo,a,25,toon,4563,9296,182.52,reversible,True,autocontenida,,,True
r50k_base,ciclo,a,25,toon_flat,2291,4961,91.64,reversible,True,con_contrato,,,True
r50k_base,ciclo,a,25,mini,2121,4591,84.84,reversible_normalizado,True,con_contrato,,,True
r50k_base,ciclo,a,25,xml_tipado,7124,22034,284.96,reversible,True,autocontenida,,,True
r50k_base,ciclo,a,25,csv_reversible,2259,4908,90.36,reversible,True,con_mapa,columnas,386,True
r50k_base,ciclo,a,25,toon_reversible,2308,5009,92.32,reversible,True,con_mapa,columnas,290,True
o200k_base,ciclo,a,50,json_pretty,8266,26857,165.32,reversible,True,autocontenida,,,True
o200k_base,ciclo,a,50,json_compact,5205,16750,104.1,reversible,True,autocontenida,,,True
o200k_base,ciclo,a,50,yaml,6320,17562,126.4,reversible,True,autocontenida,,,True
o200k_base,ciclo,a,50,xml,7397,21442,147.94,reversible,True,con_contrato,,,True
o200k_base,ciclo,a,50,csv,3217,9220,64.34,no_reversible,False,con_contrato,,,True
o200k_base,ciclo,a,50,toon,6072,18392,121.44,reversible,True,autocontenida,,,True
o200k_base,ciclo,a,50,toon_flat,3375,9582,67.5,reversible,True,con_contrato,,,True
o200k_base,ciclo,a,50,mini,3184,9113,63.68,reversible_normalizado,True,con_contrato,,,True
o200k_base,ciclo,a,50,xml_tipado,12908,43289,258.16,reversible,True,autocontenida,,,True
o200k_base,ciclo,a,50,csv_reversible,3328,9475,66.56,reversible,True,con_mapa,columnas,361,True
o200k_base,ciclo,a,50,toon_reversible,3393,9630,67.86,reversible,True,con_mapa,columnas,281,True
cl100k_base,ciclo,a,50,json_pretty,8547,26857,170.94,reversible,True,autocontenida,,,True
cl100k_base,ciclo,a,50,json_compact,5415,16750,108.3,reversible,True,autocontenida,,,True
cl100k_base,ciclo,a,50,yaml,6700,17562,134.0,reversible,True,autocontenida,,,True
cl100k_base,ciclo,a,50,xml,7653,21442,153.06,reversible,True,con_contrato,,,True
cl100k_base,ciclo,a,50,csv,3517,9220,70.34,no_reversible,False,con_contrato,,,True
cl100k_base,ciclo,a,50,toon,6428,18392,128.56,reversible,True,autocontenida,,,True
cl100k_base,ciclo,a,50,toon_flat,3678,9582,73.56,reversible,True,con_contrato,,,True
cl100k_base,ciclo,a,50,mini,3545,9113,70.9,reversible_normalizado,True,con_contrato,,,True
cl100k_base,ciclo,a,50,xml_tipado,13106,43289,262.12,reversible,True,autocontenida,,,True
cl100k_base,ciclo,a,50,csv_reversible,3632,9475,72.64,reversible,True,con_mapa,columnas,342,True
cl100k_base,ciclo,a,50,toon_reversible,3700,9630,74.0,reversible,True,con_mapa,columnas,262,True
r50k_base,ciclo,a,50,json_pretty,15791,26857,315.82,reversible,True,autocontenida,,,True
r50k_base,ciclo,a,50,json_compact,6113,16750,122.26,reversible,True,autocontenida,,,True
r50k_base,ciclo,a,50,yaml,7939,17562,158.78,reversible,True,autocontenida,,,True
r50k_base,ciclo,a,50,xml,9936,21442,198.72,reversible,True,con_contrato,,,True
r50k_base,ciclo,a,50,csv,4219,9220,84.38,no_reversible,False,con_contrato,,,True
r50k_base,ciclo,a,50,toon,9004,18392,180.08,reversible,True,autocontenida,,,True
r50k_base,ciclo,a,50,toon_flat,4402,9582,88.04,reversible,True,con_contrato,,,True
r50k_base,ciclo,a,50,mini,4182,9113,83.64,reversible_normalizado,True,con_contrato,,,True
r50k_base,ciclo,a,50,xml_tipado,13994,43289,279.88,reversible,True,autocontenida,,,True
r50k_base,ciclo,a,50,csv_reversible,4355,9475,87.1,reversible,True,con_mapa,columnas,386,True
r50k_base,ciclo,a,50,toon_reversible,4419,9630,88.38,reversible,True,con_mapa,columnas,290,True
o200k_base,ciclo,a,100,json_pretty,16398,53383,163.98,reversible,True,autocontenida,,,True
o200k_base,ciclo,a,100,json_compact,10337,33326,103.37,reversible,True,autocontenida,,,True
o200k_base,ciclo,a,100,yaml,12540,34928,125.4,reversible,True,autocontenida,,,True
o200k_base,ciclo,a,100,xml,14701,42694,147.01,reversible,True,con_contrato,,,True
o200k_base,ciclo,a,100,csv,6401,18347,64.01,no_reversible,False,con_contrato,,,True
o200k_base,ciclo,a,100,toon,12056,36611,120.56,reversible,True,autocontenida,,,True
o200k_base,ciclo,a,100,toon_flat,6614,18851,66.14,reversible,True,con_contrato,,,True
o200k_base,ciclo,a,100,mini,6322,18174,63.22,reversible_normalizado,True,con_contrato,,,True
o200k_base,ciclo,a,100,xml_tipado,25586,85815,255.86,reversible,True,autocontenida,,,True
o200k_base,ciclo,a,100,csv_reversible,6536,18627,65.36,reversible,True,con_mapa,columnas,361,True
o200k_base,ciclo,a,100,toon_reversible,6632,18899,66.32,reversible,True,con_mapa,columnas,281,True
cl100k_base,ciclo,a,100,json_pretty,16956,53383,169.56,reversible,True,autocontenida,,,True
cl100k_base,ciclo,a,100,json_compact,10758,33326,107.58,reversible,True,autocontenida,,,True
cl100k_base,ciclo,a,100,yaml,13298,34928,132.98,reversible,True,autocontenida,,,True
cl100k_base,ciclo,a,100,xml,15210,42694,152.1,reversible,True,con_contrato,,,True
cl100k_base,ciclo,a,100,csv,7004,18347,70.04,no_reversible,False,con_contrato,,,True
cl100k_base,ciclo,a,100,toon,12766,36611,127.66,reversible,True,autocontenida,,,True
cl100k_base,ciclo,a,100,toon_flat,7220,18851,72.2,reversible,True,con_contrato,,,True
cl100k_base,ciclo,a,100,mini,7040,18174,70.4,reversible_normalizado,True,con_contrato,,,True
cl100k_base,ciclo,a,100,xml_tipado,25979,85815,259.79,reversible,True,autocontenida,,,True
cl100k_base,ciclo,a,100,csv_reversible,7143,18627,71.43,reversible,True,con_mapa,columnas,342,True
cl100k_base,ciclo,a,100,toon_reversible,7242,18899,72.42,reversible,True,con_mapa,columnas,262,True
r50k_base,ciclo,a,100,json_pretty,31351,53383,313.51,reversible,True,autocontenida,,,True
r50k_base,ciclo,a,100,json_compact,12141,33326,121.41,reversible,True,autocontenida,,,True
r50k_base,ciclo,a,100,yaml,15757,34928,157.57,reversible,True,autocontenida,,,True
r50k_base,ciclo,a,100,xml,19756,42694,197.56,reversible,True,con_contrato,,,True
r50k_base,ciclo,a,100,csv,8393,18347,83.93,no_reversible,False,con_contrato,,,True
r50k_base,ciclo,a,100,toon,17893,36611,178.93,reversible,True,autocontenida,,,True
r50k_base,ciclo,a,100,toon_flat,8631,18851,86.31,reversible,True,con_contrato,,,True
r50k_base,ciclo,a,100,mini,8310,18174,83.1,reversible_normalizado,True,con_contrato,,,True
r50k_base,ciclo,a,100,xml_tipado,27738,85815,277.38,reversible,True,autocontenida,,,True
r50k_base,ciclo,a,100,csv_reversible,8553,18627,85.53,reversible,True,con_mapa,columnas,386,True
r50k_base,ciclo,a,100,toon_reversible,8648,18899,86.48,reversible,True,con_mapa,columnas,290,True
o200k_base,ciclo,a,250,json_pretty,40791,133240,163.164,reversible,True,autocontenida,,,True
o200k_base,ciclo,a,250,json_compact,25729,83333,102.916,reversible,True,autocontenida,,,True
o200k_base,ciclo,a,250,yaml,31178,87281,124.712,reversible,True,autocontenida,,,True
o200k_base,ciclo,a,250,xml,36607,106727,146.428,reversible,True,con_contrato,,,True
o200k_base,ciclo,a,250,csv,15942,46002,63.768,no_reversible,False,con_contrato,,,True
o200k_base,ciclo,a,250,toon,29994,91512,119.976,reversible,True,autocontenida,,,True
o200k_base,ciclo,a,250,toon_flat,16317,46902,65.268,reversible,True,con_contrato,,,True
o200k_base,ciclo,a,250,mini,15728,45631,62.912,reversible_normalizado,True,con_contrato,,,True
o200k_base,ciclo,a,250,xml_tipado,63616,213672,254.464,reversible,True,autocontenida,,,True
o200k_base,ciclo,a,250,csv_reversible,16151,46356,64.604,reversible,True,con_mapa,columnas,361,True
o200k_base,ciclo,a,250,toon_reversible,16335,46950,65.34,reversible,True,con_mapa,columnas,281,True
cl100k_base,ciclo,a,250,json_pretty,42185,133240,168.74,reversible,True,autocontenida,,,True
cl100k_base,ciclo,a,250,json_compact,26786,83333,107.144,reversible,True,autocontenida,,,True
cl100k_base,ciclo,a,250,yaml,33072,87281,132.288,reversible,True,autocontenida,,,True
cl100k_base,ciclo,a,250,xml,37875,106727,151.5,reversible,True,con_contrato,,,True
cl100k_base,ciclo,a,250,csv,17454,46002,69.816,no_reversible,False,con_contrato,,,True
cl100k_base,ciclo,a,250,toon,31765,91512,127.06,reversible,True,autocontenida,,,True
cl100k_base,ciclo,a,250,toon_flat,17832,46902,71.328,reversible,True,con_contrato,,,True
cl100k_base,ciclo,a,250,mini,17516,45631,70.064,reversible_normalizado,True,con_contrato,,,True
cl100k_base,ciclo,a,250,xml_tipado,64592,213672,258.368,reversible,True,autocontenida,,,True
cl100k_base,ciclo,a,250,csv_reversible,17667,46356,70.668,reversible,True,con_mapa,columnas,342,True
cl100k_base,ciclo,a,250,toon_reversible,17854,46950,71.416,reversible,True,con_mapa,columnas,262,True
r50k_base,ciclo,a,250,json_pretty,78059,133240,312.236,reversible,True,autocontenida,,,True
r50k_base,ciclo,a,250,json_compact,30248,83333,120.992,reversible,True,autocontenida,,,True
r50k_base,ciclo,a,250,yaml,39207,87281,156.828,reversible,True,autocontenida,,,True
r50k_base,ciclo,a,250,xml,49239,106727,196.956,reversible,True,con_contrato,,,True
r50k_base,ciclo,a,250,csv,20939,46002,83.756,no_reversible,False,con_contrato,,,True
r50k_base,ciclo,a,250,toon,44571,91512,178.284,reversible,True,autocontenida,,,True
r50k_base,ciclo,a,250,toon_flat,21339,46902,85.356,reversible,True,con_contrato,,,True
r50k_base,ciclo,a,250,mini,20718,45631,82.872,reversible_normalizado,True,con_contrato,,,True
r50k_base,ciclo,a,250,xml_tipado,68995,213672,275.98,reversible,True,autocontenida,,,True
r50k_base,ciclo,a,250,csv_reversible,21173,46356,84.692,reversible,True,con_mapa,columnas,386,True
r50k_base,ciclo,a,250,toon_reversible,21356,46950,85.424,reversible,True,con_mapa,columnas,290,True
o200k_base,ciclo,card,1,json_pretty,152,436,152.0,reversible,True,autocontenida,,,False
o200k_base,ciclo,card,1,json_compact,100,298,100.0,reversible,True,autocontenida,,,False
o200k_base,ciclo,card,1,yaml,108,285,108.0,reversible,True,autocontenida,,,False
o200k_base,ciclo,card,1,xml,143,373,143.0,reversible,True,con_contrato,,,False
o200k_base,ciclo,card,1,csv,64,175,64.0,no_reversible,False,con_contrato,,,False
o200k_base,ciclo,card,1,toon,110,300,110.0,reversible,True,autocontenida,,,False
o200k_base,ciclo,card,1,toon_flat,99,260,99.0,reversible,True,con_contrato,,,False
o200k_base,ciclo,card,1,mini,78,191,78.0,reversible_normalizado,True,con_contrato,,,False
o200k_base,ciclo,card,1,xml_tipado,235,748,235.0,reversible,True,autocontenida,,,False
o200k_base,ciclo,card,1,csv_reversible,100,278,100.0,reversible,True,con_mapa,columnas,195,False
o200k_base,ciclo,card,1,toon_reversible,113,296,113.0,reversible,True,con_mapa,celdas,87,False
cl100k_base,ciclo,card,1,json_pretty,156,436,156.0,reversible,True,autocontenida,,,False
cl100k_base,ciclo,card,1,json_compact,101,298,101.0,reversible,True,autocontenida,,,False
cl100k_base,ciclo,card,1,yaml,112,285,112.0,reversible,True,autocontenida,,,False
cl100k_base,ciclo,card,1,xml,144,373,144.0,reversible,True,con_contrato,,,False
cl100k_base,ciclo,card,1,csv,66,175,66.0,no_reversible,False,con_contrato,,,False
cl100k_base,ciclo,card,1,toon,113,300,113.0,reversible,True,autocontenida,,,False
cl100k_base,ciclo,card,1,toon_flat,103,260,103.0,reversible,True,con_contrato,,,False
cl100k_base,ciclo,card,1,mini,83,191,83.0,reversible_normalizado,True,con_contrato,,,False
cl100k_base,ciclo,card,1,xml_tipado,236,748,236.0,reversible,True,autocontenida,,,False
cl100k_base,ciclo,card,1,csv_reversible,103,278,103.0,reversible,True,con_mapa,columnas,184,False
cl100k_base,ciclo,card,1,toon_reversible,117,296,117.0,reversible,True,con_mapa,celdas,78,False
r50k_base,ciclo,card,1,json_pretty,247,436,247.0,reversible,True,autocontenida,,,False
r50k_base,ciclo,card,1,json_compact,112,298,112.0,reversible,True,autocontenida,,,False
r50k_base,ciclo,card,1,yaml,129,285,129.0,reversible,True,autocontenida,,,False
r50k_base,ciclo,card,1,xml,189,373,189.0,reversible,True,con_contrato,,,False
r50k_base,ciclo,card,1,csv,79,175,79.0,no_reversible,False,con_contrato,,,False
r50k_base,ciclo,card,1,toon,143,300,143.0,reversible,True,autocontenida,,,False
r50k_base,ciclo,card,1,toon_flat,121,260,121.0,reversible,True,con_contrato,,,False
r50k_base,ciclo,card,1,mini,93,191,93.0,reversible_normalizado,True,con_contrato,,,False
r50k_base,ciclo,card,1,xml_tipado,253,748,253.0,reversible,True,autocontenida,,,False
r50k_base,ciclo,card,1,csv_reversible,126,280,126.0,reversible,True,con_mapa,celdas,139,False
r50k_base,ciclo,card,1,toon_reversible,135,296,135.0,reversible,True,con_mapa,celdas,91,False
o200k_base,ciclo,card,5,json_pretty,523,1595,104.6,reversible,True,autocontenida,,,False
o200k_base,ciclo,card,5,json_compact,347,1079,69.4,reversible,True,autocontenida,,,False
o200k_base,ciclo,card,5,yaml,384,1050,76.8,reversible,True,autocontenida,,,False
o200k_base,ciclo,card,5,xml,546,1470,109.2,reversible,True,con_contrato,,,False
o200k_base,ciclo,card,5,csv,227,650,45.4,no_reversible,False,con_contrato,,,False
o200k_base,ciclo,card,5,toon,389,1119,77.8,reversible,True,autocontenida,,,False
o200k_base,ciclo,card,5,toon_flat,267,751,53.4,reversible,True,con_contrato,,,False
o200k_base,ciclo,card,5,mini,248,664,49.6,reversible_normalizado,True,con_contrato,,,False
o200k_base,ciclo,card,5,xml_tipado,792,2561,158.4,reversible,True,autocontenida,,,False
o200k_base,ciclo,card,5,csv_reversible,276,783,55.2,reversible,True,con_mapa,columnas,195,False
o200k_base,ciclo,card,5,toon_reversible,287,791,57.4,reversible,True,con_mapa,columnas,150,False
cl100k_base,ciclo,card,5,json_pretty,538,1595,107.6,reversible,True,autocontenida,,,False
cl100k_base,ciclo,card,5,json_compact,355,1079,71.0,reversible,True,autocontenida,,,False
cl100k_base,ciclo,card,5,yaml,405,1050,81.0,reversible,True,autocontenida,,,False
cl100k_base,ciclo,card,5,xml,553,1470,110.6,reversible,True,con_contrato,,,False
cl100k_base,ciclo,card,5,csv,240,650,48.0,no_reversible,False,con_contrato,,,False
cl100k_base,ciclo,card,5,toon,408,1119,81.6,reversible,True,autocontenida,,,False
cl100k_base,ciclo,card,5,toon_flat,282,751,56.4,reversible,True,con_contrato,,,False
cl100k_base,ciclo,card,5,mini,265,664,53.0,reversible_normalizado,True,con_contrato,,,False
cl100k_base,ciclo,card,5,xml_tipado,799,2561,159.8,reversible,True,autocontenida,,,False
cl100k_base,ciclo,card,5,csv_reversible,290,783,58.0,reversible,True,con_mapa,columnas,184,False
cl100k_base,ciclo,card,5,toon_reversible,302,791,60.4,reversible,True,con_mapa,columnas,139,False
r50k_base,ciclo,card,5,json_pretty,907,1595,181.4,reversible,True,autocontenida,,,False
r50k_base,ciclo,card,5,json_compact,406,1079,81.2,reversible,True,autocontenida,,,False
r50k_base,ciclo,card,5,yaml,462,1050,92.4,reversible,True,autocontenida,,,False
r50k_base,ciclo,card,5,xml,757,1470,151.4,reversible,True,con_contrato,,,False
r50k_base,ciclo,card,5,csv,291,650,58.2,no_reversible,False,con_contrato,,,False
r50k_base,ciclo,card,5,toon,528,1119,105.6,reversible,True,autocontenida,,,False
r50k_base,ciclo,card,5,toon_flat,340,751,68.0,reversible,True,con_contrato,,,False
r50k_base,ciclo,card,5,mini,308,664,61.6,reversible_normalizado,True,con_contrato,,,False
r50k_base,ciclo,card,5,xml_tipado,875,2561,175.0,reversible,True,autocontenida,,,False
r50k_base,ciclo,card,5,csv_reversible,353,783,70.6,reversible,True,con_mapa,columnas,210,False
r50k_base,ciclo,card,5,toon_reversible,360,791,72.0,reversible,True,con_mapa,columnas,156,False
o200k_base,ciclo,card,10,json_pretty,973,3056,97.3,reversible,True,autocontenida,,,False
o200k_base,ciclo,card,10,json_compact,640,2063,64.0,reversible,True,autocontenida,,,False
o200k_base,ciclo,card,10,yaml,722,2016,72.2,reversible,True,autocontenida,,,False
o200k_base,ciclo,card,10,xml,1047,2859,104.7,reversible,True,con_contrato,,,False
o200k_base,ciclo,card,10,csv,421,1251,42.1,no_reversible,False,con_contrato,,,False
o200k_base,ciclo,card,10,toon,726,2151,72.6,reversible,True,autocontenida,,,False
o200k_base,ciclo,card,10,toon_flat,468,1373,46.8,reversible,True,con_contrato,,,False
o200k_base,ciclo,card,10,mini,447,1262,44.7,reversible_normalizado,True,con_contrato,,,False
o200k_base,ciclo,card,10,xml_tipado,1482,4835,148.2,reversible,True,autocontenida,,,False
o200k_base,ciclo,card,10,csv_reversible,501,1442,50.1,reversible,True,con_mapa,columnas,217,False
o200k_base,ciclo,card,10,toon_reversible,509,1447,50.9,reversible,True,con_mapa,columnas,167,False
cl100k_base,ciclo,card,10,json_pretty,1014,3056,101.4,reversible,True,autocontenida,,,False
cl100k_base,ciclo,card,10,json_compact,669,2063,66.9,reversible,True,autocontenida,,,False
cl100k_base,ciclo,card,10,yaml,770,2016,77.0,reversible,True,autocontenida,,,False
cl100k_base,ciclo,card,10,xml,1072,2859,107.2,reversible,True,con_contrato,,,False
cl100k_base,ciclo,card,10,csv,459,1251,45.9,no_reversible,False,con_contrato,,,False
cl100k_base,ciclo,card,10,toon,772,2151,77.2,reversible,True,autocontenida,,,False
cl100k_base,ciclo,card,10,toon_flat,508,1373,50.8,reversible,True,con_contrato,,,False
cl100k_base,ciclo,card,10,mini,491,1262,49.1,reversible_normalizado,True,con_contrato,,,False
cl100k_base,ciclo,card,10,xml_tipado,1507,4835,150.7,reversible,True,autocontenida,,,False
cl100k_base,ciclo,card,10,csv_reversible,540,1442,54.0,reversible,True,con_mapa,columnas,206,False
cl100k_base,ciclo,card,10,toon_reversible,549,1447,54.9,reversible,True,con_mapa,columnas,156,False
r50k_base,ciclo,card,10,json_pretty,1733,3056,173.3,reversible,True,autocontenida,,,False
r50k_base,ciclo,card,10,json_compact,768,2063,76.8,reversible,True,autocontenida,,,False
r50k_base,ciclo,card,10,yaml,871,2016,87.1,reversible,True,autocontenida,,,False
r50k_base,ciclo,card,10,xml,1469,2859,146.9,reversible,True,con_contrato,,,False
r50k_base,ciclo,card,10,csv,555,1251,55.5,no_reversible,False,con_contrato,,,False
r50k_base,ciclo,card,10,toon,1001,2151,100.1,reversible,True,autocontenida,,,False
r50k_base,ciclo,card,10,toon_flat,611,1373,61.1,reversible,True,con_contrato,,,False
r50k_base,ciclo,card,10,mini,576,1262,57.6,reversible_normalizado,True,con_contrato,,,False
r50k_base,ciclo,card,10,xml_tipado,1648,4835,164.8,reversible,True,autocontenida,,,False
r50k_base,ciclo,card,10,csv_reversible,654,1442,65.4,reversible,True,con_mapa,columnas,233,False
r50k_base,ciclo,card,10,toon_reversible,660,1447,66.0,reversible,True,con_mapa,columnas,173,False
o200k_base,ciclo,card,12,json_pretty,1151,3656,95.916667,reversible,True,autocontenida,,,False
o200k_base,ciclo,card,12,json_compact,753,2465,62.75,reversible,True,autocontenida,,,False
o200k_base,ciclo,card,12,yaml,852,2412,71.0,reversible,True,autocontenida,,,False
o200k_base,ciclo,card,12,xml,1244,3423,103.666667,reversible,True,con_contrato,,,False
o200k_base,ciclo,card,12,csv,493,1501,41.083333,no_reversible,False,con_contrato,,,False
o200k_base,ciclo,card,12,toon,859,2573,71.583333,reversible,True,autocontenida,,,False
o200k_base,ciclo,card,12,toon_flat,543,1631,45.25,reversible,True,con_contrato,,,False
o200k_base,ciclo,card,12,mini,523,1508,43.583333,reversible_normalizado,True,con_contrato,,,False
o200k_base,ciclo,card,12,xml_tipado,1756,5761,146.333333,reversible,True,autocontenida,,,False
o200k_base,ciclo,card,12,csv_reversible,579,1706,48.25,reversible,True,con_mapa,columnas,217,False
o200k_base,ciclo,card,12,toon_reversible,586,1709,48.833333,reversible,True,con_mapa,columnas,167,False
cl100k_base,ciclo,card,12,json_pretty,1202,3656,100.166667,reversible,True,autocontenida,,,False
cl100k_base,ciclo,card,12,json_compact,790,2465,65.833333,reversible,True,autocontenida,,,False
cl100k_base,ciclo,card,12,yaml,910,2412,75.833333,reversible,True,autocontenida,,,False
cl100k_base,ciclo,card,12,xml,1277,3423,106.416667,reversible,True,con_contrato,,,False
cl100k_base,ciclo,card,12,csv,541,1501,45.083333,no_reversible,False,con_contrato,,,False
cl100k_base,ciclo,card,12,toon,914,2573,76.166667,reversible,True,autocontenida,,,False
cl100k_base,ciclo,card,12,toon_flat,593,1631,49.416667,reversible,True,con_contrato,,,False
cl100k_base,ciclo,card,12,mini,577,1508,48.083333,reversible_normalizado,True,con_contrato,,,False
cl100k_base,ciclo,card,12,xml_tipado,1789,5761,149.083333,reversible,True,autocontenida,,,False
cl100k_base,ciclo,card,12,csv_reversible,628,1706,52.333333,reversible,True,con_mapa,columnas,206,False
cl100k_base,ciclo,card,12,toon_reversible,636,1709,53.0,reversible,True,con_mapa,columnas,156,False
r50k_base,ciclo,card,12,json_pretty,2071,3656,172.583333,reversible,True,autocontenida,,,False
r50k_base,ciclo,card,12,json_compact,913,2465,76.083333,reversible,True,autocontenida,,,False
r50k_base,ciclo,card,12,yaml,1037,2412,86.416667,reversible,True,autocontenida,,,False
r50k_base,ciclo,card,12,xml,1755,3423,146.25,reversible,True,con_contrato,,,False
r50k_base,ciclo,card,12,csv,661,1501,55.083333,no_reversible,False,con_contrato,,,False
r50k_base,ciclo,card,12,toon,1194,2573,99.5,reversible,True,autocontenida,,,False
r50k_base,ciclo,card,12,toon_flat,720,1631,60.0,reversible,True,con_contrato,,,False
r50k_base,ciclo,card,12,mini,683,1508,56.916667,reversible_normalizado,True,con_contrato,,,False
r50k_base,ciclo,card,12,xml_tipado,1961,5761,163.416667,reversible,True,autocontenida,,,False
r50k_base,ciclo,card,12,csv_reversible,767,1706,63.916667,reversible,True,con_mapa,columnas,233,False
r50k_base,ciclo,card,12,toon_reversible,773,1709,64.416667,reversible,True,con_mapa,columnas,173,False
o200k_base,ciclo,card,25,json_pretty,2352,7504,94.08,reversible,True,autocontenida,,,True
o200k_base,ciclo,card,25,json_compact,1544,5062,61.76,reversible,True,autocontenida,,,True
o200k_base,ciclo,card,25,yaml,1750,4961,70.0,reversible,True,autocontenida,,,True
o200k_base,ciclo,card,25,xml,2575,7085,103.0,reversible,True,con_contrato,,,True
o200k_base,ciclo,card,25,csv,1020,3107,40.8,no_reversible,False,con_contrato,,,True
o200k_base,ciclo,card,25,toon,1764,5293,70.56,reversible,True,autocontenida,,,True
o200k_base,ciclo,card,25,toon_flat,1087,3285,43.48,reversible,True,con_contrato,,,True
o200k_base,ciclo,card,25,mini,1068,3100,42.72,reversible_normalizado,True,con_contrato,,,True
o200k_base,ciclo,card,25,xml_tipado,3577,11724,143.08,reversible,True,autocontenida,,,True
o200k_base,ciclo,card,25,csv_reversible,1155,3414,46.2,reversible,True,con_mapa,columnas,217,True
o200k_base,ciclo,card,25,toon_reversible,1152,3397,46.08,reversible,True,con_mapa,columnas,167,True
cl100k_base,ciclo,card,25,json_pretty,2454,7504,98.16,reversible,True,autocontenida,,,True
cl100k_base,ciclo,card,25,json_compact,1619,5062,64.76,reversible,True,autocontenida,,,True
cl100k_base,ciclo,card,25,yaml,1866,4961,74.64,reversible,True,autocontenida,,,True
cl100k_base,ciclo,card,25,xml,2638,7085,105.52,reversible,True,con_contrato,,,True
cl100k_base,ciclo,card,25,csv,1118,3107,44.72,no_reversible,False,con_contrato,,,True
cl100k_base,ciclo,card,25,toon,1873,5293,74.92,reversible,True,autocontenida,,,True
cl100k_base,ciclo,card,25,toon_flat,1187,3285,47.48,reversible,True,con_contrato,,,True
cl100k_base,ciclo,card,25,mini,1177,3100,47.08,reversible_normalizado,True,con_contrato,,,True
cl100k_base,ciclo,card,25,xml_tipado,3640,11724,145.6,reversible,True,autocontenida,,,True
cl100k_base,ciclo,card,25,csv_reversible,1254,3414,50.16,reversible,True,con_mapa,columnas,206,True
cl100k_base,ciclo,card,25,toon_reversible,1252,3397,50.08,reversible,True,con_mapa,columnas,156,True
r50k_base,ciclo,card,25,json_pretty,4247,7504,169.88,reversible,True,autocontenida,,,True
r50k_base,ciclo,card,25,json_compact,1874,5062,74.96,reversible,True,autocontenida,,,True
r50k_base,ciclo,card,25,yaml,2127,4961,85.08,reversible,True,autocontenida,,,True
r50k_base,ciclo,card,25,xml,3635,7085,145.4,reversible,True,con_contrato,,,True
r50k_base,ciclo,card,25,csv,1365,3107,54.6,no_reversible,False,con_contrato,,,True
r50k_base,ciclo,card,25,toon,2453,5293,98.12,reversible,True,autocontenida,,,True
r50k_base,ciclo,card,25,toon_flat,1443,3285,57.72,reversible,True,con_contrato,,,True
r50k_base,ciclo,card,25,mini,1397,3100,55.88,reversible_normalizado,True,con_contrato,,,True
r50k_base,ciclo,card,25,xml_tipado,3997,11724,159.88,reversible,True,autocontenida,,,True
r50k_base,ciclo,card,25,csv_reversible,1528,3414,61.12,reversible,True,con_mapa,columnas,233,True
r50k_base,ciclo,card,25,toon_reversible,1530,3397,61.2,reversible,True,con_mapa,columnas,173,True
o200k_base,ciclo,card,50,json_pretty,4649,14870,92.98,reversible,True,autocontenida,,,True
o200k_base,ciclo,card,50,json_compact,3053,10025,61.06,reversible,True,autocontenida,,,True
o200k_base,ciclo,card,50,yaml,3464,9832,69.28,reversible,True,autocontenida,,,True
o200k_base,ciclo,card,50,xml,5115,14087,102.3,reversible,True,con_contrato,,,True
o200k_base,ciclo,card,50,csv,2020,6161,40.4,no_reversible,False,con_contrato,,,True
o200k_base,ciclo,card,50,toon,3489,10491,69.78,reversible,True,autocontenida,,,True
o200k_base,ciclo,card,50,toon_flat,2120,6433,42.4,reversible,True,con_contrato,,,True
o200k_base,ciclo,card,50,mini,2104,6130,42.08,reversible_normalizado,True,con_contrato,,,True
o200k_base,ciclo,card,50,xml_tipado,7062,23159,141.24,reversible,True,autocontenida,,,True
o200k_base,ciclo,card,50,csv_reversible,2249,6664,44.98,reversible,True,con_mapa,columnas,217,True
o200k_base,ciclo,card,50,toon_reversible,2228,6611,44.56,reversible,True,con_mapa,columnas,167,True
cl100k_base,ciclo,card,50,json_pretty,4852,14870,97.04,reversible,True,autocontenida,,,True
cl100k_base,ciclo,card,50,json_compact,3204,10025,64.08,reversible,True,autocontenida,,,True
cl100k_base,ciclo,card,50,yaml,3697,9832,73.94,reversible,True,autocontenida,,,True
cl100k_base,ciclo,card,50,xml,5242,14087,104.84,reversible,True,con_contrato,,,True
cl100k_base,ciclo,card,50,csv,2217,6161,44.34,no_reversible,False,con_contrato,,,True
cl100k_base,ciclo,card,50,toon,3708,10491,74.16,reversible,True,autocontenida,,,True
cl100k_base,ciclo,card,50,toon_flat,2319,6433,46.38,reversible,True,con_contrato,,,True
cl100k_base,ciclo,card,50,mini,2321,6130,46.42,reversible_normalizado,True,con_contrato,,,True
cl100k_base,ciclo,card,50,xml_tipado,7189,23159,143.78,reversible,True,autocontenida,,,True
cl100k_base,ciclo,card,50,csv_reversible,2447,6664,48.94,reversible,True,con_mapa,columnas,206,True
cl100k_base,ciclo,card,50,toon_reversible,2427,6611,48.54,reversible,True,con_mapa,columnas,156,True
r50k_base,ciclo,card,50,json_pretty,8421,14870,168.42,reversible,True,autocontenida,,,True
r50k_base,ciclo,card,50,json_compact,3714,10025,74.28,reversible,True,autocontenida,,,True
r50k_base,ciclo,card,50,yaml,4214,9832,84.28,reversible,True,autocontenida,,,True
r50k_base,ciclo,card,50,xml,7236,14087,144.72,reversible,True,con_contrato,,,True
r50k_base,ciclo,card,50,csv,2708,6161,54.16,no_reversible,False,con_contrato,,,True
r50k_base,ciclo,card,50,toon,4863,10491,97.26,reversible,True,autocontenida,,,True
r50k_base,ciclo,card,50,toon_flat,2823,6433,56.46,reversible,True,con_contrato,,,True
r50k_base,ciclo,card,50,mini,2760,6130,55.2,reversible_normalizado,True,con_contrato,,,True
r50k_base,ciclo,card,50,xml_tipado,7903,23159,158.06,reversible,True,autocontenida,,,True
r50k_base,ciclo,card,50,csv_reversible,2982,6664,59.64,reversible,True,con_mapa,columnas,233,True
r50k_base,ciclo,card,50,toon_reversible,2976,6611,59.52,reversible,True,con_mapa,columnas,173,True
o200k_base,ciclo,card,100,json_pretty,9231,29584,92.31,reversible,True,autocontenida,,,True
o200k_base,ciclo,card,100,json_compact,6060,19942,60.6,reversible,True,autocontenida,,,True
o200k_base,ciclo,card,100,yaml,6884,19565,68.84,reversible,True,autocontenida,,,True
o200k_base,ciclo,card,100,xml,10177,28058,101.77,reversible,True,con_contrato,,,True
o200k_base,ciclo,card,100,csv,4009,12262,40.09,no_reversible,False,con_contrato,,,True
o200k_base,ciclo,card,100,toon,6936,20885,69.36,reversible,True,autocontenida,,,True
o200k_base,ciclo,card,100,toon_flat,4176,12727,41.76,reversible,True,con_contrato,,,True
o200k_base,ciclo,card,100,mini,4165,12182,41.65,reversible_normalizado,True,con_contrato,,,True
o200k_base,ciclo,card,100,xml_tipado,14021,46016,140.21,reversible,True,autocontenida,,,True
o200k_base,ciclo,card,100,csv_reversible,4425,13157,44.25,reversible,True,con_mapa,columnas,217,True
o200k_base,ciclo,card,100,toon_reversible,4372,13039,43.72,reversible,True,con_mapa,columnas,167,True
cl100k_base,ciclo,card,100,json_pretty,9637,29584,96.37,reversible,True,autocontenida,,,True
cl100k_base,ciclo,card,100,json_compact,6364,19942,63.64,reversible,True,autocontenida,,,True
cl100k_base,ciclo,card,100,yaml,7350,19565,73.5,reversible,True,autocontenida,,,True
cl100k_base,ciclo,card,100,xml,10433,28058,104.33,reversible,True,con_contrato,,,True
cl100k_base,ciclo,card,100,csv,4405,12262,44.05,no_reversible,False,con_contrato,,,True
cl100k_base,ciclo,card,100,toon,7376,20885,73.76,reversible,True,autocontenida,,,True
cl100k_base,ciclo,card,100,toon_flat,4574,12727,45.74,reversible,True,con_contrato,,,True
cl100k_base,ciclo,card,100,mini,4596,12182,45.96,reversible_normalizado,True,con_contrato,,,True
cl100k_base,ciclo,card,100,xml_tipado,14277,46016,142.77,reversible,True,autocontenida,,,True
cl100k_base,ciclo,card,100,csv_reversible,4822,13157,48.22,reversible,True,con_mapa,columnas,206,True
cl100k_base,ciclo,card,100,toon_reversible,4770,13039,47.7,reversible,True,con_mapa,columnas,156,True
r50k_base,ciclo,card,100,json_pretty,16744,29584,167.44,reversible,True,autocontenida,,,True
r50k_base,ciclo,card,100,json_compact,7377,19942,73.77,reversible,True,autocontenida,,,True
r50k_base,ciclo,card,100,yaml,8369,19565,83.69,reversible,True,autocontenida,,,True
r50k_base,ciclo,card,100,xml,14404,28058,144.04,reversible,True,con_contrato,,,True
r50k_base,ciclo,card,100,csv,5379,12262,53.79,no_reversible,False,con_contrato,,,True
r50k_base,ciclo,card,100,toon,9669,20885,96.69,reversible,True,autocontenida,,,True
r50k_base,ciclo,card,100,toon_flat,5570,12727,55.7,reversible,True,con_contrato,,,True
r50k_base,ciclo,card,100,mini,5467,12182,54.67,reversible_normalizado,True,con_contrato,,,True
r50k_base,ciclo,card,100,xml_tipado,15694,46016,156.94,reversible,True,autocontenida,,,True
r50k_base,ciclo,card,100,csv_reversible,5875,13157,58.75,reversible,True,con_mapa,columnas,233,True
r50k_base,ciclo,card,100,toon_reversible,5857,13039,58.57,reversible,True,con_mapa,columnas,173,True
o200k_base,ciclo,card,250,json_pretty,22973,73967,91.892,reversible,True,autocontenida,,,True
o200k_base,ciclo,card,250,json_compact,15080,49934,60.32,reversible,True,autocontenida,,,True
o200k_base,ciclo,card,250,yaml,17142,49007,68.568,reversible,True,autocontenida,,,True
o200k_base,ciclo,card,250,xml,25367,70210,101.468,reversible,True,con_contrato,,,True
o200k_base,ciclo,card,250,csv,9981,30802,39.924,no_reversible,False,con_contrato,,,True
o200k_base,ciclo,card,250,toon,17266,52303,69.064,reversible,True,autocontenida,,,True
o200k_base,ciclo,card,250,toon_flat,10348,31845,41.392,reversible,True,con_contrato,,,True
o200k_base,ciclo,card,250,mini,10347,30574,41.388,reversible_normalizado,True,con_contrato,,,True
o200k_base,ciclo,card,250,xml_tipado,34902,114826,139.608,reversible,True,autocontenida,,,True
o200k_base,ciclo,card,250,csv_reversible,10961,32873,43.844,reversible,True,con_mapa,columnas,217,True
o200k_base,ciclo,card,250,toon_reversible,10809,32559,43.236,reversible,True,con_mapa,columnas,167,True
cl100k_base,ciclo,card,250,json_pretty,23994,73967,95.976,reversible,True,autocontenida,,,True
cl100k_base,ciclo,card,250,json_compact,15849,49934,63.396,reversible,True,autocontenida,,,True
cl100k_base,ciclo,card,250,yaml,18310,49007,73.24,reversible,True,autocontenida,,,True
cl100k_base,ciclo,card,250,xml,26012,70210,104.048,reversible,True,con_contrato,,,True
cl100k_base,ciclo,card,250,csv,10979,30802,43.916,no_reversible,False,con_contrato,,,True
cl100k_base,ciclo,card,250,toon,18372,52303,73.488,reversible,True,autocontenida,,,True
cl100k_base,ciclo,card,250,toon_flat,11348,31845,45.392,reversible,True,con_contrato,,,True
cl100k_base,ciclo,card,250,mini,11431,30574,45.724,reversible_normalizado,True,con_contrato,,,True
cl100k_base,ciclo,card,250,xml_tipado,35547,114826,142.188,reversible,True,autocontenida,,,True
cl100k_base,ciclo,card,250,csv_reversible,11960,32873,47.84,reversible,True,con_mapa,columnas,206,True
cl100k_base,ciclo,card,250,toon_reversible,11809,32559,47.236,reversible,True,con_mapa,columnas,156,True
r50k_base,ciclo,card,250,json_pretty,41733,73967,166.932,reversible,True,autocontenida,,,True
r50k_base,ciclo,card,250,json_compact,18388,49934,73.552,reversible,True,autocontenida,,,True
r50k_base,ciclo,card,250,yaml,20851,49007,83.404,reversible,True,autocontenida,,,True
r50k_base,ciclo,card,250,xml,35929,70210,143.716,reversible,True,con_contrato,,,True
r50k_base,ciclo,card,250,csv,13415,30802,53.66,no_reversible,False,con_contrato,,,True
r50k_base,ciclo,card,250,toon,24101,52303,96.404,reversible,True,autocontenida,,,True
r50k_base,ciclo,card,250,toon_flat,13831,31845,55.324,reversible,True,con_contrato,,,True
r50k_base,ciclo,card,250,mini,13616,30574,54.464,reversible_normalizado,True,con_contrato,,,True
r50k_base,ciclo,card,250,xml_tipado,39088,114826,156.352,reversible,True,autocontenida,,,True
r50k_base,ciclo,card,250,csv_reversible,14574,32873,58.296,reversible,True,con_mapa,columnas,233,True
r50k_base,ciclo,card,250,toon_reversible,14520,32559,58.08,reversible,True,con_mapa,columnas,173,True
o200k_base,ciclo,cat,1,json_pretty,121,365,121.0,reversible,True,autocontenida,,,False
o200k_base,ciclo,cat,1,json_compact,71,233,71.0,reversible,True,autocontenida,,,False
o200k_base,ciclo,cat,1,yaml,83,225,83.0,reversible,True,autocontenida,,,False
o200k_base,ciclo,cat,1,xml,115,319,115.0,reversible,True,con_contrato,,,False
o200k_base,ciclo,cat,1,csv,44,126,44.0,no_reversible,False,con_contrato,,,False
o200k_base,ciclo,cat,1,toon,83,238,83.0,reversible,True,autocontenida,,,False
o200k_base,ciclo,cat,1,toon_flat,71,198,71.0,reversible,True,con_contrato,,,False
o200k_base,ciclo,cat,1,mini,51,120,51.0,reversible_normalizado,True,con_contrato,,,False
o200k_base,ciclo,cat,1,xml_tipado,199,672,199.0,reversible,True,autocontenida,,,False
o200k_base,ciclo,cat,1,csv_reversible,73,214,73.0,reversible,True,con_mapa,celdas,126,False
o200k_base,ciclo,cat,1,toon_reversible,83,234,83.0,reversible,True,con_mapa,celdas,86,False
cl100k_base,ciclo,cat,1,json_pretty,122,365,122.0,reversible,True,autocontenida,,,False
cl100k_base,ciclo,cat,1,json_compact,69,233,69.0,reversible,True,autocontenida,,,False
cl100k_base,ciclo,cat,1,yaml,83,225,83.0,reversible,True,autocontenida,,,False
cl100k_base,ciclo,cat,1,xml,116,319,116.0,reversible,True,con_contrato,,,False
cl100k_base,ciclo,cat,1,csv,45,126,45.0,no_reversible,False,con_contrato,,,False
cl100k_base,ciclo,cat,1,toon,83,238,83.0,reversible,True,autocontenida,,,False
cl100k_base,ciclo,cat,1,toon_flat,72,198,72.0,reversible,True,con_contrato,,,False
cl100k_base,ciclo,cat,1,mini,51,120,51.0,reversible_normalizado,True,con_contrato,,,False
cl100k_base,ciclo,cat,1,xml_tipado,200,672,200.0,reversible,True,autocontenida,,,False
cl100k_base,ciclo,cat,1,csv_reversible,74,214,74.0,reversible,True,con_mapa,celdas,117,False
cl100k_base,ciclo,cat,1,toon_reversible,84,234,84.0,reversible,True,con_mapa,celdas,77,False
r50k_base,ciclo,cat,1,json_pretty,201,365,201.0,reversible,True,autocontenida,,,False
r50k_base,ciclo,cat,1,json_compact,73,233,73.0,reversible,True,autocontenida,,,False
r50k_base,ciclo,cat,1,yaml,88,225,88.0,reversible,True,autocontenida,,,False
r50k_base,ciclo,cat,1,xml,148,319,148.0,reversible,True,con_contrato,,,False
r50k_base,ciclo,cat,1,csv,50,126,50.0,no_reversible,False,con_contrato,,,False
r50k_base,ciclo,cat,1,toon,102,238,102.0,reversible,True,autocontenida,,,False
r50k_base,ciclo,cat,1,toon_flat,81,198,81.0,reversible,True,con_contrato,,,False
r50k_base,ciclo,cat,1,mini,55,120,55.0,reversible_normalizado,True,con_contrato,,,False
r50k_base,ciclo,cat,1,xml_tipado,205,672,205.0,reversible,True,autocontenida,,,False
r50k_base,ciclo,cat,1,csv_reversible,87,214,87.0,reversible,True,con_mapa,celdas,137,False
r50k_base,ciclo,cat,1,toon_reversible,95,234,95.0,reversible,True,con_mapa,celdas,89,False
o200k_base,ciclo,cat,5,json_pretty,442,1351,88.4,reversible,True,autocontenida,,,False
o200k_base,ciclo,cat,5,json_compact,260,823,52.0,reversible,True,autocontenida,,,False
o200k_base,ciclo,cat,5,yaml,326,814,65.2,reversible,True,autocontenida,,,False
o200k_base,ciclo,cat,5,xml,488,1324,97.6,reversible,True,con_contrato,,,False
o200k_base,ciclo,cat,5,csv,160,382,32.0,no_reversible,False,con_contrato,,,False
o200k_base,ciclo,cat,5,toon,318,870,63.6,reversible,True,autocontenida,,,False
o200k_base,ciclo,cat,5,toon_flat,191,462,38.2,reversible,True,con_contrato,,,False
o200k_base,ciclo,cat,5,mini,168,373,33.6,reversible_normalizado,True,con_contrato,,,False
o200k_base,ciclo,cat,5,xml_tipado,720,2365,144.0,reversible,True,autocontenida,,,False
o200k_base,ciclo,cat,5,csv_reversible,203,490,40.6,reversible,True,con_mapa,columnas,215,False
o200k_base,ciclo,cat,5,toon_reversible,215,546,43.0,reversible,True,con_mapa,celdas,86,False
cl100k_base,ciclo,cat,5,json_pretty,447,1351,89.4,reversible,True,autocontenida,,,False
cl100k_base,ciclo,cat,5,json_compact,258,823,51.6,reversible,True,autocontenida,,,False
cl100k_base,ciclo,cat,5,yaml,326,814,65.2,reversible,True,autocontenida,,,False
cl100k_base,ciclo,cat,5,xml,491,1324,98.2,reversible,True,con_contrato,,,False
cl100k_base,ciclo,cat,5,csv,164,382,32.8,no_reversible,False,con_contrato,,,False
cl100k_base,ciclo,cat,5,toon,318,870,63.6,reversible,True,autocontenida,,,False
cl100k_base,ciclo,cat,5,toon_flat,195,462,39.0,reversible,True,con_contrato,,,False
cl100k_base,ciclo,cat,5,mini,171,373,34.2,reversible_normalizado,True,con_contrato,,,False
cl100k_base,ciclo,cat,5,xml_tipado,723,2365,144.6,reversible,True,autocontenida,,,False
cl100k_base,ciclo,cat,5,csv_reversible,206,490,41.2,reversible,True,con_mapa,columnas,204,False
cl100k_base,ciclo,cat,5,toon_reversible,219,546,43.8,reversible,True,con_mapa,celdas,77,False
r50k_base,ciclo,cat,5,json_pretty,779,1351,155.8,reversible,True,autocontenida,,,False
r50k_base,ciclo,cat,5,json_compact,271,823,54.2,reversible,True,autocontenida,,,False
r50k_base,ciclo,cat,5,yaml,333,814,66.6,reversible,True,autocontenida,,,False
r50k_base,ciclo,cat,5,xml,642,1324,128.4,reversible,True,con_contrato,,,False
r50k_base,ciclo,cat,5,csv,176,382,35.2,no_reversible,False,con_contrato,,,False
r50k_base,ciclo,cat,5,toon,392,870,78.4,reversible,True,autocontenida,,,False
r50k_base,ciclo,cat,5,toon_flat,211,462,42.2,reversible,True,con_contrato,,,False
r50k_base,ciclo,cat,5,mini,181,373,36.2,reversible_normalizado,True,con_contrato,,,False
r50k_base,ciclo,cat,5,xml_tipado,739,2365,147.8,reversible,True,autocontenida,,,False
r50k_base,ciclo,cat,5,csv_reversible,233,490,46.6,reversible,True,con_mapa,columnas,229,False
r50k_base,ciclo,cat,5,toon_reversible,242,518,48.4,reversible,True,con_mapa,columnas,169,False
o200k_base,ciclo,cat,10,json_pretty,855,2583,85.5,reversible,True,autocontenida,,,False
o200k_base,ciclo,cat,10,json_compact,508,1560,50.8,reversible,True,autocontenida,,,False
o200k_base,ciclo,cat,10,yaml,638,1551,63.8,reversible,True,autocontenida,,,False
o200k_base,ciclo,cat,10,xml,957,2574,95.7,reversible,True,con_contrato,,,False
o200k_base,ciclo,cat,10,csv,308,692,30.8,no_reversible,False,con_contrato,,,False
o200k_base,ciclo,cat,10,toon,617,1651,61.7,reversible,True,autocontenida,,,False
o200k_base,ciclo,cat,10,toon_flat,344,783,34.4,reversible,True,con_contrato,,,False
o200k_base,ciclo,cat,10,mini,319,684,31.9,reversible_normalizado,True,con_contrato,,,False
o200k_base,ciclo,cat,10,xml_tipado,1381,4482,138.1,reversible,True,autocontenida,,,False
o200k_base,ciclo,cat,10,csv_reversible,368,822,36.8,reversible,True,con_mapa,columnas,215,False
o200k_base,ciclo,cat,10,toon_reversible,376,849,37.6,reversible,True,con_mapa,columnas,165,False
cl100k_base,ciclo,cat,10,json_pretty,864,2583,86.4,reversible,True,autocontenida,,,False
cl100k_base,ciclo,cat,10,json_compact,505,1560,50.5,reversible,True,autocontenida,,,False
cl100k_base,ciclo,cat,10,yaml,643,1551,64.3,reversible,True,autocontenida,,,False
cl100k_base,ciclo,cat,10,xml,964,2574,96.4,reversible,True,con_contrato,,,False
cl100k_base,ciclo,cat,10,csv,316,692,31.6,no_reversible,False,con_contrato,,,False
cl100k_base,ciclo,cat,10,toon,620,1651,62.0,reversible,True,autocontenida,,,False
cl100k_base,ciclo,cat,10,toon_flat,352,783,35.2,reversible,True,con_contrato,,,False
cl100k_base,ciclo,cat,10,mini,326,684,32.6,reversible_normalizado,True,con_contrato,,,False
cl100k_base,ciclo,cat,10,xml_tipado,1388,4482,138.8,reversible,True,autocontenida,,,False
cl100k_base,ciclo,cat,10,csv_reversible,375,822,37.5,reversible,True,con_mapa,columnas,204,False
cl100k_base,ciclo,cat,10,toon_reversible,383,849,38.3,reversible,True,con_mapa,columnas,154,False
r50k_base,ciclo,cat,10,json_pretty,1514,2583,151.4,reversible,True,autocontenida,,,False
r50k_base,ciclo,cat,10,json_compact,531,1560,53.1,reversible,True,autocontenida,,,False
r50k_base,ciclo,cat,10,yaml,655,1551,65.5,reversible,True,autocontenida,,,False
r50k_base,ciclo,cat,10,xml,1265,2574,126.5,reversible,True,con_contrato,,,False
r50k_base,ciclo,cat,10,csv,339,692,33.9,no_reversible,False,con_contrato,,,False
r50k_base,ciclo,cat,10,toon,763,1651,76.3,reversible,True,autocontenida,,,False
r50k_base,ciclo,cat,10,toon_flat,379,783,37.9,reversible,True,con_contrato,,,False
r50k_base,ciclo,cat,10,mini,344,684,34.4,reversible_normalizado,True,con_contrato,,,False
r50k_base,ciclo,cat,10,xml_tipado,1419,4482,141.9,reversible,True,autocontenida,,,False
r50k_base,ciclo,cat,10,csv_reversible,418,822,41.8,reversible,True,con_mapa,columnas,229,False
r50k_base,ciclo,cat,10,toon_reversible,420,849,42.0,reversible,True,con_mapa,columnas,169,False
o200k_base,ciclo,cat,12,json_pretty,1021,3083,85.083333,reversible,True,autocontenida,,,False
o200k_base,ciclo,cat,12,json_compact,609,1862,50.75,reversible,True,autocontenida,,,False
o200k_base,ciclo,cat,12,yaml,764,1853,63.666667,reversible,True,autocontenida,,,False
o200k_base,ciclo,cat,12,xml,1140,3058,95.0,reversible,True,con_contrato,,,False
o200k_base,ciclo,cat,12,csv,367,822,30.583333,no_reversible,False,con_contrato,,,False
o200k_base,ciclo,cat,12,toon,737,1973,61.416667,reversible,True,autocontenida,,,False
o200k_base,ciclo,cat,12,toon_flat,406,921,33.833333,reversible,True,con_contrato,,,False
o200k_base,ciclo,cat,12,mini,381,814,31.75,reversible_normalizado,True,con_contrato,,,False
o200k_base,ciclo,cat,12,xml_tipado,1645,5332,137.083333,reversible,True,autocontenida,,,False
o200k_base,ciclo,cat,12,csv_reversible,432,962,36.0,reversible,True,con_mapa,columnas,215,False
o200k_base,ciclo,cat,12,toon_reversible,440,991,36.666667,reversible,True,con_mapa,columnas,165,False
cl100k_base,ciclo,cat,12,json_pretty,1033,3083,86.083333,reversible,True,autocontenida,,,False
cl100k_base,ciclo,cat,12,json_compact,607,1862,50.583333,reversible,True,autocontenida,,,False
cl100k_base,ciclo,cat,12,yaml,771,1853,64.25,reversible,True,autocontenida,,,False
cl100k_base,ciclo,cat,12,xml,1147,3058,95.583333,reversible,True,con_contrato,,,False
cl100k_base,ciclo,cat,12,csv,377,822,31.416667,no_reversible,False,con_contrato,,,False
cl100k_base,ciclo,cat,12,toon,742,1973,61.833333,reversible,True,autocontenida,,,False
cl100k_base,ciclo,cat,12,toon_flat,416,921,34.666667,reversible,True,con_contrato,,,False
cl100k_base,ciclo,cat,12,mini,391,814,32.583333,reversible_normalizado,True,con_contrato,,,False
cl100k_base,ciclo,cat,12,xml_tipado,1652,5332,137.666667,reversible,True,autocontenida,,,False
cl100k_base,ciclo,cat,12,csv_reversible,441,962,36.75,reversible,True,con_mapa,columnas,204,False
cl100k_base,ciclo,cat,12,toon_reversible,449,991,37.416667,reversible,True,con_mapa,columnas,154,False
r50k_base,ciclo,cat,12,json_pretty,1812,3083,151.0,reversible,True,autocontenida,,,False
r50k_base,ciclo,cat,12,json_compact,638,1862,53.166667,reversible,True,autocontenida,,,False
r50k_base,ciclo,cat,12,yaml,786,1853,65.5,reversible,True,autocontenida,,,False
r50k_base,ciclo,cat,12,xml,1509,3058,125.75,reversible,True,con_contrato,,,False
r50k_base,ciclo,cat,12,csv,409,822,34.083333,no_reversible,False,con_contrato,,,False
r50k_base,ciclo,cat,12,toon,916,1973,76.333333,reversible,True,autocontenida,,,False
r50k_base,ciclo,cat,12,toon_flat,452,921,37.666667,reversible,True,con_contrato,,,False
r50k_base,ciclo,cat,12,mini,414,814,34.5,reversible_normalizado,True,con_contrato,,,False
r50k_base,ciclo,cat,12,xml_tipado,1694,5332,141.166667,reversible,True,autocontenida,,,False
r50k_base,ciclo,cat,12,csv_reversible,495,962,41.25,reversible,True,con_mapa,columnas,229,False
r50k_base,ciclo,cat,12,toon_reversible,497,991,41.416667,reversible,True,con_mapa,columnas,169,False
o200k_base,ciclo,cat,25,json_pretty,2081,6317,83.24,reversible,True,autocontenida,,,True
o200k_base,ciclo,cat,25,json_compact,1241,3809,49.64,reversible,True,autocontenida,,,True
o200k_base,ciclo,cat,25,yaml,1565,3799,62.6,reversible,True,autocontenida,,,True
o200k_base,ciclo,cat,25,xml,2353,6325,94.12,reversible,True,con_contrato,,,True
o200k_base,ciclo,cat,25,csv,750,1670,30.0,no_reversible,False,con_contrato,,,True
o200k_base,ciclo,cat,25,toon,1509,4047,60.36,reversible,True,autocontenida,,,True
o200k_base,ciclo,cat,25,toon_flat,803,1799,32.12,reversible,True,con_contrato,,,True
o200k_base,ciclo,cat,25,mini,771,1659,30.84,reversible_normalizado,True,con_contrato,,,True
o200k_base,ciclo,cat,25,xml_tipado,3351,10862,134.04,reversible,True,autocontenida,,,True
o200k_base,ciclo,cat,25,csv_reversible,847,1858,33.88,reversible,True,con_mapa,columnas,215,True
o200k_base,ciclo,cat,25,toon_reversible,850,1895,34.0,reversible,True,con_mapa,columnas,165,True
cl100k_base,ciclo,cat,25,json_pretty,2106,6317,84.24,reversible,True,autocontenida,,,True
cl100k_base,ciclo,cat,25,json_compact,1239,3809,49.56,reversible,True,autocontenida,,,True
cl100k_base,ciclo,cat,25,yaml,1579,3799,63.16,reversible,True,autocontenida,,,True
cl100k_base,ciclo,cat,25,xml,2368,6325,94.72,reversible,True,con_contrato,,,True
cl100k_base,ciclo,cat,25,csv,771,1670,30.84,no_reversible,False,con_contrato,,,True
cl100k_base,ciclo,cat,25,toon,1519,4047,60.76,reversible,True,autocontenida,,,True
cl100k_base,ciclo,cat,25,toon_flat,824,1799,32.96,reversible,True,con_contrato,,,True
cl100k_base,ciclo,cat,25,mini,793,1659,31.72,reversible_normalizado,True,con_contrato,,,True
cl100k_base,ciclo,cat,25,xml_tipado,3366,10862,134.64,reversible,True,autocontenida,,,True
cl100k_base,ciclo,cat,25,csv_reversible,866,1858,34.64,reversible,True,con_mapa,columnas,204,True
cl100k_base,ciclo,cat,25,toon_reversible,869,1895,34.76,reversible,True,con_mapa,columnas,154,True
r50k_base,ciclo,cat,25,json_pretty,3716,6317,148.64,reversible,True,autocontenida,,,True
r50k_base,ciclo,cat,25,json_compact,1306,3809,52.24,reversible,True,autocontenida,,,True
r50k_base,ciclo,cat,25,yaml,1607,3799,64.28,reversible,True,autocontenida,,,True
r50k_base,ciclo,cat,25,xml,3123,6325,124.92,reversible,True,con_contrato,,,True
r50k_base,ciclo,cat,25,csv,837,1670,33.48,no_reversible,False,con_contrato,,,True
r50k_base,ciclo,cat,25,toon,1879,4047,75.16,reversible,True,autocontenida,,,True
r50k_base,ciclo,cat,25,toon_flat,894,1799,35.76,reversible,True,con_contrato,,,True
r50k_base,ciclo,cat,25,mini,842,1659,33.68,reversible_normalizado,True,con_contrato,,,True
r50k_base,ciclo,cat,25,xml_tipado,3454,10862,138.16,reversible,True,autocontenida,,,True
r50k_base,ciclo,cat,25,csv_reversible,968,1858,38.72,reversible,True,con_mapa,columnas,229,True
r50k_base,ciclo,cat,25,toon_reversible,965,1895,38.6,reversible,True,con_mapa,columnas,169,True
o200k_base,ciclo,cat,50,json_pretty,4126,12518,82.52,reversible,True,autocontenida,,,True
o200k_base,ciclo,cat,50,json_compact,2463,7535,49.26,reversible,True,autocontenida,,,True
o200k_base,ciclo,cat,50,yaml,3112,7523,62.24,reversible,True,autocontenida,,,True
o200k_base,ciclo,cat,50,xml,4690,12586,93.8,reversible,True,con_contrato,,,True
o200k_base,ciclo,cat,50,csv,1491,3281,29.82,no_reversible,False,con_contrato,,,True
o200k_base,ciclo,cat,50,toon,2999,8016,59.98,reversible,True,autocontenida,,,True
o200k_base,ciclo,cat,50,toon_flat,1571,3468,31.42,reversible,True,con_contrato,,,True
o200k_base,ciclo,cat,50,mini,1526,3264,30.52,reversible_normalizado,True,con_contrato,,,True
o200k_base,ciclo,cat,50,xml_tipado,6638,21478,132.76,reversible,True,autocontenida,,,True
o200k_base,ciclo,cat,50,csv_reversible,1651,3563,33.02,reversible,True,con_mapa,columnas,215,True
o200k_base,ciclo,cat,50,toon_reversible,1643,3614,32.86,reversible,True,con_mapa,columnas,165,True
cl100k_base,ciclo,cat,50,json_pretty,4175,12518,83.5,reversible,True,autocontenida,,,True
cl100k_base,ciclo,cat,50,json_compact,2460,7535,49.2,reversible,True,autocontenida,,,True
cl100k_base,ciclo,cat,50,yaml,3140,7523,62.8,reversible,True,autocontenida,,,True
cl100k_base,ciclo,cat,50,xml,4719,12586,94.38,reversible,True,con_contrato,,,True
cl100k_base,ciclo,cat,50,csv,1532,3281,30.64,no_reversible,False,con_contrato,,,True
cl100k_base,ciclo,cat,50,toon,3019,8016,60.38,reversible,True,autocontenida,,,True
cl100k_base,ciclo,cat,50,toon_flat,1612,3468,32.24,reversible,True,con_contrato,,,True
cl100k_base,ciclo,cat,50,mini,1570,3264,31.4,reversible_normalizado,True,con_contrato,,,True
cl100k_base,ciclo,cat,50,xml_tipado,6667,21478,133.34,reversible,True,autocontenida,,,True
cl100k_base,ciclo,cat,50,csv_reversible,1688,3563,33.76,reversible,True,con_mapa,columnas,204,True
cl100k_base,ciclo,cat,50,toon_reversible,1680,3614,33.6,reversible,True,con_mapa,columnas,154,True
r50k_base,ciclo,cat,50,json_pretty,7383,12518,147.66,reversible,True,autocontenida,,,True
r50k_base,ciclo,cat,50,json_compact,2596,7535,51.92,reversible,True,autocontenida,,,True
r50k_base,ciclo,cat,50,yaml,3196,7523,63.92,reversible,True,autocontenida,,,True
r50k_base,ciclo,cat,50,xml,6230,12586,124.6,reversible,True,con_contrato,,,True
r50k_base,ciclo,cat,50,csv,1664,3281,33.28,no_reversible,False,con_contrato,,,True
r50k_base,ciclo,cat,50,toon,3737,8016,74.74,reversible,True,autocontenida,,,True
r50k_base,ciclo,cat,50,toon_flat,1748,3468,34.96,reversible,True,con_contrato,,,True
r50k_base,ciclo,cat,50,mini,1669,3264,33.38,reversible_normalizado,True,con_contrato,,,True
r50k_base,ciclo,cat,50,xml_tipado,6844,21478,136.88,reversible,True,autocontenida,,,True
r50k_base,ciclo,cat,50,csv_reversible,1883,3563,37.66,reversible,True,con_mapa,columnas,229,True
r50k_base,ciclo,cat,50,toon_reversible,1869,3614,37.38,reversible,True,con_mapa,columnas,169,True
o200k_base,ciclo,cat,100,json_pretty,8208,24927,82.08,reversible,True,autocontenida,,,True
o200k_base,ciclo,cat,100,json_compact,4897,14985,48.97,reversible,True,autocontenida,,,True
o200k_base,ciclo,cat,100,yaml,6201,14970,62.01,reversible,True,autocontenida,,,True
o200k_base,ciclo,cat,100,xml,9354,25105,93.54,reversible,True,con_contrato,,,True
o200k_base,ciclo,cat,100,csv,2958,6497,29.58,no_reversible,False,con_contrato,,,True
o200k_base,ciclo,cat,100,toon,5968,15949,59.68,reversible,True,autocontenida,,,True
o200k_base,ciclo,cat,100,toon_flat,3092,6801,30.92,reversible,True,con_contrato,,,True
o200k_base,ciclo,cat,100,mini,3022,6466,30.22,reversible_normalizado,True,con_contrato,,,True
o200k_base,ciclo,cat,100,xml_tipado,13206,42715,132.06,reversible,True,autocontenida,,,True
o200k_base,ciclo,cat,100,csv_reversible,3247,6969,32.47,reversible,True,con_mapa,columnas,215,True
o200k_base,ciclo,cat,100,toon_reversible,3213,7045,32.13,reversible,True,con_mapa,columnas,165,True
cl100k_base,ciclo,cat,100,json_pretty,8308,24927,83.08,reversible,True,autocontenida,,,True
cl100k_base,ciclo,cat,100,json_compact,4895,14985,48.95,reversible,True,autocontenida,,,True
cl100k_base,ciclo,cat,100,yaml,6257,14970,62.57,reversible,True,autocontenida,,,True
cl100k_base,ciclo,cat,100,xml,9413,25105,94.13,reversible,True,con_contrato,,,True
cl100k_base,ciclo,cat,100,csv,3042,6497,30.42,no_reversible,False,con_contrato,,,True
cl100k_base,ciclo,cat,100,toon,6008,15949,60.08,reversible,True,autocontenida,,,True
cl100k_base,ciclo,cat,100,toon_flat,3176,6801,31.76,reversible,True,con_contrato,,,True
cl100k_base,ciclo,cat,100,mini,3112,6466,31.12,reversible_normalizado,True,con_contrato,,,True
cl100k_base,ciclo,cat,100,xml_tipado,13265,42715,132.65,reversible,True,autocontenida,,,True
cl100k_base,ciclo,cat,100,csv_reversible,3322,6969,33.22,reversible,True,con_mapa,columnas,204,True
cl100k_base,ciclo,cat,100,toon_reversible,3288,7045,32.88,reversible,True,con_mapa,columnas,154,True
r50k_base,ciclo,cat,100,json_pretty,14714,24927,147.14,reversible,True,autocontenida,,,True
r50k_base,ciclo,cat,100,json_compact,5164,14985,51.64,reversible,True,autocontenida,,,True
r50k_base,ciclo,cat,100,yaml,6361,14970,63.61,reversible,True,autocontenida,,,True
r50k_base,ciclo,cat,100,xml,12432,25105,124.32,reversible,True,con_contrato,,,True
r50k_base,ciclo,cat,100,csv,3302,6497,33.02,no_reversible,False,con_contrato,,,True
r50k_base,ciclo,cat,100,toon,7438,15949,74.38,reversible,True,autocontenida,,,True
r50k_base,ciclo,cat,100,toon_flat,3440,6801,34.4,reversible,True,con_contrato,,,True
r50k_base,ciclo,cat,100,mini,3307,6466,33.07,reversible_normalizado,True,con_contrato,,,True
r50k_base,ciclo,cat,100,xml_tipado,13616,42715,136.16,reversible,True,autocontenida,,,True
r50k_base,ciclo,cat,100,csv_reversible,3699,6969,36.99,reversible,True,con_mapa,columnas,229,True
r50k_base,ciclo,cat,100,toon_reversible,3659,7045,36.59,reversible,True,con_mapa,columnas,169,True
o200k_base,ciclo,cat,250,json_pretty,20455,62103,81.82,reversible,True,autocontenida,,,True
o200k_base,ciclo,cat,250,json_compact,12208,37320,48.832,reversible,True,autocontenida,,,True
o200k_base,ciclo,cat,250,yaml,15458,37291,61.832,reversible,True,autocontenida,,,True
o200k_base,ciclo,cat,250,xml,23337,62634,93.348,reversible,True,con_contrato,,,True
o200k_base,ciclo,cat,250,csv,7368,16132,29.472,no_reversible,False,con_contrato,,,True
o200k_base,ciclo,cat,250,toon,14877,39732,59.508,reversible,True,autocontenida,,,True
o200k_base,ciclo,cat,250,toon_flat,7664,16784,30.656,reversible,True,con_contrato,,,True
o200k_base,ciclo,cat,250,mini,7519,16065,30.076,reversible_normalizado,True,con_contrato,,,True
o200k_base,ciclo,cat,250,xml_tipado,32901,106382,131.604,reversible,True,autocontenida,,,True
o200k_base,ciclo,cat,250,csv_reversible,8048,17182,32.192,reversible,True,con_mapa,columnas,215,True
o200k_base,ciclo,cat,250,toon_reversible,7936,17330,31.744,reversible,True,con_mapa,columnas,165,True
cl100k_base,ciclo,cat,250,json_pretty,20704,62103,82.816,reversible,True,autocontenida,,,True
cl100k_base,ciclo,cat,250,json_compact,12205,37320,48.82,reversible,True,autocontenida,,,True
cl100k_base,ciclo,cat,250,yaml,15603,37291,62.412,reversible,True,autocontenida,,,True
cl100k_base,ciclo,cat,250,xml,23484,62634,93.936,reversible,True,con_contrato,,,True
cl100k_base,ciclo,cat,250,csv,7576,16132,30.304,no_reversible,False,con_contrato,,,True
cl100k_base,ciclo,cat,250,toon,14980,39732,59.92,reversible,True,autocontenida,,,True
cl100k_base,ciclo,cat,250,toon_flat,7872,16784,31.488,reversible,True,con_contrato,,,True
cl100k_base,ciclo,cat,250,mini,7746,16065,30.984,reversible_normalizado,True,con_contrato,,,True
cl100k_base,ciclo,cat,250,xml_tipado,33048,106382,132.192,reversible,True,autocontenida,,,True
cl100k_base,ciclo,cat,250,csv_reversible,8235,17182,32.94,reversible,True,con_mapa,columnas,204,True
cl100k_base,ciclo,cat,250,toon_reversible,8123,17330,32.492,reversible,True,con_mapa,columnas,154,True
r50k_base,ciclo,cat,250,json_pretty,36687,62103,146.748,reversible,True,autocontenida,,,True
r50k_base,ciclo,cat,250,json_compact,12884,37320,51.536,reversible,True,autocontenida,,,True
r50k_base,ciclo,cat,250,yaml,15868,37291,63.472,reversible,True,autocontenida,,,True
r50k_base,ciclo,cat,250,xml,31038,62634,124.152,reversible,True,con_contrato,,,True
r50k_base,ciclo,cat,250,csv,8232,16132,32.928,no_reversible,False,con_contrato,,,True
r50k_base,ciclo,cat,250,toon,18556,39732,74.224,reversible,True,autocontenida,,,True
r50k_base,ciclo,cat,250,toon_flat,8532,16784,34.128,reversible,True,con_contrato,,,True
r50k_base,ciclo,cat,250,mini,8237,16065,32.948,reversible_normalizado,True,con_contrato,,,True
r50k_base,ciclo,cat,250,xml_tipado,33932,106382,135.728,reversible,True,autocontenida,,,True
r50k_base,ciclo,cat,250,csv_reversible,9171,17182,36.684,reversible,True,con_mapa,columnas,229,True
r50k_base,ciclo,cat,250,toon_reversible,9053,17330,36.212,reversible,True,con_mapa,columnas,169,True
o200k_base,ciclo,cls,1,json_pretty,149,482,149.0,reversible,True,autocontenida,,,False
o200k_base,ciclo,cls,1,json_compact,88,299,88.0,reversible,True,autocontenida,,,False
o200k_base,ciclo,cls,1,yaml,112,306,112.0,reversible,True,autocontenida,,,False
o200k_base,ciclo,cls,1,xml,136,366,136.0,reversible,True,con_contrato,,,False
o200k_base,ciclo,cls,1,csv,75,229,75.0,no_reversible,False,con_contrato,,,False
o200k_base,ciclo,cls,1,toon,102,296,102.0,reversible,True,autocontenida,,,False
o200k_base,ciclo,cls,1,toon_flat,111,310,111.0,reversible,True,con_contrato,,,False
o200k_base,ciclo,cls,1,mini,65,190,65.0,reversible_normalizado,True,con_contrato,,,False
o200k_base,ciclo,cls,1,xml_tipado,230,772,230.0,reversible,True,autocontenida,,,False
o200k_base,ciclo,cls,1,csv_reversible,100,296,100.0,reversible,True,con_mapa,celdas,99,False
o200k_base,ciclo,cls,1,toon_reversible,103,313,103.0,reversible,True,con_mapa,celdas,69,False
cl100k_base,ciclo,cls,1,json_pretty,149,482,149.0,reversible,True,autocontenida,,,False
cl100k_base,ciclo,cls,1,json_compact,86,299,86.0,reversible,True,autocontenida,,,False
cl100k_base,ciclo,cls,1,yaml,112,306,112.0,reversible,True,autocontenida,,,False
cl100k_base,ciclo,cls,1,xml,135,366,135.0,reversible,True,con_contrato,,,False
cl100k_base,ciclo,cls,1,csv,76,229,76.0,no_reversible,False,con_contrato,,,False
cl100k_base,ciclo,cls,1,toon,102,296,102.0,reversible,True,autocontenida,,,False
cl100k_base,ciclo,cls,1,toon_flat,112,310,112.0,reversible,True,con_contrato,,,False
cl100k_base,ciclo,cls,1,mini,67,190,67.0,reversible_normalizado,True,con_contrato,,,False
cl100k_base,ciclo,cls,1,xml_tipado,229,772,229.0,reversible,True,autocontenida,,,False
cl100k_base,ciclo,cls,1,csv_reversible,99,296,99.0,reversible,True,con_mapa,celdas,92,False
cl100k_base,ciclo,cls,1,toon_reversible,103,313,103.0,reversible,True,con_mapa,celdas,62,False
r50k_base,ciclo,cls,1,json_pretty,266,482,266.0,reversible,True,autocontenida,,,False
r50k_base,ciclo,cls,1,json_compact,90,299,90.0,reversible,True,autocontenida,,,False
r50k_base,ciclo,cls,1,yaml,116,306,116.0,reversible,True,autocontenida,,,False
r50k_base,ciclo,cls,1,xml,164,366,164.0,reversible,True,con_contrato,,,False
r50k_base,ciclo,cls,1,csv,84,229,84.0,no_reversible,False,con_contrato,,,False
r50k_base,ciclo,cls,1,toon,117,296,117.0,reversible,True,autocontenida,,,False
r50k_base,ciclo,cls,1,toon_flat,125,310,125.0,reversible,True,con_contrato,,,False
r50k_base,ciclo,cls,1,mini,71,190,71.0,reversible_normalizado,True,con_contrato,,,False
r50k_base,ciclo,cls,1,xml_tipado,237,772,237.0,reversible,True,autocontenida,,,False
r50k_base,ciclo,cls,1,csv_reversible,110,296,110.0,reversible,True,con_mapa,celdas,109,False
r50k_base,ciclo,cls,1,toon_reversible,117,313,117.0,reversible,True,con_mapa,celdas,73,False
o200k_base,ciclo,cls,5,json_pretty,489,1710,97.8,reversible,True,autocontenida,,,False
o200k_base,ciclo,cls,5,json_compact,278,987,55.6,reversible,True,autocontenida,,,False
o200k_base,ciclo,cls,5,yaml,375,1040,75.0,reversible,True,autocontenida,,,False
o200k_base,ciclo,cls,5,xml,497,1284,99.4,reversible,True,con_contrato,,,False
o200k_base,ciclo,cls,5,csv,197,613,39.4,no_reversible,False,con_contrato,,,False
o200k_base,ciclo,cls,5,toon,330,992,66.0,reversible,True,autocontenida,,,False
o200k_base,ciclo,cls,5,toon_flat,239,722,47.8,reversible,True,con_contrato,,,False
o200k_base,ciclo,cls,5,mini,181,568,36.2,reversible_normalizado,True,con_contrato,,,False
o200k_base,ciclo,cls,5,xml_tipado,754,2508,150.8,reversible,True,autocontenida,,,False
o200k_base,ciclo,cls,5,csv_reversible,241,746,48.2,reversible,True,con_mapa,columnas,276,False
o200k_base,ciclo,cls,5,toon_reversible,255,845,51.0,reversible,True,con_mapa,celdas,69,False
cl100k_base,ciclo,cls,5,json_pretty,489,1710,97.8,reversible,True,autocontenida,,,False
cl100k_base,ciclo,cls,5,json_compact,272,987,54.4,reversible,True,autocontenida,,,False
cl100k_base,ciclo,cls,5,yaml,375,1040,75.0,reversible,True,autocontenida,,,False
cl100k_base,ciclo,cls,5,xml,492,1284,98.4,reversible,True,con_contrato,,,False
cl100k_base,ciclo,cls,5,csv,198,613,39.6,no_reversible,False,con_contrato,,,False
cl100k_base,ciclo,cls,5,toon,330,992,66.0,reversible,True,autocontenida,,,False
cl100k_base,ciclo,cls,5,toon_flat,240,722,48.0,reversible,True,con_contrato,,,False
cl100k_base,ciclo,cls,5,mini,185,568,37.0,reversible_normalizado,True,con_contrato,,,False
cl100k_base,ciclo,cls,5,xml_tipado,749,2508,149.8,reversible,True,autocontenida,,,False
cl100k_base,ciclo,cls,5,csv_reversible,240,746,48.0,reversible,True,con_mapa,columnas,262,False
cl100k_base,ciclo,cls,5,toon_reversible,255,845,51.0,reversible,True,con_mapa,celdas,62,False
r50k_base,ciclo,cls,5,json_pretty,979,1710,195.8,reversible,True,autocontenida,,,False
r50k_base,ciclo,cls,5,json_compact,284,987,56.8,reversible,True,autocontenida,,,False
r50k_base,ciclo,cls,5,yaml,383,1040,76.6,reversible,True,autocontenida,,,False
r50k_base,ciclo,cls,5,xml,603,1284,120.6,reversible,True,con_contrato,,,False
r50k_base,ciclo,cls,5,csv,216,613,43.2,no_reversible,False,con_contrato,,,False
r50k_base,ciclo,cls,5,toon,389,992,77.8,reversible,True,autocontenida,,,False
r50k_base,ciclo,cls,5,toon_flat,264,722,52.8,reversible,True,con_contrato,,,False
r50k_base,ciclo,cls,5,mini,199,568,39.8,reversible_normalizado,True,con_contrato,,,False
r50k_base,ciclo,cls,5,xml_tipado,775,2508,155.0,reversible,True,autocontenida,,,False
r50k_base,ciclo,cls,5,csv_reversible,279,746,55.8,reversible,True,con_mapa,columnas,303,False
r50k_base,ciclo,cls,5,toon_reversible,291,771,58.2,reversible,True,con_mapa,columnas,231,False
o200k_base,ciclo,cls,10,json_pretty,926,3309,92.6,reversible,True,autocontenida,,,False
o200k_base,ciclo,cls,10,json_compact,518,1884,51.8,reversible,True,autocontenida,,,False
o200k_base,ciclo,cls,10,yaml,718,2005,71.8,reversible,True,autocontenida,,,False
o200k_base,ciclo,cls,10,xml,962,2509,96.2,reversible,True,con_contrato,,,False
o200k_base,ciclo,cls,10,csv,355,1131,35.5,no_reversible,False,con_contrato,,,False
o200k_base,ciclo,cls,10,toon,620,1898,62.0,reversible,True,autocontenida,,,False
o200k_base,ciclo,cls,10,toon_flat,405,1267,40.5,reversible,True,con_contrato,,,False
o200k_base,ciclo,cls,10,mini,325,1077,32.5,reversible_normalizado,True,con_contrato,,,False
o200k_base,ciclo,cls,10,xml_tipado,1425,4760,142.5,reversible,True,autocontenida,,,False
o200k_base,ciclo,cls,10,csv_reversible,406,1292,40.6,reversible,True,con_mapa,columnas,276,False
o200k_base,ciclo,cls,10,toon_reversible,431,1316,43.1,reversible,True,con_mapa,columnas,216,False
cl100k_base,ciclo,cls,10,json_pretty,926,3309,92.6,reversible,True,autocontenida,,,False
cl100k_base,ciclo,cls,10,json_compact,507,1884,50.7,reversible,True,autocontenida,,,False
cl100k_base,ciclo,cls,10,yaml,718,2005,71.8,reversible,True,autocontenida,,,False
cl100k_base,ciclo,cls,10,xml,952,2509,95.2,reversible,True,con_contrato,,,False
cl100k_base,ciclo,cls,10,csv,356,1131,35.6,no_reversible,False,con_contrato,,,False
cl100k_base,ciclo,cls,10,toon,620,1898,62.0,reversible,True,autocontenida,,,False
cl100k_base,ciclo,cls,10,toon_flat,406,1267,40.6,reversible,True,con_contrato,,,False
cl100k_base,ciclo,cls,10,mini,330,1077,33.0,reversible_normalizado,True,con_contrato,,,False
cl100k_base,ciclo,cls,10,xml_tipado,1415,4760,141.5,reversible,True,autocontenida,,,False
cl100k_base,ciclo,cls,10,csv_reversible,405,1292,40.5,reversible,True,con_mapa,columnas,262,False
cl100k_base,ciclo,cls,10,toon_reversible,431,1316,43.1,reversible,True,con_mapa,columnas,202,False
r50k_base,ciclo,cls,10,json_pretty,1905,3309,190.5,reversible,True,autocontenida,,,False
r50k_base,ciclo,cls,10,json_compact,533,1884,53.3,reversible,True,autocontenida,,,False
r50k_base,ciclo,cls,10,yaml,730,2005,73.0,reversible,True,autocontenida,,,False
r50k_base,ciclo,cls,10,xml,1174,2509,117.4,reversible,True,con_contrato,,,False
r50k_base,ciclo,cls,10,csv,391,1131,39.1,no_reversible,False,con_contrato,,,False
r50k_base,ciclo,cls,10,toon,736,1898,73.6,reversible,True,autocontenida,,,False
r50k_base,ciclo,cls,10,toon_flat,447,1267,44.7,reversible,True,con_contrato,,,False
r50k_base,ciclo,cls,10,mini,364,1077,36.4,reversible_normalizado,True,con_contrato,,,False
r50k_base,ciclo,cls,10,xml_tipado,1466,4760,146.6,reversible,True,autocontenida,,,False
r50k_base,ciclo,cls,10,csv_reversible,465,1292,46.5,reversible,True,con_mapa,columnas,303,False
r50k_base,ciclo,cls,10,toon_reversible,478,1316,47.8,reversible,True,con_mapa,columnas,231,False
o200k_base,ciclo,cls,12,json_pretty,1101,3942,91.75,reversible,True,autocontenida,,,False
o200k_base,ciclo,cls,12,json_compact,615,2238,51.25,reversible,True,autocontenida,,,False
o200k_base,ciclo,cls,12,yaml,855,2385,71.25,reversible,True,autocontenida,,,False
o200k_base,ciclo,cls,12,xml,1151,2999,95.916667,reversible,True,con_contrato,,,False
o200k_base,ciclo,cls,12,csv,419,1333,34.916667,no_reversible,False,con_contrato,,,False
o200k_base,ciclo,cls,12,toon,736,2254,61.333333,reversible,True,autocontenida,,,False
o200k_base,ciclo,cls,12,toon_flat,472,1479,39.333333,reversible,True,con_contrato,,,False
o200k_base,ciclo,cls,12,mini,384,1276,32.0,reversible_normalizado,True,con_contrato,,,False
o200k_base,ciclo,cls,12,xml_tipado,1694,5652,141.166667,reversible,True,autocontenida,,,False
o200k_base,ciclo,cls,12,csv_reversible,473,1506,39.416667,reversible,True,con_mapa,columnas,276,False
o200k_base,ciclo,cls,12,toon_reversible,499,1528,41.583333,reversible,True,con_mapa,columnas,216,False
cl100k_base,ciclo,cls,12,json_pretty,1101,3942,91.75,reversible,True,autocontenida,,,False
cl100k_base,ciclo,cls,12,json_compact,602,2238,50.166667,reversible,True,autocontenida,,,False
cl100k_base,ciclo,cls,12,yaml,855,2385,71.25,reversible,True,autocontenida,,,False
cl100k_base,ciclo,cls,12,xml,1139,2999,94.916667,reversible,True,con_contrato,,,False
cl100k_base,ciclo,cls,12,csv,420,1333,35.0,no_reversible,False,con_contrato,,,False
cl100k_base,ciclo,cls,12,toon,736,2254,61.333333,reversible,True,autocontenida,,,False
cl100k_base,ciclo,cls,12,toon_flat,473,1479,39.416667,reversible,True,con_contrato,,,False
cl100k_base,ciclo,cls,12,mini,390,1276,32.5,reversible_normalizado,True,con_contrato,,,False
cl100k_base,ciclo,cls,12,xml_tipado,1682,5652,140.166667,reversible,True,autocontenida,,,False
cl100k_base,ciclo,cls,12,csv_reversible,472,1506,39.333333,reversible,True,con_mapa,columnas,262,False
cl100k_base,ciclo,cls,12,toon_reversible,499,1528,41.583333,reversible,True,con_mapa,columnas,202,False
r50k_base,ciclo,cls,12,json_pretty,2274,3942,189.5,reversible,True,autocontenida,,,False
r50k_base,ciclo,cls,12,json_compact,633,2238,52.75,reversible,True,autocontenida,,,False
r50k_base,ciclo,cls,12,yaml,868,2385,72.333333,reversible,True,autocontenida,,,False
r50k_base,ciclo,cls,12,xml,1405,2999,117.083333,reversible,True,con_contrato,,,False
r50k_base,ciclo,cls,12,csv,461,1333,38.416667,no_reversible,False,con_contrato,,,False
r50k_base,ciclo,cls,12,toon,874,2254,72.833333,reversible,True,autocontenida,,,False
r50k_base,ciclo,cls,12,toon_flat,520,1479,43.333333,reversible,True,con_contrato,,,False
r50k_base,ciclo,cls,12,mini,430,1276,35.833333,reversible_normalizado,True,con_contrato,,,False
r50k_base,ciclo,cls,12,xml_tipado,1742,5652,145.166667,reversible,True,autocontenida,,,False
r50k_base,ciclo,cls,12,csv_reversible,540,1506,45.0,reversible,True,con_mapa,columnas,303,False
r50k_base,ciclo,cls,12,toon_reversible,553,1528,46.083333,reversible,True,con_mapa,columnas,231,False
o200k_base,ciclo,cls,25,json_pretty,2251,8134,90.04,reversible,True,autocontenida,,,True
o200k_base,ciclo,cls,25,json_compact,1260,4621,50.4,reversible,True,autocontenida,,,True
o200k_base,ciclo,cls,25,yaml,1758,4936,70.32,reversible,True,autocontenida,,,True
o200k_base,ciclo,cls,25,xml,2384,6248,95.36,reversible,True,con_contrato,,,True
o200k_base,ciclo,cls,25,csv,847,2735,33.88,no_reversible,False,con_contrato,,,True
o200k_base,ciclo,cls,25,toon,1508,4659,60.32,reversible,True,autocontenida,,,True
o200k_base,ciclo,cls,25,toon_flat,921,2949,36.84,reversible,True,con_contrato,,,True
o200k_base,ciclo,cls,25,mini,779,2651,31.16,reversible_normalizado,True,con_contrato,,,True
o200k_base,ciclo,cls,25,xml_tipado,3450,11526,138.0,reversible,True,autocontenida,,,True
o200k_base,ciclo,cls,25,csv_reversible,923,2986,36.92,reversible,True,con_mapa,columnas,276,True
o200k_base,ciclo,cls,25,toon_reversible,955,2998,38.2,reversible,True,con_mapa,columnas,216,True
cl100k_base,ciclo,cls,25,json_pretty,2251,8134,90.04,reversible,True,autocontenida,,,True
cl100k_base,ciclo,cls,25,json_compact,1234,4621,49.36,reversible,True,autocontenida,,,True
cl100k_base,ciclo,cls,25,yaml,1758,4936,70.32,reversible,True,autocontenida,,,True
cl100k_base,ciclo,cls,25,xml,2359,6248,94.36,reversible,True,con_contrato,,,True
cl100k_base,ciclo,cls,25,csv,848,2735,33.92,no_reversible,False,con_contrato,,,True
cl100k_base,ciclo,cls,25,toon,1508,4659,60.32,reversible,True,autocontenida,,,True
cl100k_base,ciclo,cls,25,toon_flat,922,2949,36.88,reversible,True,con_contrato,,,True
cl100k_base,ciclo,cls,25,mini,793,2651,31.72,reversible_normalizado,True,con_contrato,,,True
cl100k_base,ciclo,cls,25,xml_tipado,3425,11526,137.0,reversible,True,autocontenida,,,True
cl100k_base,ciclo,cls,25,csv_reversible,922,2986,36.88,reversible,True,con_mapa,columnas,262,True
cl100k_base,ciclo,cls,25,toon_reversible,955,2998,38.2,reversible,True,con_mapa,columnas,202,True
r50k_base,ciclo,cls,25,json_pretty,4678,8134,187.12,reversible,True,autocontenida,,,True
r50k_base,ciclo,cls,25,json_compact,1294,4621,51.76,reversible,True,autocontenida,,,True
r50k_base,ciclo,cls,25,yaml,1778,4936,71.12,reversible,True,autocontenida,,,True
r50k_base,ciclo,cls,25,xml,2910,6248,116.4,reversible,True,con_contrato,,,True
r50k_base,ciclo,cls,25,csv,926,2735,37.04,no_reversible,False,con_contrato,,,True
r50k_base,ciclo,cls,25,toon,1789,4659,71.56,reversible,True,autocontenida,,,True
r50k_base,ciclo,cls,25,toon_flat,1005,2949,40.2,reversible,True,con_contrato,,,True
r50k_base,ciclo,cls,25,mini,871,2651,34.84,reversible_normalizado,True,con_contrato,,,True
r50k_base,ciclo,cls,25,xml_tipado,3545,11526,141.8,reversible,True,autocontenida,,,True
r50k_base,ciclo,cls,25,csv_reversible,1038,2986,41.52,reversible,True,con_mapa,columnas,303,True
r50k_base,ciclo,cls,25,toon_reversible,1052,2998,42.08,reversible,True,con_mapa,columnas,231,True
o200k_base,ciclo,cls,50,json_pretty,4438,16099,88.76,reversible,True,autocontenida,,,True
o200k_base,ciclo,cls,50,json_compact,2480,9121,49.6,reversible,True,autocontenida,,,True
o200k_base,ciclo,cls,50,yaml,3470,9756,69.4,reversible,True,autocontenida,,,True
o200k_base,ciclo,cls,50,xml,4720,12358,94.4,reversible,True,con_contrato,,,True
o200k_base,ciclo,cls,50,csv,1650,5344,33.0,no_reversible,False,con_contrato,,,True
o200k_base,ciclo,cls,50,toon,2972,9203,59.44,reversible,True,autocontenida,,,True
o200k_base,ciclo,cls,50,toon_flat,1763,5698,35.26,reversible,True,con_contrato,,,True
o200k_base,ciclo,cls,50,mini,1523,5211,30.46,reversible_normalizado,True,con_contrato,,,True
o200k_base,ciclo,cls,50,xml_tipado,6801,22721,136.02,reversible,True,autocontenida,,,True
o200k_base,ciclo,cls,50,csv_reversible,1764,5745,35.28,reversible,True,con_mapa,columnas,276,True
o200k_base,ciclo,cls,50,toon_reversible,1812,5747,36.24,reversible,True,con_mapa,columnas,216,True
cl100k_base,ciclo,cls,50,json_pretty,4438,16099,88.76,reversible,True,autocontenida,,,True
cl100k_base,ciclo,cls,50,json_compact,2429,9121,48.58,reversible,True,autocontenida,,,True
cl100k_base,ciclo,cls,50,yaml,3470,9756,69.4,reversible,True,autocontenida,,,True
cl100k_base,ciclo,cls,50,xml,4670,12358,93.4,reversible,True,con_contrato,,,True
cl100k_base,ciclo,cls,50,csv,1651,5344,33.02,no_reversible,False,con_contrato,,,True
cl100k_base,ciclo,cls,50,toon,2972,9203,59.44,reversible,True,autocontenida,,,True
cl100k_base,ciclo,cls,50,toon_flat,1764,5698,35.28,reversible,True,con_contrato,,,True
cl100k_base,ciclo,cls,50,mini,1549,5211,30.98,reversible_normalizado,True,con_contrato,,,True
cl100k_base,ciclo,cls,50,xml_tipado,6751,22721,135.02,reversible,True,autocontenida,,,True
cl100k_base,ciclo,cls,50,csv_reversible,1763,5745,35.26,reversible,True,con_mapa,columnas,262,True
cl100k_base,ciclo,cls,50,toon_reversible,1812,5747,36.24,reversible,True,con_mapa,columnas,202,True
r50k_base,ciclo,cls,50,json_pretty,9268,16099,185.36,reversible,True,autocontenida,,,True
r50k_base,ciclo,cls,50,json_compact,2547,9121,50.94,reversible,True,autocontenida,,,True
r50k_base,ciclo,cls,50,yaml,3507,9756,70.14,reversible,True,autocontenida,,,True
r50k_base,ciclo,cls,50,xml,5763,12358,115.26,reversible,True,con_contrato,,,True
r50k_base,ciclo,cls,50,csv,1801,5344,36.02,no_reversible,False,con_contrato,,,True
r50k_base,ciclo,cls,50,toon,3530,9203,70.6,reversible,True,autocontenida,,,True
r50k_base,ciclo,cls,50,toon_flat,1920,5698,38.4,reversible,True,con_contrato,,,True
r50k_base,ciclo,cls,50,mini,1703,5211,34.06,reversible_normalizado,True,con_contrato,,,True
r50k_base,ciclo,cls,50,xml_tipado,6988,22721,139.76,reversible,True,autocontenida,,,True
r50k_base,ciclo,cls,50,csv_reversible,1978,5745,39.56,reversible,True,con_mapa,columnas,303,True
r50k_base,ciclo,cls,50,toon_reversible,1997,5747,39.94,reversible,True,con_mapa,columnas,231,True
o200k_base,ciclo,cls,100,json_pretty,8815,32054,88.15,reversible,True,autocontenida,,,True
o200k_base,ciclo,cls,100,json_compact,4921,18146,49.21,reversible,True,autocontenida,,,True
o200k_base,ciclo,cls,100,yaml,6896,19419,68.96,reversible,True,autocontenida,,,True
o200k_base,ciclo,cls,100,xml,9404,24633,94.04,reversible,True,con_contrato,,,True
o200k_base,ciclo,cls,100,csv,3258,10585,32.58,no_reversible,False,con_contrato,,,True
o200k_base,ciclo,cls,100,toon,5900,18311,59.0,reversible,True,autocontenida,,,True
o200k_base,ciclo,cls,100,toon_flat,3450,11216,34.5,reversible,True,con_contrato,,,True
o200k_base,ciclo,cls,100,mini,3012,10359,30.12,reversible_normalizado,True,con_contrato,,,True
o200k_base,ciclo,cls,100,xml_tipado,13506,45132,135.06,reversible,True,autocontenida,,,True
o200k_base,ciclo,cls,100,csv_reversible,3452,11288,34.52,reversible,True,con_mapa,columnas,276,True
o200k_base,ciclo,cls,100,toon_reversible,3529,11265,35.29,reversible,True,con_mapa,columnas,216,True
cl100k_base,ciclo,cls,100,json_pretty,8815,32054,88.15,reversible,True,autocontenida,,,True
cl100k_base,ciclo,cls,100,json_compact,4820,18146,48.2,reversible,True,autocontenida,,,True
cl100k_base,ciclo,cls,100,yaml,6896,19419,68.96,reversible,True,autocontenida,,,True
cl100k_base,ciclo,cls,100,xml,9304,24633,93.04,reversible,True,con_contrato,,,True
cl100k_base,ciclo,cls,100,csv,3259,10585,32.59,no_reversible,False,con_contrato,,,True
cl100k_base,ciclo,cls,100,toon,5900,18311,59.0,reversible,True,autocontenida,,,True
cl100k_base,ciclo,cls,100,toon_flat,3451,11216,34.51,reversible,True,con_contrato,,,True
cl100k_base,ciclo,cls,100,mini,3063,10359,30.63,reversible_normalizado,True,con_contrato,,,True
cl100k_base,ciclo,cls,100,xml_tipado,13406,45132,134.06,reversible,True,autocontenida,,,True
cl100k_base,ciclo,cls,100,csv_reversible,3451,11288,34.51,reversible,True,con_mapa,columnas,262,True
cl100k_base,ciclo,cls,100,toon_reversible,3529,11265,35.29,reversible,True,con_mapa,columnas,202,True
r50k_base,ciclo,cls,100,json_pretty,18452,32054,184.52,reversible,True,autocontenida,,,True
r50k_base,ciclo,cls,100,json_compact,5054,18146,50.54,reversible,True,autocontenida,,,True
r50k_base,ciclo,cls,100,yaml,6967,19419,69.67,reversible,True,autocontenida,,,True
r50k_base,ciclo,cls,100,xml,11483,24633,114.83,reversible,True,con_contrato,,,True
r50k_base,ciclo,cls,100,csv,3554,10585,35.54,no_reversible,False,con_contrato,,,True
r50k_base,ciclo,cls,100,toon,7012,18311,70.12,reversible,True,autocontenida,,,True
r50k_base,ciclo,cls,100,toon_flat,3752,11216,37.52,reversible,True,con_contrato,,,True
r50k_base,ciclo,cls,100,mini,3370,10359,33.7,reversible_normalizado,True,con_contrato,,,True
r50k_base,ciclo,cls,100,xml_tipado,13875,45132,138.75,reversible,True,autocontenida,,,True
r50k_base,ciclo,cls,100,csv_reversible,3862,11288,38.62,reversible,True,con_mapa,columnas,303,True
r50k_base,ciclo,cls,100,toon_reversible,3889,11265,38.89,reversible,True,con_mapa,columnas,231,True
o200k_base,ciclo,cls,250,json_pretty,21946,80060,87.784,reversible,True,autocontenida,,,True
o200k_base,ciclo,cls,250,json_compact,12238,45335,48.952,reversible,True,autocontenida,,,True
o200k_base,ciclo,cls,250,yaml,17178,48536,68.712,reversible,True,autocontenida,,,True
o200k_base,ciclo,cls,250,xml,23442,61560,93.768,reversible,True,con_contrato,,,True
o200k_base,ciclo,cls,250,csv,8075,26422,32.3,no_reversible,False,con_contrato,,,True
o200k_base,ciclo,cls,250,toon,14680,45750,58.72,reversible,True,autocontenida,,,True
o200k_base,ciclo,cls,250,toon_flat,8505,27879,34.02,reversible,True,con_contrato,,,True
o200k_base,ciclo,cls,250,mini,7465,25909,29.86,reversible_normalizado,True,con_contrato,,,True
o200k_base,ciclo,cls,250,xml_tipado,33625,112531,134.5,reversible,True,autocontenida,,,True
o200k_base,ciclo,cls,250,csv_reversible,8506,28023,34.024,reversible,True,con_mapa,columnas,276,True
o200k_base,ciclo,cls,250,toon_reversible,8671,27928,34.684,reversible,True,con_mapa,columnas,216,True
cl100k_base,ciclo,cls,250,json_pretty,21946,80060,87.784,reversible,True,autocontenida,,,True
cl100k_base,ciclo,cls,250,json_compact,11987,45335,47.948,reversible,True,autocontenida,,,True
cl100k_base,ciclo,cls,250,yaml,17178,48536,68.712,reversible,True,autocontenida,,,True
cl100k_base,ciclo,cls,250,xml,23192,61560,92.768,reversible,True,con_contrato,,,True
cl100k_base,ciclo,cls,250,csv,8076,26422,32.304,no_reversible,False,con_contrato,,,True
cl100k_base,ciclo,cls,250,toon,14680,45750,58.72,reversible,True,autocontenida,,,True
cl100k_base,ciclo,cls,250,toon_flat,8506,27879,34.024,reversible,True,con_contrato,,,True
cl100k_base,ciclo,cls,250,mini,7590,25909,30.36,reversible_normalizado,True,con_contrato,,,True
cl100k_base,ciclo,cls,250,xml_tipado,33375,112531,133.5,reversible,True,autocontenida,,,True
cl100k_base,ciclo,cls,250,csv_reversible,8505,28023,34.02,reversible,True,con_mapa,columnas,262,True
cl100k_base,ciclo,cls,250,toon_reversible,8671,27928,34.684,reversible,True,con_mapa,columnas,202,True
r50k_base,ciclo,cls,250,json_pretty,46025,80060,184.1,reversible,True,autocontenida,,,True
r50k_base,ciclo,cls,250,json_compact,12573,45335,50.292,reversible,True,autocontenida,,,True
r50k_base,ciclo,cls,250,yaml,17350,48536,69.4,reversible,True,autocontenida,,,True
r50k_base,ciclo,cls,250,xml,28634,61560,114.536,reversible,True,con_contrato,,,True
r50k_base,ciclo,cls,250,csv,8811,26422,35.244,no_reversible,False,con_contrato,,,True
r50k_base,ciclo,cls,250,toon,17456,45750,69.824,reversible,True,autocontenida,,,True
r50k_base,ciclo,cls,250,toon_flat,9247,27879,36.988,reversible,True,con_contrato,,,True
r50k_base,ciclo,cls,250,mini,8364,25909,33.456,reversible_normalizado,True,con_contrato,,,True
r50k_base,ciclo,cls,250,xml_tipado,34546,112531,138.184,reversible,True,autocontenida,,,True
r50k_base,ciclo,cls,250,csv_reversible,9505,28023,38.02,reversible,True,con_mapa,columnas,303,True
r50k_base,ciclo,cls,250,toon_reversible,9558,27928,38.232,reversible,True,con_mapa,columnas,231,True
o200k_base,ciclo,code,1,json_pretty,162,520,162.0,reversible,True,autocontenida,,,False
o200k_base,ciclo,code,1,json_compact,107,363,107.0,reversible,True,autocontenida,,,False
o200k_base,ciclo,code,1,yaml,119,353,119.0,reversible,True,autocontenida,,,False
o200k_base,ciclo,code,1,xml,158,453,158.0,reversible,True,con_contrato,,,False
o200k_base,ciclo,code,1,csv,74,242,74.0,no_reversible,False,con_contrato,,,False
o200k_base,ciclo,code,1,toon,118,365,118.0,reversible,True,autocontenida,,,False
o200k_base,ciclo,code,1,toon_flat,105,320,105.0,reversible,True,con_contrato,,,False
o200k_base,ciclo,code,1,mini,83,243,83.0,reversible_normalizado,True,con_contrato,,,False
o200k_base,ciclo,code,1,xml_tipado,241,799,241.0,reversible,True,autocontenida,,,False
o200k_base,ciclo,code,1,csv_reversible,113,345,113.0,reversible,True,con_mapa,celdas,129,False
o200k_base,ciclo,code,1,toon_reversible,122,366,122.0,reversible,True,con_mapa,celdas,89,False
cl100k_base,ciclo,code,1,json_pretty,160,520,160.0,reversible,True,autocontenida,,,False
cl100k_base,ciclo,code,1,json_compact,101,363,101.0,reversible,True,autocontenida,,,False
cl100k_base,ciclo,code,1,yaml,118,353,118.0,reversible,True,autocontenida,,,False
cl100k_base,ciclo,code,1,xml,154,453,154.0,reversible,True,con_contrato,,,False
cl100k_base,ciclo,code,1,csv,73,242,73.0,no_reversible,False,con_contrato,,,False
cl100k_base,ciclo,code,1,toon,117,365,117.0,reversible,True,autocontenida,,,False
cl100k_base,ciclo,code,1,toon_flat,104,320,104.0,reversible,True,con_contrato,,,False
cl100k_base,ciclo,code,1,mini,83,243,83.0,reversible_normalizado,True,con_contrato,,,False
cl100k_base,ciclo,code,1,xml_tipado,238,799,238.0,reversible,True,autocontenida,,,False
cl100k_base,ciclo,code,1,csv_reversible,109,347,109.0,reversible,True,con_mapa,columnas,211,False
cl100k_base,ciclo,code,1,toon_reversible,120,366,120.0,reversible,True,con_mapa,celdas,79,False
r50k_base,ciclo,code,1,json_pretty,266,520,266.0,reversible,True,autocontenida,,,False
r50k_base,ciclo,code,1,json_compact,110,363,110.0,reversible,True,autocontenida,,,False
r50k_base,ciclo,code,1,yaml,130,353,130.0,reversible,True,autocontenida,,,False
r50k_base,ciclo,code,1,xml,191,453,191.0,reversible,True,con_contrato,,,False
r50k_base,ciclo,code,1,csv,82,242,82.0,no_reversible,False,con_contrato,,,False
r50k_base,ciclo,code,1,toon,142,365,142.0,reversible,True,autocontenida,,,False
r50k_base,ciclo,code,1,toon_flat,116,320,116.0,reversible,True,con_contrato,,,False
r50k_base,ciclo,code,1,mini,92,243,92.0,reversible_normalizado,True,con_contrato,,,False
r50k_base,ciclo,code,1,xml_tipado,249,799,249.0,reversible,True,autocontenida,,,False
r50k_base,ciclo,code,1,csv_reversible,128,345,128.0,reversible,True,con_mapa,celdas,140,False
r50k_base,ciclo,code,1,toon_reversible,135,366,135.0,reversible,True,con_mapa,celdas,92,False
o200k_base,ciclo,code,5,json_pretty,551,1842,110.2,reversible,True,autocontenida,,,False
o200k_base,ciclo,code,5,json_compact,359,1250,71.8,reversible,True,autocontenida,,,False
o200k_base,ciclo,code,5,yaml,402,1222,80.4,reversible,True,autocontenida,,,False
o200k_base,ciclo,code,5,xml,602,1747,120.4,reversible,True,con_contrato,,,False
o200k_base,ciclo,code,5,csv,235,771,47.0,no_reversible,False,con_contrato,,,False
o200k_base,ciclo,code,5,toon,400,1281,80.0,reversible,True,autocontenida,,,False
o200k_base,ciclo,code,5,toon_flat,271,859,54.2,reversible,True,con_contrato,,,False
o200k_base,ciclo,code,5,mini,254,771,50.8,reversible_normalizado,True,con_contrato,,,False
o200k_base,ciclo,code,5,xml_tipado,819,2723,163.8,reversible,True,autocontenida,,,False
o200k_base,ciclo,code,5,csv_reversible,290,905,58.0,reversible,True,con_mapa,columnas,248,False
o200k_base,ciclo,code,5,toon_reversible,313,942,62.6,reversible,True,con_mapa,columnas,193,False
cl100k_base,ciclo,code,5,json_pretty,544,1842,108.8,reversible,True,autocontenida,,,False
cl100k_base,ciclo,code,5,json_compact,346,1250,69.2,reversible,True,autocontenida,,,False
cl100k_base,ciclo,code,5,yaml,401,1222,80.2,reversible,True,autocontenida,,,False
cl100k_base,ciclo,code,5,xml,586,1747,117.2,reversible,True,con_contrato,,,False
cl100k_base,ciclo,code,5,csv,234,771,46.8,no_reversible,False,con_contrato,,,False
cl100k_base,ciclo,code,5,toon,399,1281,79.8,reversible,True,autocontenida,,,False
cl100k_base,ciclo,code,5,toon_flat,270,859,54.0,reversible,True,con_contrato,,,False
cl100k_base,ciclo,code,5,mini,252,771,50.4,reversible_normalizado,True,con_contrato,,,False
cl100k_base,ciclo,code,5,xml_tipado,808,2723,161.6,reversible,True,autocontenida,,,False
cl100k_base,ciclo,code,5,csv_reversible,285,905,57.0,reversible,True,con_mapa,columnas,229,False
cl100k_base,ciclo,code,5,toon_reversible,309,942,61.8,reversible,True,con_mapa,columnas,174,False
r50k_base,ciclo,code,5,json_pretty,967,1842,193.4,reversible,True,autocontenida,,,False
r50k_base,ciclo,code,5,json_compact,382,1250,76.4,reversible,True,autocontenida,,,False
r50k_base,ciclo,code,5,yaml,449,1222,89.8,reversible,True,autocontenida,,,False
r50k_base,ciclo,code,5,xml,770,1747,154.0,reversible,True,con_contrato,,,False
r50k_base,ciclo,code,5,csv,276,771,55.2,no_reversible,False,con_contrato,,,False
r50k_base,ciclo,code,5,toon,509,1281,101.8,reversible,True,autocontenida,,,False
r50k_base,ciclo,code,5,toon_flat,315,859,63.0,reversible,True,con_contrato,,,False
r50k_base,ciclo,code,5,mini,292,771,58.4,reversible_normalizado,True,con_contrato,,,False
r50k_base,ciclo,code,5,xml_tipado,859,2723,171.8,reversible,True,autocontenida,,,False
r50k_base,ciclo,code,5,csv_reversible,349,905,69.8,reversible,True,con_mapa,columnas,262,False
r50k_base,ciclo,code,5,toon_reversible,364,942,72.8,reversible,True,con_mapa,columnas,196,False
o200k_base,ciclo,code,10,json_pretty,1081,3604,108.1,reversible,True,autocontenida,,,False
o200k_base,ciclo,code,10,json_compact,719,2471,71.9,reversible,True,autocontenida,,,False
o200k_base,ciclo,code,10,yaml,801,2419,80.1,reversible,True,autocontenida,,,False
o200k_base,ciclo,code,10,xml,1203,3475,120.3,reversible,True,con_contrato,,,False
o200k_base,ciclo,code,10,csv,485,1553,48.5,no_reversible,False,con_contrato,,,False
o200k_base,ciclo,code,10,toon,804,2550,80.4,reversible,True,autocontenida,,,False
o200k_base,ciclo,code,10,toon_flat,527,1654,52.7,reversible,True,con_contrato,,,False
o200k_base,ciclo,code,10,mini,524,1563,52.4,reversible_normalizado,True,con_contrato,,,False
o200k_base,ciclo,code,10,xml_tipado,1588,5238,158.8,reversible,True,autocontenida,,,False
o200k_base,ciclo,code,10,csv_reversible,553,1715,55.3,reversible,True,con_mapa,columnas,248,False
o200k_base,ciclo,code,10,toon_reversible,582,1765,58.2,reversible,True,con_mapa,columnas,193,False
cl100k_base,ciclo,code,10,json_pretty,1068,3604,106.8,reversible,True,autocontenida,,,False
cl100k_base,ciclo,code,10,json_compact,696,2471,69.6,reversible,True,autocontenida,,,False
cl100k_base,ciclo,code,10,yaml,801,2419,80.1,reversible,True,autocontenida,,,False
cl100k_base,ciclo,code,10,xml,1171,3475,117.1,reversible,True,con_contrato,,,False
cl100k_base,ciclo,code,10,csv,485,1553,48.5,no_reversible,False,con_contrato,,,False
cl100k_base,ciclo,code,10,toon,803,2550,80.3,reversible,True,autocontenida,,,False
cl100k_base,ciclo,code,10,toon_flat,527,1654,52.7,reversible,True,con_contrato,,,False
cl100k_base,ciclo,code,10,mini,526,1563,52.6,reversible_normalizado,True,con_contrato,,,False
cl100k_base,ciclo,code,10,xml_tipado,1566,5238,156.6,reversible,True,autocontenida,,,False
cl100k_base,ciclo,code,10,csv_reversible,549,1715,54.9,reversible,True,con_mapa,columnas,229,False
cl100k_base,ciclo,code,10,toon_reversible,579,1765,57.9,reversible,True,con_mapa,columnas,174,False
r50k_base,ciclo,code,10,json_pretty,1880,3604,188.0,reversible,True,autocontenida,,,False
r50k_base,ciclo,code,10,json_compact,761,2471,76.1,reversible,True,autocontenida,,,False
r50k_base,ciclo,code,10,yaml,883,2419,88.3,reversible,True,autocontenida,,,False
r50k_base,ciclo,code,10,xml,1531,3475,153.1,reversible,True,con_contrato,,,False
r50k_base,ciclo,code,10,csv,558,1553,55.8,no_reversible,False,con_contrato,,,False
r50k_base,ciclo,code,10,toon,1011,2550,101.1,reversible,True,autocontenida,,,False
r50k_base,ciclo,code,10,toon_flat,603,1654,60.3,reversible,True,con_contrato,,,False
r50k_base,ciclo,code,10,mini,605,1563,60.5,reversible_normalizado,True,con_contrato,,,False
r50k_base,ciclo,code,10,xml_tipado,1659,5238,165.9,reversible,True,autocontenida,,,False
r50k_base,ciclo,code,10,csv_reversible,656,1715,65.6,reversible,True,con_mapa,columnas,262,False
r50k_base,ciclo,code,10,toon_reversible,677,1765,67.7,reversible,True,con_mapa,columnas,196,False
o200k_base,ciclo,code,12,json_pretty,1282,4303,106.833333,reversible,True,autocontenida,,,False
o200k_base,ciclo,code,12,json_compact,848,2940,70.666667,reversible,True,autocontenida,,,False
o200k_base,ciclo,code,12,yaml,950,2880,79.166667,reversible,True,autocontenida,,,False
o200k_base,ciclo,code,12,xml,1436,4155,119.666667,reversible,True,con_contrato,,,False
o200k_base,ciclo,code,12,csv,569,1842,47.416667,no_reversible,False,con_contrato,,,False
o200k_base,ciclo,code,12,toon,952,3033,79.333333,reversible,True,autocontenida,,,False
o200k_base,ciclo,code,12,toon_flat,613,1947,51.083333,reversible,True,con_contrato,,,False
o200k_base,ciclo,code,12,mini,613,1850,51.083333,reversible_normalizado,True,con_contrato,,,False
o200k_base,ciclo,code,12,xml_tipado,1889,6240,157.416667,reversible,True,autocontenida,,,False
o200k_base,ciclo,code,12,csv_reversible,643,2012,53.583333,reversible,True,con_mapa,columnas,248,False
o200k_base,ciclo,code,12,toon_reversible,674,2066,56.166667,reversible,True,con_mapa,columnas,193,False
cl100k_base,ciclo,code,12,json_pretty,1267,4303,105.583333,reversible,True,autocontenida,,,False
cl100k_base,ciclo,code,12,json_compact,821,2940,68.416667,reversible,True,autocontenida,,,False
cl100k_base,ciclo,code,12,yaml,950,2880,79.166667,reversible,True,autocontenida,,,False
cl100k_base,ciclo,code,12,xml,1397,4155,116.416667,reversible,True,con_contrato,,,False
cl100k_base,ciclo,code,12,csv,569,1842,47.416667,no_reversible,False,con_contrato,,,False
cl100k_base,ciclo,code,12,toon,950,3033,79.166667,reversible,True,autocontenida,,,False
cl100k_base,ciclo,code,12,toon_flat,613,1947,51.083333,reversible,True,con_contrato,,,False
cl100k_base,ciclo,code,12,mini,614,1850,51.166667,reversible_normalizado,True,con_contrato,,,False
cl100k_base,ciclo,code,12,xml_tipado,1862,6240,155.166667,reversible,True,autocontenida,,,False
cl100k_base,ciclo,code,12,csv_reversible,638,2012,53.166667,reversible,True,con_mapa,columnas,229,False
cl100k_base,ciclo,code,12,toon_reversible,670,2066,55.833333,reversible,True,con_mapa,columnas,174,False
r50k_base,ciclo,code,12,json_pretty,2237,4303,186.416667,reversible,True,autocontenida,,,False
r50k_base,ciclo,code,12,json_compact,890,2940,74.166667,reversible,True,autocontenida,,,False
r50k_base,ciclo,code,12,yaml,1040,2880,86.666667,reversible,True,autocontenida,,,False
r50k_base,ciclo,code,12,xml,1820,4155,151.666667,reversible,True,con_contrato,,,False
r50k_base,ciclo,code,12,csv,649,1842,54.083333,no_reversible,False,con_contrato,,,False
r50k_base,ciclo,code,12,toon,1191,3033,99.25,reversible,True,autocontenida,,,False
r50k_base,ciclo,code,12,toon_flat,696,1947,58.0,reversible,True,con_contrato,,,False
r50k_base,ciclo,code,12,mini,698,1850,58.166667,reversible_normalizado,True,con_contrato,,,False
r50k_base,ciclo,code,12,xml_tipado,1964,6240,163.666667,reversible,True,autocontenida,,,False
r50k_base,ciclo,code,12,csv_reversible,755,2012,62.916667,reversible,True,con_mapa,columnas,262,False
r50k_base,ciclo,code,12,toon_reversible,778,2066,64.833333,reversible,True,con_mapa,columnas,196,False
o200k_base,ciclo,code,25,json_pretty,2638,8910,105.52,reversible,True,autocontenida,,,True
o200k_base,ciclo,code,25,json_compact,1749,6093,69.96,reversible,True,autocontenida,,,True
o200k_base,ciclo,code,25,yaml,1965,5979,78.6,reversible,True,autocontenida,,,True
o200k_base,ciclo,code,25,xml,2984,8649,119.36,reversible,True,con_contrato,,,True
o200k_base,ciclo,code,25,csv,1182,3836,47.28,no_reversible,False,con_contrato,,,True
o200k_base,ciclo,code,25,toon,1966,6292,78.64,reversible,True,autocontenida,,,True
o200k_base,ciclo,code,25,toon_flat,1241,3971,49.64,reversible,True,con_contrato,,,True
o200k_base,ciclo,code,25,mini,1265,3852,50.6,reversible_normalizado,True,con_contrato,,,True
o200k_base,ciclo,code,25,xml_tipado,3875,12803,155.0,reversible,True,autocontenida,,,True
o200k_base,ciclo,code,25,csv_reversible,1288,4070,51.52,reversible,True,con_mapa,columnas,248,True
o200k_base,ciclo,code,25,toon_reversible,1334,4154,53.36,reversible,True,con_mapa,columnas,193,True
cl100k_base,ciclo,code,25,json_pretty,2606,8910,104.24,reversible,True,autocontenida,,,True
cl100k_base,ciclo,code,25,json_compact,1695,6093,67.8,reversible,True,autocontenida,,,True
cl100k_base,ciclo,code,25,yaml,1964,5979,78.56,reversible,True,autocontenida,,,True
cl100k_base,ciclo,code,25,xml,2902,8649,116.08,reversible,True,con_contrato,,,True
cl100k_base,ciclo,code,25,csv,1181,3836,47.24,no_reversible,False,con_contrato,,,True
cl100k_base,ciclo,code,25,toon,1961,6292,78.44,reversible,True,autocontenida,,,True
cl100k_base,ciclo,code,25,toon_flat,1240,3971,49.6,reversible,True,con_contrato,,,True
cl100k_base,ciclo,code,25,mini,1267,3852,50.68,reversible_normalizado,True,con_contrato,,,True
cl100k_base,ciclo,code,25,xml_tipado,3818,12803,152.72,reversible,True,autocontenida,,,True
cl100k_base,ciclo,code,25,csv_reversible,1281,4070,51.24,reversible,True,con_mapa,columnas,229,True
cl100k_base,ciclo,code,25,toon_reversible,1328,4154,53.12,reversible,True,con_mapa,columnas,174,True
r50k_base,ciclo,code,25,json_pretty,4622,8910,184.88,reversible,True,autocontenida,,,True
r50k_base,ciclo,code,25,json_compact,1838,6093,73.52,reversible,True,autocontenida,,,True
r50k_base,ciclo,code,25,yaml,2150,5979,86.0,reversible,True,autocontenida,,,True
r50k_base,ciclo,code,25,xml,3783,8649,151.32,reversible,True,con_contrato,,,True
r50k_base,ciclo,code,25,csv,1346,3836,53.84,no_reversible,False,con_contrato,,,True
r50k_base,ciclo,code,25,toon,2462,6292,98.48,reversible,True,autocontenida,,,True
r50k_base,ciclo,code,25,toon_flat,1408,3971,56.32,reversible,True,con_contrato,,,True
r50k_base,ciclo,code,25,mini,1442,3852,57.68,reversible_normalizado,True,con_contrato,,,True
r50k_base,ciclo,code,25,xml_tipado,4029,12803,161.16,reversible,True,autocontenida,,,True
r50k_base,ciclo,code,25,csv_reversible,1508,4070,60.32,reversible,True,con_mapa,columnas,262,True
r50k_base,ciclo,code,25,toon_reversible,1546,4154,61.84,reversible,True,con_mapa,columnas,196,True
o200k_base,ciclo,code,50,json_pretty,5215,17669,104.3,reversible,True,autocontenida,,,True
o200k_base,ciclo,code,50,json_compact,3456,12077,69.12,reversible,True,autocontenida,,,True
o200k_base,ciclo,code,50,yaml,3884,11855,77.68,reversible,True,autocontenida,,,True
o200k_base,ciclo,code,50,xml,5924,17203,118.48,reversible,True,con_contrato,,,True
o200k_base,ciclo,code,50,csv,2331,7593,46.62,no_reversible,False,con_contrato,,,True
o200k_base,ciclo,code,50,toon,3886,12478,77.72,reversible,True,autocontenida,,,True
o200k_base,ciclo,code,50,toon_flat,2419,7786,48.38,reversible,True,con_contrato,,,True
o200k_base,ciclo,code,50,mini,2491,7623,49.82,reversible_normalizado,True,con_contrato,,,True
o200k_base,ciclo,code,50,xml_tipado,7657,25326,153.14,reversible,True,autocontenida,,,True
o200k_base,ciclo,code,50,csv_reversible,2501,7951,50.02,reversible,True,con_mapa,columnas,248,True
o200k_base,ciclo,code,50,toon_reversible,2576,8093,51.52,reversible,True,con_mapa,columnas,193,True
cl100k_base,ciclo,code,50,json_pretty,5152,17669,103.04,reversible,True,autocontenida,,,True
cl100k_base,ciclo,code,50,json_compact,3353,12077,67.06,reversible,True,autocontenida,,,True
cl100k_base,ciclo,code,50,yaml,3884,11855,77.68,reversible,True,autocontenida,,,True
cl100k_base,ciclo,code,50,xml,5762,17203,115.24,reversible,True,con_contrato,,,True
cl100k_base,ciclo,code,50,csv,2331,7593,46.62,no_reversible,False,con_contrato,,,True
cl100k_base,ciclo,code,50,toon,3878,12478,77.56,reversible,True,autocontenida,,,True
cl100k_base,ciclo,code,50,toon_flat,2419,7786,48.38,reversible,True,con_contrato,,,True
cl100k_base,ciclo,code,50,mini,2496,7623,49.92,reversible_normalizado,True,con_contrato,,,True
cl100k_base,ciclo,code,50,xml_tipado,7545,25326,150.9,reversible,True,autocontenida,,,True
cl100k_base,ciclo,code,50,csv_reversible,2493,7951,49.86,reversible,True,con_mapa,columnas,229,True
cl100k_base,ciclo,code,50,toon_reversible,2569,8093,51.38,reversible,True,con_mapa,columnas,174,True
r50k_base,ciclo,code,50,json_pretty,9165,17669,183.3,reversible,True,autocontenida,,,True
r50k_base,ciclo,code,50,json_compact,3639,12077,72.78,reversible,True,autocontenida,,,True
r50k_base,ciclo,code,50,yaml,4257,11855,85.14,reversible,True,autocontenida,,,True
r50k_base,ciclo,code,50,xml,7527,17203,150.54,reversible,True,con_contrato,,,True
r50k_base,ciclo,code,50,csv,2662,7593,53.24,no_reversible,False,con_contrato,,,True
r50k_base,ciclo,code,50,toon,4879,12478,97.58,reversible,True,autocontenida,,,True
r50k_base,ciclo,code,50,toon_flat,2753,7786,55.06,reversible,True,con_contrato,,,True
r50k_base,ciclo,code,50,mini,2846,7623,56.92,reversible_normalizado,True,con_contrato,,,True
r50k_base,ciclo,code,50,xml_tipado,7969,25326,159.38,reversible,True,autocontenida,,,True
r50k_base,ciclo,code,50,csv_reversible,2936,7951,58.72,reversible,True,con_mapa,columnas,262,True
r50k_base,ciclo,code,50,toon_reversible,3003,8093,60.06,reversible,True,con_mapa,columnas,196,True
o200k_base,ciclo,code,100,json_pretty,10356,35097,103.56,reversible,True,autocontenida,,,True
o200k_base,ciclo,code,100,json_compact,6861,23971,68.61,reversible,True,autocontenida,,,True
o200k_base,ciclo,code,100,yaml,7714,23533,77.14,reversible,True,autocontenida,,,True
o200k_base,ciclo,code,100,xml,11795,34232,117.95,reversible,True,con_contrato,,,True
o200k_base,ciclo,code,100,csv,4624,15035,46.24,no_reversible,False,con_contrato,,,True
o200k_base,ciclo,code,100,toon,7718,24778,77.18,reversible,True,autocontenida,,,True
o200k_base,ciclo,code,100,toon_flat,4771,15347,47.71,reversible,True,con_contrato,,,True
o200k_base,ciclo,code,100,mini,4936,15094,49.36,reversible_normalizado,True,con_contrato,,,True
o200k_base,ciclo,code,100,xml_tipado,15210,50283,152.1,reversible,True,autocontenida,,,True
o200k_base,ciclo,code,100,csv_reversible,4924,15643,49.24,reversible,True,con_mapa,columnas,248,True
o200k_base,ciclo,code,100,toon_reversible,5058,15904,50.58,reversible,True,con_mapa,columnas,193,True
cl100k_base,ciclo,code,100,json_pretty,10231,35097,102.31,reversible,True,autocontenida,,,True
cl100k_base,ciclo,code,100,json_compact,6659,23971,66.59,reversible,True,autocontenida,,,True
cl100k_base,ciclo,code,100,yaml,7714,23533,77.14,reversible,True,autocontenida,,,True
cl100k_base,ciclo,code,100,xml,11471,34232,114.71,reversible,True,con_contrato,,,True
cl100k_base,ciclo,code,100,csv,4624,15035,46.24,no_reversible,False,con_contrato,,,True
cl100k_base,ciclo,code,100,toon,7702,24778,77.02,reversible,True,autocontenida,,,True
cl100k_base,ciclo,code,100,toon_flat,4771,15347,47.71,reversible,True,con_contrato,,,True
cl100k_base,ciclo,code,100,mini,4943,15094,49.43,reversible_normalizado,True,con_contrato,,,True
cl100k_base,ciclo,code,100,xml_tipado,14986,50283,149.86,reversible,True,autocontenida,,,True
cl100k_base,ciclo,code,100,csv_reversible,4912,15643,49.12,reversible,True,con_mapa,columnas,229,True
cl100k_base,ciclo,code,100,toon_reversible,5047,15904,50.47,reversible,True,con_mapa,columnas,174,True
r50k_base,ciclo,code,100,json_pretty,18218,35097,182.18,reversible,True,autocontenida,,,True
r50k_base,ciclo,code,100,json_compact,7225,23971,72.25,reversible,True,autocontenida,,,True
r50k_base,ciclo,code,100,yaml,8449,23533,84.49,reversible,True,autocontenida,,,True
r50k_base,ciclo,code,100,xml,14994,34232,149.94,reversible,True,con_contrato,,,True
r50k_base,ciclo,code,100,csv,5282,15035,52.82,no_reversible,False,con_contrato,,,True
r50k_base,ciclo,code,100,toon,9695,24778,96.95,reversible,True,autocontenida,,,True
r50k_base,ciclo,code,100,toon_flat,5432,15347,54.32,reversible,True,con_contrato,,,True
r50k_base,ciclo,code,100,mini,5640,15094,56.4,reversible_normalizado,True,con_contrato,,,True
r50k_base,ciclo,code,100,xml_tipado,15827,50283,158.27,reversible,True,autocontenida,,,True
r50k_base,ciclo,code,100,csv_reversible,5781,15643,57.81,reversible,True,con_mapa,columnas,262,True
r50k_base,ciclo,code,100,toon_reversible,5907,15904,59.07,reversible,True,con_mapa,columnas,196,True
o200k_base,ciclo,code,250,json_pretty,25841,87735,103.364,reversible,True,autocontenida,,,True
o200k_base,ciclo,code,250,json_compact,17139,60002,68.556,reversible,True,autocontenida,,,True
o200k_base,ciclo,code,250,yaml,19261,58910,77.044,reversible,True,autocontenida,,,True
o200k_base,ciclo,code,250,xml,29463,85666,117.852,reversible,True,con_contrato,,,True
o200k_base,ciclo,code,250,csv,11565,37724,46.26,no_reversible,False,con_contrato,,,True
o200k_base,ciclo,code,250,toon,19284,62042,77.136,reversible,True,autocontenida,,,True
o200k_base,ciclo,code,250,toon_flat,11887,38386,47.548,reversible,True,con_contrato,,,True
o200k_base,ciclo,code,250,mini,12344,37875,49.376,reversible_normalizado,True,con_contrato,,,True
o200k_base,ciclo,code,250,xml_tipado,37928,125509,151.712,reversible,True,autocontenida,,,True
o200k_base,ciclo,code,250,csv_reversible,12253,39086,49.012,reversible,True,con_mapa,columnas,248,True
o200k_base,ciclo,code,250,toon_reversible,12562,39697,50.248,reversible,True,con_mapa,columnas,193,True
cl100k_base,ciclo,code,250,json_pretty,25528,87735,102.112,reversible,True,autocontenida,,,True
cl100k_base,ciclo,code,250,json_compact,16636,60002,66.544,reversible,True,autocontenida,,,True
cl100k_base,ciclo,code,250,yaml,19261,58910,77.044,reversible,True,autocontenida,,,True
cl100k_base,ciclo,code,250,xml,28651,85666,114.604,reversible,True,con_contrato,,,True
cl100k_base,ciclo,code,250,csv,11565,37724,46.26,no_reversible,False,con_contrato,,,True
cl100k_base,ciclo,code,250,toon,19243,62042,76.972,reversible,True,autocontenida,,,True
cl100k_base,ciclo,code,250,toon_flat,11887,38386,47.548,reversible,True,con_contrato,,,True
cl100k_base,ciclo,code,250,mini,12366,37875,49.464,reversible_normalizado,True,con_contrato,,,True
cl100k_base,ciclo,code,250,xml_tipado,37366,125509,149.464,reversible,True,autocontenida,,,True
cl100k_base,ciclo,code,250,csv_reversible,12229,39086,48.916,reversible,True,con_mapa,columnas,229,True
cl100k_base,ciclo,code,250,toon_reversible,12539,39697,50.156,reversible,True,con_mapa,columnas,174,True
r50k_base,ciclo,code,250,json_pretty,45440,87735,181.76,reversible,True,autocontenida,,,True
r50k_base,ciclo,code,250,json_compact,18041,60002,72.164,reversible,True,autocontenida,,,True
r50k_base,ciclo,code,250,yaml,21083,58910,84.332,reversible,True,autocontenida,,,True
r50k_base,ciclo,code,250,xml,37451,85666,149.804,reversible,True,con_contrato,,,True
r50k_base,ciclo,code,250,csv,13198,37724,52.792,no_reversible,False,con_contrato,,,True
r50k_base,ciclo,code,250,toon,24211,62042,96.844,reversible,True,autocontenida,,,True
r50k_base,ciclo,code,250,toon_flat,13523,38386,54.092,reversible,True,con_contrato,,,True
r50k_base,ciclo,code,250,mini,14105,37875,56.42,reversible_normalizado,True,con_contrato,,,True
r50k_base,ciclo,code,250,xml_tipado,39459,125509,157.836,reversible,True,autocontenida,,,True
r50k_base,ciclo,code,250,csv_reversible,14376,39086,57.504,reversible,True,con_mapa,columnas,262,True
r50k_base,ciclo,code,250,toon_reversible,14677,39697,58.708,reversible,True,con_mapa,columnas,196,True
o200k_base,ciclo,log,1,json_pretty,130,363,130.0,reversible,True,autocontenida,,,False
o200k_base,ciclo,log,1,json_compact,82,240,82.0,reversible,True,autocontenida,,,False
o200k_base,ciclo,log,1,yaml,92,228,92.0,reversible,True,autocontenida,,,False
o200k_base,ciclo,log,1,xml,123,322,123.0,reversible,True,con_contrato,,,False
o200k_base,ciclo,log,1,csv,50,130,50.0,no_reversible,False,con_contrato,,,False
o200k_base,ciclo,log,1,toon,95,247,95.0,reversible,True,autocontenida,,,False
o200k_base,ciclo,log,1,toon_flat,83,207,83.0,reversible,True,con_contrato,,,False
o200k_base,ciclo,log,1,mini,60,125,60.0,reversible_normalizado,True,con_contrato,,,False
o200k_base,ciclo,log,1,xml_tipado,205,655,205.0,reversible,True,autocontenida,,,False
o200k_base,ciclo,log,1,csv_reversible,78,211,78.0,reversible,True,con_mapa,columnas,172,False
o200k_base,ciclo,log,1,toon_reversible,94,233,94.0,reversible,True,con_mapa,columnas,132,False
cl100k_base,ciclo,log,1,json_pretty,130,363,130.0,reversible,True,autocontenida,,,False
cl100k_base,ciclo,log,1,json_compact,79,240,79.0,reversible,True,autocontenida,,,False
cl100k_base,ciclo,log,1,yaml,92,228,92.0,reversible,True,autocontenida,,,False
cl100k_base,ciclo,log,1,xml,122,322,122.0,reversible,True,con_contrato,,,False
cl100k_base,ciclo,log,1,csv,50,130,50.0,no_reversible,False,con_contrato,,,False
cl100k_base,ciclo,log,1,toon,95,247,95.0,reversible,True,autocontenida,,,False
cl100k_base,ciclo,log,1,toon_flat,83,207,83.0,reversible,True,con_contrato,,,False
cl100k_base,ciclo,log,1,mini,60,125,60.0,reversible_normalizado,True,con_contrato,,,False
cl100k_base,ciclo,log,1,xml_tipado,204,655,204.0,reversible,True,autocontenida,,,False
cl100k_base,ciclo,log,1,csv_reversible,77,211,77.0,reversible,True,con_mapa,columnas,162,False
cl100k_base,ciclo,log,1,toon_reversible,94,233,94.0,reversible,True,con_mapa,columnas,122,False
r50k_base,ciclo,log,1,json_pretty,202,363,202.0,reversible,True,autocontenida,,,False
r50k_base,ciclo,log,1,json_compact,81,240,81.0,reversible,True,autocontenida,,,False
r50k_base,ciclo,log,1,yaml,98,228,98.0,reversible,True,autocontenida,,,False
r50k_base,ciclo,log,1,xml,153,322,153.0,reversible,True,con_contrato,,,False
r50k_base,ciclo,log,1,csv,54,130,54.0,no_reversible,False,con_contrato,,,False
r50k_base,ciclo,log,1,toon,115,247,115.0,reversible,True,autocontenida,,,False
r50k_base,ciclo,log,1,toon_flat,89,207,89.0,reversible,True,con_contrato,,,False
r50k_base,ciclo,log,1,mini,62,125,62.0,reversible_normalizado,True,con_contrato,,,False
r50k_base,ciclo,log,1,xml_tipado,209,655,209.0,reversible,True,autocontenida,,,False
r50k_base,ciclo,log,1,csv_reversible,91,211,91.0,reversible,True,con_mapa,columnas,184,False
r50k_base,ciclo,log,1,toon_reversible,100,233,100.0,reversible,True,con_mapa,columnas,136,False
o200k_base,ciclo,log,5,json_pretty,508,1539,101.6,reversible,True,autocontenida,,,False
o200k_base,ciclo,log,5,json_compact,333,1029,66.6,reversible,True,autocontenida,,,False
o200k_base,ciclo,log,5,yaml,389,1007,77.8,reversible,True,autocontenida,,,False
o200k_base,ciclo,log,5,xml,530,1411,106.0,reversible,True,con_contrato,,,False
o200k_base,ciclo,log,5,csv,217,553,43.4,no_reversible,False,con_contrato,,,False
o200k_base,ciclo,log,5,toon,394,1088,78.8,reversible,True,autocontenida,,,False
o200k_base,ciclo,log,5,toon_flat,264,666,52.8,reversible,True,con_contrato,,,False
o200k_base,ciclo,log,5,mini,234,548,46.8,reversible_normalizado,True,con_contrato,,,False
o200k_base,ciclo,log,5,xml_tipado,779,2464,155.8,reversible,True,autocontenida,,,False
o200k_base,ciclo,log,5,csv_reversible,253,658,50.6,reversible,True,con_mapa,columnas,194,False
o200k_base,ciclo,log,5,toon_reversible,283,712,56.6,reversible,True,con_mapa,columnas,149,False
cl100k_base,ciclo,log,5,json_pretty,508,1539,101.6,reversible,True,autocontenida,,,False
cl100k_base,ciclo,log,5,json_compact,326,1029,65.2,reversible,True,autocontenida,,,False
cl100k_base,ciclo,log,5,yaml,389,1007,77.8,reversible,True,autocontenida,,,False
cl100k_base,ciclo,log,5,xml,525,1411,105.0,reversible,True,con_contrato,,,False
cl100k_base,ciclo,log,5,csv,217,553,43.4,no_reversible,False,con_contrato,,,False
cl100k_base,ciclo,log,5,toon,394,1088,78.8,reversible,True,autocontenida,,,False
cl100k_base,ciclo,log,5,toon_flat,264,666,52.8,reversible,True,con_contrato,,,False
cl100k_base,ciclo,log,5,mini,234,548,46.8,reversible_normalizado,True,con_contrato,,,False
cl100k_base,ciclo,log,5,xml_tipado,774,2464,154.8,reversible,True,autocontenida,,,False
cl100k_base,ciclo,log,5,csv_reversible,252,658,50.4,reversible,True,con_mapa,columnas,184,False
cl100k_base,ciclo,log,5,toon_reversible,283,712,56.6,reversible,True,con_mapa,columnas,139,False
r50k_base,ciclo,log,5,json_pretty,844,1539,168.8,reversible,True,autocontenida,,,False
r50k_base,ciclo,log,5,json_compact,344,1029,68.8,reversible,True,autocontenida,,,False
r50k_base,ciclo,log,5,yaml,417,1007,83.4,reversible,True,autocontenida,,,False
r50k_base,ciclo,log,5,xml,671,1411,134.2,reversible,True,con_contrato,,,False
r50k_base,ciclo,log,5,csv,242,553,48.4,no_reversible,False,con_contrato,,,False
r50k_base,ciclo,log,5,toon,493,1088,98.6,reversible,True,autocontenida,,,False
r50k_base,ciclo,log,5,toon_flat,288,666,57.6,reversible,True,con_contrato,,,False
r50k_base,ciclo,log,5,mini,250,548,50.0,reversible_normalizado,True,con_contrato,,,False
r50k_base,ciclo,log,5,xml_tipado,804,2464,160.8,reversible,True,autocontenida,,,False
r50k_base,ciclo,log,5,csv_reversible,291,658,58.2,reversible,True,con_mapa,columnas,207,False
r50k_base,ciclo,log,5,toon_reversible,311,712,62.2,reversible,True,con_mapa,columnas,153,False
o200k_base,ciclo,log,10,json_pretty,962,2903,96.2,reversible,True,autocontenida,,,False
o200k_base,ciclo,log,10,json_compact,633,1943,63.3,reversible,True,autocontenida,,,False
o200k_base,ciclo,log,10,yaml,745,1901,74.5,reversible,True,autocontenida,,,False
o200k_base,ciclo,log,10,xml,1040,2784,104.0,reversible,True,con_contrato,,,False
o200k_base,ciclo,log,10,csv,417,1032,41.7,no_reversible,False,con_contrato,,,False
o200k_base,ciclo,log,10,toon,760,2072,76.0,reversible,True,autocontenida,,,False
o200k_base,ciclo,log,10,toon_flat,482,1180,48.2,reversible,True,con_contrato,,,False
o200k_base,ciclo,log,10,mini,441,1024,44.1,reversible_normalizado,True,con_contrato,,,False
o200k_base,ciclo,log,10,xml_tipado,1473,4634,147.3,reversible,True,autocontenida,,,False
o200k_base,ciclo,log,10,csv_reversible,461,1151,46.1,reversible,True,con_mapa,columnas,194,False
o200k_base,ciclo,log,10,toon_reversible,506,1236,50.6,reversible,True,con_mapa,columnas,149,False
cl100k_base,ciclo,log,10,json_pretty,962,2903,96.2,reversible,True,autocontenida,,,False
cl100k_base,ciclo,log,10,json_compact,621,1943,62.1,reversible,True,autocontenida,,,False
cl100k_base,ciclo,log,10,yaml,746,1901,74.6,reversible,True,autocontenida,,,False
cl100k_base,ciclo,log,10,xml,1030,2784,103.0,reversible,True,con_contrato,,,False
cl100k_base,ciclo,log,10,csv,417,1032,41.7,no_reversible,False,con_contrato,,,False
cl100k_base,ciclo,log,10,toon,761,2072,76.1,reversible,True,autocontenida,,,False
cl100k_base,ciclo,log,10,toon_flat,482,1180,48.2,reversible,True,con_contrato,,,False
cl100k_base,ciclo,log,10,mini,441,1024,44.1,reversible_normalizado,True,con_contrato,,,False
cl100k_base,ciclo,log,10,xml_tipado,1463,4634,146.3,reversible,True,autocontenida,,,False
cl100k_base,ciclo,log,10,csv_reversible,460,1151,46.0,reversible,True,con_mapa,columnas,184,False
cl100k_base,ciclo,log,10,toon_reversible,506,1236,50.6,reversible,True,con_mapa,columnas,139,False
r50k_base,ciclo,log,10,json_pretty,1594,2903,159.4,reversible,True,autocontenida,,,False
r50k_base,ciclo,log,10,json_compact,654,1943,65.4,reversible,True,autocontenida,,,False
r50k_base,ciclo,log,10,yaml,790,1901,79.0,reversible,True,autocontenida,,,False
r50k_base,ciclo,log,10,xml,1326,2784,132.6,reversible,True,con_contrato,,,False
r50k_base,ciclo,log,10,csv,461,1032,46.1,no_reversible,False,con_contrato,,,False
r50k_base,ciclo,log,10,toon,950,2072,95.0,reversible,True,autocontenida,,,False
r50k_base,ciclo,log,10,toon_flat,518,1180,51.8,reversible,True,con_contrato,,,False
r50k_base,ciclo,log,10,mini,469,1024,46.9,reversible_normalizado,True,con_contrato,,,False
r50k_base,ciclo,log,10,xml_tipado,1514,4634,151.4,reversible,True,autocontenida,,,False
r50k_base,ciclo,log,10,csv_reversible,521,1151,52.1,reversible,True,con_mapa,columnas,207,False
r50k_base,ciclo,log,10,toon_reversible,551,1236,55.1,reversible,True,con_mapa,columnas,153,False
o200k_base,ciclo,log,12,json_pretty,1144,3478,95.333333,reversible,True,autocontenida,,,False
o200k_base,ciclo,log,12,json_compact,755,2338,62.916667,reversible,True,autocontenida,,,False
o200k_base,ciclo,log,12,yaml,887,2288,73.916667,reversible,True,autocontenida,,,False
o200k_base,ciclo,log,12,xml,1230,3305,102.5,reversible,True,con_contrato,,,False
o200k_base,ciclo,log,12,csv,496,1245,41.333333,no_reversible,False,con_contrato,,,False
o200k_base,ciclo,log,12,toon,906,2493,75.5,reversible,True,autocontenida,,,False
o200k_base,ciclo,log,12,toon_flat,568,1413,47.333333,reversible,True,con_contrato,,,False
o200k_base,ciclo,log,12,mini,524,1237,43.666667,reversible_normalizado,True,con_contrato,,,False
o200k_base,ciclo,log,12,xml_tipado,1751,5525,145.916667,reversible,True,autocontenida,,,False
o200k_base,ciclo,log,12,csv_reversible,543,1376,45.25,reversible,True,con_mapa,columnas,194,False
o200k_base,ciclo,log,12,toon_reversible,594,1473,49.5,reversible,True,con_mapa,columnas,149,False
cl100k_base,ciclo,log,12,json_pretty,1144,3478,95.333333,reversible,True,autocontenida,,,False
cl100k_base,ciclo,log,12,json_compact,741,2338,61.75,reversible,True,autocontenida,,,False
cl100k_base,ciclo,log,12,yaml,888,2288,74.0,reversible,True,autocontenida,,,False
cl100k_base,ciclo,log,12,xml,1218,3305,101.5,reversible,True,con_contrato,,,False
cl100k_base,ciclo,log,12,csv,496,1245,41.333333,no_reversible,False,con_contrato,,,False
cl100k_base,ciclo,log,12,toon,907,2493,75.583333,reversible,True,autocontenida,,,False
cl100k_base,ciclo,log,12,toon_flat,568,1413,47.333333,reversible,True,con_contrato,,,False
cl100k_base,ciclo,log,12,mini,524,1237,43.666667,reversible_normalizado,True,con_contrato,,,False
cl100k_base,ciclo,log,12,xml_tipado,1739,5525,144.916667,reversible,True,autocontenida,,,False
cl100k_base,ciclo,log,12,csv_reversible,542,1376,45.166667,reversible,True,con_mapa,columnas,184,False
cl100k_base,ciclo,log,12,toon_reversible,594,1473,49.5,reversible,True,con_mapa,columnas,139,False
r50k_base,ciclo,log,12,json_pretty,1904,3478,158.666667,reversible,True,autocontenida,,,False
r50k_base,ciclo,log,12,json_compact,788,2338,65.666667,reversible,True,autocontenida,,,False
r50k_base,ciclo,log,12,yaml,948,2288,79.0,reversible,True,autocontenida,,,False
r50k_base,ciclo,log,12,xml,1574,3305,131.166667,reversible,True,con_contrato,,,False
r50k_base,ciclo,log,12,csv,557,1245,46.416667,no_reversible,False,con_contrato,,,False
r50k_base,ciclo,log,12,toon,1142,2493,95.166667,reversible,True,autocontenida,,,False
r50k_base,ciclo,log,12,toon_flat,620,1413,51.666667,reversible,True,con_contrato,,,False
r50k_base,ciclo,log,12,mini,565,1237,47.083333,reversible_normalizado,True,con_contrato,,,False
r50k_base,ciclo,log,12,xml_tipado,1808,5525,150.666667,reversible,True,autocontenida,,,False
r50k_base,ciclo,log,12,csv_reversible,623,1376,51.916667,reversible,True,con_mapa,columnas,207,False
r50k_base,ciclo,log,12,toon_reversible,657,1473,54.75,reversible,True,con_mapa,columnas,153,False
o200k_base,ciclo,log,25,json_pretty,2330,7103,93.2,reversible,True,autocontenida,,,True
o200k_base,ciclo,log,25,json_compact,1538,4766,61.52,reversible,True,autocontenida,,,True
o200k_base,ciclo,log,25,yaml,1814,4670,72.56,reversible,True,autocontenida,,,True
o200k_base,ciclo,log,25,xml,2535,6816,101.4,reversible,True,con_contrato,,,True
o200k_base,ciclo,log,25,csv,1010,2516,40.4,no_reversible,False,con_contrato,,,True
o200k_base,ciclo,log,25,toon,1853,5094,74.12,reversible,True,autocontenida,,,True
o200k_base,ciclo,log,25,toon_flat,1131,2786,45.24,reversible,True,con_contrato,,,True
o200k_base,ciclo,log,25,mini,1060,2504,42.4,reversible_normalizado,True,con_contrato,,,True
o200k_base,ciclo,log,25,xml_tipado,3565,11229,142.6,reversible,True,autocontenida,,,True
o200k_base,ciclo,log,25,csv_reversible,1074,2691,42.96,reversible,True,con_mapa,columnas,194,True
o200k_base,ciclo,log,25,toon_reversible,1167,2872,46.68,reversible,True,con_mapa,columnas,149,True
cl100k_base,ciclo,log,25,json_pretty,2330,7103,93.2,reversible,True,autocontenida,,,True
cl100k_base,ciclo,log,25,json_compact,1511,4766,60.44,reversible,True,autocontenida,,,True
cl100k_base,ciclo,log,25,yaml,1816,4670,72.64,reversible,True,autocontenida,,,True
cl100k_base,ciclo,log,25,xml,2510,6816,100.4,reversible,True,con_contrato,,,True
cl100k_base,ciclo,log,25,csv,1010,2516,40.4,no_reversible,False,con_contrato,,,True
cl100k_base,ciclo,log,25,toon,1855,5094,74.2,reversible,True,autocontenida,,,True
cl100k_base,ciclo,log,25,toon_flat,1131,2786,45.24,reversible,True,con_contrato,,,True
cl100k_base,ciclo,log,25,mini,1060,2504,42.4,reversible_normalizado,True,con_contrato,,,True
cl100k_base,ciclo,log,25,xml_tipado,3540,11229,141.6,reversible,True,autocontenida,,,True
cl100k_base,ciclo,log,25,csv_reversible,1073,2691,42.92,reversible,True,con_mapa,columnas,184,True
cl100k_base,ciclo,log,25,toon_reversible,1167,2872,46.68,reversible,True,con_mapa,columnas,139,True
r50k_base,ciclo,log,25,json_pretty,3893,7103,155.72,reversible,True,autocontenida,,,True
r50k_base,ciclo,log,25,json_compact,1606,4766,64.24,reversible,True,autocontenida,,,True
r50k_base,ciclo,log,25,yaml,1935,4670,77.4,reversible,True,autocontenida,,,True
r50k_base,ciclo,log,25,xml,3250,6816,130.0,reversible,True,con_contrato,,,True
r50k_base,ciclo,log,25,csv,1135,2516,45.4,no_reversible,False,con_contrato,,,True
r50k_base,ciclo,log,25,toon,2338,5094,93.52,reversible,True,autocontenida,,,True
r50k_base,ciclo,log,25,toon_flat,1230,2786,49.2,reversible,True,con_contrato,,,True
r50k_base,ciclo,log,25,mini,1143,2504,45.72,reversible_normalizado,True,con_contrato,,,True
r50k_base,ciclo,log,25,xml_tipado,3678,11229,147.12,reversible,True,autocontenida,,,True
r50k_base,ciclo,log,25,csv_reversible,1227,2691,49.08,reversible,True,con_mapa,columnas,207,True
r50k_base,ciclo,log,25,toon_reversible,1290,2872,51.6,reversible,True,con_mapa,columnas,153,True
o200k_base,ciclo,log,50,json_pretty,4626,14148,92.52,reversible,True,autocontenida,,,True
o200k_base,ciclo,log,50,json_compact,3058,9498,61.16,reversible,True,autocontenida,,,True
o200k_base,ciclo,log,50,yaml,3612,9316,72.24,reversible,True,autocontenida,,,True
o200k_base,ciclo,log,50,xml,5049,13583,100.98,reversible,True,con_contrato,,,True
o200k_base,ciclo,log,50,csv,2014,5015,40.28,no_reversible,False,con_contrato,,,True
o200k_base,ciclo,log,50,toon,3687,10159,73.74,reversible,True,autocontenida,,,True
o200k_base,ciclo,log,50,toon_flat,2226,5487,44.52,reversible,True,con_contrato,,,True
o200k_base,ciclo,log,50,mini,2105,4995,42.1,reversible_normalizado,True,con_contrato,,,True
o200k_base,ciclo,log,50,xml_tipado,7071,22265,141.42,reversible,True,autocontenida,,,True
o200k_base,ciclo,log,50,csv_reversible,2107,5278,42.14,reversible,True,con_mapa,columnas,194,True
o200k_base,ciclo,log,50,toon_reversible,2280,5623,45.6,reversible,True,con_mapa,columnas,149,True
cl100k_base,ciclo,log,50,json_pretty,4626,14148,92.52,reversible,True,autocontenida,,,True
cl100k_base,ciclo,log,50,json_compact,3006,9498,60.12,reversible,True,autocontenida,,,True
cl100k_base,ciclo,log,50,yaml,3616,9316,72.32,reversible,True,autocontenida,,,True
cl100k_base,ciclo,log,50,xml,4999,13583,99.98,reversible,True,con_contrato,,,True
cl100k_base,ciclo,log,50,csv,2014,5015,40.28,no_reversible,False,con_contrato,,,True
cl100k_base,ciclo,log,50,toon,3691,10159,73.82,reversible,True,autocontenida,,,True
cl100k_base,ciclo,log,50,toon_flat,2226,5487,44.52,reversible,True,con_contrato,,,True
cl100k_base,ciclo,log,50,mini,2105,4995,42.1,reversible_normalizado,True,con_contrato,,,True
cl100k_base,ciclo,log,50,xml_tipado,7021,22265,140.42,reversible,True,autocontenida,,,True
cl100k_base,ciclo,log,50,csv_reversible,2106,5278,42.12,reversible,True,con_mapa,columnas,184,True
cl100k_base,ciclo,log,50,toon_reversible,2280,5623,45.6,reversible,True,con_mapa,columnas,139,True
r50k_base,ciclo,log,50,json_pretty,7751,14148,155.02,reversible,True,autocontenida,,,True
r50k_base,ciclo,log,50,json_compact,3201,9498,64.02,reversible,True,autocontenida,,,True
r50k_base,ciclo,log,50,yaml,3857,9316,77.14,reversible,True,autocontenida,,,True
r50k_base,ciclo,log,50,xml,6478,13583,129.56,reversible,True,con_contrato,,,True
r50k_base,ciclo,log,50,csv,2267,5015,45.34,no_reversible,False,con_contrato,,,True
r50k_base,ciclo,log,50,toon,4660,10159,93.2,reversible,True,autocontenida,,,True
r50k_base,ciclo,log,50,toon_flat,2425,5487,48.5,reversible,True,con_contrato,,,True
r50k_base,ciclo,log,50,mini,2275,4995,45.5,reversible_normalizado,True,con_contrato,,,True
r50k_base,ciclo,log,50,xml_tipado,7301,22265,146.02,reversible,True,autocontenida,,,True
r50k_base,ciclo,log,50,csv_reversible,2408,5278,48.16,reversible,True,con_mapa,columnas,207,True
r50k_base,ciclo,log,50,toon_reversible,2528,5623,50.56,reversible,True,con_mapa,columnas,153,True
o200k_base,ciclo,log,100,json_pretty,9211,28203,92.11,reversible,True,autocontenida,,,True
o200k_base,ciclo,log,100,json_compact,6092,18936,60.92,reversible,True,autocontenida,,,True
o200k_base,ciclo,log,100,yaml,7200,18580,72.0,reversible,True,autocontenida,,,True
o200k_base,ciclo,log,100,xml,10077,27123,100.77,reversible,True,con_contrato,,,True
o200k_base,ciclo,log,100,csv,4016,9993,40.16,no_reversible,False,con_contrato,,,True
o200k_base,ciclo,log,100,toon,7349,20264,73.49,reversible,True,autocontenida,,,True
o200k_base,ciclo,log,100,toon_flat,4411,10866,44.11,reversible,True,con_contrato,,,True
o200k_base,ciclo,log,100,mini,4189,9958,41.89,reversible_normalizado,True,con_contrato,,,True
o200k_base,ciclo,log,100,xml_tipado,14074,44307,140.74,reversible,True,autocontenida,,,True
o200k_base,ciclo,log,100,csv_reversible,4171,10430,41.71,reversible,True,con_mapa,columnas,194,True
o200k_base,ciclo,log,100,toon_reversible,4502,11102,45.02,reversible,True,con_mapa,columnas,149,True
cl100k_base,ciclo,log,100,json_pretty,9211,28203,92.11,reversible,True,autocontenida,,,True
cl100k_base,ciclo,log,100,json_compact,5990,18936,59.9,reversible,True,autocontenida,,,True
cl100k_base,ciclo,log,100,yaml,7208,18580,72.08,reversible,True,autocontenida,,,True
cl100k_base,ciclo,log,100,xml,9977,27123,99.77,reversible,True,con_contrato,,,True
cl100k_base,ciclo,log,100,csv,4016,9993,40.16,no_reversible,False,con_contrato,,,True
cl100k_base,ciclo,log,100,toon,7357,20264,73.57,reversible,True,autocontenida,,,True
cl100k_base,ciclo,log,100,toon_flat,4411,10866,44.11,reversible,True,con_contrato,,,True
cl100k_base,ciclo,log,100,mini,4189,9958,41.89,reversible_normalizado,True,con_contrato,,,True
cl100k_base,ciclo,log,100,xml_tipado,13974,44307,139.74,reversible,True,autocontenida,,,True
cl100k_base,ciclo,log,100,csv_reversible,4170,10430,41.7,reversible,True,con_mapa,columnas,184,True
cl100k_base,ciclo,log,100,toon_reversible,4502,11102,45.02,reversible,True,con_mapa,columnas,139,True
r50k_base,ciclo,log,100,json_pretty,15449,28203,154.49,reversible,True,autocontenida,,,True
r50k_base,ciclo,log,100,json_compact,6382,18936,63.82,reversible,True,autocontenida,,,True
r50k_base,ciclo,log,100,yaml,7689,18580,76.89,reversible,True,autocontenida,,,True
r50k_base,ciclo,log,100,xml,12936,27123,129.36,reversible,True,con_contrato,,,True
r50k_base,ciclo,log,100,csv,4523,9993,45.23,no_reversible,False,con_contrato,,,True
r50k_base,ciclo,log,100,toon,9294,20264,92.94,reversible,True,autocontenida,,,True
r50k_base,ciclo,log,100,toon_flat,4806,10866,48.06,reversible,True,con_contrato,,,True
r50k_base,ciclo,log,100,mini,4531,9958,45.31,reversible_normalizado,True,con_contrato,,,True
r50k_base,ciclo,log,100,xml_tipado,14534,44307,145.34,reversible,True,autocontenida,,,True
r50k_base,ciclo,log,100,csv_reversible,4763,10430,47.63,reversible,True,con_mapa,columnas,207,True
r50k_base,ciclo,log,100,toon_reversible,4996,11102,49.96,reversible,True,con_mapa,columnas,153,True
o200k_base,ciclo,log,250,json_pretty,22962,70303,91.848,reversible,True,autocontenida,,,True
o200k_base,ciclo,log,250,json_compact,15193,47203,60.772,reversible,True,autocontenida,,,True
o200k_base,ciclo,log,250,yaml,17965,46321,71.86,reversible,True,autocontenida,,,True
o200k_base,ciclo,log,250,xml,25160,67724,100.64,reversible,True,con_contrato,,,True
o200k_base,ciclo,log,250,csv,10017,24892,40.068,no_reversible,False,con_contrato,,,True
o200k_base,ciclo,log,250,toon,18340,50533,73.36,reversible,True,autocontenida,,,True
o200k_base,ciclo,log,250,toon_flat,10962,26961,43.848,reversible,True,con_contrato,,,True
o200k_base,ciclo,log,250,mini,10441,24805,41.764,reversible_normalizado,True,con_contrato,,,True
o200k_base,ciclo,log,250,xml_tipado,35073,110374,140.292,reversible,True,autocontenida,,,True
o200k_base,ciclo,log,250,csv_reversible,10361,25851,41.444,reversible,True,con_mapa,columnas,194,True
o200k_base,ciclo,log,250,toon_reversible,11166,27497,44.664,reversible,True,con_mapa,columnas,149,True
cl100k_base,ciclo,log,250,json_pretty,22962,70303,91.848,reversible,True,autocontenida,,,True
cl100k_base,ciclo,log,250,json_compact,14941,47203,59.764,reversible,True,autocontenida,,,True
cl100k_base,ciclo,log,250,yaml,17986,46321,71.944,reversible,True,autocontenida,,,True
cl100k_base,ciclo,log,250,xml,24910,67724,99.64,reversible,True,con_contrato,,,True
cl100k_base,ciclo,log,250,csv,10017,24892,40.068,no_reversible,False,con_contrato,,,True
cl100k_base,ciclo,log,250,toon,18361,50533,73.444,reversible,True,autocontenida,,,True
cl100k_base,ciclo,log,250,toon_flat,10962,26961,43.848,reversible,True,con_contrato,,,True
cl100k_base,ciclo,log,250,mini,10441,24805,41.764,reversible_normalizado,True,con_contrato,,,True
cl100k_base,ciclo,log,250,xml_tipado,34823,110374,139.292,reversible,True,autocontenida,,,True
cl100k_base,ciclo,log,250,csv_reversible,10360,25851,41.44,reversible,True,con_mapa,columnas,184,True
cl100k_base,ciclo,log,250,toon_reversible,11166,27497,44.664,reversible,True,con_mapa,columnas,139,True
r50k_base,ciclo,log,250,json_pretty,38527,70303,154.108,reversible,True,autocontenida,,,True
r50k_base,ciclo,log,250,json_compact,15927,47203,63.708,reversible,True,autocontenida,,,True
r50k_base,ciclo,log,250,yaml,19183,46321,76.732,reversible,True,autocontenida,,,True
r50k_base,ciclo,log,250,xml,32319,67724,129.276,reversible,True,con_contrato,,,True
r50k_base,ciclo,log,250,csv,11294,24892,45.176,no_reversible,False,con_contrato,,,True
r50k_base,ciclo,log,250,toon,23203,50533,92.812,reversible,True,autocontenida,,,True
r50k_base,ciclo,log,250,toon_flat,11951,26961,47.804,reversible,True,con_contrato,,,True
r50k_base,ciclo,log,250,mini,11302,24805,45.208,reversible_normalizado,True,con_contrato,,,True
r50k_base,ciclo,log,250,xml_tipado,36227,110374,144.908,reversible,True,autocontenida,,,True
r50k_base,ciclo,log,250,csv_reversible,11834,25851,47.336,reversible,True,con_mapa,columnas,207,True
r50k_base,ciclo,log,250,toon_reversible,12404,27497,49.616,reversible,True,con_mapa,columnas,153,True
o200k_base,ciclo,map,1,json_pretty,98,256,98.0,reversible,True,autocontenida,,,False
o200k_base,ciclo,map,1,json_compact,59,167,59.0,reversible,True,autocontenida,,,False
o200k_base,ciclo,map,1,yaml,62,153,62.0,reversible,True,autocontenida,,,False
o200k_base,ciclo,map,1,xml,84,209,84.0,reversible,True,con_contrato,,,False
o200k_base,ciclo,map,1,csv,25,59,25.0,no_reversible,False,con_contrato,,,False
o200k_base,ciclo,map,1,toon,59,143,59.0,reversible,True,autocontenida,,,False
o200k_base,ciclo,map,1,toon_flat,59,143,59.0,reversible,True,con_contrato,,,False
o200k_base,ciclo,map,1,mini,45,88,45.0,reversible_normalizado,True,con_contrato,,,False
o200k_base,ciclo,map,1,xml_tipado,161,515,161.0,reversible,True,autocontenida,,,False
o200k_base,ciclo,map,1,csv_reversible,55,148,55.0,reversible,True,con_mapa,celdas,85,False
o200k_base,ciclo,map,1,toon_reversible,65,158,65.0,reversible,True,con_mapa,celdas,60,False
cl100k_base,ciclo,map,1,json_pretty,100,256,100.0,reversible,True,autocontenida,,,False
cl100k_base,ciclo,map,1,json_compact,59,167,59.0,reversible,True,autocontenida,,,False
cl100k_base,ciclo,map,1,yaml,65,153,65.0,reversible,True,autocontenida,,,False
cl100k_base,ciclo,map,1,xml,84,209,84.0,reversible,True,con_contrato,,,False
cl100k_base,ciclo,map,1,csv,26,59,26.0,no_reversible,False,con_contrato,,,False
cl100k_base,ciclo,map,1,toon,60,143,60.0,reversible,True,autocontenida,,,False
cl100k_base,ciclo,map,1,toon_flat,60,143,60.0,reversible,True,con_contrato,,,False
cl100k_base,ciclo,map,1,mini,47,88,47.0,reversible_normalizado,True,con_contrato,,,False
cl100k_base,ciclo,map,1,xml_tipado,161,515,161.0,reversible,True,autocontenida,,,False
cl100k_base,ciclo,map,1,csv_reversible,55,148,55.0,reversible,True,con_mapa,celdas,79,False
cl100k_base,ciclo,map,1,toon_reversible,66,158,66.0,reversible,True,con_mapa,celdas,54,False
r50k_base,ciclo,map,1,json_pretty,151,256,151.0,reversible,True,autocontenida,,,False
r50k_base,ciclo,map,1,json_compact,63,167,63.0,reversible,True,autocontenida,,,False
r50k_base,ciclo,map,1,yaml,74,153,74.0,reversible,True,autocontenida,,,False
r50k_base,ciclo,map,1,xml,108,209,108.0,reversible,True,con_contrato,,,False
r50k_base,ciclo,map,1,csv,30,59,30.0,no_reversible,False,con_contrato,,,False
r50k_base,ciclo,map,1,toon,73,143,73.0,reversible,True,autocontenida,,,False
r50k_base,ciclo,map,1,toon_flat,73,143,73.0,reversible,True,con_contrato,,,False
r50k_base,ciclo,map,1,mini,50,88,50.0,reversible_normalizado,True,con_contrato,,,False
r50k_base,ciclo,map,1,xml_tipado,169,515,169.0,reversible,True,autocontenida,,,False
r50k_base,ciclo,map,1,csv_reversible,67,148,67.0,reversible,True,con_mapa,celdas,93,False
r50k_base,ciclo,map,1,toon_reversible,79,158,79.0,reversible,True,con_mapa,celdas,63,False
o200k_base,ciclo,map,5,json_pretty,298,817,59.6,reversible,True,autocontenida,,,False
o200k_base,ciclo,map,5,json_compact,183,528,36.6,reversible,True,autocontenida,,,False
o200k_base,ciclo,map,5,yaml,200,494,40.0,reversible,True,autocontenida,,,False
o200k_base,ciclo,map,5,xml,320,810,64.0,reversible,True,con_contrato,,,False
o200k_base,ciclo,map,5,csv,100,228,20.0,no_reversible,False,con_contrato,,,False
o200k_base,ciclo,map,5,toon,135,320,27.0,reversible,True,autocontenida,,,False
o200k_base,ciclo,map,5,toon_flat,135,320,27.0,reversible,True,con_contrato,,,False
o200k_base,ciclo,map,5,mini,125,257,25.0,reversible_normalizado,True,con_contrato,,,False
o200k_base,ciclo,map,5,xml_tipado,477,1508,95.4,reversible,True,autocontenida,,,False
o200k_base,ciclo,map,5,csv_reversible,130,317,26.0,reversible,True,con_mapa,celdas,85,False
o200k_base,ciclo,map,5,toon_reversible,141,335,28.2,reversible,True,con_mapa,celdas,60,False
cl100k_base,ciclo,map,5,json_pretty,302,817,60.4,reversible,True,autocontenida,,,False
cl100k_base,ciclo,map,5,json_compact,185,528,37.0,reversible,True,autocontenida,,,False
cl100k_base,ciclo,map,5,yaml,204,494,40.8,reversible,True,autocontenida,,,False
cl100k_base,ciclo,map,5,xml,317,810,63.4,reversible,True,con_contrato,,,False
cl100k_base,ciclo,map,5,csv,102,228,20.4,no_reversible,False,con_contrato,,,False
cl100k_base,ciclo,map,5,toon,137,320,27.4,reversible,True,autocontenida,,,False
cl100k_base,ciclo,map,5,toon_flat,137,320,27.4,reversible,True,con_contrato,,,False
cl100k_base,ciclo,map,5,mini,129,257,25.8,reversible_normalizado,True,con_contrato,,,False
cl100k_base,ciclo,map,5,xml_tipado,474,1508,94.8,reversible,True,autocontenida,,,False
cl100k_base,ciclo,map,5,csv_reversible,131,317,26.2,reversible,True,con_mapa,celdas,79,False
cl100k_base,ciclo,map,5,toon_reversible,143,335,28.6,reversible,True,con_mapa,celdas,54,False
r50k_base,ciclo,map,5,json_pretty,479,817,95.8,reversible,True,autocontenida,,,False
r50k_base,ciclo,map,5,json_compact,195,528,39.0,reversible,True,autocontenida,,,False
r50k_base,ciclo,map,5,yaml,222,494,44.4,reversible,True,autocontenida,,,False
r50k_base,ciclo,map,5,xml,424,810,84.8,reversible,True,con_contrato,,,False
r50k_base,ciclo,map,5,csv,118,228,23.6,no_reversible,False,con_contrato,,,False
r50k_base,ciclo,map,5,toon,167,320,33.4,reversible,True,autocontenida,,,False
r50k_base,ciclo,map,5,toon_flat,167,320,33.4,reversible,True,con_contrato,,,False
r50k_base,ciclo,map,5,mini,138,257,27.6,reversible_normalizado,True,con_contrato,,,False
r50k_base,ciclo,map,5,xml_tipado,497,1508,99.4,reversible,True,autocontenida,,,False
r50k_base,ciclo,map,5,csv_reversible,155,317,31.0,reversible,True,con_mapa,celdas,93,False
r50k_base,ciclo,map,5,toon_reversible,173,335,34.6,reversible,True,con_mapa,celdas,63,False
o200k_base,ciclo,map,10,json_pretty,543,1530,54.3,reversible,True,autocontenida,,,False
o200k_base,ciclo,map,10,json_compact,333,991,33.3,reversible,True,autocontenida,,,False
o200k_base,ciclo,map,10,yaml,365,932,36.5,reversible,True,autocontenida,,,False
o200k_base,ciclo,map,10,xml,610,1573,61.0,reversible,True,con_contrato,,,False
o200k_base,ciclo,map,10,csv,189,451,18.9,no_reversible,False,con_contrato,,,False
o200k_base,ciclo,map,10,toon,226,554,22.6,reversible,True,autocontenida,,,False
o200k_base,ciclo,map,10,toon_flat,226,554,22.6,reversible,True,con_contrato,,,False
o200k_base,ciclo,map,10,mini,220,481,22.0,reversible_normalizado,True,con_contrato,,,False
o200k_base,ciclo,map,10,xml_tipado,867,2761,86.7,reversible,True,autocontenida,,,False
o200k_base,ciclo,map,10,csv_reversible,219,540,21.9,reversible,True,con_mapa,celdas,85,False
o200k_base,ciclo,map,10,toon_reversible,232,569,23.2,reversible,True,con_mapa,celdas,60,False
cl100k_base,ciclo,map,10,json_pretty,551,1530,55.1,reversible,True,autocontenida,,,False
cl100k_base,ciclo,map,10,json_compact,339,991,33.9,reversible,True,autocontenida,,,False
cl100k_base,ciclo,map,10,yaml,369,932,36.9,reversible,True,autocontenida,,,False
cl100k_base,ciclo,map,10,xml,607,1573,60.7,reversible,True,con_contrato,,,False
cl100k_base,ciclo,map,10,csv,193,451,19.3,no_reversible,False,con_contrato,,,False
cl100k_base,ciclo,map,10,toon,229,554,22.9,reversible,True,autocontenida,,,False
cl100k_base,ciclo,map,10,toon_flat,229,554,22.9,reversible,True,con_contrato,,,False
cl100k_base,ciclo,map,10,mini,228,481,22.8,reversible_normalizado,True,con_contrato,,,False
cl100k_base,ciclo,map,10,xml_tipado,864,2761,86.4,reversible,True,autocontenida,,,False
cl100k_base,ciclo,map,10,csv_reversible,222,540,22.2,reversible,True,con_mapa,celdas,79,False
cl100k_base,ciclo,map,10,toon_reversible,235,569,23.5,reversible,True,con_mapa,celdas,54,False
r50k_base,ciclo,map,10,json_pretty,886,1530,88.6,reversible,True,autocontenida,,,False
r50k_base,ciclo,map,10,json_compact,357,991,35.7,reversible,True,autocontenida,,,False
r50k_base,ciclo,map,10,yaml,394,932,39.4,reversible,True,autocontenida,,,False
r50k_base,ciclo,map,10,xml,816,1573,81.6,reversible,True,con_contrato,,,False
r50k_base,ciclo,map,10,csv,225,451,22.5,no_reversible,False,con_contrato,,,False
r50k_base,ciclo,map,10,toon,278,554,27.8,reversible,True,autocontenida,,,False
r50k_base,ciclo,map,10,toon_flat,278,554,27.8,reversible,True,con_contrato,,,False
r50k_base,ciclo,map,10,mini,245,481,24.5,reversible_normalizado,True,con_contrato,,,False
r50k_base,ciclo,map,10,xml_tipado,904,2761,90.4,reversible,True,autocontenida,,,False
r50k_base,ciclo,map,10,csv_reversible,262,540,26.2,reversible,True,con_mapa,celdas,93,False
r50k_base,ciclo,map,10,toon_reversible,284,569,28.4,reversible,True,con_mapa,celdas,63,False
o200k_base,ciclo,map,12,json_pretty,635,1810,52.916667,reversible,True,autocontenida,,,False
o200k_base,ciclo,map,12,json_compact,388,1171,32.333333,reversible,True,autocontenida,,,False
o200k_base,ciclo,map,12,yaml,428,1104,35.666667,reversible,True,autocontenida,,,False
o200k_base,ciclo,map,12,xml,712,1845,59.333333,reversible,True,con_contrato,,,False
o200k_base,ciclo,map,12,csv,220,533,18.333333,no_reversible,False,con_contrato,,,False
o200k_base,ciclo,map,12,toon,258,644,21.5,reversible,True,autocontenida,,,False
o200k_base,ciclo,map,12,toon_flat,258,644,21.5,reversible,True,con_contrato,,,False
o200k_base,ciclo,map,12,mini,252,563,21.0,reversible_normalizado,True,con_contrato,,,False
o200k_base,ciclo,map,12,xml_tipado,1018,3261,84.833333,reversible,True,autocontenida,,,False
o200k_base,ciclo,map,12,csv_reversible,272,692,22.666667,reversible,True,con_mapa,celdas,85,False
o200k_base,ciclo,map,12,toon_reversible,264,659,22.0,reversible,True,con_mapa,celdas,60,False
cl100k_base,ciclo,map,12,json_pretty,645,1810,53.75,reversible,True,autocontenida,,,False
cl100k_base,ciclo,map,12,json_compact,396,1171,33.0,reversible,True,autocontenida,,,False
cl100k_base,ciclo,map,12,yaml,433,1104,36.083333,reversible,True,autocontenida,,,False
cl100k_base,ciclo,map,12,xml,710,1845,59.166667,reversible,True,con_contrato,,,False
cl100k_base,ciclo,map,12,csv,226,533,18.833333,no_reversible,False,con_contrato,,,False
cl100k_base,ciclo,map,12,toon,262,644,21.833333,reversible,True,autocontenida,,,False
cl100k_base,ciclo,map,12,toon_flat,262,644,21.833333,reversible,True,con_contrato,,,False
cl100k_base,ciclo,map,12,mini,262,563,21.833333,reversible_normalizado,True,con_contrato,,,False
cl100k_base,ciclo,map,12,xml_tipado,1016,3261,84.666667,reversible,True,autocontenida,,,False
cl100k_base,ciclo,map,12,csv_reversible,277,692,23.083333,reversible,True,con_mapa,celdas,79,False
cl100k_base,ciclo,map,12,toon_reversible,268,659,22.333333,reversible,True,con_mapa,celdas,54,False
r50k_base,ciclo,map,12,json_pretty,1043,1810,86.916667,reversible,True,autocontenida,,,False
r50k_base,ciclo,map,12,json_compact,418,1171,34.833333,reversible,True,autocontenida,,,False
r50k_base,ciclo,map,12,yaml,462,1104,38.5,reversible,True,autocontenida,,,False
r50k_base,ciclo,map,12,xml,958,1845,79.833333,reversible,True,con_contrato,,,False
r50k_base,ciclo,map,12,csv,263,533,21.916667,no_reversible,False,con_contrato,,,False
r50k_base,ciclo,map,12,toon,319,644,26.583333,reversible,True,autocontenida,,,False
r50k_base,ciclo,map,12,toon_flat,319,644,26.583333,reversible,True,con_contrato,,,False
r50k_base,ciclo,map,12,mini,283,563,23.583333,reversible_normalizado,True,con_contrato,,,False
r50k_base,ciclo,map,12,xml_tipado,1063,3261,88.583333,reversible,True,autocontenida,,,False
r50k_base,ciclo,map,12,csv_reversible,323,692,26.916667,reversible,True,con_mapa,celdas,93,False
r50k_base,ciclo,map,12,toon_reversible,325,659,27.083333,reversible,True,con_mapa,celdas,63,False
o200k_base,ciclo,map,25,json_pretty,1266,3624,50.64,reversible,True,autocontenida,,,True
o200k_base,ciclo,map,25,json_compact,773,2335,30.92,reversible,True,autocontenida,,,True
o200k_base,ciclo,map,25,yaml,856,2205,34.24,reversible,True,autocontenida,,,True
o200k_base,ciclo,map,25,xml,1452,3761,58.08,reversible,True,con_contrato,,,True
o200k_base,ciclo,map,25,csv,445,1071,17.8,no_reversible,False,con_contrato,,,True
o200k_base,ciclo,map,25,toon,489,1212,19.56,reversible,True,autocontenida,,,True
o200k_base,ciclo,map,25,toon_flat,489,1212,19.56,reversible,True,con_contrato,,,True
o200k_base,ciclo,map,25,mini,491,1101,19.64,reversible_normalizado,True,con_contrato,,,True
o200k_base,ciclo,map,25,xml_tipado,2027,6483,81.08,reversible,True,autocontenida,,,True
o200k_base,ciclo,map,25,csv_reversible,524,1306,20.96,reversible,True,con_mapa,celdas,85,True
o200k_base,ciclo,map,25,toon_reversible,495,1227,19.8,reversible,True,con_mapa,celdas,60,True
cl100k_base,ciclo,map,25,json_pretty,1288,3624,51.52,reversible,True,autocontenida,,,True
cl100k_base,ciclo,map,25,json_compact,793,2335,31.72,reversible,True,autocontenida,,,True
cl100k_base,ciclo,map,25,yaml,869,2205,34.76,reversible,True,autocontenida,,,True
cl100k_base,ciclo,map,25,xml,1448,3761,57.92,reversible,True,con_contrato,,,True
cl100k_base,ciclo,map,25,csv,458,1071,18.32,no_reversible,False,con_contrato,,,True
cl100k_base,ciclo,map,25,toon,498,1212,19.92,reversible,True,autocontenida,,,True
cl100k_base,ciclo,map,25,toon_flat,498,1212,19.92,reversible,True,con_contrato,,,True
cl100k_base,ciclo,map,25,mini,513,1101,20.52,reversible_normalizado,True,con_contrato,,,True
cl100k_base,ciclo,map,25,xml_tipado,2023,6483,80.92,reversible,True,autocontenida,,,True
cl100k_base,ciclo,map,25,csv_reversible,536,1306,21.44,reversible,True,con_mapa,celdas,79,True
cl100k_base,ciclo,map,25,toon_reversible,504,1227,20.16,reversible,True,con_mapa,celdas,54,True
r50k_base,ciclo,map,25,json_pretty,2095,3624,83.8,reversible,True,autocontenida,,,True
r50k_base,ciclo,map,25,json_compact,835,2335,33.4,reversible,True,autocontenida,,,True
r50k_base,ciclo,map,25,yaml,922,2205,36.88,reversible,True,autocontenida,,,True
r50k_base,ciclo,map,25,xml,1962,3761,78.48,reversible,True,con_contrato,,,True
r50k_base,ciclo,map,25,csv,536,1071,21.44,no_reversible,False,con_contrato,,,True
r50k_base,ciclo,map,25,toon,609,1212,24.36,reversible,True,autocontenida,,,True
r50k_base,ciclo,map,25,toon_flat,609,1212,24.36,reversible,True,con_contrato,,,True
r50k_base,ciclo,map,25,mini,556,1101,22.24,reversible_normalizado,True,con_contrato,,,True
r50k_base,ciclo,map,25,xml_tipado,2117,6483,84.68,reversible,True,autocontenida,,,True
r50k_base,ciclo,map,25,csv_reversible,621,1306,24.84,reversible,True,con_mapa,celdas,93,True
r50k_base,ciclo,map,25,toon_reversible,615,1227,24.6,reversible,True,con_mapa,celdas,63,True
o200k_base,ciclo,map,50,json_pretty,2483,7126,49.66,reversible,True,autocontenida,,,True
o200k_base,ciclo,map,50,json_compact,1517,4587,30.34,reversible,True,autocontenida,,,True
o200k_base,ciclo,map,50,yaml,1684,4336,33.68,reversible,True,autocontenida,,,True
o200k_base,ciclo,map,50,xml,2878,7457,57.56,reversible,True,con_contrato,,,True
o200k_base,ciclo,map,50,csv,883,2119,17.66,no_reversible,False,con_contrato,,,True
o200k_base,ciclo,map,50,toon,937,2318,18.74,reversible,True,autocontenida,,,True
o200k_base,ciclo,map,50,toon_flat,937,2318,18.74,reversible,True,con_contrato,,,True
o200k_base,ciclo,map,50,mini,956,2149,19.12,reversible_normalizado,True,con_contrato,,,True
o200k_base,ciclo,map,50,xml_tipado,3971,12693,79.42,reversible,True,autocontenida,,,True
o200k_base,ciclo,map,50,csv_reversible,1010,2500,20.2,reversible,True,con_mapa,celdas,85,True
o200k_base,ciclo,map,50,toon_reversible,943,2333,18.86,reversible,True,con_mapa,celdas,60,True
cl100k_base,ciclo,map,50,json_pretty,2525,7126,50.5,reversible,True,autocontenida,,,True
cl100k_base,ciclo,map,50,json_compact,1557,4587,31.14,reversible,True,autocontenida,,,True
cl100k_base,ciclo,map,50,yaml,1707,4336,34.14,reversible,True,autocontenida,,,True
cl100k_base,ciclo,map,50,xml,2869,7457,57.38,reversible,True,con_contrato,,,True
cl100k_base,ciclo,map,50,csv,908,2119,18.16,no_reversible,False,con_contrato,,,True
cl100k_base,ciclo,map,50,toon,954,2318,19.08,reversible,True,autocontenida,,,True
cl100k_base,ciclo,map,50,toon_flat,954,2318,19.08,reversible,True,con_contrato,,,True
cl100k_base,ciclo,map,50,mini,998,2149,19.96,reversible_normalizado,True,con_contrato,,,True
cl100k_base,ciclo,map,50,xml_tipado,3962,12693,79.24,reversible,True,autocontenida,,,True
cl100k_base,ciclo,map,50,csv_reversible,1034,2500,20.68,reversible,True,con_mapa,celdas,79,True
cl100k_base,ciclo,map,50,toon_reversible,960,2333,19.2,reversible,True,con_mapa,celdas,54,True
r50k_base,ciclo,map,50,json_pretty,4119,7126,82.38,reversible,True,autocontenida,,,True
r50k_base,ciclo,map,50,json_compact,1638,4587,32.76,reversible,True,autocontenida,,,True
r50k_base,ciclo,map,50,yaml,1806,4336,36.12,reversible,True,autocontenida,,,True
r50k_base,ciclo,map,50,xml,3893,7457,77.86,reversible,True,con_contrato,,,True
r50k_base,ciclo,map,50,csv,1062,2119,21.24,no_reversible,False,con_contrato,,,True
r50k_base,ciclo,map,50,toon,1167,2318,23.34,reversible,True,autocontenida,,,True
r50k_base,ciclo,map,50,toon_flat,1167,2318,23.34,reversible,True,con_contrato,,,True
r50k_base,ciclo,map,50,mini,1082,2149,21.64,reversible_normalizado,True,con_contrato,,,True
r50k_base,ciclo,map,50,xml_tipado,4145,12693,82.9,reversible,True,autocontenida,,,True
r50k_base,ciclo,map,50,csv_reversible,1195,2500,23.9,reversible,True,con_mapa,celdas,93,True
r50k_base,ciclo,map,50,toon_reversible,1173,2333,23.46,reversible,True,con_mapa,celdas,63,True
o200k_base,ciclo,map,100,json_pretty,4920,14147,49.2,reversible,True,autocontenida,,,True
o200k_base,ciclo,map,100,json_compact,3008,9108,30.08,reversible,True,autocontenida,,,True
o200k_base,ciclo,map,100,yaml,3341,8615,33.41,reversible,True,autocontenida,,,True
o200k_base,ciclo,map,100,xml,5733,14866,57.33,reversible,True,con_contrato,,,True
o200k_base,ciclo,map,100,csv,1761,4232,17.61,no_reversible,False,con_contrato,,,True
o200k_base,ciclo,map,100,toon,1836,4548,18.36,reversible,True,autocontenida,,,True
o200k_base,ciclo,map,100,toon_flat,1836,4548,18.36,reversible,True,con_contrato,,,True
o200k_base,ciclo,map,100,mini,1889,4263,18.89,reversible_normalizado,True,con_contrato,,,True
o200k_base,ciclo,map,100,xml_tipado,7862,25130,78.62,reversible,True,autocontenida,,,True
o200k_base,ciclo,map,100,csv_reversible,1984,4905,19.84,reversible,True,con_mapa,celdas,85,True
o200k_base,ciclo,map,100,toon_reversible,1842,4563,18.42,reversible,True,con_mapa,celdas,60,True
cl100k_base,ciclo,map,100,json_pretty,5003,14147,50.03,reversible,True,autocontenida,,,True
cl100k_base,ciclo,map,100,json_compact,3089,9108,30.89,reversible,True,autocontenida,,,True
cl100k_base,ciclo,map,100,yaml,3385,8615,33.85,reversible,True,autocontenida,,,True
cl100k_base,ciclo,map,100,xml,5715,14866,57.15,reversible,True,con_contrato,,,True
cl100k_base,ciclo,map,100,csv,1811,4232,18.11,no_reversible,False,con_contrato,,,True
cl100k_base,ciclo,map,100,toon,1870,4548,18.7,reversible,True,autocontenida,,,True
cl100k_base,ciclo,map,100,toon_flat,1870,4548,18.7,reversible,True,con_contrato,,,True
cl100k_base,ciclo,map,100,mini,1972,4263,19.72,reversible_normalizado,True,con_contrato,,,True
cl100k_base,ciclo,map,100,xml_tipado,7844,25130,78.44,reversible,True,autocontenida,,,True
cl100k_base,ciclo,map,100,csv_reversible,2033,4905,20.33,reversible,True,con_mapa,celdas,79,True
cl100k_base,ciclo,map,100,toon_reversible,1876,4563,18.76,reversible,True,con_mapa,celdas,54,True
r50k_base,ciclo,map,100,json_pretty,8173,14147,81.73,reversible,True,autocontenida,,,True
r50k_base,ciclo,map,100,json_compact,3250,9108,32.5,reversible,True,autocontenida,,,True
r50k_base,ciclo,map,100,yaml,3577,8615,35.77,reversible,True,autocontenida,,,True
r50k_base,ciclo,map,100,xml,7761,14866,77.61,reversible,True,con_contrato,,,True
r50k_base,ciclo,map,100,csv,2120,4232,21.2,no_reversible,False,con_contrato,,,True
r50k_base,ciclo,map,100,toon,2288,4548,22.88,reversible,True,autocontenida,,,True
r50k_base,ciclo,map,100,toon_flat,2288,4548,22.88,reversible,True,con_contrato,,,True
r50k_base,ciclo,map,100,mini,2140,4263,21.4,reversible_normalizado,True,con_contrato,,,True
r50k_base,ciclo,map,100,xml_tipado,8207,25130,82.07,reversible,True,autocontenida,,,True
r50k_base,ciclo,map,100,csv_reversible,2349,4905,23.49,reversible,True,con_mapa,celdas,93,True
r50k_base,ciclo,map,100,toon_reversible,2294,4563,22.94,reversible,True,con_mapa,celdas,63,True
o200k_base,ciclo,map,250,json_pretty,12223,35210,48.892,reversible,True,autocontenida,,,True
o200k_base,ciclo,map,250,json_compact,7473,22671,29.892,reversible,True,autocontenida,,,True
o200k_base,ciclo,map,250,yaml,8305,21452,33.22,reversible,True,autocontenida,,,True
o200k_base,ciclo,map,250,xml,14290,37093,57.16,reversible,True,con_contrato,,,True
o200k_base,ciclo,map,250,csv,4389,10571,17.556,no_reversible,False,con_contrato,,,True
o200k_base,ciclo,map,250,toon,4526,11235,18.104,reversible,True,autocontenida,,,True
o200k_base,ciclo,map,250,toon_flat,4526,11235,18.104,reversible,True,con_contrato,,,True
o200k_base,ciclo,map,250,mini,4680,10602,18.72,reversible_normalizado,True,con_contrato,,,True
o200k_base,ciclo,map,250,xml_tipado,19527,62441,78.108,reversible,True,autocontenida,,,True
o200k_base,ciclo,map,250,csv_reversible,4900,12120,19.6,reversible,True,con_mapa,celdas,85,True
o200k_base,ciclo,map,250,toon_reversible,4532,11250,18.128,reversible,True,con_mapa,celdas,60,True
cl100k_base,ciclo,map,250,json_pretty,12431,35210,49.724,reversible,True,autocontenida,,,True
cl100k_base,ciclo,map,250,json_compact,7679,22671,30.716,reversible,True,autocontenida,,,True
cl100k_base,ciclo,map,250,yaml,8409,21452,33.636,reversible,True,autocontenida,,,True
cl100k_base,ciclo,map,250,xml,14247,37093,56.988,reversible,True,con_contrato,,,True
cl100k_base,ciclo,map,250,csv,4513,10571,18.052,no_reversible,False,con_contrato,,,True
cl100k_base,ciclo,map,250,toon,4609,11235,18.436,reversible,True,autocontenida,,,True
cl100k_base,ciclo,map,250,toon_flat,4609,11235,18.436,reversible,True,con_contrato,,,True
cl100k_base,ciclo,map,250,mini,4888,10602,19.552,reversible_normalizado,True,con_contrato,,,True
cl100k_base,ciclo,map,250,xml_tipado,19484,62441,77.936,reversible,True,autocontenida,,,True
cl100k_base,ciclo,map,250,csv_reversible,5023,12120,20.092,reversible,True,con_mapa,celdas,79,True
cl100k_base,ciclo,map,250,toon_reversible,4615,11250,18.46,reversible,True,con_mapa,celdas,54,True
r50k_base,ciclo,map,250,json_pretty,20326,35210,81.304,reversible,True,autocontenida,,,True
r50k_base,ciclo,map,250,json_compact,8077,22671,32.308,reversible,True,autocontenida,,,True
r50k_base,ciclo,map,250,yaml,8874,21452,35.496,reversible,True,autocontenida,,,True
r50k_base,ciclo,map,250,xml,19356,37093,77.424,reversible,True,con_contrato,,,True
r50k_base,ciclo,map,250,csv,5285,10571,21.14,no_reversible,False,con_contrato,,,True
r50k_base,ciclo,map,250,toon,5638,11235,22.552,reversible,True,autocontenida,,,True
r50k_base,ciclo,map,250,toon_flat,5638,11235,22.552,reversible,True,con_contrato,,,True
r50k_base,ciclo,map,250,mini,5305,10602,21.22,reversible_normalizado,True,con_contrato,,,True
r50k_base,ciclo,map,250,xml_tipado,20384,62441,81.536,reversible,True,autocontenida,,,True
r50k_base,ciclo,map,250,csv_reversible,5802,12120,23.208,reversible,True,con_mapa,celdas,93,True
r50k_base,ciclo,map,250,toon_reversible,5644,11250,22.576,reversible,True,con_mapa,celdas,63,True
o200k_base,ciclo,ner,1,json_pretty,102,274,102.0,reversible,True,autocontenida,,,False
o200k_base,ciclo,ner,1,json_compact,60,177,60.0,reversible,True,autocontenida,,,False
o200k_base,ciclo,ner,1,yaml,70,166,70.0,reversible,True,autocontenida,,,False
o200k_base,ciclo,ner,1,xml,88,224,88.0,reversible,True,con_contrato,,,False
o200k_base,ciclo,ner,1,csv,23,57,23.0,no_reversible,False,con_contrato,,,False
o200k_base,ciclo,ner,1,toon,61,153,61.0,reversible,True,autocontenida,,,False
o200k_base,ciclo,ner,1,toon_flat,61,153,61.0,reversible,True,con_contrato,,,False
o200k_base,ciclo,ner,1,mini,44,94,44.0,reversible_normalizado,True,con_contrato,,,False
o200k_base,ciclo,ner,1,xml_tipado,171,568,171.0,reversible,True,autocontenida,,,False
o200k_base,ciclo,ner,1,csv_reversible,57,156,57.0,reversible,True,con_mapa,celdas,98,False
o200k_base,ciclo,ner,1,toon_reversible,71,171,71.0,reversible,True,con_mapa,celdas,68,False
cl100k_base,ciclo,ner,1,json_pretty,103,274,103.0,reversible,True,autocontenida,,,False
cl100k_base,ciclo,ner,1,json_compact,59,177,59.0,reversible,True,autocontenida,,,False
cl100k_base,ciclo,ner,1,yaml,70,166,70.0,reversible,True,autocontenida,,,False
cl100k_base,ciclo,ner,1,xml,89,224,89.0,reversible,True,con_contrato,,,False
cl100k_base,ciclo,ner,1,csv,23,57,23.0,no_reversible,False,con_contrato,,,False
cl100k_base,ciclo,ner,1,toon,61,153,61.0,reversible,True,autocontenida,,,False
cl100k_base,ciclo,ner,1,toon_flat,61,153,61.0,reversible,True,con_contrato,,,False
cl100k_base,ciclo,ner,1,mini,45,94,45.0,reversible_normalizado,True,con_contrato,,,False
cl100k_base,ciclo,ner,1,xml_tipado,172,568,172.0,reversible,True,autocontenida,,,False
cl100k_base,ciclo,ner,1,csv_reversible,57,156,57.0,reversible,True,con_mapa,celdas,91,False
cl100k_base,ciclo,ner,1,toon_reversible,71,171,71.0,reversible,True,con_mapa,celdas,61,False
r50k_base,ciclo,ner,1,json_pretty,158,274,158.0,reversible,True,autocontenida,,,False
r50k_base,ciclo,ner,1,json_compact,65,177,65.0,reversible,True,autocontenida,,,False
r50k_base,ciclo,ner,1,yaml,74,166,74.0,reversible,True,autocontenida,,,False
r50k_base,ciclo,ner,1,xml,115,224,115.0,reversible,True,con_contrato,,,False
r50k_base,ciclo,ner,1,csv,29,57,29.0,no_reversible,False,con_contrato,,,False
r50k_base,ciclo,ner,1,toon,73,153,73.0,reversible,True,autocontenida,,,False
r50k_base,ciclo,ner,1,toon_flat,73,153,73.0,reversible,True,con_contrato,,,False
r50k_base,ciclo,ner,1,mini,51,94,51.0,reversible_normalizado,True,con_contrato,,,False
r50k_base,ciclo,ner,1,xml_tipado,180,568,180.0,reversible,True,autocontenida,,,False
r50k_base,ciclo,ner,1,csv_reversible,70,156,70.0,reversible,True,con_mapa,celdas,107,False
r50k_base,ciclo,ner,1,toon_reversible,80,171,80.0,reversible,True,con_mapa,celdas,71,False
o200k_base,ciclo,ner,5,json_pretty,303,812,60.6,reversible,True,autocontenida,,,False
o200k_base,ciclo,ner,5,json_compact,173,483,34.6,reversible,True,autocontenida,,,False
o200k_base,ciclo,ner,5,yaml,219,466,43.8,reversible,True,autocontenida,,,False
o200k_base,ciclo,ner,5,xml,324,802,64.8,reversible,True,con_contrato,,,False
o200k_base,ciclo,ner,5,csv,87,167,17.4,no_reversible,False,con_contrato,,,False
o200k_base,ciclo,ner,5,toon,129,273,25.8,reversible,True,autocontenida,,,False
o200k_base,ciclo,ner,5,toon_flat,129,273,25.8,reversible,True,con_contrato,,,False
o200k_base,ciclo,ner,5,mini,109,204,21.8,reversible_normalizado,True,con_contrato,,,False
o200k_base,ciclo,ner,5,xml_tipado,511,1678,102.2,reversible,True,autocontenida,,,False
o200k_base,ciclo,ner,5,csv_reversible,121,266,24.2,reversible,True,con_mapa,celdas,98,False
o200k_base,ciclo,ner,5,toon_reversible,139,291,27.8,reversible,True,con_mapa,celdas,68,False
cl100k_base,ciclo,ner,5,json_pretty,303,812,60.6,reversible,True,autocontenida,,,False
cl100k_base,ciclo,ner,5,json_compact,171,483,34.2,reversible,True,autocontenida,,,False
cl100k_base,ciclo,ner,5,yaml,218,466,43.6,reversible,True,autocontenida,,,False
cl100k_base,ciclo,ner,5,xml,324,802,64.8,reversible,True,con_contrato,,,False
cl100k_base,ciclo,ner,5,csv,86,167,17.2,no_reversible,False,con_contrato,,,False
cl100k_base,ciclo,ner,5,toon,128,273,25.6,reversible,True,autocontenida,,,False
cl100k_base,ciclo,ner,5,toon_flat,128,273,25.6,reversible,True,con_contrato,,,False
cl100k_base,ciclo,ner,5,mini,109,204,21.8,reversible_normalizado,True,con_contrato,,,False
cl100k_base,ciclo,ner,5,xml_tipado,511,1678,102.2,reversible,True,autocontenida,,,False
cl100k_base,ciclo,ner,5,csv_reversible,120,266,24.0,reversible,True,con_mapa,celdas,91,False
cl100k_base,ciclo,ner,5,toon_reversible,138,291,27.6,reversible,True,con_mapa,celdas,61,False
r50k_base,ciclo,ner,5,json_pretty,491,812,98.2,reversible,True,autocontenida,,,False
r50k_base,ciclo,ner,5,json_compact,182,483,36.4,reversible,True,autocontenida,,,False
r50k_base,ciclo,ner,5,yaml,213,466,42.6,reversible,True,autocontenida,,,False
r50k_base,ciclo,ner,5,xml,440,802,88.0,reversible,True,con_contrato,,,False
r50k_base,ciclo,ner,5,csv,98,167,19.6,no_reversible,False,con_contrato,,,False
r50k_base,ciclo,ner,5,toon,146,273,29.2,reversible,True,autocontenida,,,False
r50k_base,ciclo,ner,5,toon_flat,146,273,29.2,reversible,True,con_contrato,,,False
r50k_base,ciclo,ner,5,mini,120,204,24.0,reversible_normalizado,True,con_contrato,,,False
r50k_base,ciclo,ner,5,xml_tipado,529,1678,105.8,reversible,True,autocontenida,,,False
r50k_base,ciclo,ner,5,csv_reversible,139,266,27.8,reversible,True,con_mapa,celdas,107,False
r50k_base,ciclo,ner,5,toon_reversible,153,291,30.6,reversible,True,con_mapa,celdas,71,False
o200k_base,ciclo,ner,10,json_pretty,554,1482,55.4,reversible,True,autocontenida,,,False
o200k_base,ciclo,ner,10,json_compact,314,863,31.4,reversible,True,autocontenida,,,False
o200k_base,ciclo,ner,10,yaml,404,836,40.4,reversible,True,autocontenida,,,False
o200k_base,ciclo,ner,10,xml,619,1522,61.9,reversible,True,con_contrato,,,False
o200k_base,ciclo,ner,10,csv,167,302,16.7,no_reversible,False,con_contrato,,,False
o200k_base,ciclo,ner,10,toon,214,419,21.4,reversible,True,autocontenida,,,False
o200k_base,ciclo,ner,10,toon_flat,214,419,21.4,reversible,True,con_contrato,,,False
o200k_base,ciclo,ner,10,mini,190,340,19.0,reversible_normalizado,True,con_contrato,,,False
o200k_base,ciclo,ner,10,xml_tipado,936,3063,93.6,reversible,True,autocontenida,,,False
o200k_base,ciclo,ner,10,csv_reversible,201,401,20.1,reversible,True,con_mapa,celdas,98,False
o200k_base,ciclo,ner,10,toon_reversible,224,437,22.4,reversible,True,con_mapa,celdas,68,False
cl100k_base,ciclo,ner,10,json_pretty,555,1482,55.5,reversible,True,autocontenida,,,False
cl100k_base,ciclo,ner,10,json_compact,313,863,31.3,reversible,True,autocontenida,,,False
cl100k_base,ciclo,ner,10,yaml,404,836,40.4,reversible,True,autocontenida,,,False
cl100k_base,ciclo,ner,10,xml,620,1522,62.0,reversible,True,con_contrato,,,False
cl100k_base,ciclo,ner,10,csv,167,302,16.7,no_reversible,False,con_contrato,,,False
cl100k_base,ciclo,ner,10,toon,214,419,21.4,reversible,True,autocontenida,,,False
cl100k_base,ciclo,ner,10,toon_flat,214,419,21.4,reversible,True,con_contrato,,,False
cl100k_base,ciclo,ner,10,mini,191,340,19.1,reversible_normalizado,True,con_contrato,,,False
cl100k_base,ciclo,ner,10,xml_tipado,937,3063,93.7,reversible,True,autocontenida,,,False
cl100k_base,ciclo,ner,10,csv_reversible,201,401,20.1,reversible,True,con_mapa,celdas,91,False
cl100k_base,ciclo,ner,10,toon_reversible,224,437,22.4,reversible,True,con_mapa,celdas,61,False
r50k_base,ciclo,ner,10,json_pretty,905,1482,90.5,reversible,True,autocontenida,,,False
r50k_base,ciclo,ner,10,json_compact,326,863,32.6,reversible,True,autocontenida,,,False
r50k_base,ciclo,ner,10,yaml,385,836,38.5,reversible,True,autocontenida,,,False
r50k_base,ciclo,ner,10,xml,844,1522,84.4,reversible,True,con_contrato,,,False
r50k_base,ciclo,ner,10,csv,182,302,18.2,no_reversible,False,con_contrato,,,False
r50k_base,ciclo,ner,10,toon,235,419,23.5,reversible,True,autocontenida,,,False
r50k_base,ciclo,ner,10,toon_flat,235,419,23.5,reversible,True,con_contrato,,,False
r50k_base,ciclo,ner,10,mini,204,340,20.4,reversible_normalizado,True,con_contrato,,,False
r50k_base,ciclo,ner,10,xml_tipado,963,3063,96.3,reversible,True,autocontenida,,,False
r50k_base,ciclo,ner,10,csv_reversible,223,401,22.3,reversible,True,con_mapa,celdas,107,False
r50k_base,ciclo,ner,10,toon_reversible,242,437,24.2,reversible,True,con_mapa,celdas,71,False
o200k_base,ciclo,ner,12,json_pretty,659,1766,54.916667,reversible,True,autocontenida,,,False
o200k_base,ciclo,ner,12,json_compact,375,1031,31.25,reversible,True,autocontenida,,,False
o200k_base,ciclo,ner,12,yaml,481,1000,40.083333,reversible,True,autocontenida,,,False
o200k_base,ciclo,ner,12,xml,742,1826,61.833333,reversible,True,con_contrato,,,False
o200k_base,ciclo,ner,12,csv,204,372,17.0,no_reversible,False,con_contrato,,,False
o200k_base,ciclo,ner,12,toon,253,493,21.083333,reversible,True,autocontenida,,,False
o200k_base,ciclo,ner,12,toon_flat,253,493,21.083333,reversible,True,con_contrato,,,False
o200k_base,ciclo,ner,12,mini,227,410,18.916667,reversible_normalizado,True,con_contrato,,,False
o200k_base,ciclo,ner,12,xml_tipado,1111,3633,92.583333,reversible,True,autocontenida,,,False
o200k_base,ciclo,ner,12,csv_reversible,238,471,19.833333,reversible,True,con_mapa,celdas,98,False
o200k_base,ciclo,ner,12,toon_reversible,263,511,21.916667,reversible,True,con_mapa,celdas,68,False
cl100k_base,ciclo,ner,12,json_pretty,661,1766,55.083333,reversible,True,autocontenida,,,False
cl100k_base,ciclo,ner,12,json_compact,375,1031,31.25,reversible,True,autocontenida,,,False
cl100k_base,ciclo,ner,12,yaml,482,1000,40.166667,reversible,True,autocontenida,,,False
cl100k_base,ciclo,ner,12,xml,743,1826,61.916667,reversible,True,con_contrato,,,False
cl100k_base,ciclo,ner,12,csv,204,372,17.0,no_reversible,False,con_contrato,,,False
cl100k_base,ciclo,ner,12,toon,253,493,21.083333,reversible,True,autocontenida,,,False
cl100k_base,ciclo,ner,12,toon_flat,253,493,21.083333,reversible,True,con_contrato,,,False
cl100k_base,ciclo,ner,12,mini,229,410,19.083333,reversible_normalizado,True,con_contrato,,,False
cl100k_base,ciclo,ner,12,xml_tipado,1112,3633,92.666667,reversible,True,autocontenida,,,False
cl100k_base,ciclo,ner,12,csv_reversible,238,471,19.833333,reversible,True,con_mapa,celdas,91,False
cl100k_base,ciclo,ner,12,toon_reversible,263,511,21.916667,reversible,True,con_mapa,celdas,61,False
r50k_base,ciclo,ner,12,json_pretty,1077,1766,89.75,reversible,True,autocontenida,,,False
r50k_base,ciclo,ner,12,json_compact,390,1031,32.5,reversible,True,autocontenida,,,False
r50k_base,ciclo,ner,12,yaml,459,1000,38.25,reversible,True,autocontenida,,,False
r50k_base,ciclo,ner,12,xml,1012,1826,84.333333,reversible,True,con_contrato,,,False
r50k_base,ciclo,ner,12,csv,222,372,18.5,no_reversible,False,con_contrato,,,False
r50k_base,ciclo,ner,12,toon,277,493,23.083333,reversible,True,autocontenida,,,False
r50k_base,ciclo,ner,12,toon_flat,277,493,23.083333,reversible,True,con_contrato,,,False
r50k_base,ciclo,ner,12,mini,244,410,20.333333,reversible_normalizado,True,con_contrato,,,False
r50k_base,ciclo,ner,12,xml_tipado,1143,3633,95.25,reversible,True,autocontenida,,,False
r50k_base,ciclo,ner,12,csv_reversible,263,471,21.916667,reversible,True,con_mapa,celdas,107,False
r50k_base,ciclo,ner,12,toon_reversible,284,511,23.666667,reversible,True,con_mapa,celdas,71,False
o200k_base,ciclo,ner,25,json_pretty,1316,3530,52.64,reversible,True,autocontenida,,,True
o200k_base,ciclo,ner,25,json_compact,746,2041,29.84,reversible,True,autocontenida,,,True
o200k_base,ciclo,ner,25,yaml,964,1986,38.56,reversible,True,autocontenida,,,True
o200k_base,ciclo,ner,25,xml,1514,3720,60.56,reversible,True,con_contrato,,,True
o200k_base,ciclo,ner,25,csv,417,745,16.68,no_reversible,False,con_contrato,,,True
o200k_base,ciclo,ner,25,toon,479,894,19.16,reversible,True,autocontenida,,,True
o200k_base,ciclo,ner,25,toon_flat,479,894,19.16,reversible,True,con_contrato,,,True
o200k_base,ciclo,ner,25,mini,442,783,17.68,reversible_normalizado,True,con_contrato,,,True
o200k_base,ciclo,ner,25,xml_tipado,2221,7256,88.84,reversible,True,autocontenida,,,True
o200k_base,ciclo,ner,25,csv_reversible,451,844,18.04,reversible,True,con_mapa,celdas,98,True
o200k_base,ciclo,ner,25,toon_reversible,489,912,19.56,reversible,True,con_mapa,celdas,68,True
cl100k_base,ciclo,ner,25,json_pretty,1319,3530,52.76,reversible,True,autocontenida,,,True
cl100k_base,ciclo,ner,25,json_compact,747,2041,29.88,reversible,True,autocontenida,,,True
cl100k_base,ciclo,ner,25,yaml,966,1986,38.64,reversible,True,autocontenida,,,True
cl100k_base,ciclo,ner,25,xml,1515,3720,60.6,reversible,True,con_contrato,,,True
cl100k_base,ciclo,ner,25,csv,417,745,16.68,no_reversible,False,con_contrato,,,True
cl100k_base,ciclo,ner,25,toon,479,894,19.16,reversible,True,autocontenida,,,True
cl100k_base,ciclo,ner,25,toon_flat,479,894,19.16,reversible,True,con_contrato,,,True
cl100k_base,ciclo,ner,25,mini,445,783,17.8,reversible_normalizado,True,con_contrato,,,True
cl100k_base,ciclo,ner,25,xml_tipado,2222,7256,88.88,reversible,True,autocontenida,,,True
cl100k_base,ciclo,ner,25,csv_reversible,451,844,18.04,reversible,True,con_mapa,celdas,91,True
cl100k_base,ciclo,ner,25,toon_reversible,489,912,19.56,reversible,True,con_mapa,celdas,61,True
r50k_base,ciclo,ner,25,json_pretty,2164,3530,86.56,reversible,True,autocontenida,,,True
r50k_base,ciclo,ner,25,json_compact,775,2041,31.0,reversible,True,autocontenida,,,True
r50k_base,ciclo,ner,25,yaml,912,1986,36.48,reversible,True,autocontenida,,,True
r50k_base,ciclo,ner,25,xml,2073,3720,82.92,reversible,True,con_contrato,,,True
r50k_base,ciclo,ner,25,csv,451,745,18.04,no_reversible,False,con_contrato,,,True
r50k_base,ciclo,ner,25,toon,519,894,20.76,reversible,True,autocontenida,,,True
r50k_base,ciclo,ner,25,toon_flat,519,894,20.76,reversible,True,con_contrato,,,True
r50k_base,ciclo,ner,25,mini,473,783,18.92,reversible_normalizado,True,con_contrato,,,True
r50k_base,ciclo,ner,25,xml_tipado,2282,7256,91.28,reversible,True,autocontenida,,,True
r50k_base,ciclo,ner,25,csv_reversible,492,844,19.68,reversible,True,con_mapa,celdas,107,True
r50k_base,ciclo,ner,25,toon_reversible,526,912,21.04,reversible,True,con_mapa,celdas,71,True
o200k_base,ciclo,ner,50,json_pretty,2580,6941,51.6,reversible,True,autocontenida,,,True
o200k_base,ciclo,ner,50,json_compact,1460,4002,29.2,reversible,True,autocontenida,,,True
o200k_base,ciclo,ner,50,yaml,1896,3901,37.92,reversible,True,autocontenida,,,True
o200k_base,ciclo,ner,50,xml,2999,7381,59.98,reversible,True,con_contrato,,,True
o200k_base,ciclo,ner,50,csv,827,1481,16.54,no_reversible,False,con_contrato,,,True
o200k_base,ciclo,ner,50,toon,914,1684,18.28,reversible,True,autocontenida,,,True
o200k_base,ciclo,ner,50,toon_flat,914,1684,18.28,reversible,True,con_contrato,,,True
o200k_base,ciclo,ner,50,mini,856,1519,17.12,reversible_normalizado,True,con_contrato,,,True
o200k_base,ciclo,ner,50,xml_tipado,4356,14242,87.12,reversible,True,autocontenida,,,True
o200k_base,ciclo,ner,50,csv_reversible,861,1580,17.22,reversible,True,con_mapa,celdas,98,True
o200k_base,ciclo,ner,50,toon_reversible,924,1702,18.48,reversible,True,con_mapa,celdas,68,True
cl100k_base,ciclo,ner,50,json_pretty,2585,6941,51.7,reversible,True,autocontenida,,,True
cl100k_base,ciclo,ner,50,json_compact,1463,4002,29.26,reversible,True,autocontenida,,,True
cl100k_base,ciclo,ner,50,yaml,1900,3901,38.0,reversible,True,autocontenida,,,True
cl100k_base,ciclo,ner,50,xml,3000,7381,60.0,reversible,True,con_contrato,,,True
cl100k_base,ciclo,ner,50,csv,827,1481,16.54,no_reversible,False,con_contrato,,,True
cl100k_base,ciclo,ner,50,toon,914,1684,18.28,reversible,True,autocontenida,,,True
cl100k_base,ciclo,ner,50,toon_flat,914,1684,18.28,reversible,True,con_contrato,,,True
cl100k_base,ciclo,ner,50,mini,861,1519,17.22,reversible_normalizado,True,con_contrato,,,True
cl100k_base,ciclo,ner,50,xml_tipado,4357,14242,87.14,reversible,True,autocontenida,,,True
cl100k_base,ciclo,ner,50,csv_reversible,861,1580,17.22,reversible,True,con_mapa,celdas,91,True
cl100k_base,ciclo,ner,50,toon_reversible,924,1702,18.48,reversible,True,con_mapa,celdas,61,True
r50k_base,ciclo,ner,50,json_pretty,4253,6941,85.06,reversible,True,autocontenida,,,True
r50k_base,ciclo,ner,50,json_compact,1514,4002,30.28,reversible,True,autocontenida,,,True
r50k_base,ciclo,ner,50,yaml,1785,3901,35.7,reversible,True,autocontenida,,,True
r50k_base,ciclo,ner,50,xml,4112,7381,82.24,reversible,True,con_contrato,,,True
r50k_base,ciclo,ner,50,csv,890,1481,17.8,no_reversible,False,con_contrato,,,True
r50k_base,ciclo,ner,50,toon,983,1684,19.66,reversible,True,autocontenida,,,True
r50k_base,ciclo,ner,50,toon_flat,983,1684,19.66,reversible,True,con_contrato,,,True
r50k_base,ciclo,ner,50,mini,912,1519,18.24,reversible_normalizado,True,con_contrato,,,True
r50k_base,ciclo,ner,50,xml_tipado,4471,14242,89.42,reversible,True,autocontenida,,,True
r50k_base,ciclo,ner,50,csv_reversible,931,1580,18.62,reversible,True,con_mapa,celdas,107,True
r50k_base,ciclo,ner,50,toon_reversible,990,1702,19.8,reversible,True,con_mapa,celdas,71,True
o200k_base,ciclo,ner,100,json_pretty,5108,13769,51.08,reversible,True,autocontenida,,,True
o200k_base,ciclo,ner,100,json_compact,2888,7930,28.88,reversible,True,autocontenida,,,True
o200k_base,ciclo,ner,100,yaml,3758,7739,37.58,reversible,True,autocontenida,,,True
o200k_base,ciclo,ner,100,xml,5968,14709,59.68,reversible,True,con_contrato,,,True
o200k_base,ciclo,ner,100,csv,1646,2959,16.46,no_reversible,False,con_contrato,,,True
o200k_base,ciclo,ner,100,toon,1783,3273,17.83,reversible,True,autocontenida,,,True
o200k_base,ciclo,ner,100,toon_flat,1783,3273,17.83,reversible,True,con_contrato,,,True
o200k_base,ciclo,ner,100,mini,1684,2998,16.84,reversible_normalizado,True,con_contrato,,,True
o200k_base,ciclo,ner,100,xml_tipado,8625,28220,86.25,reversible,True,autocontenida,,,True
o200k_base,ciclo,ner,100,csv_reversible,1680,3058,16.8,reversible,True,con_mapa,celdas,98,True
o200k_base,ciclo,ner,100,toon_reversible,1793,3291,17.93,reversible,True,con_mapa,celdas,68,True
cl100k_base,ciclo,ner,100,json_pretty,5117,13769,51.17,reversible,True,autocontenida,,,True
cl100k_base,ciclo,ner,100,json_compact,2895,7930,28.95,reversible,True,autocontenida,,,True
cl100k_base,ciclo,ner,100,yaml,3766,7739,37.66,reversible,True,autocontenida,,,True
cl100k_base,ciclo,ner,100,xml,5969,14709,59.69,reversible,True,con_contrato,,,True
cl100k_base,ciclo,ner,100,csv,1646,2959,16.46,no_reversible,False,con_contrato,,,True
cl100k_base,ciclo,ner,100,toon,1783,3273,17.83,reversible,True,autocontenida,,,True
cl100k_base,ciclo,ner,100,toon_flat,1783,3273,17.83,reversible,True,con_contrato,,,True
cl100k_base,ciclo,ner,100,mini,1693,2998,16.93,reversible_normalizado,True,con_contrato,,,True
cl100k_base,ciclo,ner,100,xml_tipado,8626,28220,86.26,reversible,True,autocontenida,,,True
cl100k_base,ciclo,ner,100,csv_reversible,1680,3058,16.8,reversible,True,con_mapa,celdas,91,True
cl100k_base,ciclo,ner,100,toon_reversible,1793,3291,17.93,reversible,True,con_mapa,celdas,61,True
r50k_base,ciclo,ner,100,json_pretty,8432,13769,84.32,reversible,True,autocontenida,,,True
r50k_base,ciclo,ner,100,json_compact,2993,7930,29.93,reversible,True,autocontenida,,,True
r50k_base,ciclo,ner,100,yaml,3531,7739,35.31,reversible,True,autocontenida,,,True
r50k_base,ciclo,ner,100,xml,8191,14709,81.91,reversible,True,con_contrato,,,True
r50k_base,ciclo,ner,100,csv,1769,2959,17.69,no_reversible,False,con_contrato,,,True
r50k_base,ciclo,ner,100,toon,1912,3273,19.12,reversible,True,autocontenida,,,True
r50k_base,ciclo,ner,100,toon_flat,1912,3273,19.12,reversible,True,con_contrato,,,True
r50k_base,ciclo,ner,100,mini,1791,2998,17.91,reversible_normalizado,True,con_contrato,,,True
r50k_base,ciclo,ner,100,xml_tipado,8850,28220,88.5,reversible,True,autocontenida,,,True
r50k_base,ciclo,ner,100,csv_reversible,1810,3058,18.1,reversible,True,con_mapa,celdas,107,True
r50k_base,ciclo,ner,100,toon_reversible,1919,3291,19.19,reversible,True,con_mapa,celdas,71,True
o200k_base,ciclo,ner,250,json_pretty,12694,34265,50.776,reversible,True,autocontenida,,,True
o200k_base,ciclo,ner,250,json_compact,7174,19726,28.696,reversible,True,autocontenida,,,True
o200k_base,ciclo,ner,250,yaml,9344,19259,37.376,reversible,True,autocontenida,,,True
o200k_base,ciclo,ner,250,xml,14879,36705,59.516,reversible,True,con_contrato,,,True
o200k_base,ciclo,ner,250,csv,4107,7405,16.428,no_reversible,False,con_contrato,,,True
o200k_base,ciclo,ner,250,toon,4394,8043,17.576,reversible,True,autocontenida,,,True
o200k_base,ciclo,ner,250,toon_flat,4394,8043,17.576,reversible,True,con_contrato,,,True
o200k_base,ciclo,ner,250,mini,4170,7444,16.68,reversible_normalizado,True,con_contrato,,,True
o200k_base,ciclo,ner,250,xml_tipado,21436,70166,85.744,reversible,True,autocontenida,,,True
o200k_base,ciclo,ner,250,csv_reversible,4141,7504,16.564,reversible,True,con_mapa,celdas,98,True
o200k_base,ciclo,ner,250,toon_reversible,4404,8061,17.616,reversible,True,con_mapa,celdas,68,True
cl100k_base,ciclo,ner,250,json_pretty,12715,34265,50.86,reversible,True,autocontenida,,,True
cl100k_base,ciclo,ner,250,json_compact,7193,19726,28.772,reversible,True,autocontenida,,,True
cl100k_base,ciclo,ner,250,yaml,9364,19259,37.456,reversible,True,autocontenida,,,True
cl100k_base,ciclo,ner,250,xml,14880,36705,59.52,reversible,True,con_contrato,,,True
cl100k_base,ciclo,ner,250,csv,4107,7405,16.428,no_reversible,False,con_contrato,,,True
cl100k_base,ciclo,ner,250,toon,4394,8043,17.576,reversible,True,autocontenida,,,True
cl100k_base,ciclo,ner,250,toon_flat,4394,8043,17.576,reversible,True,con_contrato,,,True
cl100k_base,ciclo,ner,250,mini,4191,7444,16.764,reversible_normalizado,True,con_contrato,,,True
cl100k_base,ciclo,ner,250,xml_tipado,21437,70166,85.748,reversible,True,autocontenida,,,True
cl100k_base,ciclo,ner,250,csv_reversible,4141,7504,16.564,reversible,True,con_mapa,celdas,91,True
cl100k_base,ciclo,ner,250,toon_reversible,4404,8061,17.616,reversible,True,con_mapa,celdas,61,True
r50k_base,ciclo,ner,250,json_pretty,20965,34265,83.86,reversible,True,autocontenida,,,True
r50k_base,ciclo,ner,250,json_compact,7426,19726,29.704,reversible,True,autocontenida,,,True
r50k_base,ciclo,ner,250,yaml,8765,19259,35.06,reversible,True,autocontenida,,,True
r50k_base,ciclo,ner,250,xml,20424,36705,81.696,reversible,True,con_contrato,,,True
r50k_base,ciclo,ner,250,csv,4402,7405,17.608,no_reversible,False,con_contrato,,,True
r50k_base,ciclo,ner,250,toon,4695,8043,18.78,reversible,True,autocontenida,,,True
r50k_base,ciclo,ner,250,toon_flat,4695,8043,18.78,reversible,True,con_contrato,,,True
r50k_base,ciclo,ner,250,mini,4424,7444,17.696,reversible_normalizado,True,con_contrato,,,True
r50k_base,ciclo,ner,250,xml_tipado,21983,70166,87.932,reversible,True,autocontenida,,,True
r50k_base,ciclo,ner,250,csv_reversible,4443,7504,17.772,reversible,True,con_mapa,celdas,107,True
r50k_base,ciclo,ner,250,toon_reversible,4702,8061,18.808,reversible,True,con_mapa,celdas,71,True
o200k_base,ciclo,q,1,json_pretty,357,1054,357.0,reversible,True,autocontenida,,,False
o200k_base,ciclo,q,1,json_compact,227,674,227.0,reversible,True,autocontenida,,,False
o200k_base,ciclo,q,1,yaml,284,716,284.0,reversible,True,autocontenida,,,False
o200k_base,ciclo,q,1,xml,304,817,304.0,reversible,True,con_contrato,,,False
o200k_base,ciclo,q,1,csv,148,437,148.0,no_reversible,False,con_contrato,,,False
o200k_base,ciclo,q,1,toon,265,720,265.0,reversible,True,autocontenida,,,False
o200k_base,ciclo,q,1,toon_flat,255,666,255.0,reversible,True,con_contrato,,,False
o200k_base,ciclo,q,1,mini,156,366,156.0,reversible_normalizado,True,con_contrato,,,False
o200k_base,ciclo,q,1,xml_tipado,562,1863,562.0,reversible,True,autocontenida,,,False
o200k_base,ciclo,q,1,csv_reversible,234,654,234.0,reversible,True,con_mapa,celdas,249,False
o200k_base,ciclo,q,1,toon_reversible,263,702,263.0,reversible,True,con_mapa,celdas,169,False
cl100k_base,ciclo,q,1,json_pretty,363,1054,363.0,reversible,True,autocontenida,,,False
cl100k_base,ciclo,q,1,json_compact,227,674,227.0,reversible,True,autocontenida,,,False
cl100k_base,ciclo,q,1,yaml,293,716,293.0,reversible,True,autocontenida,,,False
cl100k_base,ciclo,q,1,xml,309,817,309.0,reversible,True,con_contrato,,,False
cl100k_base,ciclo,q,1,csv,150,437,150.0,no_reversible,False,con_contrato,,,False
cl100k_base,ciclo,q,1,toon,272,720,272.0,reversible,True,autocontenida,,,False
cl100k_base,ciclo,q,1,toon_flat,258,666,258.0,reversible,True,con_contrato,,,False
cl100k_base,ciclo,q,1,mini,162,366,162.0,reversible_normalizado,True,con_contrato,,,False
cl100k_base,ciclo,q,1,xml_tipado,565,1863,565.0,reversible,True,autocontenida,,,False
cl100k_base,ciclo,q,1,csv_reversible,238,654,238.0,reversible,True,con_mapa,celdas,232,False
cl100k_base,ciclo,q,1,toon_reversible,271,702,271.0,reversible,True,con_mapa,celdas,152,False
r50k_base,ciclo,q,1,json_pretty,619,1054,619.0,reversible,True,autocontenida,,,False
r50k_base,ciclo,q,1,json_compact,259,674,259.0,reversible,True,autocontenida,,,False
r50k_base,ciclo,q,1,yaml,341,716,341.0,reversible,True,autocontenida,,,False
r50k_base,ciclo,q,1,xml,390,817,390.0,reversible,True,con_contrato,,,False
r50k_base,ciclo,q,1,csv,184,437,184.0,no_reversible,False,con_contrato,,,False
r50k_base,ciclo,q,1,toon,358,720,358.0,reversible,True,autocontenida,,,False
r50k_base,ciclo,q,1,toon_flat,313,666,313.0,reversible,True,con_contrato,,,False
r50k_base,ciclo,q,1,mini,184,366,184.0,reversible_normalizado,True,con_contrato,,,False
r50k_base,ciclo,q,1,xml_tipado,605,1863,605.0,reversible,True,autocontenida,,,False
r50k_base,ciclo,q,1,csv_reversible,292,654,292.0,reversible,True,con_mapa,celdas,276,False
r50k_base,ciclo,q,1,toon_reversible,324,702,324.0,reversible,True,con_mapa,celdas,180,False
o200k_base,ciclo,q,5,json_pretty,1202,3901,240.4,reversible,True,autocontenida,,,False
o200k_base,ciclo,q,5,json_compact,796,2629,159.2,reversible,True,autocontenida,,,False
o200k_base,ciclo,q,5,yaml,956,2729,191.2,reversible,True,autocontenida,,,False
o200k_base,ciclo,q,5,xml,1093,3278,218.6,reversible,True,con_contrato,,,False
o200k_base,ciclo,q,5,csv,537,1654,107.4,no_reversible,False,con_contrato,,,False
o200k_base,ciclo,q,5,toon,914,2827,182.8,reversible,True,autocontenida,,,False
o200k_base,ciclo,q,5,toon_flat,649,1901,129.8,reversible,True,con_contrato,,,False
o200k_base,ciclo,q,5,mini,541,1575,108.2,reversible_normalizado,True,con_contrato,,,False
o200k_base,ciclo,q,5,xml_tipado,1841,6218,368.2,reversible,True,autocontenida,,,False
o200k_base,ciclo,q,5,csv_reversible,628,1888,125.6,reversible,True,con_mapa,columnas,418,False
o200k_base,ciclo,q,5,toon_reversible,670,1958,134.0,reversible,True,con_mapa,columnas,323,False
cl100k_base,ciclo,q,5,json_pretty,1245,3901,249.0,reversible,True,autocontenida,,,False
cl100k_base,ciclo,q,5,json_compact,824,2629,164.8,reversible,True,autocontenida,,,False
cl100k_base,ciclo,q,5,yaml,1010,2729,202.0,reversible,True,autocontenida,,,False
cl100k_base,ciclo,q,5,xml,1133,3278,226.6,reversible,True,con_contrato,,,False
cl100k_base,ciclo,q,5,csv,580,1654,116.0,no_reversible,False,con_contrato,,,False
cl100k_base,ciclo,q,5,toon,968,2827,193.6,reversible,True,autocontenida,,,False
cl100k_base,ciclo,q,5,toon_flat,693,1901,138.6,reversible,True,con_contrato,,,False
cl100k_base,ciclo,q,5,mini,591,1575,118.2,reversible_normalizado,True,con_contrato,,,False
cl100k_base,ciclo,q,5,xml_tipado,1875,6218,375.0,reversible,True,autocontenida,,,False
cl100k_base,ciclo,q,5,csv_reversible,672,1888,134.4,reversible,True,con_mapa,columnas,396,False
cl100k_base,ciclo,q,5,toon_reversible,718,1958,143.6,reversible,True,con_mapa,columnas,301,False
r50k_base,ciclo,q,5,json_pretty,2165,3901,433.0,reversible,True,autocontenida,,,False
r50k_base,ciclo,q,5,json_compact,943,2629,188.6,reversible,True,autocontenida,,,False
r50k_base,ciclo,q,5,yaml,1183,2729,236.6,reversible,True,autocontenida,,,False
r50k_base,ciclo,q,5,xml,1477,3278,295.4,reversible,True,con_contrato,,,False
r50k_base,ciclo,q,5,csv,687,1654,137.4,no_reversible,False,con_contrato,,,False
r50k_base,ciclo,q,5,toon,1308,2827,261.6,reversible,True,autocontenida,,,False
r50k_base,ciclo,q,5,toon_flat,821,1901,164.2,reversible,True,con_contrato,,,False
r50k_base,ciclo,q,5,mini,691,1575,138.2,reversible_normalizado,True,con_contrato,,,False
r50k_base,ciclo,q,5,xml_tipado,2018,6218,403.6,reversible,True,autocontenida,,,False
r50k_base,ciclo,q,5,csv_reversible,803,1888,160.6,reversible,True,con_mapa,columnas,452,False
r50k_base,ciclo,q,5,toon_reversible,841,1958,168.2,reversible,True,con_mapa,columnas,338,False
o200k_base,ciclo,q,10,json_pretty,2219,7409,221.9,reversible,True,autocontenida,,,False
o200k_base,ciclo,q,10,json_compact,1469,5022,146.9,reversible,True,autocontenida,,,False
o200k_base,ciclo,q,10,yaml,1747,5182,174.7,reversible,True,autocontenida,,,False
o200k_base,ciclo,q,10,xml,2044,6304,204.4,reversible,True,con_contrato,,,False
o200k_base,ciclo,q,10,csv,985,3125,98.5,no_reversible,False,con_contrato,,,False
o200k_base,ciclo,q,10,toon,1685,5400,168.5,reversible,True,autocontenida,,,False
o200k_base,ciclo,q,10,toon_flat,1102,3384,110.2,reversible,True,con_contrato,,,False
o200k_base,ciclo,q,10,mini,986,3037,98.6,reversible_normalizado,True,con_contrato,,,False
o200k_base,ciclo,q,10,xml_tipado,3402,11609,340.2,reversible,True,autocontenida,,,False
o200k_base,ciclo,q,10,csv_reversible,1076,3360,107.6,reversible,True,con_mapa,columnas,418,False
o200k_base,ciclo,q,10,toon_reversible,1123,3441,112.3,reversible,True,con_mapa,columnas,323,False
cl100k_base,ciclo,q,10,json_pretty,2316,7409,231.6,reversible,True,autocontenida,,,False
cl100k_base,ciclo,q,10,json_compact,1539,5022,153.9,reversible,True,autocontenida,,,False
cl100k_base,ciclo,q,10,yaml,1863,5182,186.3,reversible,True,autocontenida,,,False
cl100k_base,ciclo,q,10,xml,2132,6304,213.2,reversible,True,con_contrato,,,False
cl100k_base,ciclo,q,10,csv,1083,3125,108.3,no_reversible,False,con_contrato,,,False
cl100k_base,ciclo,q,10,toon,1798,5400,179.8,reversible,True,autocontenida,,,False
cl100k_base,ciclo,q,10,toon_flat,1201,3384,120.1,reversible,True,con_contrato,,,False
cl100k_base,ciclo,q,10,mini,1096,3037,109.6,reversible_normalizado,True,con_contrato,,,False
cl100k_base,ciclo,q,10,xml_tipado,3477,11609,347.7,reversible,True,autocontenida,,,False
cl100k_base,ciclo,q,10,csv_reversible,1175,3360,117.5,reversible,True,con_mapa,columnas,396,False
cl100k_base,ciclo,q,10,toon_reversible,1226,3441,122.6,reversible,True,con_mapa,columnas,301,False
r50k_base,ciclo,q,10,json_pretty,4085,7409,408.5,reversible,True,autocontenida,,,False
r50k_base,ciclo,q,10,json_compact,1784,5022,178.4,reversible,True,autocontenida,,,False
r50k_base,ciclo,q,10,yaml,2209,5182,220.9,reversible,True,autocontenida,,,False
r50k_base,ciclo,q,10,xml,2824,6304,282.4,reversible,True,con_contrato,,,False
r50k_base,ciclo,q,10,csv,1305,3125,130.5,no_reversible,False,con_contrato,,,False
r50k_base,ciclo,q,10,toon,2476,5400,247.6,reversible,True,autocontenida,,,False
r50k_base,ciclo,q,10,toon_flat,1444,3384,144.4,reversible,True,con_contrato,,,False
r50k_base,ciclo,q,10,mini,1314,3037,131.4,reversible_normalizado,True,con_contrato,,,False
r50k_base,ciclo,q,10,xml_tipado,3770,11609,377.0,reversible,True,autocontenida,,,False
r50k_base,ciclo,q,10,csv_reversible,1421,3360,142.1,reversible,True,con_mapa,columnas,452,False
r50k_base,ciclo,q,10,toon_reversible,1464,3441,146.4,reversible,True,con_mapa,columnas,338,False
o200k_base,ciclo,q,12,json_pretty,2626,8904,218.833333,reversible,True,autocontenida,,,False
o200k_base,ciclo,q,12,json_compact,1737,6071,144.75,reversible,True,autocontenida,,,False
o200k_base,ciclo,q,12,yaml,2065,6255,172.083333,reversible,True,autocontenida,,,False
o200k_base,ciclo,q,12,xml,2422,7605,201.833333,reversible,True,con_contrato,,,False
o200k_base,ciclo,q,12,csv,1165,3810,97.083333,no_reversible,False,con_contrato,,,False
o200k_base,ciclo,q,12,toon,1999,6525,166.583333,reversible,True,autocontenida,,,False
o200k_base,ciclo,q,12,toon_flat,1284,4073,107.0,reversible,True,con_contrato,,,False
o200k_base,ciclo,q,12,mini,1162,3714,96.833333,reversible_normalizado,True,con_contrato,,,False
o200k_base,ciclo,q,12,xml_tipado,4026,13858,335.5,reversible,True,autocontenida,,,False
o200k_base,ciclo,q,12,csv_reversible,1258,4047,104.833333,reversible,True,con_mapa,columnas,418,False
o200k_base,ciclo,q,12,toon_reversible,1305,4130,108.75,reversible,True,con_mapa,columnas,323,False
cl100k_base,ciclo,q,12,json_pretty,2754,8904,229.5,reversible,True,autocontenida,,,False
cl100k_base,ciclo,q,12,json_compact,1834,6071,152.833333,reversible,True,autocontenida,,,False
cl100k_base,ciclo,q,12,yaml,2216,6255,184.666667,reversible,True,autocontenida,,,False
cl100k_base,ciclo,q,12,xml,2541,7605,211.75,reversible,True,con_contrato,,,False
cl100k_base,ciclo,q,12,csv,1295,3810,107.916667,no_reversible,False,con_contrato,,,False
cl100k_base,ciclo,q,12,toon,2144,6525,178.666667,reversible,True,autocontenida,,,False
cl100k_base,ciclo,q,12,toon_flat,1415,4073,117.916667,reversible,True,con_contrato,,,False
cl100k_base,ciclo,q,12,mini,1307,3714,108.916667,reversible_normalizado,True,con_contrato,,,False
cl100k_base,ciclo,q,12,xml_tipado,4130,13858,344.166667,reversible,True,autocontenida,,,False
cl100k_base,ciclo,q,12,csv_reversible,1389,4047,115.75,reversible,True,con_mapa,columnas,396,False
cl100k_base,ciclo,q,12,toon_reversible,1440,4130,120.0,reversible,True,con_mapa,columnas,301,False
r50k_base,ciclo,q,12,json_pretty,4875,8904,406.25,reversible,True,autocontenida,,,False
r50k_base,ciclo,q,12,json_compact,2143,6071,178.583333,reversible,True,autocontenida,,,False
r50k_base,ciclo,q,12,yaml,2645,6255,220.416667,reversible,True,autocontenida,,,False
r50k_base,ciclo,q,12,xml,3383,7605,281.916667,reversible,True,con_contrato,,,False
r50k_base,ciclo,q,12,csv,1574,3810,131.166667,no_reversible,False,con_contrato,,,False
r50k_base,ciclo,q,12,toon,2970,6525,247.5,reversible,True,autocontenida,,,False
r50k_base,ciclo,q,12,toon_flat,1715,4073,142.916667,reversible,True,con_contrato,,,False
r50k_base,ciclo,q,12,mini,1586,3714,132.166667,reversible_normalizado,True,con_contrato,,,False
r50k_base,ciclo,q,12,xml_tipado,4493,13858,374.416667,reversible,True,autocontenida,,,False
r50k_base,ciclo,q,12,csv_reversible,1692,4047,141.0,reversible,True,con_mapa,columnas,452,False
r50k_base,ciclo,q,12,toon_reversible,1735,4130,144.583333,reversible,True,con_mapa,columnas,338,False
o200k_base,ciclo,q,25,json_pretty,5313,18129,212.52,reversible,True,autocontenida,,,True
o200k_base,ciclo,q,25,json_compact,3529,12397,141.16,reversible,True,autocontenida,,,True
o200k_base,ciclo,q,25,yaml,4178,12747,167.12,reversible,True,autocontenida,,,True
o200k_base,ciclo,q,25,xml,4928,15572,197.12,reversible,True,con_contrato,,,True
o200k_base,ciclo,q,25,csv,2370,7743,94.8,no_reversible,False,con_contrato,,,True
o200k_base,ciclo,q,25,toon,4055,13328,162.2,reversible,True,autocontenida,,,True
o200k_base,ciclo,q,25,toon_flat,2503,8042,100.12,reversible,True,con_contrato,,,True
o200k_base,ciclo,q,25,mini,2354,7614,94.16,reversible_normalizado,True,con_contrato,,,True
o200k_base,ciclo,q,25,xml_tipado,8126,27982,325.04,reversible,True,autocontenida,,,True
o200k_base,ciclo,q,25,csv_reversible,2471,7988,98.84,reversible,True,con_mapa,columnas,418,True
o200k_base,ciclo,q,25,toon_reversible,2524,8099,100.96,reversible,True,con_mapa,columnas,323,True
cl100k_base,ciclo,q,25,json_pretty,5575,18129,223.0,reversible,True,autocontenida,,,True
cl100k_base,ciclo,q,25,json_compact,3729,12397,149.16,reversible,True,autocontenida,,,True
cl100k_base,ciclo,q,25,yaml,4487,12747,179.48,reversible,True,autocontenida,,,True
cl100k_base,ciclo,q,25,xml,5171,15572,206.84,reversible,True,con_contrato,,,True
cl100k_base,ciclo,q,25,csv,2640,7743,105.6,no_reversible,False,con_contrato,,,True
cl100k_base,ciclo,q,25,toon,4350,13328,174.0,reversible,True,autocontenida,,,True
cl100k_base,ciclo,q,25,toon_flat,2774,8042,110.96,reversible,True,con_contrato,,,True
cl100k_base,ciclo,q,25,mini,2654,7614,106.16,reversible_normalizado,True,con_contrato,,,True
cl100k_base,ciclo,q,25,xml_tipado,8339,27982,333.56,reversible,True,autocontenida,,,True
cl100k_base,ciclo,q,25,csv_reversible,2742,7988,109.68,reversible,True,con_mapa,columnas,396,True
cl100k_base,ciclo,q,25,toon_reversible,2799,8099,111.96,reversible,True,con_mapa,columnas,301,True
r50k_base,ciclo,q,25,json_pretty,9895,18129,395.8,reversible,True,autocontenida,,,True
r50k_base,ciclo,q,25,json_compact,4359,12397,174.36,reversible,True,autocontenida,,,True
r50k_base,ciclo,q,25,yaml,5359,12747,214.36,reversible,True,autocontenida,,,True
r50k_base,ciclo,q,25,xml,6908,15572,276.32,reversible,True,con_contrato,,,True
r50k_base,ciclo,q,25,csv,3202,7743,128.08,no_reversible,False,con_contrato,,,True
r50k_base,ciclo,q,25,toon,6046,13328,241.84,reversible,True,autocontenida,,,True
r50k_base,ciclo,q,25,toon_flat,3357,8042,134.28,reversible,True,con_contrato,,,True
r50k_base,ciclo,q,25,mini,3228,7614,129.12,reversible_normalizado,True,con_contrato,,,True
r50k_base,ciclo,q,25,xml_tipado,9079,27982,363.16,reversible,True,autocontenida,,,True
r50k_base,ciclo,q,25,csv_reversible,3328,7988,133.12,reversible,True,con_mapa,columnas,452,True
r50k_base,ciclo,q,25,toon_reversible,3377,8099,135.08,reversible,True,con_mapa,columnas,338,True
o200k_base,ciclo,q,50,json_pretty,10478,35896,209.56,reversible,True,autocontenida,,,True
o200k_base,ciclo,q,50,json_compact,6972,24589,139.44,reversible,True,autocontenida,,,True
o200k_base,ciclo,q,50,yaml,8237,25261,164.74,reversible,True,autocontenida,,,True
o200k_base,ciclo,q,50,xml,9748,30923,194.96,reversible,True,con_contrato,,,True
o200k_base,ciclo,q,50,csv,4687,15334,93.74,no_reversible,False,con_contrato,,,True
o200k_base,ciclo,q,50,toon,8006,26441,160.12,reversible,True,autocontenida,,,True
o200k_base,ciclo,q,50,toon_flat,4847,15705,96.94,reversible,True,con_contrato,,,True
o200k_base,ciclo,q,50,mini,4646,15144,92.92,reversible_normalizado,True,con_contrato,,,True
o200k_base,ciclo,q,50,xml_tipado,16008,55170,320.16,reversible,True,autocontenida,,,True
o200k_base,ciclo,q,50,csv_reversible,4800,15591,96.0,reversible,True,con_mapa,columnas,418,True
o200k_base,ciclo,q,50,toon_reversible,4868,15762,97.36,reversible,True,con_mapa,columnas,323,True
cl100k_base,ciclo,q,50,json_pretty,11006,35896,220.12,reversible,True,autocontenida,,,True
cl100k_base,ciclo,q,50,json_compact,7379,24589,147.58,reversible,True,autocontenida,,,True
cl100k_base,ciclo,q,50,yaml,8856,25261,177.12,reversible,True,autocontenida,,,True
cl100k_base,ciclo,q,50,xml,10238,30923,204.76,reversible,True,con_contrato,,,True
cl100k_base,ciclo,q,50,csv,5237,15334,104.74,no_reversible,False,con_contrato,,,True
cl100k_base,ciclo,q,50,toon,8601,26441,172.02,reversible,True,autocontenida,,,True
cl100k_base,ciclo,q,50,toon_flat,5398,15705,107.96,reversible,True,con_contrato,,,True
cl100k_base,ciclo,q,50,mini,5253,15144,105.06,reversible_normalizado,True,con_contrato,,,True
cl100k_base,ciclo,q,50,xml_tipado,16439,55170,328.78,reversible,True,autocontenida,,,True
cl100k_base,ciclo,q,50,csv_reversible,5351,15591,107.02,reversible,True,con_mapa,columnas,396,True
cl100k_base,ciclo,q,50,toon_reversible,5423,15762,108.46,reversible,True,con_mapa,columnas,301,True
r50k_base,ciclo,q,50,json_pretty,19551,35896,391.02,reversible,True,autocontenida,,,True
r50k_base,ciclo,q,50,json_compact,8623,24589,172.46,reversible,True,autocontenida,,,True
r50k_base,ciclo,q,50,yaml,10579,25261,211.58,reversible,True,autocontenida,,,True
r50k_base,ciclo,q,50,xml,13692,30923,273.84,reversible,True,con_contrato,,,True
r50k_base,ciclo,q,50,csv,6339,15334,126.78,no_reversible,False,con_contrato,,,True
r50k_base,ciclo,q,50,toon,11965,26441,239.3,reversible,True,autocontenida,,,True
r50k_base,ciclo,q,50,toon_flat,6521,15705,130.42,reversible,True,con_contrato,,,True
r50k_base,ciclo,q,50,mini,6392,15144,127.84,reversible_normalizado,True,con_contrato,,,True
r50k_base,ciclo,q,50,xml_tipado,17900,55170,358.0,reversible,True,autocontenida,,,True
r50k_base,ciclo,q,50,csv_reversible,6477,15591,129.54,reversible,True,con_mapa,columnas,452,True
r50k_base,ciclo,q,50,toon_reversible,6541,15762,130.82,reversible,True,con_mapa,columnas,338,True
o200k_base,ciclo,q,100,json_pretty,20808,71446,208.08,reversible,True,autocontenida,,,True
o200k_base,ciclo,q,100,json_compact,13856,48989,138.56,reversible,True,autocontenida,,,True
o200k_base,ciclo,q,100,yaml,16360,50309,163.6,reversible,True,autocontenida,,,True
o200k_base,ciclo,q,100,xml,19387,61641,193.87,reversible,True,con_contrato,,,True
o200k_base,ciclo,q,100,csv,9323,30535,93.23,no_reversible,False,con_contrato,,,True
o200k_base,ciclo,q,100,toon,15909,52692,159.09,reversible,True,autocontenida,,,True
o200k_base,ciclo,q,100,toon_flat,9538,31056,95.38,reversible,True,con_contrato,,,True
o200k_base,ciclo,q,100,mini,9232,30221,92.32,reversible_normalizado,True,con_contrato,,,True
o200k_base,ciclo,q,100,xml_tipado,31771,109562,317.71,reversible,True,autocontenida,,,True
o200k_base,ciclo,q,100,csv_reversible,9460,30817,94.6,reversible,True,con_mapa,columnas,418,True
o200k_base,ciclo,q,100,toon_reversible,9559,31113,95.59,reversible,True,con_mapa,columnas,323,True
cl100k_base,ciclo,q,100,json_pretty,21865,71446,218.65,reversible,True,autocontenida,,,True
cl100k_base,ciclo,q,100,json_compact,14676,48989,146.76,reversible,True,autocontenida,,,True
cl100k_base,ciclo,q,100,yaml,17601,50309,176.01,reversible,True,autocontenida,,,True
cl100k_base,ciclo,q,100,xml,20370,61641,203.7,reversible,True,con_contrato,,,True
cl100k_base,ciclo,q,100,csv,10428,30535,104.28,no_reversible,False,con_contrato,,,True
cl100k_base,ciclo,q,100,toon,17102,52692,171.02,reversible,True,autocontenida,,,True
cl100k_base,ciclo,q,100,toon_flat,10644,31056,106.44,reversible,True,con_contrato,,,True
cl100k_base,ciclo,q,100,mini,10448,30221,104.48,reversible_normalizado,True,con_contrato,,,True
cl100k_base,ciclo,q,100,xml_tipado,32637,109562,326.37,reversible,True,autocontenida,,,True
cl100k_base,ciclo,q,100,csv_reversible,10566,30817,105.66,reversible,True,con_mapa,columnas,396,True
cl100k_base,ciclo,q,100,toon_reversible,10669,31113,106.69,reversible,True,con_mapa,columnas,301,True
r50k_base,ciclo,q,100,json_pretty,38867,71446,388.67,reversible,True,autocontenida,,,True
r50k_base,ciclo,q,100,json_compact,17157,48989,171.57,reversible,True,autocontenida,,,True
r50k_base,ciclo,q,100,yaml,21033,50309,210.33,reversible,True,autocontenida,,,True
r50k_base,ciclo,q,100,xml,27264,61641,272.64,reversible,True,con_contrato,,,True
r50k_base,ciclo,q,100,csv,12619,30535,126.19,no_reversible,False,con_contrato,,,True
r50k_base,ciclo,q,100,toon,23811,52692,238.11,reversible,True,autocontenida,,,True
r50k_base,ciclo,q,100,toon_flat,12856,31056,128.56,reversible,True,con_contrato,,,True
r50k_base,ciclo,q,100,mini,12726,30221,127.26,reversible_normalizado,True,con_contrato,,,True
r50k_base,ciclo,q,100,xml_tipado,35546,109562,355.46,reversible,True,autocontenida,,,True
r50k_base,ciclo,q,100,csv_reversible,12781,30817,127.81,reversible,True,con_mapa,columnas,452,True
r50k_base,ciclo,q,100,toon_reversible,12876,31113,128.76,reversible,True,con_mapa,columnas,338,True
o200k_base,ciclo,q,250,json_pretty,51779,178381,207.116,reversible,True,autocontenida,,,True
o200k_base,ciclo,q,250,json_compact,34489,122474,137.956,reversible,True,autocontenida,,,True
o200k_base,ciclo,q,250,yaml,40687,125714,162.748,reversible,True,autocontenida,,,True
o200k_base,ciclo,q,250,xml,48284,154076,193.136,reversible,True,con_contrato,,,True
o200k_base,ciclo,q,250,csv,23205,76416,92.82,no_reversible,False,con_contrato,,,True
o200k_base,ciclo,q,250,toon,39585,131693,158.34,reversible,True,autocontenida,,,True
o200k_base,ciclo,q,250,toon_flat,23582,77357,94.328,reversible,True,con_contrato,,,True
o200k_base,ciclo,q,250,mini,22966,75730,91.864,reversible_normalizado,True,con_contrato,,,True
o200k_base,ciclo,q,250,xml_tipado,79042,273021,316.168,reversible,True,autocontenida,,,True
o200k_base,ciclo,q,250,csv_reversible,23416,76772,93.664,reversible,True,con_mapa,columnas,418,True
o200k_base,ciclo,q,250,toon_reversible,23603,77414,94.412,reversible,True,con_mapa,columnas,323,True
cl100k_base,ciclo,q,250,json_pretty,54436,178381,217.744,reversible,True,autocontenida,,,True
cl100k_base,ciclo,q,250,json_compact,36559,122474,146.236,reversible,True,autocontenida,,,True
cl100k_base,ciclo,q,250,yaml,43803,125714,175.212,reversible,True,autocontenida,,,True
cl100k_base,ciclo,q,250,xml,50752,154076,203.008,reversible,True,con_contrato,,,True
cl100k_base,ciclo,q,250,csv,25983,76416,103.932,no_reversible,False,con_contrato,,,True
cl100k_base,ciclo,q,250,toon,42578,131693,170.312,reversible,True,autocontenida,,,True
cl100k_base,ciclo,q,250,toon_flat,26361,77357,105.444,reversible,True,con_contrato,,,True
cl100k_base,ciclo,q,250,mini,26016,75730,104.064,reversible_normalizado,True,con_contrato,,,True
cl100k_base,ciclo,q,250,xml_tipado,81217,273021,324.868,reversible,True,autocontenida,,,True
cl100k_base,ciclo,q,250,csv_reversible,26195,76772,104.78,reversible,True,con_mapa,columnas,396,True
cl100k_base,ciclo,q,250,toon_reversible,26386,77414,105.544,reversible,True,con_mapa,columnas,301,True
r50k_base,ciclo,q,250,json_pretty,96845,178381,387.38,reversible,True,autocontenida,,,True
r50k_base,ciclo,q,250,json_compact,42784,122474,171.136,reversible,True,autocontenida,,,True
r50k_base,ciclo,q,250,yaml,52389,125714,209.556,reversible,True,autocontenida,,,True
r50k_base,ciclo,q,250,xml,68004,154076,272.016,reversible,True,con_contrato,,,True
r50k_base,ciclo,q,250,csv,31485,76416,125.94,no_reversible,False,con_contrato,,,True
r50k_base,ciclo,q,250,toon,59356,131693,237.424,reversible,True,autocontenida,,,True
r50k_base,ciclo,q,250,toon_flat,31884,77357,127.536,reversible,True,con_contrato,,,True
r50k_base,ciclo,q,250,mini,31754,75730,127.016,reversible_normalizado,True,con_contrato,,,True
r50k_base,ciclo,q,250,xml_tipado,88510,273021,354.04,reversible,True,autocontenida,,,True
r50k_base,ciclo,q,250,csv_reversible,31721,76772,126.884,reversible,True,con_mapa,columnas,452,True
r50k_base,ciclo,q,250,toon_reversible,31904,77414,127.616,reversible,True,con_mapa,columnas,338,True
o200k_base,ciclo,r,1,json_pretty,138,454,138.0,reversible,True,autocontenida,,,False
o200k_base,ciclo,r,1,json_compact,84,308,84.0,reversible,True,autocontenida,,,False
o200k_base,ciclo,r,1,yaml,98,302,98.0,reversible,True,autocontenida,,,False
o200k_base,ciclo,r,1,xml,129,381,129.0,reversible,True,con_contrato,,,False
o200k_base,ciclo,r,1,csv,61,211,61.0,no_reversible,False,con_contrato,,,False
o200k_base,ciclo,r,1,toon,95,305,95.0,reversible,True,autocontenida,,,False
o200k_base,ciclo,r,1,toon_flat,103,304,103.0,reversible,True,con_contrato,,,False
o200k_base,ciclo,r,1,mini,66,193,66.0,reversible_normalizado,True,con_contrato,,,False
o200k_base,ciclo,r,1,xml_tipado,220,755,220.0,reversible,True,autocontenida,,,False
o200k_base,ciclo,r,1,csv_reversible,90,295,90.0,reversible,True,con_mapa,celdas,99,False
o200k_base,ciclo,r,1,toon_reversible,99,311,99.0,reversible,True,con_mapa,celdas,69,False
cl100k_base,ciclo,r,1,json_pretty,139,454,139.0,reversible,True,autocontenida,,,False
cl100k_base,ciclo,r,1,json_compact,82,308,82.0,reversible,True,autocontenida,,,False
cl100k_base,ciclo,r,1,yaml,98,302,98.0,reversible,True,autocontenida,,,False
cl100k_base,ciclo,r,1,xml,129,381,129.0,reversible,True,con_contrato,,,False
cl100k_base,ciclo,r,1,csv,59,211,59.0,no_reversible,False,con_contrato,,,False
cl100k_base,ciclo,r,1,toon,94,305,94.0,reversible,True,autocontenida,,,False
cl100k_base,ciclo,r,1,toon_flat,101,304,101.0,reversible,True,con_contrato,,,False
cl100k_base,ciclo,r,1,mini,66,193,66.0,reversible_normalizado,True,con_contrato,,,False
cl100k_base,ciclo,r,1,xml_tipado,220,755,220.0,reversible,True,autocontenida,,,False
cl100k_base,ciclo,r,1,csv_reversible,89,295,89.0,reversible,True,con_mapa,celdas,93,False
cl100k_base,ciclo,r,1,toon_reversible,99,311,99.0,reversible,True,con_mapa,celdas,63,False
r50k_base,ciclo,r,1,json_pretty,227,454,227.0,reversible,True,autocontenida,,,False
r50k_base,ciclo,r,1,json_compact,83,308,83.0,reversible,True,autocontenida,,,False
r50k_base,ciclo,r,1,yaml,101,302,101.0,reversible,True,autocontenida,,,False
r50k_base,ciclo,r,1,xml,151,381,151.0,reversible,True,con_contrato,,,False
r50k_base,ciclo,r,1,csv,62,211,62.0,no_reversible,False,con_contrato,,,False
r50k_base,ciclo,r,1,toon,107,305,107.0,reversible,True,autocontenida,,,False
r50k_base,ciclo,r,1,toon_flat,106,304,106.0,reversible,True,con_contrato,,,False
r50k_base,ciclo,r,1,mini,69,193,69.0,reversible_normalizado,True,con_contrato,,,False
r50k_base,ciclo,r,1,xml_tipado,223,755,223.0,reversible,True,autocontenida,,,False
r50k_base,ciclo,r,1,csv_reversible,98,295,98.0,reversible,True,con_mapa,celdas,108,False
r50k_base,ciclo,r,1,toon_reversible,106,311,106.0,reversible,True,con_mapa,celdas,72,False
o200k_base,ciclo,r,5,json_pretty,443,1651,88.6,reversible,True,autocontenida,,,False
o200k_base,ciclo,r,5,json_compact,265,1101,53.0,reversible,True,autocontenida,,,False
o200k_base,ciclo,r,5,yaml,323,1103,64.6,reversible,True,autocontenida,,,False
o200k_base,ciclo,r,5,xml,502,1566,100.4,reversible,True,con_contrato,,,False
o200k_base,ciclo,r,5,csv,179,694,35.8,no_reversible,False,con_contrato,,,False
o200k_base,ciclo,r,5,toon,303,1104,60.6,reversible,True,autocontenida,,,False
o200k_base,ciclo,r,5,toon_flat,225,795,45.0,reversible,True,con_contrato,,,False
o200k_base,ciclo,r,5,mini,185,675,37.0,reversible_normalizado,True,con_contrato,,,False
o200k_base,ciclo,r,5,xml_tipado,693,2436,138.6,reversible,True,autocontenida,,,False
o200k_base,ciclo,r,5,csv_reversible,212,792,42.4,reversible,True,con_mapa,columnas,203,False
o200k_base,ciclo,r,5,toon_reversible,235,822,47.0,reversible,True,con_mapa,columnas,158,False
cl100k_base,ciclo,r,5,json_pretty,446,1651,89.2,reversible,True,autocontenida,,,False
cl100k_base,ciclo,r,5,json_compact,261,1101,52.2,reversible,True,autocontenida,,,False
cl100k_base,ciclo,r,5,yaml,324,1103,64.8,reversible,True,autocontenida,,,False
cl100k_base,ciclo,r,5,xml,503,1566,100.6,reversible,True,con_contrato,,,False
cl100k_base,ciclo,r,5,csv,176,694,35.2,no_reversible,False,con_contrato,,,False
cl100k_base,ciclo,r,5,toon,301,1104,60.2,reversible,True,autocontenida,,,False
cl100k_base,ciclo,r,5,toon_flat,222,795,44.4,reversible,True,con_contrato,,,False
cl100k_base,ciclo,r,5,mini,186,675,37.2,reversible_normalizado,True,con_contrato,,,False
cl100k_base,ciclo,r,5,xml_tipado,690,2436,138.0,reversible,True,autocontenida,,,False
cl100k_base,ciclo,r,5,csv_reversible,209,792,41.8,reversible,True,con_mapa,columnas,194,False
cl100k_base,ciclo,r,5,toon_reversible,233,822,46.6,reversible,True,con_mapa,columnas,149,False
r50k_base,ciclo,r,5,json_pretty,817,1651,163.4,reversible,True,autocontenida,,,False
r50k_base,ciclo,r,5,json_compact,273,1101,54.6,reversible,True,autocontenida,,,False
r50k_base,ciclo,r,5,yaml,332,1103,66.4,reversible,True,autocontenida,,,False
r50k_base,ciclo,r,5,xml,617,1566,123.4,reversible,True,con_contrato,,,False
r50k_base,ciclo,r,5,csv,200,694,40.0,no_reversible,False,con_contrato,,,False
r50k_base,ciclo,r,5,toon,362,1104,72.4,reversible,True,autocontenida,,,False
r50k_base,ciclo,r,5,toon_flat,248,795,49.6,reversible,True,con_contrato,,,False
r50k_base,ciclo,r,5,mini,208,675,41.6,reversible_normalizado,True,con_contrato,,,False
r50k_base,ciclo,r,5,xml_tipado,709,2436,141.8,reversible,True,autocontenida,,,False
r50k_base,ciclo,r,5,csv_reversible,243,792,48.6,reversible,True,con_mapa,columnas,215,False
r50k_base,ciclo,r,5,toon_reversible,258,822,51.6,reversible,True,con_mapa,columnas,161,False
o200k_base,ciclo,r,10,json_pretty,814,3076,81.4,reversible,True,autocontenida,,,False
o200k_base,ciclo,r,10,json_compact,481,2021,48.1,reversible,True,autocontenida,,,False
o200k_base,ciclo,r,10,yaml,592,2033,59.2,reversible,True,autocontenida,,,False
o200k_base,ciclo,r,10,xml,958,2976,95.8,reversible,True,con_contrato,,,False
o200k_base,ciclo,r,10,csv,321,1224,32.1,no_reversible,False,con_contrato,,,False
o200k_base,ciclo,r,10,toon,550,2030,55.0,reversible,True,autocontenida,,,False
o200k_base,ciclo,r,10,toon_flat,372,1336,37.2,reversible,True,con_contrato,,,False
o200k_base,ciclo,r,10,mini,327,1206,32.7,reversible_normalizado,True,con_contrato,,,False
o200k_base,ciclo,r,10,xml_tipado,1274,4466,127.4,reversible,True,autocontenida,,,False
o200k_base,ciclo,r,10,csv_reversible,354,1322,35.4,reversible,True,con_mapa,columnas,203,False
o200k_base,ciclo,r,10,toon_reversible,382,1363,38.2,reversible,True,con_mapa,columnas,158,False
cl100k_base,ciclo,r,10,json_pretty,824,3076,82.4,reversible,True,autocontenida,,,False
cl100k_base,ciclo,r,10,json_compact,479,2021,47.9,reversible,True,autocontenida,,,False
cl100k_base,ciclo,r,10,yaml,593,2033,59.3,reversible,True,autocontenida,,,False
cl100k_base,ciclo,r,10,xml,964,2976,96.4,reversible,True,con_contrato,,,False
cl100k_base,ciclo,r,10,csv,320,1224,32.0,no_reversible,False,con_contrato,,,False
cl100k_base,ciclo,r,10,toon,549,2030,54.9,reversible,True,autocontenida,,,False
cl100k_base,ciclo,r,10,toon_flat,371,1336,37.1,reversible,True,con_contrato,,,False
cl100k_base,ciclo,r,10,mini,331,1206,33.1,reversible_normalizado,True,con_contrato,,,False
cl100k_base,ciclo,r,10,xml_tipado,1271,4466,127.1,reversible,True,autocontenida,,,False
cl100k_base,ciclo,r,10,csv_reversible,353,1322,35.3,reversible,True,con_mapa,columnas,194,False
cl100k_base,ciclo,r,10,toon_reversible,382,1363,38.2,reversible,True,con_mapa,columnas,149,False
r50k_base,ciclo,r,10,json_pretty,1544,3076,154.4,reversible,True,autocontenida,,,False
r50k_base,ciclo,r,10,json_compact,500,2021,50.0,reversible,True,autocontenida,,,False
r50k_base,ciclo,r,10,yaml,606,2033,60.6,reversible,True,autocontenida,,,False
r50k_base,ciclo,r,10,xml,1189,2976,118.9,reversible,True,con_contrato,,,False
r50k_base,ciclo,r,10,csv,362,1224,36.2,no_reversible,False,con_contrato,,,False
r50k_base,ciclo,r,10,toon,667,2030,66.7,reversible,True,autocontenida,,,False
r50k_base,ciclo,r,10,toon_flat,415,1336,41.5,reversible,True,con_contrato,,,False
r50k_base,ciclo,r,10,mini,370,1206,37.0,reversible_normalizado,True,con_contrato,,,False
r50k_base,ciclo,r,10,xml_tipado,1306,4466,130.6,reversible,True,autocontenida,,,False
r50k_base,ciclo,r,10,csv_reversible,405,1322,40.5,reversible,True,con_mapa,columnas,215,False
r50k_base,ciclo,r,10,toon_reversible,425,1363,42.5,reversible,True,con_mapa,columnas,161,False
o200k_base,ciclo,r,12,json_pretty,957,3621,79.75,reversible,True,autocontenida,,,False
o200k_base,ciclo,r,12,json_compact,562,2364,46.833333,reversible,True,autocontenida,,,False
o200k_base,ciclo,r,12,yaml,696,2380,58.0,reversible,True,autocontenida,,,False
o200k_base,ciclo,r,12,xml,1134,3515,94.5,reversible,True,con_contrato,,,False
o200k_base,ciclo,r,12,csv,373,1411,31.083333,no_reversible,False,con_contrato,,,False
o200k_base,ciclo,r,12,toon,647,2375,53.916667,reversible,True,autocontenida,,,False
o200k_base,ciclo,r,12,toon_flat,426,1527,35.5,reversible,True,con_contrato,,,False
o200k_base,ciclo,r,12,mini,380,1393,31.666667,reversible_normalizado,True,con_contrato,,,False
o200k_base,ciclo,r,12,xml_tipado,1500,5253,125.0,reversible,True,autocontenida,,,False
o200k_base,ciclo,r,12,csv_reversible,406,1509,33.833333,reversible,True,con_mapa,columnas,203,False
o200k_base,ciclo,r,12,toon_reversible,436,1554,36.333333,reversible,True,con_mapa,columnas,158,False
cl100k_base,ciclo,r,12,json_pretty,969,3621,80.75,reversible,True,autocontenida,,,False
cl100k_base,ciclo,r,12,json_compact,560,2364,46.666667,reversible,True,autocontenida,,,False
cl100k_base,ciclo,r,12,yaml,697,2380,58.083333,reversible,True,autocontenida,,,False
cl100k_base,ciclo,r,12,xml,1142,3515,95.166667,reversible,True,con_contrato,,,False
cl100k_base,ciclo,r,12,csv,372,1411,31.0,no_reversible,False,con_contrato,,,False
cl100k_base,ciclo,r,12,toon,646,2375,53.833333,reversible,True,autocontenida,,,False
cl100k_base,ciclo,r,12,toon_flat,425,1527,35.416667,reversible,True,con_contrato,,,False
cl100k_base,ciclo,r,12,mini,384,1393,32.0,reversible_normalizado,True,con_contrato,,,False
cl100k_base,ciclo,r,12,xml_tipado,1497,5253,124.75,reversible,True,autocontenida,,,False
cl100k_base,ciclo,r,12,csv_reversible,405,1509,33.75,reversible,True,con_mapa,columnas,194,False
cl100k_base,ciclo,r,12,toon_reversible,436,1554,36.333333,reversible,True,con_mapa,columnas,149,False
r50k_base,ciclo,r,12,json_pretty,1826,3621,152.166667,reversible,True,autocontenida,,,False
r50k_base,ciclo,r,12,json_compact,582,2364,48.5,reversible,True,autocontenida,,,False
r50k_base,ciclo,r,12,yaml,712,2380,59.333333,reversible,True,autocontenida,,,False
r50k_base,ciclo,r,12,xml,1409,3515,117.416667,reversible,True,con_contrato,,,False
r50k_base,ciclo,r,12,csv,418,1411,34.833333,no_reversible,False,con_contrato,,,False
r50k_base,ciclo,r,12,toon,784,2375,65.333333,reversible,True,autocontenida,,,False
r50k_base,ciclo,r,12,toon_flat,473,1527,39.416667,reversible,True,con_contrato,,,False
r50k_base,ciclo,r,12,mini,426,1393,35.5,reversible_normalizado,True,con_contrato,,,False
r50k_base,ciclo,r,12,xml_tipado,1536,5253,128.0,reversible,True,autocontenida,,,False
r50k_base,ciclo,r,12,csv_reversible,461,1509,38.416667,reversible,True,con_mapa,columnas,215,False
r50k_base,ciclo,r,12,toon_reversible,483,1554,40.25,reversible,True,con_mapa,columnas,161,False
o200k_base,ciclo,r,25,json_pretty,1938,7426,77.52,reversible,True,autocontenida,,,True
o200k_base,ciclo,r,25,json_compact,1140,4856,45.6,reversible,True,autocontenida,,,True
o200k_base,ciclo,r,25,yaml,1414,4898,56.56,reversible,True,autocontenida,,,True
o200k_base,ciclo,r,25,xml,2335,7281,93.4,reversible,True,con_contrato,,,True
o200k_base,ciclo,r,25,csv,757,2895,30.28,no_reversible,False,con_contrato,,,True
o200k_base,ciclo,r,25,toon,1311,4886,52.44,reversible,True,autocontenida,,,True
o200k_base,ciclo,r,25,toon_flat,823,3037,32.92,reversible,True,con_contrato,,,True
o200k_base,ciclo,r,25,mini,766,2874,30.64,reversible_normalizado,True,con_contrato,,,True
o200k_base,ciclo,r,25,xml_tipado,3026,10631,121.04,reversible,True,autocontenida,,,True
o200k_base,ciclo,r,25,csv_reversible,790,2993,31.6,reversible,True,con_mapa,columnas,203,True
o200k_base,ciclo,r,25,toon_reversible,833,3064,33.32,reversible,True,con_mapa,columnas,158,True
cl100k_base,ciclo,r,25,json_pretty,1963,7426,78.52,reversible,True,autocontenida,,,True
cl100k_base,ciclo,r,25,json_compact,1138,4856,45.52,reversible,True,autocontenida,,,True
cl100k_base,ciclo,r,25,yaml,1416,4898,56.64,reversible,True,autocontenida,,,True
cl100k_base,ciclo,r,25,xml,2353,7281,94.12,reversible,True,con_contrato,,,True
cl100k_base,ciclo,r,25,csv,753,2895,30.12,no_reversible,False,con_contrato,,,True
cl100k_base,ciclo,r,25,toon,1308,4886,52.32,reversible,True,autocontenida,,,True
cl100k_base,ciclo,r,25,toon_flat,819,3037,32.76,reversible,True,con_contrato,,,True
cl100k_base,ciclo,r,25,mini,774,2874,30.96,reversible_normalizado,True,con_contrato,,,True
cl100k_base,ciclo,r,25,xml_tipado,3020,10631,120.8,reversible,True,autocontenida,,,True
cl100k_base,ciclo,r,25,csv_reversible,786,2993,31.44,reversible,True,con_mapa,columnas,194,True
cl100k_base,ciclo,r,25,toon_reversible,830,3064,33.2,reversible,True,con_mapa,columnas,149,True
r50k_base,ciclo,r,25,json_pretty,3723,7426,148.92,reversible,True,autocontenida,,,True
r50k_base,ciclo,r,25,json_compact,1179,4856,47.16,reversible,True,autocontenida,,,True
r50k_base,ciclo,r,25,yaml,1445,4898,57.8,reversible,True,autocontenida,,,True
r50k_base,ciclo,r,25,xml,2903,7281,116.12,reversible,True,con_contrato,,,True
r50k_base,ciclo,r,25,csv,846,2895,33.84,no_reversible,False,con_contrato,,,True
r50k_base,ciclo,r,25,toon,1593,4886,63.72,reversible,True,autocontenida,,,True
r50k_base,ciclo,r,25,toon_flat,914,3037,36.56,reversible,True,con_contrato,,,True
r50k_base,ciclo,r,25,mini,857,2874,34.28,reversible_normalizado,True,con_contrato,,,True
r50k_base,ciclo,r,25,xml_tipado,3095,10631,123.8,reversible,True,autocontenida,,,True
r50k_base,ciclo,r,25,csv_reversible,889,2993,35.56,reversible,True,con_mapa,columnas,215,True
r50k_base,ciclo,r,25,toon_reversible,924,3064,36.96,reversible,True,con_mapa,columnas,161,True
o200k_base,ciclo,r,50,json_pretty,3820,14728,76.4,reversible,True,autocontenida,,,True
o200k_base,ciclo,r,50,json_compact,2247,9633,44.94,reversible,True,autocontenida,,,True
o200k_base,ciclo,r,50,yaml,2791,9725,55.82,reversible,True,autocontenida,,,True
o200k_base,ciclo,r,50,xml,4640,14508,92.8,reversible,True,con_contrato,,,True
o200k_base,ciclo,r,50,csv,1487,5732,29.74,no_reversible,False,con_contrato,,,True
o200k_base,ciclo,r,50,toon,2584,9698,51.68,reversible,True,autocontenida,,,True
o200k_base,ciclo,r,50,toon_flat,1578,5924,31.56,reversible,True,con_contrato,,,True
o200k_base,ciclo,r,50,mini,1500,5706,30.0,reversible_normalizado,True,con_contrato,,,True
o200k_base,ciclo,r,50,xml_tipado,5956,20958,119.12,reversible,True,autocontenida,,,True
o200k_base,ciclo,r,50,csv_reversible,1520,5830,30.4,reversible,True,con_mapa,columnas,203,True
o200k_base,ciclo,r,50,toon_reversible,1588,5951,31.76,reversible,True,con_mapa,columnas,158,True
cl100k_base,ciclo,r,50,json_pretty,3868,14728,77.36,reversible,True,autocontenida,,,True
cl100k_base,ciclo,r,50,json_compact,2243,9633,44.86,reversible,True,autocontenida,,,True
cl100k_base,ciclo,r,50,yaml,2795,9725,55.9,reversible,True,autocontenida,,,True
cl100k_base,ciclo,r,50,xml,4674,14508,93.48,reversible,True,con_contrato,,,True
cl100k_base,ciclo,r,50,csv,1480,5732,29.6,no_reversible,False,con_contrato,,,True
cl100k_base,ciclo,r,50,toon,2578,9698,51.56,reversible,True,autocontenida,,,True
cl100k_base,ciclo,r,50,toon_flat,1571,5924,31.42,reversible,True,con_contrato,,,True
cl100k_base,ciclo,r,50,mini,1517,5706,30.34,reversible_normalizado,True,con_contrato,,,True
cl100k_base,ciclo,r,50,xml_tipado,5941,20958,118.82,reversible,True,autocontenida,,,True
cl100k_base,ciclo,r,50,csv_reversible,1513,5830,30.26,reversible,True,con_mapa,columnas,194,True
cl100k_base,ciclo,r,50,toon_reversible,1582,5951,31.64,reversible,True,con_mapa,columnas,149,True
r50k_base,ciclo,r,50,json_pretty,7368,14728,147.36,reversible,True,autocontenida,,,True
r50k_base,ciclo,r,50,json_compact,2324,9633,46.48,reversible,True,autocontenida,,,True
r50k_base,ciclo,r,50,yaml,2851,9725,57.02,reversible,True,autocontenida,,,True
r50k_base,ciclo,r,50,xml,5773,14508,115.46,reversible,True,con_contrato,,,True
r50k_base,ciclo,r,50,csv,1666,5732,33.32,no_reversible,False,con_contrato,,,True
r50k_base,ciclo,r,50,toon,3146,9698,62.92,reversible,True,autocontenida,,,True
r50k_base,ciclo,r,50,toon_flat,1759,5924,35.18,reversible,True,con_contrato,,,True
r50k_base,ciclo,r,50,mini,1682,5706,33.64,reversible_normalizado,True,con_contrato,,,True
r50k_base,ciclo,r,50,xml_tipado,6090,20958,121.8,reversible,True,autocontenida,,,True
r50k_base,ciclo,r,50,csv_reversible,1709,5830,34.18,reversible,True,con_mapa,columnas,215,True
r50k_base,ciclo,r,50,toon_reversible,1769,5951,35.38,reversible,True,con_mapa,columnas,161,True
o200k_base,ciclo,r,100,json_pretty,7567,29271,75.67,reversible,True,autocontenida,,,True
o200k_base,ciclo,r,100,json_compact,4444,19126,44.44,reversible,True,autocontenida,,,True
o200k_base,ciclo,r,100,yaml,5531,19318,55.31,reversible,True,autocontenida,,,True
o200k_base,ciclo,r,100,xml,9233,28901,92.33,reversible,True,con_contrato,,,True
o200k_base,ciclo,r,100,csv,2934,11341,29.34,no_reversible,False,con_contrato,,,True
o200k_base,ciclo,r,100,toon,5115,19258,51.15,reversible,True,autocontenida,,,True
o200k_base,ciclo,r,100,toon_flat,3075,11634,30.75,reversible,True,con_contrato,,,True
o200k_base,ciclo,r,100,mini,2955,11308,29.55,reversible_normalizado,True,con_contrato,,,True
o200k_base,ciclo,r,100,xml_tipado,11799,41551,117.99,reversible,True,autocontenida,,,True
o200k_base,ciclo,r,100,csv_reversible,2967,11439,29.67,reversible,True,con_mapa,columnas,203,True
o200k_base,ciclo,r,100,toon_reversible,3085,11661,30.85,reversible,True,con_mapa,columnas,158,True
cl100k_base,ciclo,r,100,json_pretty,7665,29271,76.65,reversible,True,autocontenida,,,True
cl100k_base,ciclo,r,100,json_compact,4440,19126,44.4,reversible,True,autocontenida,,,True
cl100k_base,ciclo,r,100,yaml,5539,19318,55.39,reversible,True,autocontenida,,,True
cl100k_base,ciclo,r,100,xml,9305,28901,93.05,reversible,True,con_contrato,,,True
cl100k_base,ciclo,r,100,csv,2923,11341,29.23,no_reversible,False,con_contrato,,,True
cl100k_base,ciclo,r,100,toon,5105,19258,51.05,reversible,True,autocontenida,,,True
cl100k_base,ciclo,r,100,toon_flat,3064,11634,30.64,reversible,True,con_contrato,,,True
cl100k_base,ciclo,r,100,mini,2988,11308,29.88,reversible_normalizado,True,con_contrato,,,True
cl100k_base,ciclo,r,100,xml_tipado,11772,41551,117.72,reversible,True,autocontenida,,,True
cl100k_base,ciclo,r,100,csv_reversible,2956,11439,29.56,reversible,True,con_mapa,columnas,194,True
cl100k_base,ciclo,r,100,toon_reversible,3075,11661,30.75,reversible,True,con_mapa,columnas,149,True
r50k_base,ciclo,r,100,json_pretty,14650,29271,146.5,reversible,True,autocontenida,,,True
r50k_base,ciclo,r,100,json_compact,4606,19126,46.06,reversible,True,autocontenida,,,True
r50k_base,ciclo,r,100,yaml,5647,19318,56.47,reversible,True,autocontenida,,,True
r50k_base,ciclo,r,100,xml,11505,28901,115.05,reversible,True,con_contrato,,,True
r50k_base,ciclo,r,100,csv,3298,11341,32.98,no_reversible,False,con_contrato,,,True
r50k_base,ciclo,r,100,toon,6239,19258,62.39,reversible,True,autocontenida,,,True
r50k_base,ciclo,r,100,toon_flat,3441,11634,34.41,reversible,True,con_contrato,,,True
r50k_base,ciclo,r,100,mini,3322,11308,33.22,reversible_normalizado,True,con_contrato,,,True
r50k_base,ciclo,r,100,xml_tipado,12072,41551,120.72,reversible,True,autocontenida,,,True
r50k_base,ciclo,r,100,csv_reversible,3341,11439,33.41,reversible,True,con_mapa,columnas,215,True
r50k_base,ciclo,r,100,toon_reversible,3451,11661,34.51,reversible,True,con_mapa,columnas,161,True
o200k_base,ciclo,r,250,json_pretty,18814,73027,75.256,reversible,True,autocontenida,,,True
o200k_base,ciclo,r,250,json_compact,11041,47732,44.164,reversible,True,autocontenida,,,True
o200k_base,ciclo,r,250,yaml,13752,48224,55.008,reversible,True,autocontenida,,,True
o200k_base,ciclo,r,250,xml,23018,72207,92.072,reversible,True,con_contrato,,,True
o200k_base,ciclo,r,250,csv,7281,28295,29.124,no_reversible,False,con_contrato,,,True
o200k_base,ciclo,r,250,toon,12710,48062,50.84,reversible,True,autocontenida,,,True
o200k_base,ciclo,r,250,toon_flat,7572,28888,30.288,reversible,True,con_contrato,,,True
o200k_base,ciclo,r,250,mini,7327,28238,29.308,reversible_normalizado,True,con_contrato,,,True
o200k_base,ciclo,r,250,xml_tipado,29334,103457,117.336,reversible,True,autocontenida,,,True
o200k_base,ciclo,r,250,csv_reversible,7314,28393,29.256,reversible,True,con_mapa,columnas,203,True
o200k_base,ciclo,r,250,toon_reversible,7582,28915,30.328,reversible,True,con_mapa,columnas,158,True
cl100k_base,ciclo,r,250,json_pretty,19064,73027,76.256,reversible,True,autocontenida,,,True
cl100k_base,ciclo,r,250,json_compact,11039,47732,44.156,reversible,True,autocontenida,,,True
cl100k_base,ciclo,r,250,yaml,13773,48224,55.092,reversible,True,autocontenida,,,True
cl100k_base,ciclo,r,250,xml,23204,72207,92.816,reversible,True,con_contrato,,,True
cl100k_base,ciclo,r,250,csv,7260,28295,29.04,no_reversible,False,con_contrato,,,True
cl100k_base,ciclo,r,250,toon,12689,48062,50.756,reversible,True,autocontenida,,,True
cl100k_base,ciclo,r,250,toon_flat,7551,28888,30.204,reversible,True,con_contrato,,,True
cl100k_base,ciclo,r,250,mini,7411,28238,29.644,reversible_normalizado,True,con_contrato,,,True
cl100k_base,ciclo,r,250,xml_tipado,29271,103457,117.084,reversible,True,autocontenida,,,True
cl100k_base,ciclo,r,250,csv_reversible,7293,28393,29.172,reversible,True,con_mapa,columnas,194,True
cl100k_base,ciclo,r,250,toon_reversible,7562,28915,30.248,reversible,True,con_mapa,columnas,149,True
r50k_base,ciclo,r,250,json_pretty,36504,73027,146.016,reversible,True,autocontenida,,,True
r50k_base,ciclo,r,250,json_compact,11460,47732,45.84,reversible,True,autocontenida,,,True
r50k_base,ciclo,r,250,yaml,14046,48224,56.184,reversible,True,autocontenida,,,True
r50k_base,ciclo,r,250,xml,28709,72207,114.836,reversible,True,con_contrato,,,True
r50k_base,ciclo,r,250,csv,8202,28295,32.808,no_reversible,False,con_contrato,,,True
r50k_base,ciclo,r,250,toon,15527,48062,62.108,reversible,True,autocontenida,,,True
r50k_base,ciclo,r,250,toon_flat,8495,28888,33.98,reversible,True,con_contrato,,,True
r50k_base,ciclo,r,250,mini,8250,28238,33.0,reversible_normalizado,True,con_contrato,,,True
r50k_base,ciclo,r,250,xml_tipado,30026,103457,120.104,reversible,True,autocontenida,,,True
r50k_base,ciclo,r,250,csv_reversible,8245,28393,32.98,reversible,True,con_mapa,columnas,215,True
r50k_base,ciclo,r,250,toon_reversible,8505,28915,34.02,reversible,True,con_mapa,columnas,161,True
o200k_base,ciclo,s,1,json_pretty,115,383,115.0,reversible,True,autocontenida,,,False
o200k_base,ciclo,s,1,json_compact,68,261,68.0,reversible,True,autocontenida,,,False
o200k_base,ciclo,s,1,yaml,79,254,79.0,reversible,True,autocontenida,,,False
o200k_base,ciclo,s,1,xml,102,332,102.0,reversible,True,con_contrato,,,False
o200k_base,ciclo,s,1,csv,40,157,40.0,no_reversible,False,con_contrato,,,False
o200k_base,ciclo,s,1,toon,79,263,79.0,reversible,True,autocontenida,,,False
o200k_base,ciclo,s,1,toon_flat,76,245,76.0,reversible,True,con_contrato,,,False
o200k_base,ciclo,s,1,mini,51,159,51.0,reversible_normalizado,True,con_contrato,,,False
o200k_base,ciclo,s,1,xml_tipado,186,669,186.0,reversible,True,autocontenida,,,False
o200k_base,ciclo,s,1,csv_reversible,68,250,68.0,reversible,True,con_mapa,columnas,155,False
o200k_base,ciclo,s,1,toon_reversible,82,263,82.0,reversible,True,con_mapa,celdas,68,False
cl100k_base,ciclo,s,1,json_pretty,115,383,115.0,reversible,True,autocontenida,,,False
cl100k_base,ciclo,s,1,json_compact,66,261,66.0,reversible,True,autocontenida,,,False
cl100k_base,ciclo,s,1,yaml,79,254,79.0,reversible,True,autocontenida,,,False
cl100k_base,ciclo,s,1,xml,102,332,102.0,reversible,True,con_contrato,,,False
cl100k_base,ciclo,s,1,csv,40,157,40.0,no_reversible,False,con_contrato,,,False
cl100k_base,ciclo,s,1,toon,79,263,79.0,reversible,True,autocontenida,,,False
cl100k_base,ciclo,s,1,toon_flat,76,245,76.0,reversible,True,con_contrato,,,False
cl100k_base,ciclo,s,1,mini,51,159,51.0,reversible_normalizado,True,con_contrato,,,False
cl100k_base,ciclo,s,1,xml_tipado,186,669,186.0,reversible,True,autocontenida,,,False
cl100k_base,ciclo,s,1,csv_reversible,67,250,67.0,reversible,True,con_mapa,columnas,146,False
cl100k_base,ciclo,s,1,toon_reversible,82,263,82.0,reversible,True,con_mapa,celdas,61,False
r50k_base,ciclo,s,1,json_pretty,185,383,185.0,reversible,True,autocontenida,,,False
r50k_base,ciclo,s,1,json_compact,68,261,68.0,reversible,True,autocontenida,,,False
r50k_base,ciclo,s,1,yaml,83,254,83.0,reversible,True,autocontenida,,,False
r50k_base,ciclo,s,1,xml,129,332,129.0,reversible,True,con_contrato,,,False
r50k_base,ciclo,s,1,csv,45,157,45.0,no_reversible,False,con_contrato,,,False
r50k_base,ciclo,s,1,toon,93,263,93.0,reversible,True,autocontenida,,,False
r50k_base,ciclo,s,1,toon_flat,84,245,84.0,reversible,True,con_contrato,,,False
r50k_base,ciclo,s,1,mini,55,159,55.0,reversible_normalizado,True,con_contrato,,,False
r50k_base,ciclo,s,1,xml_tipado,191,669,191.0,reversible,True,autocontenida,,,False
r50k_base,ciclo,s,1,csv_reversible,79,249,79.0,reversible,True,con_mapa,celdas,107,False
r50k_base,ciclo,s,1,toon_reversible,89,263,89.0,reversible,True,con_mapa,celdas,71,False
o200k_base,ciclo,s,5,json_pretty,376,1385,75.2,reversible,True,autocontenida,,,False
o200k_base,ciclo,s,5,json_compact,225,931,45.0,reversible,True,autocontenida,,,False
o200k_base,ciclo,s,5,yaml,269,924,53.8,reversible,True,autocontenida,,,False
o200k_base,ciclo,s,5,xml,409,1366,81.8,reversible,True,con_contrato,,,False
o200k_base,ciclo,s,5,csv,131,543,26.2,no_reversible,False,con_contrato,,,False
o200k_base,ciclo,s,5,toon,265,961,53.0,reversible,True,autocontenida,,,False
o200k_base,ciclo,s,5,toon_flat,171,639,34.2,reversible,True,con_contrato,,,False
o200k_base,ciclo,s,5,mini,152,545,30.4,reversible_normalizado,True,con_contrato,,,False
o200k_base,ciclo,s,5,xml_tipado,597,2179,119.4,reversible,True,autocontenida,,,False
o200k_base,ciclo,s,5,csv_reversible,159,636,31.8,reversible,True,con_mapa,columnas,155,False
o200k_base,ciclo,s,5,toon_reversible,178,660,35.6,reversible,True,con_mapa,columnas,120,False
cl100k_base,ciclo,s,5,json_pretty,377,1385,75.4,reversible,True,autocontenida,,,False
cl100k_base,ciclo,s,5,json_compact,220,931,44.0,reversible,True,autocontenida,,,False
cl100k_base,ciclo,s,5,yaml,269,924,53.8,reversible,True,autocontenida,,,False
cl100k_base,ciclo,s,5,xml,410,1366,82.0,reversible,True,con_contrato,,,False
cl100k_base,ciclo,s,5,csv,132,543,26.4,no_reversible,False,con_contrato,,,False
cl100k_base,ciclo,s,5,toon,265,961,53.0,reversible,True,autocontenida,,,False
cl100k_base,ciclo,s,5,toon_flat,172,639,34.4,reversible,True,con_contrato,,,False
cl100k_base,ciclo,s,5,mini,153,545,30.6,reversible_normalizado,True,con_contrato,,,False
cl100k_base,ciclo,s,5,xml_tipado,598,2179,119.6,reversible,True,autocontenida,,,False
cl100k_base,ciclo,s,5,csv_reversible,159,636,31.8,reversible,True,con_mapa,columnas,146,False
cl100k_base,ciclo,s,5,toon_reversible,179,660,35.8,reversible,True,con_mapa,columnas,111,False
r50k_base,ciclo,s,5,json_pretty,667,1385,133.4,reversible,True,autocontenida,,,False
r50k_base,ciclo,s,5,json_compact,230,931,46.0,reversible,True,autocontenida,,,False
r50k_base,ciclo,s,5,yaml,281,924,56.2,reversible,True,autocontenida,,,False
r50k_base,ciclo,s,5,xml,535,1366,107.0,reversible,True,con_contrato,,,False
r50k_base,ciclo,s,5,csv,155,543,31.0,no_reversible,False,con_contrato,,,False
r50k_base,ciclo,s,5,toon,327,961,65.4,reversible,True,autocontenida,,,False
r50k_base,ciclo,s,5,toon_flat,198,639,39.6,reversible,True,con_contrato,,,False
r50k_base,ciclo,s,5,mini,169,545,33.8,reversible_normalizado,True,con_contrato,,,False
r50k_base,ciclo,s,5,xml_tipado,617,2179,123.4,reversible,True,autocontenida,,,False
r50k_base,ciclo,s,5,csv_reversible,191,636,38.2,reversible,True,con_mapa,columnas,168,False
r50k_base,ciclo,s,5,toon_reversible,206,660,41.2,reversible,True,con_mapa,columnas,126,False
o200k_base,ciclo,s,10,json_pretty,685,2548,68.5,reversible,True,autocontenida,,,False
o200k_base,ciclo,s,10,json_compact,404,1679,40.4,reversible,True,autocontenida,,,False
o200k_base,ciclo,s,10,yaml,491,1672,49.1,reversible,True,autocontenida,,,False
o200k_base,ciclo,s,10,xml,774,2569,77.4,reversible,True,con_contrato,,,False
o200k_base,ciclo,s,10,csv,234,936,23.4,no_reversible,False,con_contrato,,,False
o200k_base,ciclo,s,10,toon,482,1745,48.2,reversible,True,autocontenida,,,False
o200k_base,ciclo,s,10,toon_flat,279,1043,27.9,reversible,True,con_contrato,,,False
o200k_base,ciclo,s,10,mini,264,939,26.4,reversible_normalizado,True,con_contrato,,,False
o200k_base,ciclo,s,10,xml_tipado,1092,3977,109.2,reversible,True,autocontenida,,,False
o200k_base,ciclo,s,10,csv_reversible,262,1029,26.2,reversible,True,con_mapa,columnas,155,False
o200k_base,ciclo,s,10,toon_reversible,286,1064,28.6,reversible,True,con_mapa,columnas,120,False
cl100k_base,ciclo,s,10,json_pretty,687,2548,68.7,reversible,True,autocontenida,,,False
cl100k_base,ciclo,s,10,json_compact,395,1679,39.5,reversible,True,autocontenida,,,False
cl100k_base,ciclo,s,10,yaml,491,1672,49.1,reversible,True,autocontenida,,,False
cl100k_base,ciclo,s,10,xml,776,2569,77.6,reversible,True,con_contrato,,,False
cl100k_base,ciclo,s,10,csv,236,936,23.6,no_reversible,False,con_contrato,,,False
cl100k_base,ciclo,s,10,toon,482,1745,48.2,reversible,True,autocontenida,,,False
cl100k_base,ciclo,s,10,toon_flat,281,1043,28.1,reversible,True,con_contrato,,,False
cl100k_base,ciclo,s,10,mini,266,939,26.6,reversible_normalizado,True,con_contrato,,,False
cl100k_base,ciclo,s,10,xml_tipado,1094,3977,109.4,reversible,True,autocontenida,,,False
cl100k_base,ciclo,s,10,csv_reversible,263,1029,26.3,reversible,True,con_mapa,columnas,146,False
cl100k_base,ciclo,s,10,toon_reversible,288,1064,28.8,reversible,True,con_mapa,columnas,111,False
r50k_base,ciclo,s,10,json_pretty,1249,2548,124.9,reversible,True,autocontenida,,,False
r50k_base,ciclo,s,10,json_compact,412,1679,41.2,reversible,True,autocontenida,,,False
r50k_base,ciclo,s,10,yaml,514,1672,51.4,reversible,True,autocontenida,,,False
r50k_base,ciclo,s,10,xml,1022,2569,102.2,reversible,True,con_contrato,,,False
r50k_base,ciclo,s,10,csv,272,936,27.2,no_reversible,False,con_contrato,,,False
r50k_base,ciclo,s,10,toon,602,1745,60.2,reversible,True,autocontenida,,,False
r50k_base,ciclo,s,10,toon_flat,320,1043,32.0,reversible,True,con_contrato,,,False
r50k_base,ciclo,s,10,mini,291,939,29.1,reversible_normalizado,True,con_contrato,,,False
r50k_base,ciclo,s,10,xml_tipado,1129,3977,112.9,reversible,True,autocontenida,,,False
r50k_base,ciclo,s,10,csv_reversible,308,1029,30.8,reversible,True,con_mapa,columnas,168,False
r50k_base,ciclo,s,10,toon_reversible,328,1064,32.8,reversible,True,con_mapa,columnas,126,False
o200k_base,ciclo,s,12,json_pretty,815,3044,67.916667,reversible,True,autocontenida,,,False
o200k_base,ciclo,s,12,json_compact,482,2009,40.166667,reversible,True,autocontenida,,,False
o200k_base,ciclo,s,12,yaml,585,2002,48.75,reversible,True,autocontenida,,,False
o200k_base,ciclo,s,12,xml,926,3081,77.166667,reversible,True,con_contrato,,,False
o200k_base,ciclo,s,12,csv,278,1124,23.166667,no_reversible,False,con_contrato,,,False
o200k_base,ciclo,s,12,toon,574,2089,47.833333,reversible,True,autocontenida,,,False
o200k_base,ciclo,s,12,toon_flat,325,1235,27.083333,reversible,True,con_contrato,,,False
o200k_base,ciclo,s,12,mini,314,1127,26.166667,reversible_normalizado,True,con_contrato,,,False
o200k_base,ciclo,s,12,xml_tipado,1296,4727,108.0,reversible,True,autocontenida,,,False
o200k_base,ciclo,s,12,csv_reversible,306,1217,25.5,reversible,True,con_mapa,columnas,155,False
o200k_base,ciclo,s,12,toon_reversible,332,1256,27.666667,reversible,True,con_mapa,columnas,120,False
cl100k_base,ciclo,s,12,json_pretty,817,3044,68.083333,reversible,True,autocontenida,,,False
cl100k_base,ciclo,s,12,json_compact,471,2009,39.25,reversible,True,autocontenida,,,False
cl100k_base,ciclo,s,12,yaml,585,2002,48.75,reversible,True,autocontenida,,,False
cl100k_base,ciclo,s,12,xml,928,3081,77.333333,reversible,True,con_contrato,,,False
cl100k_base,ciclo,s,12,csv,280,1124,23.333333,no_reversible,False,con_contrato,,,False
cl100k_base,ciclo,s,12,toon,574,2089,47.833333,reversible,True,autocontenida,,,False
cl100k_base,ciclo,s,12,toon_flat,327,1235,27.25,reversible,True,con_contrato,,,False
cl100k_base,ciclo,s,12,mini,316,1127,26.333333,reversible_normalizado,True,con_contrato,,,False
cl100k_base,ciclo,s,12,xml_tipado,1298,4727,108.166667,reversible,True,autocontenida,,,False
cl100k_base,ciclo,s,12,csv_reversible,307,1217,25.583333,reversible,True,con_mapa,columnas,146,False
cl100k_base,ciclo,s,12,toon_reversible,334,1256,27.833333,reversible,True,con_mapa,columnas,111,False
r50k_base,ciclo,s,12,json_pretty,1488,3044,124.0,reversible,True,autocontenida,,,False
r50k_base,ciclo,s,12,json_compact,491,2009,40.916667,reversible,True,autocontenida,,,False
r50k_base,ciclo,s,12,yaml,611,2002,50.916667,reversible,True,autocontenida,,,False
r50k_base,ciclo,s,12,xml,1223,3081,101.916667,reversible,True,con_contrato,,,False
r50k_base,ciclo,s,12,csv,325,1124,27.083333,no_reversible,False,con_contrato,,,False
r50k_base,ciclo,s,12,toon,717,2089,59.75,reversible,True,autocontenida,,,False
r50k_base,ciclo,s,12,toon_flat,375,1235,31.25,reversible,True,con_contrato,,,False
r50k_base,ciclo,s,12,mini,346,1127,28.833333,reversible_normalizado,True,con_contrato,,,False
r50k_base,ciclo,s,12,xml_tipado,1340,4727,111.666667,reversible,True,autocontenida,,,False
r50k_base,ciclo,s,12,csv_reversible,361,1217,30.083333,reversible,True,con_mapa,columnas,168,False
r50k_base,ciclo,s,12,toon_reversible,383,1256,31.916667,reversible,True,con_mapa,columnas,126,False
o200k_base,ciclo,s,25,json_pretty,1645,6225,65.8,reversible,True,autocontenida,,,True
o200k_base,ciclo,s,25,json_compact,974,4111,38.96,reversible,True,autocontenida,,,True
o200k_base,ciclo,s,25,yaml,1185,4104,47.4,reversible,True,autocontenida,,,True
o200k_base,ciclo,s,25,xml,1902,6366,76.08,reversible,True,con_contrato,,,True
o200k_base,ciclo,s,25,csv,562,2303,22.48,no_reversible,False,con_contrato,,,True
o200k_base,ciclo,s,25,toon,1161,4282,46.44,reversible,True,autocontenida,,,True
o200k_base,ciclo,s,25,toon_flat,622,2440,24.88,reversible,True,con_contrato,,,True
o200k_base,ciclo,s,25,mini,627,2306,25.08,reversible_normalizado,True,con_contrato,,,True
o200k_base,ciclo,s,25,xml_tipado,2610,9559,104.4,reversible,True,autocontenida,,,True
o200k_base,ciclo,s,25,csv_reversible,590,2396,23.6,reversible,True,con_mapa,columnas,155,True
o200k_base,ciclo,s,25,toon_reversible,629,2461,25.16,reversible,True,con_mapa,columnas,120,True
cl100k_base,ciclo,s,25,json_pretty,1649,6225,65.96,reversible,True,autocontenida,,,True
cl100k_base,ciclo,s,25,json_compact,952,4111,38.08,reversible,True,autocontenida,,,True
cl100k_base,ciclo,s,25,yaml,1185,4104,47.4,reversible,True,autocontenida,,,True
cl100k_base,ciclo,s,25,xml,1906,6366,76.24,reversible,True,con_contrato,,,True
cl100k_base,ciclo,s,25,csv,566,2303,22.64,no_reversible,False,con_contrato,,,True
cl100k_base,ciclo,s,25,toon,1161,4282,46.44,reversible,True,autocontenida,,,True
cl100k_base,ciclo,s,25,toon_flat,626,2440,25.04,reversible,True,con_contrato,,,True
cl100k_base,ciclo,s,25,mini,631,2306,25.24,reversible_normalizado,True,con_contrato,,,True
cl100k_base,ciclo,s,25,xml_tipado,2614,9559,104.56,reversible,True,autocontenida,,,True
cl100k_base,ciclo,s,25,csv_reversible,593,2396,23.72,reversible,True,con_mapa,columnas,146,True
cl100k_base,ciclo,s,25,toon_reversible,633,2461,25.32,reversible,True,con_mapa,columnas,111,True
r50k_base,ciclo,s,25,json_pretty,3029,6225,121.16,reversible,True,autocontenida,,,True
r50k_base,ciclo,s,25,json_compact,992,4111,39.68,reversible,True,autocontenida,,,True
r50k_base,ciclo,s,25,yaml,1235,4104,49.4,reversible,True,autocontenida,,,True
r50k_base,ciclo,s,25,xml,2517,6366,100.68,reversible,True,con_contrato,,,True
r50k_base,ciclo,s,25,csv,657,2303,26.28,no_reversible,False,con_contrato,,,True
r50k_base,ciclo,s,25,toon,1455,4282,58.2,reversible,True,autocontenida,,,True
r50k_base,ciclo,s,25,toon_flat,720,2440,28.8,reversible,True,con_contrato,,,True
r50k_base,ciclo,s,25,mini,691,2306,27.64,reversible_normalizado,True,con_contrato,,,True
r50k_base,ciclo,s,25,xml_tipado,2699,9559,107.96,reversible,True,autocontenida,,,True
r50k_base,ciclo,s,25,csv_reversible,693,2396,27.72,reversible,True,con_mapa,columnas,168,True
r50k_base,ciclo,s,25,toon_reversible,728,2461,29.12,reversible,True,con_mapa,columnas,126,True
o200k_base,ciclo,s,50,json_pretty,3239,12332,64.78,reversible,True,autocontenida,,,True
o200k_base,ciclo,s,50,json_compact,1918,8143,38.36,reversible,True,autocontenida,,,True
o200k_base,ciclo,s,50,yaml,2337,8136,46.74,reversible,True,autocontenida,,,True
o200k_base,ciclo,s,50,xml,3778,12673,75.56,reversible,True,con_contrato,,,True
o200k_base,ciclo,s,50,csv,1106,4560,22.12,no_reversible,False,con_contrato,,,True
o200k_base,ciclo,s,50,toon,2288,8489,45.76,reversible,True,autocontenida,,,True
o200k_base,ciclo,s,50,toon_flat,1191,4747,23.82,reversible,True,con_contrato,,,True
o200k_base,ciclo,s,50,mini,1227,4563,24.54,reversible_normalizado,True,con_contrato,,,True
o200k_base,ciclo,s,50,xml_tipado,5136,18841,102.72,reversible,True,autocontenida,,,True
o200k_base,ciclo,s,50,csv_reversible,1134,4653,22.68,reversible,True,con_mapa,columnas,155,True
o200k_base,ciclo,s,50,toon_reversible,1198,4768,23.96,reversible,True,con_mapa,columnas,120,True
cl100k_base,ciclo,s,50,json_pretty,3247,12332,64.94,reversible,True,autocontenida,,,True
cl100k_base,ciclo,s,50,json_compact,1875,8143,37.5,reversible,True,autocontenida,,,True
cl100k_base,ciclo,s,50,yaml,2337,8136,46.74,reversible,True,autocontenida,,,True
cl100k_base,ciclo,s,50,xml,3786,12673,75.72,reversible,True,con_contrato,,,True
cl100k_base,ciclo,s,50,csv,1114,4560,22.28,no_reversible,False,con_contrato,,,True
cl100k_base,ciclo,s,50,toon,2288,8489,45.76,reversible,True,autocontenida,,,True
cl100k_base,ciclo,s,50,toon_flat,1199,4747,23.98,reversible,True,con_contrato,,,True
cl100k_base,ciclo,s,50,mini,1235,4563,24.7,reversible_normalizado,True,con_contrato,,,True
cl100k_base,ciclo,s,50,xml_tipado,5144,18841,102.88,reversible,True,autocontenida,,,True
cl100k_base,ciclo,s,50,csv_reversible,1141,4653,22.82,reversible,True,con_mapa,columnas,146,True
cl100k_base,ciclo,s,50,toon_reversible,1206,4768,24.12,reversible,True,con_mapa,columnas,111,True
r50k_base,ciclo,s,50,json_pretty,5993,12332,119.86,reversible,True,autocontenida,,,True
r50k_base,ciclo,s,50,json_compact,1956,8143,39.12,reversible,True,autocontenida,,,True
r50k_base,ciclo,s,50,yaml,2436,8136,48.72,reversible,True,autocontenida,,,True
r50k_base,ciclo,s,50,xml,5006,12673,100.12,reversible,True,con_contrato,,,True
r50k_base,ciclo,s,50,csv,1296,4560,25.92,no_reversible,False,con_contrato,,,True
r50k_base,ciclo,s,50,toon,2875,8489,57.5,reversible,True,autocontenida,,,True
r50k_base,ciclo,s,50,toon_flat,1384,4747,27.68,reversible,True,con_contrato,,,True
r50k_base,ciclo,s,50,mini,1355,4563,27.1,reversible_normalizado,True,con_contrato,,,True
r50k_base,ciclo,s,50,xml_tipado,5313,18841,106.26,reversible,True,autocontenida,,,True
r50k_base,ciclo,s,50,csv_reversible,1332,4653,26.64,reversible,True,con_mapa,columnas,168,True
r50k_base,ciclo,s,50,toon_reversible,1392,4768,27.84,reversible,True,con_mapa,columnas,126,True
o200k_base,ciclo,s,100,json_pretty,6430,24529,64.3,reversible,True,autocontenida,,,True
o200k_base,ciclo,s,100,json_compact,3809,16190,38.09,reversible,True,autocontenida,,,True
o200k_base,ciclo,s,100,yaml,4645,16183,46.45,reversible,True,autocontenida,,,True
o200k_base,ciclo,s,100,xml,7532,25270,75.32,reversible,True,con_contrato,,,True
o200k_base,ciclo,s,100,csv,2196,9057,21.96,no_reversible,False,con_contrato,,,True
o200k_base,ciclo,s,100,toon,4546,16887,45.46,reversible,True,autocontenida,,,True
o200k_base,ciclo,s,100,toon_flat,2331,9345,23.31,reversible,True,con_contrato,,,True
o200k_base,ciclo,s,100,mini,2430,9061,24.3,reversible_normalizado,True,con_contrato,,,True
o200k_base,ciclo,s,100,xml_tipado,10190,37388,101.9,reversible,True,autocontenida,,,True
o200k_base,ciclo,s,100,csv_reversible,2224,9150,22.24,reversible,True,con_mapa,columnas,155,True
o200k_base,ciclo,s,100,toon_reversible,2338,9366,23.38,reversible,True,con_mapa,columnas,120,True
cl100k_base,ciclo,s,100,json_pretty,6447,24529,64.47,reversible,True,autocontenida,,,True
cl100k_base,ciclo,s,100,json_compact,3725,16190,37.25,reversible,True,autocontenida,,,True
cl100k_base,ciclo,s,100,yaml,4645,16183,46.45,reversible,True,autocontenida,,,True
cl100k_base,ciclo,s,100,xml,7549,25270,75.49,reversible,True,con_contrato,,,True
cl100k_base,ciclo,s,100,csv,2213,9057,22.13,no_reversible,False,con_contrato,,,True
cl100k_base,ciclo,s,100,toon,4546,16887,45.46,reversible,True,autocontenida,,,True
cl100k_base,ciclo,s,100,toon_flat,2348,9345,23.48,reversible,True,con_contrato,,,True
cl100k_base,ciclo,s,100,mini,2447,9061,24.47,reversible_normalizado,True,con_contrato,,,True
cl100k_base,ciclo,s,100,xml_tipado,10207,37388,102.07,reversible,True,autocontenida,,,True
cl100k_base,ciclo,s,100,csv_reversible,2240,9150,22.4,reversible,True,con_mapa,columnas,146,True
cl100k_base,ciclo,s,100,toon_reversible,2355,9366,23.55,reversible,True,con_mapa,columnas,111,True
r50k_base,ciclo,s,100,json_pretty,11922,24529,119.22,reversible,True,autocontenida,,,True
r50k_base,ciclo,s,100,json_compact,3885,16190,38.85,reversible,True,autocontenida,,,True
r50k_base,ciclo,s,100,yaml,4839,16183,48.39,reversible,True,autocontenida,,,True
r50k_base,ciclo,s,100,xml,9985,25270,99.85,reversible,True,con_contrato,,,True
r50k_base,ciclo,s,100,csv,2575,9057,25.75,no_reversible,False,con_contrato,,,True
r50k_base,ciclo,s,100,toon,5716,16887,57.16,reversible,True,autocontenida,,,True
r50k_base,ciclo,s,100,toon_flat,2713,9345,27.13,reversible,True,con_contrato,,,True
r50k_base,ciclo,s,100,mini,2684,9061,26.84,reversible_normalizado,True,con_contrato,,,True
r50k_base,ciclo,s,100,xml_tipado,10542,37388,105.42,reversible,True,autocontenida,,,True
r50k_base,ciclo,s,100,csv_reversible,2611,9150,26.11,reversible,True,con_mapa,columnas,168,True
r50k_base,ciclo,s,100,toon_reversible,2721,9366,27.21,reversible,True,con_mapa,columnas,126,True
o200k_base,ciclo,s,250,json_pretty,15985,61199,63.94,reversible,True,autocontenida,,,True
o200k_base,ciclo,s,250,json_compact,9464,40410,37.856,reversible,True,autocontenida,,,True
o200k_base,ciclo,s,250,yaml,11551,40403,46.204,reversible,True,autocontenida,,,True
o200k_base,ciclo,s,250,xml,18774,63140,75.096,reversible,True,con_contrato,,,True
o200k_base,ciclo,s,250,csv,5454,22627,21.816,no_reversible,False,con_contrato,,,True
o200k_base,ciclo,s,250,toon,11302,42157,45.208,reversible,True,autocontenida,,,True
o200k_base,ciclo,s,250,toon_flat,5739,23215,22.956,reversible,True,con_contrato,,,True
o200k_base,ciclo,s,250,mini,6024,22631,24.096,reversible_normalizado,True,con_contrato,,,True
o200k_base,ciclo,s,250,xml_tipado,25332,93108,101.328,reversible,True,autocontenida,,,True
o200k_base,ciclo,s,250,csv_reversible,5482,22720,21.928,reversible,True,con_mapa,columnas,155,True
o200k_base,ciclo,s,250,toon_reversible,5746,23236,22.984,reversible,True,con_mapa,columnas,120,True
cl100k_base,ciclo,s,250,json_pretty,16027,61199,64.108,reversible,True,autocontenida,,,True
cl100k_base,ciclo,s,250,json_compact,9255,40410,37.02,reversible,True,autocontenida,,,True
cl100k_base,ciclo,s,250,yaml,11551,40403,46.204,reversible,True,autocontenida,,,True
cl100k_base,ciclo,s,250,xml,18816,63140,75.264,reversible,True,con_contrato,,,True
cl100k_base,ciclo,s,250,csv,5496,22627,21.984,no_reversible,False,con_contrato,,,True
cl100k_base,ciclo,s,250,toon,11302,42157,45.208,reversible,True,autocontenida,,,True
cl100k_base,ciclo,s,250,toon_flat,5781,23215,23.124,reversible,True,con_contrato,,,True
cl100k_base,ciclo,s,250,mini,6066,22631,24.264,reversible_normalizado,True,con_contrato,,,True
cl100k_base,ciclo,s,250,xml_tipado,25374,93108,101.496,reversible,True,autocontenida,,,True
cl100k_base,ciclo,s,250,csv_reversible,5523,22720,22.092,reversible,True,con_mapa,columnas,146,True
cl100k_base,ciclo,s,250,toon_reversible,5788,23236,23.152,reversible,True,con_mapa,columnas,111,True
r50k_base,ciclo,s,250,json_pretty,29689,61199,118.756,reversible,True,autocontenida,,,True
r50k_base,ciclo,s,250,json_compact,9652,40410,38.608,reversible,True,autocontenida,,,True
r50k_base,ciclo,s,250,yaml,12034,40403,48.136,reversible,True,autocontenida,,,True
r50k_base,ciclo,s,250,xml,24902,63140,99.608,reversible,True,con_contrato,,,True
r50k_base,ciclo,s,250,csv,6392,22627,25.568,no_reversible,False,con_contrato,,,True
r50k_base,ciclo,s,250,toon,14222,42157,56.888,reversible,True,autocontenida,,,True
r50k_base,ciclo,s,250,toon_flat,6680,23215,26.72,reversible,True,con_contrato,,,True
r50k_base,ciclo,s,250,mini,6651,22631,26.604,reversible_normalizado,True,con_contrato,,,True
r50k_base,ciclo,s,250,xml_tipado,26209,93108,104.836,reversible,True,autocontenida,,,True
r50k_base,ciclo,s,250,csv_reversible,6428,22720,25.712,reversible,True,con_mapa,columnas,168,True
r50k_base,ciclo,s,250,toon_reversible,6688,23236,26.752,reversible,True,con_mapa,columnas,126,True
o200k_base,ciclo,sum,1,json_pretty,162,476,162.0,reversible,True,autocontenida,,,False
o200k_base,ciclo,sum,1,json_compact,106,331,106.0,reversible,True,autocontenida,,,False
o200k_base,ciclo,sum,1,yaml,121,324,121.0,reversible,True,autocontenida,,,False
o200k_base,ciclo,sum,1,xml,152,409,152.0,reversible,True,con_contrato,,,False
o200k_base,ciclo,sum,1,csv,63,197,63.0,no_reversible,False,con_contrato,,,False
o200k_base,ciclo,sum,1,toon,118,331,118.0,reversible,True,autocontenida,,,False
o200k_base,ciclo,sum,1,toon_flat,105,296,105.0,reversible,True,con_contrato,,,False
o200k_base,ciclo,sum,1,mini,85,217,85.0,reversible_normalizado,True,con_contrato,,,False
o200k_base,ciclo,sum,1,xml_tipado,246,805,246.0,reversible,True,autocontenida,,,False
o200k_base,ciclo,sum,1,csv_reversible,111,325,111.0,reversible,True,con_mapa,columnas,203,False
o200k_base,ciclo,sum,1,toon_reversible,122,333,122.0,reversible,True,con_mapa,celdas,80,False
cl100k_base,ciclo,sum,1,json_pretty,165,476,165.0,reversible,True,autocontenida,,,False
cl100k_base,ciclo,sum,1,json_compact,107,331,107.0,reversible,True,autocontenida,,,False
cl100k_base,ciclo,sum,1,yaml,124,324,124.0,reversible,True,autocontenida,,,False
cl100k_base,ciclo,sum,1,xml,153,409,153.0,reversible,True,con_contrato,,,False
cl100k_base,ciclo,sum,1,csv,67,197,67.0,no_reversible,False,con_contrato,,,False
cl100k_base,ciclo,sum,1,toon,121,331,121.0,reversible,True,autocontenida,,,False
cl100k_base,ciclo,sum,1,toon_flat,109,296,109.0,reversible,True,con_contrato,,,False
cl100k_base,ciclo,sum,1,mini,88,217,88.0,reversible_normalizado,True,con_contrato,,,False
cl100k_base,ciclo,sum,1,xml_tipado,247,805,247.0,reversible,True,autocontenida,,,False
cl100k_base,ciclo,sum,1,csv_reversible,113,325,113.0,reversible,True,con_mapa,columnas,192,False
cl100k_base,ciclo,sum,1,toon_reversible,125,333,125.0,reversible,True,con_mapa,celdas,72,False
r50k_base,ciclo,sum,1,json_pretty,263,476,263.0,reversible,True,autocontenida,,,False
r50k_base,ciclo,sum,1,json_compact,122,331,122.0,reversible,True,autocontenida,,,False
r50k_base,ciclo,sum,1,yaml,142,324,142.0,reversible,True,autocontenida,,,False
r50k_base,ciclo,sum,1,xml,197,409,197.0,reversible,True,con_contrato,,,False
r50k_base,ciclo,sum,1,csv,83,197,83.0,no_reversible,False,con_contrato,,,False
r50k_base,ciclo,sum,1,toon,151,331,151.0,reversible,True,autocontenida,,,False
r50k_base,ciclo,sum,1,toon_flat,131,296,131.0,reversible,True,con_contrato,,,False
r50k_base,ciclo,sum,1,mini,101,217,101.0,reversible_normalizado,True,con_contrato,,,False
r50k_base,ciclo,sum,1,xml_tipado,267,805,267.0,reversible,True,autocontenida,,,False
r50k_base,ciclo,sum,1,csv_reversible,135,315,135.0,reversible,True,con_mapa,celdas,128,False
r50k_base,ciclo,sum,1,toon_reversible,145,333,145.0,reversible,True,con_mapa,celdas,86,False
o200k_base,ciclo,sum,5,json_pretty,555,1753,111.0,reversible,True,autocontenida,,,False
o200k_base,ciclo,sum,5,json_compact,373,1217,74.6,reversible,True,autocontenida,,,False
o200k_base,ciclo,sum,5,yaml,434,1216,86.8,reversible,True,autocontenida,,,False
o200k_base,ciclo,sum,5,xml,606,1687,121.2,reversible,True,con_contrato,,,False
o200k_base,ciclo,sum,5,csv,254,773,50.8,no_reversible,False,con_contrato,,,False
o200k_base,ciclo,sum,5,toon,424,1247,84.8,reversible,True,autocontenida,,,False
o200k_base,ciclo,sum,5,toon_flat,300,884,60.0,reversible,True,con_contrato,,,False
o200k_base,ciclo,sum,5,mini,279,793,55.8,reversible_normalizado,True,con_contrato,,,False
o200k_base,ciclo,sum,5,xml_tipado,812,2679,162.4,reversible,True,autocontenida,,,False
o200k_base,ciclo,sum,5,csv_reversible,303,903,60.6,reversible,True,con_mapa,columnas,203,False
o200k_base,ciclo,sum,5,toon_reversible,324,937,64.8,reversible,True,con_mapa,columnas,158,False
cl100k_base,ciclo,sum,5,json_pretty,579,1753,115.8,reversible,True,autocontenida,,,False
cl100k_base,ciclo,sum,5,json_compact,391,1217,78.2,reversible,True,autocontenida,,,False
cl100k_base,ciclo,sum,5,yaml,459,1216,91.8,reversible,True,autocontenida,,,False
cl100k_base,ciclo,sum,5,xml,624,1687,124.8,reversible,True,con_contrato,,,False
cl100k_base,ciclo,sum,5,csv,275,773,55.0,no_reversible,False,con_contrato,,,False
cl100k_base,ciclo,sum,5,toon,446,1247,89.2,reversible,True,autocontenida,,,False
cl100k_base,ciclo,sum,5,toon_flat,323,884,64.6,reversible,True,con_contrato,,,False
cl100k_base,ciclo,sum,5,mini,301,793,60.2,reversible_normalizado,True,con_contrato,,,False
cl100k_base,ciclo,sum,5,xml_tipado,830,2679,166.0,reversible,True,autocontenida,,,False
cl100k_base,ciclo,sum,5,csv_reversible,322,903,64.4,reversible,True,con_mapa,columnas,192,False
cl100k_base,ciclo,sum,5,toon_reversible,346,937,69.2,reversible,True,con_mapa,columnas,147,False
r50k_base,ciclo,sum,5,json_pretty,961,1753,192.2,reversible,True,autocontenida,,,False
r50k_base,ciclo,sum,5,json_compact,437,1217,87.4,reversible,True,autocontenida,,,False
r50k_base,ciclo,sum,5,yaml,505,1216,101.0,reversible,True,autocontenida,,,False
r50k_base,ciclo,sum,5,xml,816,1687,163.2,reversible,True,con_contrato,,,False
r50k_base,ciclo,sum,5,csv,318,773,63.6,no_reversible,False,con_contrato,,,False
r50k_base,ciclo,sum,5,toon,551,1247,110.2,reversible,True,autocontenida,,,False
r50k_base,ciclo,sum,5,toon_flat,370,884,74.0,reversible,True,con_contrato,,,False
r50k_base,ciclo,sum,5,mini,340,793,68.0,reversible_normalizado,True,con_contrato,,,False
r50k_base,ciclo,sum,5,xml_tipado,894,2679,178.8,reversible,True,autocontenida,,,False
r50k_base,ciclo,sum,5,csv_reversible,378,903,75.6,reversible,True,con_mapa,columnas,225,False
r50k_base,ciclo,sum,5,toon_reversible,394,937,78.8,reversible,True,con_mapa,columnas,171,False
o200k_base,ciclo,sum,10,json_pretty,1034,3351,103.4,reversible,True,autocontenida,,,False
o200k_base,ciclo,sum,10,json_compact,698,2342,69.8,reversible,True,autocontenida,,,False
o200k_base,ciclo,sum,10,yaml,813,2344,81.3,reversible,True,autocontenida,,,False
o200k_base,ciclo,sum,10,xml,1158,3295,115.8,reversible,True,con_contrato,,,False
o200k_base,ciclo,sum,10,csv,483,1520,48.3,no_reversible,False,con_contrato,,,False
o200k_base,ciclo,sum,10,toon,798,2417,79.8,reversible,True,autocontenida,,,False
o200k_base,ciclo,sum,10,toon_flat,534,1644,53.4,reversible,True,con_contrato,,,False
o200k_base,ciclo,sum,10,mini,512,1535,51.2,reversible_normalizado,True,con_contrato,,,False
o200k_base,ciclo,sum,10,xml_tipado,1504,5025,150.4,reversible,True,autocontenida,,,False
o200k_base,ciclo,sum,10,csv_reversible,537,1656,53.7,reversible,True,con_mapa,columnas,203,False
o200k_base,ciclo,sum,10,toon_reversible,563,1703,56.3,reversible,True,con_mapa,columnas,158,False
cl100k_base,ciclo,sum,10,json_pretty,1077,3351,107.7,reversible,True,autocontenida,,,False
cl100k_base,ciclo,sum,10,json_compact,730,2342,73.0,reversible,True,autocontenida,,,False
cl100k_base,ciclo,sum,10,yaml,856,2344,85.6,reversible,True,autocontenida,,,False
cl100k_base,ciclo,sum,10,xml,1194,3295,119.4,reversible,True,con_contrato,,,False
cl100k_base,ciclo,sum,10,csv,523,1520,52.3,no_reversible,False,con_contrato,,,False
cl100k_base,ciclo,sum,10,toon,839,2417,83.9,reversible,True,autocontenida,,,False
cl100k_base,ciclo,sum,10,toon_flat,576,1644,57.6,reversible,True,con_contrato,,,False
cl100k_base,ciclo,sum,10,mini,553,1535,55.3,reversible_normalizado,True,con_contrato,,,False
cl100k_base,ciclo,sum,10,xml_tipado,1540,5025,154.0,reversible,True,autocontenida,,,False
cl100k_base,ciclo,sum,10,csv_reversible,575,1656,57.5,reversible,True,con_mapa,columnas,192,False
cl100k_base,ciclo,sum,10,toon_reversible,604,1703,60.4,reversible,True,con_mapa,columnas,147,False
r50k_base,ciclo,sum,10,json_pretty,1811,3351,181.1,reversible,True,autocontenida,,,False
r50k_base,ciclo,sum,10,json_compact,824,2342,82.4,reversible,True,autocontenida,,,False
r50k_base,ciclo,sum,10,yaml,949,2344,94.9,reversible,True,autocontenida,,,False
r50k_base,ciclo,sum,10,xml,1576,3295,157.6,reversible,True,con_contrato,,,False
r50k_base,ciclo,sum,10,csv,605,1520,60.5,no_reversible,False,con_contrato,,,False
r50k_base,ciclo,sum,10,toon,1046,2417,104.6,reversible,True,autocontenida,,,False
r50k_base,ciclo,sum,10,toon_flat,662,1644,66.2,reversible,True,con_contrato,,,False
r50k_base,ciclo,sum,10,mini,632,1535,63.2,reversible_normalizado,True,con_contrato,,,False
r50k_base,ciclo,sum,10,xml_tipado,1664,5025,166.4,reversible,True,autocontenida,,,False
r50k_base,ciclo,sum,10,csv_reversible,671,1656,67.1,reversible,True,con_mapa,columnas,225,False
r50k_base,ciclo,sum,10,toon_reversible,692,1703,69.2,reversible,True,con_mapa,columnas,171,False
o200k_base,ciclo,sum,12,json_pretty,1207,3946,100.583333,reversible,True,autocontenida,,,False
o200k_base,ciclo,sum,12,json_compact,813,2764,67.75,reversible,True,autocontenida,,,False
o200k_base,ciclo,sum,12,yaml,947,2762,78.916667,reversible,True,autocontenida,,,False
o200k_base,ciclo,sum,12,xml,1356,3903,113.0,reversible,True,con_contrato,,,False
o200k_base,ciclo,sum,12,csv,559,1794,46.583333,no_reversible,False,con_contrato,,,False
o200k_base,ciclo,sum,12,toon,933,2859,77.75,reversible,True,autocontenida,,,False
o200k_base,ciclo,sum,12,toon_flat,612,1922,51.0,reversible,True,con_contrato,,,False
o200k_base,ciclo,sum,12,mini,591,1807,49.25,reversible_normalizado,True,con_contrato,,,False
o200k_base,ciclo,sum,12,xml_tipado,1758,5921,146.5,reversible,True,autocontenida,,,False
o200k_base,ciclo,sum,12,csv_reversible,618,1936,51.5,reversible,True,con_mapa,columnas,203,False
o200k_base,ciclo,sum,12,toon_reversible,646,1987,53.833333,reversible,True,con_mapa,columnas,158,False
cl100k_base,ciclo,sum,12,json_pretty,1264,3946,105.333333,reversible,True,autocontenida,,,False
cl100k_base,ciclo,sum,12,json_compact,857,2764,71.416667,reversible,True,autocontenida,,,False
cl100k_base,ciclo,sum,12,yaml,1002,2762,83.5,reversible,True,autocontenida,,,False
cl100k_base,ciclo,sum,12,xml,1404,3903,117.0,reversible,True,con_contrato,,,False
cl100k_base,ciclo,sum,12,csv,612,1794,51.0,no_reversible,False,con_contrato,,,False
cl100k_base,ciclo,sum,12,toon,987,2859,82.25,reversible,True,autocontenida,,,False
cl100k_base,ciclo,sum,12,toon_flat,667,1922,55.583333,reversible,True,con_contrato,,,False
cl100k_base,ciclo,sum,12,mini,646,1807,53.833333,reversible_normalizado,True,con_contrato,,,False
cl100k_base,ciclo,sum,12,xml_tipado,1806,5921,150.5,reversible,True,autocontenida,,,False
cl100k_base,ciclo,sum,12,csv_reversible,669,1936,55.75,reversible,True,con_mapa,columnas,192,False
cl100k_base,ciclo,sum,12,toon_reversible,700,1987,58.333333,reversible,True,con_mapa,columnas,147,False
r50k_base,ciclo,sum,12,json_pretty,2136,3946,178.0,reversible,True,autocontenida,,,False
r50k_base,ciclo,sum,12,json_compact,982,2764,81.833333,reversible,True,autocontenida,,,False
r50k_base,ciclo,sum,12,yaml,1123,2762,93.583333,reversible,True,autocontenida,,,False
r50k_base,ciclo,sum,12,xml,1876,3903,156.333333,reversible,True,con_contrato,,,False
r50k_base,ciclo,sum,12,csv,723,1794,60.25,no_reversible,False,con_contrato,,,False
r50k_base,ciclo,sum,12,toon,1244,2859,103.666667,reversible,True,autocontenida,,,False
r50k_base,ciclo,sum,12,toon_flat,782,1922,65.166667,reversible,True,con_contrato,,,False
r50k_base,ciclo,sum,12,mini,752,1807,62.666667,reversible_normalizado,True,con_contrato,,,False
r50k_base,ciclo,sum,12,xml_tipado,1968,5921,164.0,reversible,True,autocontenida,,,False
r50k_base,ciclo,sum,12,csv_reversible,795,1936,66.25,reversible,True,con_mapa,columnas,225,False
r50k_base,ciclo,sum,12,toon_reversible,818,1987,68.166667,reversible,True,con_mapa,columnas,171,False
o200k_base,ciclo,sum,25,json_pretty,2458,8086,98.32,reversible,True,autocontenida,,,True
o200k_base,ciclo,sum,25,json_compact,1662,5667,66.48,reversible,True,autocontenida,,,True
o200k_base,ciclo,sum,25,yaml,1939,5672,77.56,reversible,True,autocontenida,,,True
o200k_base,ciclo,sum,25,xml,2798,8065,111.92,reversible,True,con_contrato,,,True
o200k_base,ciclo,sum,25,csv,1157,3705,46.28,no_reversible,False,con_contrato,,,True
o200k_base,ciclo,sum,25,toon,1906,5868,76.24,reversible,True,autocontenida,,,True
o200k_base,ciclo,sum,25,toon_flat,1223,3865,48.92,reversible,True,con_contrato,,,True
o200k_base,ciclo,sum,25,mini,1201,3710,48.04,reversible_normalizado,True,con_contrato,,,True
o200k_base,ciclo,sum,25,xml_tipado,3564,12005,142.56,reversible,True,autocontenida,,,True
o200k_base,ciclo,sum,25,csv_reversible,1227,3861,49.08,reversible,True,con_mapa,columnas,203,True
o200k_base,ciclo,sum,25,toon_reversible,1268,3944,50.72,reversible,True,con_mapa,columnas,158,True
cl100k_base,ciclo,sum,25,json_pretty,2575,8086,103.0,reversible,True,autocontenida,,,True
cl100k_base,ciclo,sum,25,json_compact,1753,5667,70.12,reversible,True,autocontenida,,,True
cl100k_base,ciclo,sum,25,yaml,2052,5672,82.08,reversible,True,autocontenida,,,True
cl100k_base,ciclo,sum,25,xml,2895,8065,115.8,reversible,True,con_contrato,,,True
cl100k_base,ciclo,sum,25,csv,1267,3705,50.68,no_reversible,False,con_contrato,,,True
cl100k_base,ciclo,sum,25,toon,2017,5868,80.68,reversible,True,autocontenida,,,True
cl100k_base,ciclo,sum,25,toon_flat,1337,3865,53.48,reversible,True,con_contrato,,,True
cl100k_base,ciclo,sum,25,mini,1314,3710,52.56,reversible_normalizado,True,con_contrato,,,True
cl100k_base,ciclo,sum,25,xml_tipado,3661,12005,146.44,reversible,True,autocontenida,,,True
cl100k_base,ciclo,sum,25,csv_reversible,1333,3861,53.32,reversible,True,con_mapa,columnas,192,True
cl100k_base,ciclo,sum,25,toon_reversible,1379,3944,55.16,reversible,True,con_mapa,columnas,147,True
r50k_base,ciclo,sum,25,json_pretty,4373,8086,174.92,reversible,True,autocontenida,,,True
r50k_base,ciclo,sum,25,json_compact,2010,5667,80.4,reversible,True,autocontenida,,,True
r50k_base,ciclo,sum,25,yaml,2300,5672,92.0,reversible,True,autocontenida,,,True
r50k_base,ciclo,sum,25,xml,3877,8065,155.08,reversible,True,con_contrato,,,True
r50k_base,ciclo,sum,25,csv,1491,3705,59.64,no_reversible,False,con_contrato,,,True
r50k_base,ciclo,sum,25,toon,2549,5868,101.96,reversible,True,autocontenida,,,True
r50k_base,ciclo,sum,25,toon_flat,1563,3865,62.52,reversible,True,con_contrato,,,True
r50k_base,ciclo,sum,25,mini,1533,3710,61.32,reversible_normalizado,True,con_contrato,,,True
r50k_base,ciclo,sum,25,xml_tipado,3995,12005,159.8,reversible,True,autocontenida,,,True
r50k_base,ciclo,sum,25,csv_reversible,1577,3861,63.08,reversible,True,con_mapa,columnas,225,True
r50k_base,ciclo,sum,25,toon_reversible,1613,3944,64.52,reversible,True,con_mapa,columnas,171,True
o200k_base,ciclo,sum,50,json_pretty,4858,16048,97.16,reversible,True,autocontenida,,,True
o200k_base,ciclo,sum,50,json_compact,3290,11255,65.8,reversible,True,autocontenida,,,True
o200k_base,ciclo,sum,50,yaml,3841,11273,76.82,reversible,True,autocontenida,,,True
o200k_base,ciclo,sum,50,xml,5564,16072,111.28,reversible,True,con_contrato,,,True
o200k_base,ciclo,sum,50,csv,2304,7387,46.08,no_reversible,False,con_contrato,,,True
o200k_base,ciclo,sum,50,toon,3776,11662,75.52,reversible,True,autocontenida,,,True
o200k_base,ciclo,sum,50,toon_flat,2395,7609,47.9,reversible,True,con_contrato,,,True
o200k_base,ciclo,sum,50,mini,2371,7376,47.42,reversible_normalizado,True,con_contrato,,,True
o200k_base,ciclo,sum,50,xml_tipado,7030,23706,140.6,reversible,True,autocontenida,,,True
o200k_base,ciclo,sum,50,csv_reversible,2396,7571,47.92,reversible,True,con_mapa,columnas,203,True
o200k_base,ciclo,sum,50,toon_reversible,2462,7716,49.24,reversible,True,con_mapa,columnas,158,True
cl100k_base,ciclo,sum,50,json_pretty,5096,16048,101.92,reversible,True,autocontenida,,,True
cl100k_base,ciclo,sum,50,json_compact,3477,11255,69.54,reversible,True,autocontenida,,,True
cl100k_base,ciclo,sum,50,yaml,4072,11273,81.44,reversible,True,autocontenida,,,True
cl100k_base,ciclo,sum,50,xml,5762,16072,115.24,reversible,True,con_contrato,,,True
cl100k_base,ciclo,sum,50,csv,2525,7387,50.5,no_reversible,False,con_contrato,,,True
cl100k_base,ciclo,sum,50,toon,4001,11662,80.02,reversible,True,autocontenida,,,True
cl100k_base,ciclo,sum,50,toon_flat,2624,7609,52.48,reversible,True,con_contrato,,,True
cl100k_base,ciclo,sum,50,mini,2599,7376,51.98,reversible_normalizado,True,con_contrato,,,True
cl100k_base,ciclo,sum,50,xml_tipado,7228,23706,144.56,reversible,True,autocontenida,,,True
cl100k_base,ciclo,sum,50,csv_reversible,2611,7571,52.22,reversible,True,con_mapa,columnas,192,True
cl100k_base,ciclo,sum,50,toon_reversible,2686,7716,53.72,reversible,True,con_mapa,columnas,147,True
r50k_base,ciclo,sum,50,json_pretty,8669,16048,173.38,reversible,True,autocontenida,,,True
r50k_base,ciclo,sum,50,json_compact,3986,11255,79.72,reversible,True,autocontenida,,,True
r50k_base,ciclo,sum,50,yaml,4559,11273,91.18,reversible,True,autocontenida,,,True
r50k_base,ciclo,sum,50,xml,7722,16072,154.44,reversible,True,con_contrato,,,True
r50k_base,ciclo,sum,50,csv,2967,7387,59.34,no_reversible,False,con_contrato,,,True
r50k_base,ciclo,sum,50,toon,5056,11662,101.12,reversible,True,autocontenida,,,True
r50k_base,ciclo,sum,50,toon_flat,3064,7609,61.28,reversible,True,con_contrato,,,True
r50k_base,ciclo,sum,50,mini,3034,7376,60.68,reversible_normalizado,True,con_contrato,,,True
r50k_base,ciclo,sum,50,xml_tipado,7890,23706,157.8,reversible,True,autocontenida,,,True
r50k_base,ciclo,sum,50,csv_reversible,3081,7571,61.62,reversible,True,con_mapa,columnas,225,True
r50k_base,ciclo,sum,50,toon_reversible,3142,7716,62.84,reversible,True,con_mapa,columnas,171,True
o200k_base,ciclo,sum,100,json_pretty,9637,31907,96.37,reversible,True,autocontenida,,,True
o200k_base,ciclo,sum,100,json_compact,6527,22375,65.27,reversible,True,autocontenida,,,True
o200k_base,ciclo,sum,100,yaml,7624,22419,76.24,reversible,True,autocontenida,,,True
o200k_base,ciclo,sum,100,xml,11072,32026,110.72,reversible,True,con_contrato,,,True
o200k_base,ciclo,sum,100,csv,4579,14697,45.79,no_reversible,False,con_contrato,,,True
o200k_base,ciclo,sum,100,toon,7496,23199,74.96,reversible,True,autocontenida,,,True
o200k_base,ciclo,sum,100,toon_flat,4720,15046,47.2,reversible,True,con_contrato,,,True
o200k_base,ciclo,sum,100,mini,4691,14655,46.91,reversible_normalizado,True,con_contrato,,,True
o200k_base,ciclo,sum,100,xml_tipado,13938,47044,139.38,reversible,True,autocontenida,,,True
o200k_base,ciclo,sum,100,csv_reversible,4716,14939,47.16,reversible,True,con_mapa,columnas,203,True
o200k_base,ciclo,sum,100,toon_reversible,4832,15211,48.32,reversible,True,con_mapa,columnas,158,True
cl100k_base,ciclo,sum,100,json_pretty,10114,31907,101.14,reversible,True,autocontenida,,,True
cl100k_base,ciclo,sum,100,json_compact,6903,22375,69.03,reversible,True,autocontenida,,,True
cl100k_base,ciclo,sum,100,yaml,8086,22419,80.86,reversible,True,autocontenida,,,True
cl100k_base,ciclo,sum,100,xml,11472,32026,114.72,reversible,True,con_contrato,,,True
cl100k_base,ciclo,sum,100,csv,5022,14697,50.22,no_reversible,False,con_contrato,,,True
cl100k_base,ciclo,sum,100,toon,7947,23199,79.47,reversible,True,autocontenida,,,True
cl100k_base,ciclo,sum,100,toon_flat,5180,15046,51.8,reversible,True,con_contrato,,,True
cl100k_base,ciclo,sum,100,mini,5150,14655,51.5,reversible_normalizado,True,con_contrato,,,True
cl100k_base,ciclo,sum,100,xml_tipado,14338,47044,143.38,reversible,True,autocontenida,,,True
cl100k_base,ciclo,sum,100,csv_reversible,5149,14939,51.49,reversible,True,con_mapa,columnas,192,True
cl100k_base,ciclo,sum,100,toon_reversible,5283,15211,52.83,reversible,True,con_mapa,columnas,147,True
r50k_base,ciclo,sum,100,json_pretty,17226,31907,172.26,reversible,True,autocontenida,,,True
r50k_base,ciclo,sum,100,json_compact,7912,22375,79.12,reversible,True,autocontenida,,,True
r50k_base,ciclo,sum,100,yaml,9047,22419,90.47,reversible,True,autocontenida,,,True
r50k_base,ciclo,sum,100,xml,15382,32026,153.82,reversible,True,con_contrato,,,True
r50k_base,ciclo,sum,100,csv,5893,14697,58.93,no_reversible,False,con_contrato,,,True
r50k_base,ciclo,sum,100,toon,10044,23199,100.44,reversible,True,autocontenida,,,True
r50k_base,ciclo,sum,100,toon_flat,6040,15046,60.4,reversible,True,con_contrato,,,True
r50k_base,ciclo,sum,100,mini,6010,14655,60.1,reversible_normalizado,True,con_contrato,,,True
r50k_base,ciclo,sum,100,xml_tipado,15650,47044,156.5,reversible,True,autocontenida,,,True
r50k_base,ciclo,sum,100,csv_reversible,6065,14939,60.65,reversible,True,con_mapa,columnas,225,True
r50k_base,ciclo,sum,100,toon_reversible,6176,15211,61.76,reversible,True,con_mapa,columnas,171,True
o200k_base,ciclo,sum,250,json_pretty,23994,79682,95.976,reversible,True,autocontenida,,,True
o200k_base,ciclo,sum,250,json_compact,16258,55933,65.032,reversible,True,autocontenida,,,True
o200k_base,ciclo,sum,250,yaml,18993,56055,75.972,reversible,True,autocontenida,,,True
o200k_base,ciclo,sum,250,xml,27618,80086,110.472,reversible,True,con_contrato,,,True
o200k_base,ciclo,sum,250,csv,11423,36831,45.692,no_reversible,False,con_contrato,,,True
o200k_base,ciclo,sum,250,toon,18678,58009,74.712,reversible,True,autocontenida,,,True
o200k_base,ciclo,sum,250,toon_flat,11714,37556,46.856,reversible,True,con_contrato,,,True
o200k_base,ciclo,sum,250,mini,11672,36687,46.688,reversible_normalizado,True,con_contrato,,,True
o200k_base,ciclo,sum,250,xml_tipado,34684,117256,138.736,reversible,True,autocontenida,,,True
o200k_base,ciclo,sum,250,csv_reversible,11697,37247,46.788,reversible,True,con_mapa,columnas,203,True
o200k_base,ciclo,sum,250,toon_reversible,11963,37895,47.852,reversible,True,con_mapa,columnas,158,True
cl100k_base,ciclo,sum,250,json_pretty,25177,79682,100.708,reversible,True,autocontenida,,,True
cl100k_base,ciclo,sum,250,json_compact,17190,55933,68.76,reversible,True,autocontenida,,,True
cl100k_base,ciclo,sum,250,yaml,20136,56055,80.544,reversible,True,autocontenida,,,True
cl100k_base,ciclo,sum,250,xml,28614,80086,114.456,reversible,True,con_contrato,,,True
cl100k_base,ciclo,sum,250,csv,12523,36831,50.092,no_reversible,False,con_contrato,,,True
cl100k_base,ciclo,sum,250,toon,19799,58009,79.196,reversible,True,autocontenida,,,True
cl100k_base,ciclo,sum,250,toon_flat,12856,37556,51.424,reversible,True,con_contrato,,,True
cl100k_base,ciclo,sum,250,mini,12813,36687,51.252,reversible_normalizado,True,con_contrato,,,True
cl100k_base,ciclo,sum,250,xml_tipado,35680,117256,142.72,reversible,True,autocontenida,,,True
cl100k_base,ciclo,sum,250,csv_reversible,12775,37247,51.1,reversible,True,con_mapa,columnas,192,True
cl100k_base,ciclo,sum,250,toon_reversible,13084,37895,52.336,reversible,True,con_mapa,columnas,147,True
r50k_base,ciclo,sum,250,json_pretty,42911,79682,171.644,reversible,True,autocontenida,,,True
r50k_base,ciclo,sum,250,json_compact,19704,55933,78.816,reversible,True,autocontenida,,,True
r50k_base,ciclo,sum,250,yaml,22529,56055,90.116,reversible,True,autocontenida,,,True
r50k_base,ciclo,sum,250,xml,38376,80086,153.504,reversible,True,con_contrato,,,True
r50k_base,ciclo,sum,250,csv,14685,36831,58.74,no_reversible,False,con_contrato,,,True
r50k_base,ciclo,sum,250,toon,25026,58009,100.104,reversible,True,autocontenida,,,True
r50k_base,ciclo,sum,250,toon_flat,14982,37556,59.928,reversible,True,con_contrato,,,True
r50k_base,ciclo,sum,250,mini,14952,36687,59.808,reversible_normalizado,True,con_contrato,,,True
r50k_base,ciclo,sum,250,xml_tipado,38944,117256,155.776,reversible,True,autocontenida,,,True
r50k_base,ciclo,sum,250,csv_reversible,15031,37247,60.124,reversible,True,con_mapa,columnas,225,True
r50k_base,ciclo,sum,250,toon_reversible,15292,37895,61.168,reversible,True,con_mapa,columnas,171,True
o200k_base,ciclo,tc,1,json_pretty,157,550,157.0,reversible,True,autocontenida,,,False
o200k_base,ciclo,tc,1,json_compact,100,395,100.0,reversible,True,autocontenida,,,False
o200k_base,ciclo,tc,1,yaml,114,383,114.0,reversible,True,autocontenida,,,False
o200k_base,ciclo,tc,1,xml,152,500,152.0,reversible,True,con_contrato,,,False
o200k_base,ciclo,tc,1,csv,60,258,60.0,no_reversible,False,con_contrato,,,False
o200k_base,ciclo,tc,1,toon,112,394,112.0,reversible,True,autocontenida,,,False
o200k_base,ciclo,tc,1,toon_flat,99,349,99.0,reversible,True,con_contrato,,,False
o200k_base,ciclo,tc,1,mini,73,253,73.0,reversible_normalizado,True,con_contrato,,,False
o200k_base,ciclo,tc,1,xml_tipado,246,876,246.0,reversible,True,autocontenida,,,False
o200k_base,ciclo,tc,1,csv_reversible,103,374,103.0,reversible,True,con_mapa,celdas,142,False
o200k_base,ciclo,tc,1,toon_reversible,114,392,114.0,reversible,True,con_mapa,celdas,97,False
cl100k_base,ciclo,tc,1,json_pretty,157,550,157.0,reversible,True,autocontenida,,,False
cl100k_base,ciclo,tc,1,json_compact,97,395,97.0,reversible,True,autocontenida,,,False
cl100k_base,ciclo,tc,1,yaml,113,383,113.0,reversible,True,autocontenida,,,False
cl100k_base,ciclo,tc,1,xml,151,500,151.0,reversible,True,con_contrato,,,False
cl100k_base,ciclo,tc,1,csv,60,258,60.0,no_reversible,False,con_contrato,,,False
cl100k_base,ciclo,tc,1,toon,111,394,111.0,reversible,True,autocontenida,,,False
cl100k_base,ciclo,tc,1,toon_flat,99,349,99.0,reversible,True,con_contrato,,,False
cl100k_base,ciclo,tc,1,mini,75,253,75.0,reversible_normalizado,True,con_contrato,,,False
cl100k_base,ciclo,tc,1,xml_tipado,245,876,245.0,reversible,True,autocontenida,,,False
cl100k_base,ciclo,tc,1,csv_reversible,102,374,102.0,reversible,True,con_mapa,celdas,132,False
cl100k_base,ciclo,tc,1,toon_reversible,114,392,114.0,reversible,True,con_mapa,celdas,87,False
r50k_base,ciclo,tc,1,json_pretty,252,550,252.0,reversible,True,autocontenida,,,False
r50k_base,ciclo,tc,1,json_compact,99,395,99.0,reversible,True,autocontenida,,,False
r50k_base,ciclo,tc,1,yaml,120,383,120.0,reversible,True,autocontenida,,,False
r50k_base,ciclo,tc,1,xml,187,500,187.0,reversible,True,con_contrato,,,False
r50k_base,ciclo,tc,1,csv,66,258,66.0,no_reversible,False,con_contrato,,,False
r50k_base,ciclo,tc,1,toon,133,394,133.0,reversible,True,autocontenida,,,False
r50k_base,ciclo,tc,1,toon_flat,108,349,108.0,reversible,True,con_contrato,,,False
r50k_base,ciclo,tc,1,mini,77,253,77.0,reversible_normalizado,True,con_contrato,,,False
r50k_base,ciclo,tc,1,xml_tipado,253,876,253.0,reversible,True,autocontenida,,,False
r50k_base,ciclo,tc,1,csv_reversible,116,374,116.0,reversible,True,con_mapa,celdas,154,False
r50k_base,ciclo,tc,1,toon_reversible,124,392,124.0,reversible,True,con_mapa,celdas,100,False
o200k_base,ciclo,tc,5,json_pretty,551,2107,110.2,reversible,True,autocontenida,,,False
o200k_base,ciclo,tc,5,json_compact,348,1497,69.6,reversible,True,autocontenida,,,False
o200k_base,ciclo,tc,5,yaml,411,1471,82.2,reversible,True,autocontenida,,,False
o200k_base,ciclo,tc,5,xml,615,2098,123.0,reversible,True,con_contrato,,,False
o200k_base,ciclo,tc,5,csv,220,924,44.0,no_reversible,False,con_contrato,,,False
o200k_base,ciclo,tc,5,toon,399,1524,79.8,reversible,True,autocontenida,,,False
o200k_base,ciclo,tc,5,toon_flat,263,1023,52.6,reversible,True,con_contrato,,,False
o200k_base,ciclo,tc,5,mini,237,918,47.4,reversible_normalizado,True,con_contrato,,,False
o200k_base,ciclo,tc,5,xml_tipado,865,3134,173.0,reversible,True,autocontenida,,,False
o200k_base,ciclo,tc,5,csv_reversible,266,1046,53.2,reversible,True,con_mapa,columnas,239,False
o200k_base,ciclo,tc,5,toon_reversible,288,1076,57.6,reversible,True,con_mapa,columnas,184,False
cl100k_base,ciclo,tc,5,json_pretty,550,2107,110.0,reversible,True,autocontenida,,,False
cl100k_base,ciclo,tc,5,json_compact,340,1497,68.0,reversible,True,autocontenida,,,False
cl100k_base,ciclo,tc,5,yaml,406,1471,81.2,reversible,True,autocontenida,,,False
cl100k_base,ciclo,tc,5,xml,612,2098,122.4,reversible,True,con_contrato,,,False
cl100k_base,ciclo,tc,5,csv,219,924,43.8,no_reversible,False,con_contrato,,,False
cl100k_base,ciclo,tc,5,toon,394,1524,78.8,reversible,True,autocontenida,,,False
cl100k_base,ciclo,tc,5,toon_flat,262,1023,52.4,reversible,True,con_contrato,,,False
cl100k_base,ciclo,tc,5,mini,239,918,47.8,reversible_normalizado,True,con_contrato,,,False
cl100k_base,ciclo,tc,5,xml_tipado,862,3134,172.4,reversible,True,autocontenida,,,False
cl100k_base,ciclo,tc,5,csv_reversible,264,1046,52.8,reversible,True,con_mapa,columnas,226,False
cl100k_base,ciclo,tc,5,toon_reversible,287,1076,57.4,reversible,True,con_mapa,columnas,171,False
r50k_base,ciclo,tc,5,json_pretty,956,2107,191.2,reversible,True,autocontenida,,,False
r50k_base,ciclo,tc,5,json_compact,356,1497,71.2,reversible,True,autocontenida,,,False
r50k_base,ciclo,tc,5,yaml,429,1471,85.8,reversible,True,autocontenida,,,False
r50k_base,ciclo,tc,5,xml,792,2098,158.4,reversible,True,con_contrato,,,False
r50k_base,ciclo,tc,5,csv,239,924,47.8,no_reversible,False,con_contrato,,,False
r50k_base,ciclo,tc,5,toon,493,1524,98.6,reversible,True,autocontenida,,,False
r50k_base,ciclo,tc,5,toon_flat,285,1023,57.0,reversible,True,con_contrato,,,False
r50k_base,ciclo,tc,5,mini,251,918,50.2,reversible_normalizado,True,con_contrato,,,False
r50k_base,ciclo,tc,5,xml_tipado,894,3134,178.8,reversible,True,autocontenida,,,False
r50k_base,ciclo,tc,5,csv_reversible,295,1046,59.0,reversible,True,con_mapa,columnas,254,False
r50k_base,ciclo,tc,5,toon_reversible,309,1076,61.8,reversible,True,con_mapa,columnas,188,False
o200k_base,ciclo,tc,10,json_pretty,1021,3966,102.1,reversible,True,autocontenida,,,False
o200k_base,ciclo,tc,10,json_compact,644,2821,64.4,reversible,True,autocontenida,,,False
o200k_base,ciclo,tc,10,yaml,761,2770,76.1,reversible,True,autocontenida,,,False
o200k_base,ciclo,tc,10,xml,1170,4027,117.0,reversible,True,con_contrato,,,False
o200k_base,ciclo,tc,10,csv,404,1708,40.4,no_reversible,False,con_contrato,,,False
o200k_base,ciclo,tc,10,toon,744,2889,74.4,reversible,True,autocontenida,,,False
o200k_base,ciclo,tc,10,toon_flat,452,1818,45.2,reversible,True,con_contrato,,,False
o200k_base,ciclo,tc,10,mini,428,1703,42.8,reversible_normalizado,True,con_contrato,,,False
o200k_base,ciclo,tc,10,xml_tipado,1615,5873,161.5,reversible,True,autocontenida,,,False
o200k_base,ciclo,tc,10,csv_reversible,455,1840,45.5,reversible,True,con_mapa,columnas,239,False
o200k_base,ciclo,tc,10,toon_reversible,482,1881,48.2,reversible,True,con_mapa,columnas,184,False
cl100k_base,ciclo,tc,10,json_pretty,1021,3966,102.1,reversible,True,autocontenida,,,False
cl100k_base,ciclo,tc,10,json_compact,632,2821,63.2,reversible,True,autocontenida,,,False
cl100k_base,ciclo,tc,10,yaml,751,2770,75.1,reversible,True,autocontenida,,,False
cl100k_base,ciclo,tc,10,xml,1166,4027,116.6,reversible,True,con_contrato,,,False
cl100k_base,ciclo,tc,10,csv,404,1708,40.4,no_reversible,False,con_contrato,,,False
cl100k_base,ciclo,tc,10,toon,734,2889,73.4,reversible,True,autocontenida,,,False
cl100k_base,ciclo,tc,10,toon_flat,452,1818,45.2,reversible,True,con_contrato,,,False
cl100k_base,ciclo,tc,10,mini,430,1703,43.0,reversible_normalizado,True,con_contrato,,,False
cl100k_base,ciclo,tc,10,xml_tipado,1611,5873,161.1,reversible,True,autocontenida,,,False
cl100k_base,ciclo,tc,10,csv_reversible,454,1840,45.4,reversible,True,con_mapa,columnas,226,False
cl100k_base,ciclo,tc,10,toon_reversible,482,1881,48.2,reversible,True,con_mapa,columnas,171,False
r50k_base,ciclo,tc,10,json_pretty,1798,3966,179.8,reversible,True,autocontenida,,,False
r50k_base,ciclo,tc,10,json_compact,674,2821,67.4,reversible,True,autocontenida,,,False
r50k_base,ciclo,tc,10,yaml,800,2770,80.0,reversible,True,autocontenida,,,False
r50k_base,ciclo,tc,10,xml,1529,4027,152.9,reversible,True,con_contrato,,,False
r50k_base,ciclo,tc,10,csv,451,1708,45.1,no_reversible,False,con_contrato,,,False
r50k_base,ciclo,tc,10,toon,934,2889,93.4,reversible,True,autocontenida,,,False
r50k_base,ciclo,tc,10,toon_flat,502,1818,50.2,reversible,True,con_contrato,,,False
r50k_base,ciclo,tc,10,mini,464,1703,46.4,reversible_normalizado,True,con_contrato,,,False
r50k_base,ciclo,tc,10,xml_tipado,1676,5873,167.6,reversible,True,autocontenida,,,False
r50k_base,ciclo,tc,10,csv_reversible,517,1840,51.7,reversible,True,con_mapa,columnas,254,False
r50k_base,ciclo,tc,10,toon_reversible,536,1881,53.6,reversible,True,con_mapa,columnas,188,False
o200k_base,ciclo,tc,12,json_pretty,1205,4691,100.416667,reversible,True,autocontenida,,,False
o200k_base,ciclo,tc,12,json_compact,758,3332,63.166667,reversible,True,autocontenida,,,False
o200k_base,ciclo,tc,12,yaml,898,3271,74.833333,reversible,True,autocontenida,,,False
o200k_base,ciclo,tc,12,xml,1388,4780,115.666667,reversible,True,con_contrato,,,False
o200k_base,ciclo,tc,12,csv,472,2003,39.333333,no_reversible,False,con_contrato,,,False
o200k_base,ciclo,tc,12,toon,878,3416,73.166667,reversible,True,autocontenida,,,False
o200k_base,ciclo,tc,12,toon_flat,522,2117,43.5,reversible,True,con_contrato,,,False
o200k_base,ciclo,tc,12,mini,499,1998,41.583333,reversible_normalizado,True,con_contrato,,,False
o200k_base,ciclo,tc,12,xml_tipado,1911,6950,159.25,reversible,True,autocontenida,,,False
o200k_base,ciclo,tc,12,csv_reversible,525,2139,43.75,reversible,True,con_mapa,columnas,239,False
o200k_base,ciclo,tc,12,toon_reversible,554,2184,46.166667,reversible,True,con_mapa,columnas,184,False
cl100k_base,ciclo,tc,12,json_pretty,1206,4691,100.5,reversible,True,autocontenida,,,False
cl100k_base,ciclo,tc,12,json_compact,745,3332,62.083333,reversible,True,autocontenida,,,False
cl100k_base,ciclo,tc,12,yaml,886,3271,73.833333,reversible,True,autocontenida,,,False
cl100k_base,ciclo,tc,12,xml,1384,4780,115.333333,reversible,True,con_contrato,,,False
cl100k_base,ciclo,tc,12,csv,473,2003,39.416667,no_reversible,False,con_contrato,,,False
cl100k_base,ciclo,tc,12,toon,866,3416,72.166667,reversible,True,autocontenida,,,False
cl100k_base,ciclo,tc,12,toon_flat,523,2117,43.583333,reversible,True,con_contrato,,,False
cl100k_base,ciclo,tc,12,mini,502,1998,41.833333,reversible_normalizado,True,con_contrato,,,False
cl100k_base,ciclo,tc,12,xml_tipado,1907,6950,158.916667,reversible,True,autocontenida,,,False
cl100k_base,ciclo,tc,12,csv_reversible,525,2139,43.75,reversible,True,con_mapa,columnas,226,False
cl100k_base,ciclo,tc,12,toon_reversible,555,2184,46.25,reversible,True,con_mapa,columnas,171,False
r50k_base,ciclo,tc,12,json_pretty,2124,4691,177.0,reversible,True,autocontenida,,,False
r50k_base,ciclo,tc,12,json_compact,790,3332,65.833333,reversible,True,autocontenida,,,False
r50k_base,ciclo,tc,12,yaml,941,3271,78.416667,reversible,True,autocontenida,,,False
r50k_base,ciclo,tc,12,xml,1813,4780,151.083333,reversible,True,con_contrato,,,False
r50k_base,ciclo,tc,12,csv,525,2003,43.75,no_reversible,False,con_contrato,,,False
r50k_base,ciclo,tc,12,toon,1103,3416,91.916667,reversible,True,autocontenida,,,False
r50k_base,ciclo,tc,12,toon_flat,578,2117,48.166667,reversible,True,con_contrato,,,False
r50k_base,ciclo,tc,12,mini,538,1998,44.833333,reversible_normalizado,True,con_contrato,,,False
r50k_base,ciclo,tc,12,xml_tipado,1978,6950,164.833333,reversible,True,autocontenida,,,False
r50k_base,ciclo,tc,12,csv_reversible,595,2139,49.583333,reversible,True,con_mapa,columnas,254,False
r50k_base,ciclo,tc,12,toon_reversible,616,2184,51.333333,reversible,True,con_mapa,columnas,188,False
o200k_base,ciclo,tc,25,json_pretty,2459,9666,98.36,reversible,True,autocontenida,,,True
o200k_base,ciclo,tc,25,json_compact,1548,6871,61.92,reversible,True,autocontenida,,,True
o200k_base,ciclo,tc,25,yaml,1840,6755,73.6,reversible,True,autocontenida,,,True
o200k_base,ciclo,tc,25,xml,2866,9912,114.64,reversible,True,con_contrato,,,True
o200k_base,ciclo,tc,25,csv,972,4130,38.88,no_reversible,False,con_contrato,,,True
o200k_base,ciclo,tc,25,toon,1796,7051,71.84,reversible,True,autocontenida,,,True
o200k_base,ciclo,tc,25,toon_flat,1035,4270,41.4,reversible,True,con_contrato,,,True
o200k_base,ciclo,tc,25,mini,1015,4124,40.6,reversible_normalizado,True,con_contrato,,,True
o200k_base,ciclo,tc,25,xml_tipado,3896,14208,155.84,reversible,True,autocontenida,,,True
o200k_base,ciclo,tc,25,csv_reversible,1033,4282,41.32,reversible,True,con_mapa,columnas,239,True
o200k_base,ciclo,tc,25,toon_reversible,1075,4353,43.0,reversible,True,con_mapa,columnas,184,True
cl100k_base,ciclo,tc,25,json_pretty,2461,9666,98.44,reversible,True,autocontenida,,,True
cl100k_base,ciclo,tc,25,json_compact,1523,6871,60.92,reversible,True,autocontenida,,,True
cl100k_base,ciclo,tc,25,yaml,1815,6755,72.6,reversible,True,autocontenida,,,True
cl100k_base,ciclo,tc,25,xml,2857,9912,114.28,reversible,True,con_contrato,,,True
cl100k_base,ciclo,tc,25,csv,974,4130,38.96,no_reversible,False,con_contrato,,,True
cl100k_base,ciclo,tc,25,toon,1771,7051,70.84,reversible,True,autocontenida,,,True
cl100k_base,ciclo,tc,25,toon_flat,1037,4270,41.48,reversible,True,con_contrato,,,True
cl100k_base,ciclo,tc,25,mini,1019,4124,40.76,reversible_normalizado,True,con_contrato,,,True
cl100k_base,ciclo,tc,25,xml_tipado,3887,14208,155.48,reversible,True,autocontenida,,,True
cl100k_base,ciclo,tc,25,csv_reversible,1034,4282,41.36,reversible,True,con_mapa,columnas,226,True
cl100k_base,ciclo,tc,25,toon_reversible,1077,4353,43.08,reversible,True,con_mapa,columnas,171,True
r50k_base,ciclo,tc,25,json_pretty,4358,9666,174.32,reversible,True,autocontenida,,,True
r50k_base,ciclo,tc,25,json_compact,1615,6871,64.6,reversible,True,autocontenida,,,True
r50k_base,ciclo,tc,25,yaml,1926,6755,77.04,reversible,True,autocontenida,,,True
r50k_base,ciclo,tc,25,xml,3749,9912,149.96,reversible,True,con_contrato,,,True
r50k_base,ciclo,tc,25,csv,1076,4130,43.04,no_reversible,False,con_contrato,,,True
r50k_base,ciclo,tc,25,toon,2261,7051,90.44,reversible,True,autocontenida,,,True
r50k_base,ciclo,tc,25,toon_flat,1142,4270,45.68,reversible,True,con_contrato,,,True
r50k_base,ciclo,tc,25,mini,1091,4124,43.64,reversible_normalizado,True,con_contrato,,,True
r50k_base,ciclo,tc,25,xml_tipado,4031,14208,161.24,reversible,True,autocontenida,,,True
r50k_base,ciclo,tc,25,csv_reversible,1162,4282,46.48,reversible,True,con_mapa,columnas,254,True
r50k_base,ciclo,tc,25,toon_reversible,1196,4353,47.84,reversible,True,con_mapa,columnas,188,True
o200k_base,ciclo,tc,50,json_pretty,4861,19180,97.22,reversible,True,autocontenida,,,True
o200k_base,ciclo,tc,50,json_compact,3059,13629,61.18,reversible,True,autocontenida,,,True
o200k_base,ciclo,tc,50,yaml,3642,13406,72.84,reversible,True,autocontenida,,,True
o200k_base,ciclo,tc,50,xml,5697,19731,113.94,reversible,True,con_contrato,,,True
o200k_base,ciclo,tc,50,csv,1925,8174,38.5,no_reversible,False,con_contrato,,,True
o200k_base,ciclo,tc,50,toon,3553,13995,71.06,reversible,True,autocontenida,,,True
o200k_base,ciclo,tc,50,toon_flat,2013,8364,40.26,reversible,True,con_contrato,,,True
o200k_base,ciclo,tc,50,mini,1999,8166,39.98,reversible_normalizado,True,con_contrato,,,True
o200k_base,ciclo,tc,50,xml_tipado,7702,28113,154.04,reversible,True,autocontenida,,,True
o200k_base,ciclo,tc,50,csv_reversible,2002,8358,40.04,reversible,True,con_mapa,columnas,239,True
o200k_base,ciclo,tc,50,toon_reversible,2069,8479,41.38,reversible,True,con_mapa,columnas,184,True
cl100k_base,ciclo,tc,50,json_pretty,4865,19180,97.3,reversible,True,autocontenida,,,True
cl100k_base,ciclo,tc,50,json_compact,3011,13629,60.22,reversible,True,autocontenida,,,True
cl100k_base,ciclo,tc,50,yaml,3592,13406,71.84,reversible,True,autocontenida,,,True
cl100k_base,ciclo,tc,50,xml,5679,19731,113.58,reversible,True,con_contrato,,,True
cl100k_base,ciclo,tc,50,csv,1929,8174,38.58,no_reversible,False,con_contrato,,,True
cl100k_base,ciclo,tc,50,toon,3503,13995,70.06,reversible,True,autocontenida,,,True
cl100k_base,ciclo,tc,50,toon_flat,2017,8364,40.34,reversible,True,con_contrato,,,True
cl100k_base,ciclo,tc,50,mini,2005,8166,40.1,reversible_normalizado,True,con_contrato,,,True
cl100k_base,ciclo,tc,50,xml_tipado,7684,28113,153.68,reversible,True,autocontenida,,,True
cl100k_base,ciclo,tc,50,csv_reversible,2005,8358,40.1,reversible,True,con_mapa,columnas,226,True
cl100k_base,ciclo,tc,50,toon_reversible,2073,8479,41.46,reversible,True,con_mapa,columnas,171,True
r50k_base,ciclo,tc,50,json_pretty,8646,19180,172.92,reversible,True,autocontenida,,,True
r50k_base,ciclo,tc,50,json_compact,3199,13629,63.98,reversible,True,autocontenida,,,True
r50k_base,ciclo,tc,50,yaml,3815,13406,76.3,reversible,True,autocontenida,,,True
r50k_base,ciclo,tc,50,xml,7467,19731,149.34,reversible,True,con_contrato,,,True
r50k_base,ciclo,tc,50,csv,2133,8174,42.66,no_reversible,False,con_contrato,,,True
r50k_base,ciclo,tc,50,toon,4484,13995,89.68,reversible,True,autocontenida,,,True
r50k_base,ciclo,tc,50,toon_flat,2224,8364,44.48,reversible,True,con_contrato,,,True
r50k_base,ciclo,tc,50,mini,2152,8166,43.04,reversible_normalizado,True,con_contrato,,,True
r50k_base,ciclo,tc,50,xml_tipado,7974,28113,159.48,reversible,True,autocontenida,,,True
r50k_base,ciclo,tc,50,csv_reversible,2251,8358,45.02,reversible,True,con_mapa,columnas,254,True
r50k_base,ciclo,tc,50,toon_reversible,2310,8479,46.2,reversible,True,con_mapa,columnas,188,True
o200k_base,ciclo,tc,100,json_pretty,9652,38145,96.52,reversible,True,autocontenida,,,True
o200k_base,ciclo,tc,100,json_compact,6070,27091,60.7,reversible,True,autocontenida,,,True
o200k_base,ciclo,tc,100,yaml,7233,26652,72.33,reversible,True,autocontenida,,,True
o200k_base,ciclo,tc,100,xml,11345,39311,113.45,reversible,True,con_contrato,,,True
o200k_base,ciclo,tc,100,csv,3820,16212,38.2,no_reversible,False,con_contrato,,,True
o200k_base,ciclo,tc,100,toon,7056,27834,70.56,reversible,True,autocontenida,,,True
o200k_base,ciclo,tc,100,toon_flat,3958,16503,39.58,reversible,True,con_contrato,,,True
o200k_base,ciclo,tc,100,mini,3956,16200,39.56,reversible_normalizado,True,con_contrato,,,True
o200k_base,ciclo,tc,100,xml_tipado,15300,55861,153.0,reversible,True,autocontenida,,,True
o200k_base,ciclo,tc,100,csv_reversible,3930,16462,39.3,reversible,True,con_mapa,columnas,239,True
o200k_base,ciclo,tc,100,toon_reversible,4047,16684,40.47,reversible,True,con_mapa,columnas,184,True
cl100k_base,ciclo,tc,100,json_pretty,9660,38145,96.6,reversible,True,autocontenida,,,True
cl100k_base,ciclo,tc,100,json_compact,5976,27091,59.76,reversible,True,autocontenida,,,True
cl100k_base,ciclo,tc,100,yaml,7133,26652,71.33,reversible,True,autocontenida,,,True
cl100k_base,ciclo,tc,100,xml,11311,39311,113.11,reversible,True,con_contrato,,,True
cl100k_base,ciclo,tc,100,csv,3828,16212,38.28,no_reversible,False,con_contrato,,,True
cl100k_base,ciclo,tc,100,toon,6956,27834,69.56,reversible,True,autocontenida,,,True
cl100k_base,ciclo,tc,100,toon_flat,3966,16503,39.66,reversible,True,con_contrato,,,True
cl100k_base,ciclo,tc,100,mini,3967,16200,39.67,reversible_normalizado,True,con_contrato,,,True
cl100k_base,ciclo,tc,100,xml_tipado,15266,55861,152.66,reversible,True,autocontenida,,,True
cl100k_base,ciclo,tc,100,csv_reversible,3937,16462,39.37,reversible,True,con_mapa,columnas,226,True
cl100k_base,ciclo,tc,100,toon_reversible,4055,16684,40.55,reversible,True,con_mapa,columnas,171,True
r50k_base,ciclo,tc,100,json_pretty,17235,38145,172.35,reversible,True,autocontenida,,,True
r50k_base,ciclo,tc,100,json_compact,6389,27091,63.89,reversible,True,autocontenida,,,True
r50k_base,ciclo,tc,100,yaml,7609,26652,76.09,reversible,True,autocontenida,,,True
r50k_base,ciclo,tc,100,xml,14921,39311,149.21,reversible,True,con_contrato,,,True
r50k_base,ciclo,tc,100,csv,4269,16212,42.69,no_reversible,False,con_contrato,,,True
r50k_base,ciclo,tc,100,toon,8948,27834,89.48,reversible,True,autocontenida,,,True
r50k_base,ciclo,tc,100,toon_flat,4410,16503,44.1,reversible,True,con_contrato,,,True
r50k_base,ciclo,tc,100,mini,4297,16200,42.97,reversible_normalizado,True,con_contrato,,,True
r50k_base,ciclo,tc,100,xml_tipado,15878,55861,158.78,reversible,True,autocontenida,,,True
r50k_base,ciclo,tc,100,csv_reversible,4453,16462,44.53,reversible,True,con_mapa,columnas,254,True
r50k_base,ciclo,tc,100,toon_reversible,4562,16684,45.62,reversible,True,con_mapa,columnas,188,True
o200k_base,ciclo,tc,250,json_pretty,24041,95126,96.164,reversible,True,autocontenida,,,True
o200k_base,ciclo,tc,250,json_compact,15124,67581,60.496,reversible,True,autocontenida,,,True
o200k_base,ciclo,tc,250,yaml,18021,66490,72.084,reversible,True,autocontenida,,,True
o200k_base,ciclo,tc,250,xml,28310,98147,113.24,reversible,True,con_contrato,,,True
o200k_base,ciclo,tc,250,csv,9524,40428,38.096,no_reversible,False,con_contrato,,,True
o200k_base,ciclo,tc,250,toon,17584,69450,70.336,reversible,True,autocontenida,,,True
o200k_base,ciclo,tc,250,toon_flat,9812,41019,39.248,reversible,True,con_contrato,,,True
o200k_base,ciclo,tc,250,mini,9848,40404,39.392,reversible_normalizado,True,con_contrato,,,True
o200k_base,ciclo,tc,250,xml_tipado,38115,139193,152.46,reversible,True,autocontenida,,,True
o200k_base,ciclo,tc,250,csv_reversible,9735,40880,38.94,reversible,True,con_mapa,columnas,239,True
o200k_base,ciclo,tc,250,toon_reversible,10002,41402,40.008,reversible,True,con_mapa,columnas,184,True
cl100k_base,ciclo,tc,250,json_pretty,24061,95126,96.244,reversible,True,autocontenida,,,True
cl100k_base,ciclo,tc,250,json_compact,14892,67581,59.568,reversible,True,autocontenida,,,True
cl100k_base,ciclo,tc,250,yaml,17771,66490,71.084,reversible,True,autocontenida,,,True
cl100k_base,ciclo,tc,250,xml,28226,98147,112.904,reversible,True,con_contrato,,,True
cl100k_base,ciclo,tc,250,csv,9544,40428,38.176,no_reversible,False,con_contrato,,,True
cl100k_base,ciclo,tc,250,toon,17334,69450,69.336,reversible,True,autocontenida,,,True
cl100k_base,ciclo,tc,250,toon_flat,9832,41019,39.328,reversible,True,con_contrato,,,True
cl100k_base,ciclo,tc,250,mini,9870,40404,39.48,reversible_normalizado,True,con_contrato,,,True
cl100k_base,ciclo,tc,250,xml_tipado,38031,139193,152.124,reversible,True,autocontenida,,,True
cl100k_base,ciclo,tc,250,csv_reversible,9754,40880,39.016,reversible,True,con_mapa,columnas,226,True
cl100k_base,ciclo,tc,250,toon_reversible,10022,41402,40.088,reversible,True,con_mapa,columnas,171,True
r50k_base,ciclo,tc,250,json_pretty,42900,95126,171.6,reversible,True,autocontenida,,,True
r50k_base,ciclo,tc,250,json_compact,15876,67581,63.504,reversible,True,autocontenida,,,True
r50k_base,ciclo,tc,250,yaml,18902,66490,75.608,reversible,True,autocontenida,,,True
r50k_base,ciclo,tc,250,xml,37191,98147,148.764,reversible,True,con_contrato,,,True
r50k_base,ciclo,tc,250,csv,10593,40428,42.372,no_reversible,False,con_contrato,,,True
r50k_base,ciclo,tc,250,toon,22256,69450,89.024,reversible,True,autocontenida,,,True
r50k_base,ciclo,tc,250,toon_flat,10884,41019,43.536,reversible,True,con_contrato,,,True
r50k_base,ciclo,tc,250,mini,10646,40404,42.584,reversible_normalizado,True,con_contrato,,,True
r50k_base,ciclo,tc,250,xml_tipado,39498,139193,157.992,reversible,True,autocontenida,,,True
r50k_base,ciclo,tc,250,csv_reversible,10979,40880,43.916,reversible,True,con_mapa,columnas,254,True
r50k_base,ciclo,tc,250,toon_reversible,11238,41402,44.952,reversible,True,con_mapa,columnas,188,True
o200k_base,ciclo,us,1,json_pretty,145,462,145.0,reversible,True,autocontenida,,,False
o200k_base,ciclo,us,1,json_compact,92,324,92.0,reversible,True,autocontenida,,,False
o200k_base,ciclo,us,1,yaml,101,311,101.0,reversible,True,autocontenida,,,False
o200k_base,ciclo,us,1,xml,137,401,137.0,reversible,True,con_contrato,,,False
o200k_base,ciclo,us,1,csv,59,206,59.0,no_reversible,False,con_contrato,,,False
o200k_base,ciclo,us,1,toon,101,324,101.0,reversible,True,autocontenida,,,False
o200k_base,ciclo,us,1,toon_flat,93,284,93.0,reversible,True,con_contrato,,,False
o200k_base,ciclo,us,1,mini,66,205,66.0,reversible_normalizado,True,con_contrato,,,False
o200k_base,ciclo,us,1,xml_tipado,226,774,226.0,reversible,True,autocontenida,,,False
o200k_base,ciclo,us,1,csv_reversible,93,302,93.0,reversible,True,con_mapa,celdas,129,False
o200k_base,ciclo,us,1,toon_reversible,104,320,104.0,reversible,True,con_mapa,celdas,89,False
cl100k_base,ciclo,us,1,json_pretty,145,462,145.0,reversible,True,autocontenida,,,False
cl100k_base,ciclo,us,1,json_compact,89,324,89.0,reversible,True,autocontenida,,,False
cl100k_base,ciclo,us,1,yaml,101,311,101.0,reversible,True,autocontenida,,,False
cl100k_base,ciclo,us,1,xml,137,401,137.0,reversible,True,con_contrato,,,False
cl100k_base,ciclo,us,1,csv,58,206,58.0,no_reversible,False,con_contrato,,,False
cl100k_base,ciclo,us,1,toon,101,324,101.0,reversible,True,autocontenida,,,False
cl100k_base,ciclo,us,1,toon_flat,92,284,92.0,reversible,True,con_contrato,,,False
cl100k_base,ciclo,us,1,mini,67,205,67.0,reversible_normalizado,True,con_contrato,,,False
cl100k_base,ciclo,us,1,xml_tipado,226,774,226.0,reversible,True,autocontenida,,,False
cl100k_base,ciclo,us,1,csv_reversible,92,302,92.0,reversible,True,con_mapa,celdas,120,False
cl100k_base,ciclo,us,1,toon_reversible,104,320,104.0,reversible,True,con_mapa,celdas,80,False
r50k_base,ciclo,us,1,json_pretty,224,462,224.0,reversible,True,autocontenida,,,False
r50k_base,ciclo,us,1,json_compact,87,324,87.0,reversible,True,autocontenida,,,False
r50k_base,ciclo,us,1,yaml,103,311,103.0,reversible,True,autocontenida,,,False
r50k_base,ciclo,us,1,xml,162,401,162.0,reversible,True,con_contrato,,,False
r50k_base,ciclo,us,1,csv,58,206,58.0,no_reversible,False,con_contrato,,,False
r50k_base,ciclo,us,1,toon,116,324,116.0,reversible,True,autocontenida,,,False
r50k_base,ciclo,us,1,toon_flat,95,284,95.0,reversible,True,con_contrato,,,False
r50k_base,ciclo,us,1,mini,68,205,68.0,reversible_normalizado,True,con_contrato,,,False
r50k_base,ciclo,us,1,xml_tipado,228,774,228.0,reversible,True,autocontenida,,,False
r50k_base,ciclo,us,1,csv_reversible,101,302,101.0,reversible,True,con_mapa,celdas,138,False
r50k_base,ciclo,us,1,toon_reversible,109,320,109.0,reversible,True,con_mapa,celdas,90,False
o200k_base,ciclo,us,5,json_pretty,508,1766,101.6,reversible,True,autocontenida,,,False
o200k_base,ciclo,us,5,json_compact,323,1232,64.6,reversible,True,autocontenida,,,False
o200k_base,ciclo,us,5,yaml,366,1203,73.2,reversible,True,autocontenida,,,False
o200k_base,ciclo,us,5,xml,566,1705,113.2,reversible,True,con_contrato,,,False
o200k_base,ciclo,us,5,csv,206,774,41.2,no_reversible,False,con_contrato,,,False
o200k_base,ciclo,us,5,toon,362,1260,72.4,reversible,True,autocontenida,,,False
o200k_base,ciclo,us,5,toon_flat,244,860,48.8,reversible,True,con_contrato,,,False
o200k_base,ciclo,us,5,mini,217,773,43.4,reversible_normalizado,True,con_contrato,,,False
o200k_base,ciclo,us,5,xml_tipado,787,2722,157.4,reversible,True,autocontenida,,,False
o200k_base,ciclo,us,5,csv_reversible,241,874,48.2,reversible,True,con_mapa,columnas,201,False
o200k_base,ciclo,us,5,toon_reversible,260,902,52.0,reversible,True,con_mapa,columnas,156,False
cl100k_base,ciclo,us,5,json_pretty,508,1766,101.6,reversible,True,autocontenida,,,False
cl100k_base,ciclo,us,5,json_compact,316,1232,63.2,reversible,True,autocontenida,,,False
cl100k_base,ciclo,us,5,yaml,367,1203,73.4,reversible,True,autocontenida,,,False
cl100k_base,ciclo,us,5,xml,565,1705,113.0,reversible,True,con_contrato,,,False
cl100k_base,ciclo,us,5,csv,206,774,41.2,no_reversible,False,con_contrato,,,False
cl100k_base,ciclo,us,5,toon,363,1260,72.6,reversible,True,autocontenida,,,False
cl100k_base,ciclo,us,5,toon_flat,244,860,48.8,reversible,True,con_contrato,,,False
cl100k_base,ciclo,us,5,mini,218,773,43.6,reversible_normalizado,True,con_contrato,,,False
cl100k_base,ciclo,us,5,xml_tipado,786,2722,157.2,reversible,True,autocontenida,,,False
cl100k_base,ciclo,us,5,csv_reversible,241,874,48.2,reversible,True,con_mapa,columnas,190,False
cl100k_base,ciclo,us,5,toon_reversible,261,902,52.2,reversible,True,con_mapa,columnas,145,False
r50k_base,ciclo,us,5,json_pretty,841,1766,168.2,reversible,True,autocontenida,,,False
r50k_base,ciclo,us,5,json_compact,312,1232,62.4,reversible,True,autocontenida,,,False
r50k_base,ciclo,us,5,yaml,369,1203,73.8,reversible,True,autocontenida,,,False
r50k_base,ciclo,us,5,xml,691,1705,138.2,reversible,True,con_contrato,,,False
r50k_base,ciclo,us,5,csv,211,774,42.2,no_reversible,False,con_contrato,,,False
r50k_base,ciclo,us,5,toon,430,1260,86.0,reversible,True,autocontenida,,,False
r50k_base,ciclo,us,5,toon_flat,252,860,50.4,reversible,True,con_contrato,,,False
r50k_base,ciclo,us,5,mini,221,773,44.2,reversible_normalizado,True,con_contrato,,,False
r50k_base,ciclo,us,5,xml_tipado,789,2722,157.8,reversible,True,autocontenida,,,False
r50k_base,ciclo,us,5,csv_reversible,256,874,51.2,reversible,True,con_mapa,columnas,210,False
r50k_base,ciclo,us,5,toon_reversible,269,902,53.8,reversible,True,con_mapa,columnas,156,False
o200k_base,ciclo,us,10,json_pretty,951,3318,95.1,reversible,True,autocontenida,,,False
o200k_base,ciclo,us,10,json_compact,601,2289,60.1,reversible,True,autocontenida,,,False
o200k_base,ciclo,us,10,yaml,685,2240,68.5,reversible,True,autocontenida,,,False
o200k_base,ciclo,us,10,xml,1091,3257,109.1,reversible,True,con_contrato,,,False
o200k_base,ciclo,us,10,csv,379,1406,37.9,no_reversible,False,con_contrato,,,False
o200k_base,ciclo,us,10,toon,679,2353,67.9,reversible,True,autocontenida,,,False
o200k_base,ciclo,us,10,toon_flat,422,1503,42.2,reversible,True,con_contrato,,,False
o200k_base,ciclo,us,10,mini,395,1406,39.5,reversible_normalizado,True,con_contrato,,,False
o200k_base,ciclo,us,10,xml_tipado,1477,5079,147.7,reversible,True,autocontenida,,,False
o200k_base,ciclo,us,10,csv_reversible,414,1506,41.4,reversible,True,con_mapa,columnas,201,False
o200k_base,ciclo,us,10,toon_reversible,438,1545,43.8,reversible,True,con_mapa,columnas,156,False
cl100k_base,ciclo,us,10,json_pretty,950,3318,95.0,reversible,True,autocontenida,,,False
cl100k_base,ciclo,us,10,json_compact,588,2289,58.8,reversible,True,autocontenida,,,False
cl100k_base,ciclo,us,10,yaml,686,2240,68.6,reversible,True,autocontenida,,,False
cl100k_base,ciclo,us,10,xml,1089,3257,108.9,reversible,True,con_contrato,,,False
cl100k_base,ciclo,us,10,csv,378,1406,37.8,no_reversible,False,con_contrato,,,False
cl100k_base,ciclo,us,10,toon,679,2353,67.9,reversible,True,autocontenida,,,False
cl100k_base,ciclo,us,10,toon_flat,421,1503,42.1,reversible,True,con_contrato,,,False
cl100k_base,ciclo,us,10,mini,395,1406,39.5,reversible_normalizado,True,con_contrato,,,False
cl100k_base,ciclo,us,10,xml_tipado,1475,5079,147.5,reversible,True,autocontenida,,,False
cl100k_base,ciclo,us,10,csv_reversible,413,1506,41.3,reversible,True,con_mapa,columnas,190,False
cl100k_base,ciclo,us,10,toon_reversible,438,1545,43.8,reversible,True,con_mapa,columnas,145,False
r50k_base,ciclo,us,10,json_pretty,1604,3318,160.4,reversible,True,autocontenida,,,False
r50k_base,ciclo,us,10,json_compact,585,2289,58.5,reversible,True,autocontenida,,,False
r50k_base,ciclo,us,10,yaml,690,2240,69.0,reversible,True,autocontenida,,,False
r50k_base,ciclo,us,10,xml,1344,3257,134.4,reversible,True,con_contrato,,,False
r50k_base,ciclo,us,10,csv,394,1406,39.4,no_reversible,False,con_contrato,,,False
r50k_base,ciclo,us,10,toon,814,2353,81.4,reversible,True,autocontenida,,,False
r50k_base,ciclo,us,10,toon_flat,440,1503,44.0,reversible,True,con_contrato,,,False
r50k_base,ciclo,us,10,mini,404,1406,40.4,reversible_normalizado,True,con_contrato,,,False
r50k_base,ciclo,us,10,xml_tipado,1482,5079,148.2,reversible,True,autocontenida,,,False
r50k_base,ciclo,us,10,csv_reversible,439,1506,43.9,reversible,True,con_mapa,columnas,210,False
r50k_base,ciclo,us,10,toon_reversible,457,1545,45.7,reversible,True,con_mapa,columnas,156,False
o200k_base,ciclo,us,12,json_pretty,1121,3916,93.416667,reversible,True,autocontenida,,,False
o200k_base,ciclo,us,12,json_compact,705,2689,58.75,reversible,True,autocontenida,,,False
o200k_base,ciclo,us,12,yaml,806,2632,67.166667,reversible,True,autocontenida,,,False
o200k_base,ciclo,us,12,xml,1294,3855,107.833333,reversible,True,con_contrato,,,False
o200k_base,ciclo,us,12,csv,442,1636,36.833333,no_reversible,False,con_contrato,,,False
o200k_base,ciclo,us,12,toon,799,2767,66.583333,reversible,True,autocontenida,,,False
o200k_base,ciclo,us,12,toon_flat,487,1737,40.583333,reversible,True,con_contrato,,,False
o200k_base,ciclo,us,12,mini,459,1636,38.25,reversible_normalizado,True,con_contrato,,,False
o200k_base,ciclo,us,12,xml_tipado,1746,5999,145.5,reversible,True,autocontenida,,,False
o200k_base,ciclo,us,12,csv_reversible,477,1736,39.75,reversible,True,con_mapa,columnas,201,False
o200k_base,ciclo,us,12,toon_reversible,503,1779,41.916667,reversible,True,con_mapa,columnas,156,False
cl100k_base,ciclo,us,12,json_pretty,1120,3916,93.333333,reversible,True,autocontenida,,,False
cl100k_base,ciclo,us,12,json_compact,690,2689,57.5,reversible,True,autocontenida,,,False
cl100k_base,ciclo,us,12,yaml,807,2632,67.25,reversible,True,autocontenida,,,False
cl100k_base,ciclo,us,12,xml,1292,3855,107.666667,reversible,True,con_contrato,,,False
cl100k_base,ciclo,us,12,csv,441,1636,36.75,no_reversible,False,con_contrato,,,False
cl100k_base,ciclo,us,12,toon,799,2767,66.583333,reversible,True,autocontenida,,,False
cl100k_base,ciclo,us,12,toon_flat,486,1737,40.5,reversible,True,con_contrato,,,False
cl100k_base,ciclo,us,12,mini,459,1636,38.25,reversible_normalizado,True,con_contrato,,,False
cl100k_base,ciclo,us,12,xml_tipado,1744,5999,145.333333,reversible,True,autocontenida,,,False
cl100k_base,ciclo,us,12,csv_reversible,476,1736,39.666667,reversible,True,con_mapa,columnas,190,False
cl100k_base,ciclo,us,12,toon_reversible,503,1779,41.916667,reversible,True,con_mapa,columnas,145,False
r50k_base,ciclo,us,12,json_pretty,1904,3916,158.666667,reversible,True,autocontenida,,,False
r50k_base,ciclo,us,12,json_compact,689,2689,57.416667,reversible,True,autocontenida,,,False
r50k_base,ciclo,us,12,yaml,811,2632,67.583333,reversible,True,autocontenida,,,False
r50k_base,ciclo,us,12,xml,1600,3855,133.333333,reversible,True,con_contrato,,,False
r50k_base,ciclo,us,12,csv,462,1636,38.5,no_reversible,False,con_contrato,,,False
r50k_base,ciclo,us,12,toon,960,2767,80.0,reversible,True,autocontenida,,,False
r50k_base,ciclo,us,12,toon_flat,510,1737,42.5,reversible,True,con_contrato,,,False
r50k_base,ciclo,us,12,mini,472,1636,39.333333,reversible_normalizado,True,con_contrato,,,False
r50k_base,ciclo,us,12,xml_tipado,1754,5999,146.166667,reversible,True,autocontenida,,,False
r50k_base,ciclo,us,12,csv_reversible,507,1736,42.25,reversible,True,con_mapa,columnas,210,False
r50k_base,ciclo,us,12,toon_reversible,527,1779,43.916667,reversible,True,con_mapa,columnas,156,False
o200k_base,ciclo,us,25,json_pretty,2287,8054,91.48,reversible,True,autocontenida,,,True
o200k_base,ciclo,us,25,json_compact,1442,5540,57.68,reversible,True,autocontenida,,,True
o200k_base,ciclo,us,25,yaml,1653,5431,66.12,reversible,True,autocontenida,,,True
o200k_base,ciclo,us,25,xml,2673,7993,106.92,reversible,True,con_contrato,,,True
o200k_base,ciclo,us,25,csv,907,3382,36.28,no_reversible,False,con_contrato,,,True
o200k_base,ciclo,us,25,toon,1637,5709,65.48,reversible,True,autocontenida,,,True
o200k_base,ciclo,us,25,toon_flat,965,3509,38.6,reversible,True,con_contrato,,,True
o200k_base,ciclo,us,25,mini,936,3382,37.44,reversible_normalizado,True,con_contrato,,,True
o200k_base,ciclo,us,25,xml_tipado,3554,12230,142.16,reversible,True,autocontenida,,,True
o200k_base,ciclo,us,25,csv_reversible,942,3482,37.68,reversible,True,con_mapa,columnas,201,True
o200k_base,ciclo,us,25,toon_reversible,981,3551,39.24,reversible,True,con_mapa,columnas,156,True
cl100k_base,ciclo,us,25,json_pretty,2285,8054,91.4,reversible,True,autocontenida,,,True
cl100k_base,ciclo,us,25,json_compact,1413,5540,56.52,reversible,True,autocontenida,,,True
cl100k_base,ciclo,us,25,yaml,1655,5431,66.2,reversible,True,autocontenida,,,True
cl100k_base,ciclo,us,25,xml,2669,7993,106.76,reversible,True,con_contrato,,,True
cl100k_base,ciclo,us,25,csv,906,3382,36.24,no_reversible,False,con_contrato,,,True
cl100k_base,ciclo,us,25,toon,1637,5709,65.48,reversible,True,autocontenida,,,True
cl100k_base,ciclo,us,25,toon_flat,964,3509,38.56,reversible,True,con_contrato,,,True
cl100k_base,ciclo,us,25,mini,935,3382,37.4,reversible_normalizado,True,con_contrato,,,True
cl100k_base,ciclo,us,25,xml_tipado,3550,12230,142.0,reversible,True,autocontenida,,,True
cl100k_base,ciclo,us,25,csv_reversible,941,3482,37.64,reversible,True,con_mapa,columnas,190,True
cl100k_base,ciclo,us,25,toon_reversible,981,3551,39.24,reversible,True,con_mapa,columnas,145,True
r50k_base,ciclo,us,25,json_pretty,3898,8054,155.92,reversible,True,autocontenida,,,True
r50k_base,ciclo,us,25,json_compact,1409,5540,56.36,reversible,True,autocontenida,,,True
r50k_base,ciclo,us,25,yaml,1659,5431,66.36,reversible,True,autocontenida,,,True
r50k_base,ciclo,us,25,xml,3308,7993,132.32,reversible,True,con_contrato,,,True
r50k_base,ciclo,us,25,csv,948,3382,37.92,no_reversible,False,con_contrato,,,True
r50k_base,ciclo,us,25,toon,1968,5709,78.72,reversible,True,autocontenida,,,True
r50k_base,ciclo,us,25,toon_flat,1009,3509,40.36,reversible,True,con_contrato,,,True
r50k_base,ciclo,us,25,mini,958,3382,38.32,reversible_normalizado,True,con_contrato,,,True
r50k_base,ciclo,us,25,xml_tipado,3566,12230,142.64,reversible,True,autocontenida,,,True
r50k_base,ciclo,us,25,csv_reversible,993,3482,39.72,reversible,True,con_mapa,columnas,210,True
r50k_base,ciclo,us,25,toon_reversible,1026,3551,41.04,reversible,True,con_mapa,columnas,156,True
o200k_base,ciclo,us,50,json_pretty,4523,16002,90.46,reversible,True,autocontenida,,,True
o200k_base,ciclo,us,50,json_compact,2853,11013,57.06,reversible,True,autocontenida,,,True
o200k_base,ciclo,us,50,yaml,3275,10804,65.5,reversible,True,autocontenida,,,True
o200k_base,ciclo,us,50,xml,5319,15941,106.38,reversible,True,con_contrato,,,True
o200k_base,ciclo,us,50,csv,1795,6730,35.9,no_reversible,False,con_contrato,,,True
o200k_base,ciclo,us,50,toon,3242,11357,64.84,reversible,True,autocontenida,,,True
o200k_base,ciclo,us,50,toon_flat,1878,6907,37.56,reversible,True,con_contrato,,,True
o200k_base,ciclo,us,50,mini,1847,6730,36.94,reversible_normalizado,True,con_contrato,,,True
o200k_base,ciclo,us,50,xml_tipado,7025,24203,140.5,reversible,True,autocontenida,,,True
o200k_base,ciclo,us,50,csv_reversible,1830,6830,36.6,reversible,True,con_mapa,columnas,201,True
o200k_base,ciclo,us,50,toon_reversible,1894,6949,37.88,reversible,True,con_mapa,columnas,156,True
cl100k_base,ciclo,us,50,json_pretty,4519,16002,90.38,reversible,True,autocontenida,,,True
cl100k_base,ciclo,us,50,json_compact,2797,11013,55.94,reversible,True,autocontenida,,,True
cl100k_base,ciclo,us,50,yaml,3279,10804,65.58,reversible,True,autocontenida,,,True
cl100k_base,ciclo,us,50,xml,5311,15941,106.22,reversible,True,con_contrato,,,True
cl100k_base,ciclo,us,50,csv,1794,6730,35.88,no_reversible,False,con_contrato,,,True
cl100k_base,ciclo,us,50,toon,3242,11357,64.84,reversible,True,autocontenida,,,True
cl100k_base,ciclo,us,50,toon_flat,1877,6907,37.54,reversible,True,con_contrato,,,True
cl100k_base,ciclo,us,50,mini,1844,6730,36.88,reversible_normalizado,True,con_contrato,,,True
cl100k_base,ciclo,us,50,xml_tipado,7017,24203,140.34,reversible,True,autocontenida,,,True
cl100k_base,ciclo,us,50,csv_reversible,1829,6830,36.58,reversible,True,con_mapa,columnas,190,True
cl100k_base,ciclo,us,50,toon_reversible,1894,6949,37.88,reversible,True,con_mapa,columnas,145,True
r50k_base,ciclo,us,50,json_pretty,7729,16002,154.58,reversible,True,autocontenida,,,True
r50k_base,ciclo,us,50,json_compact,2790,11013,55.8,reversible,True,autocontenida,,,True
r50k_base,ciclo,us,50,yaml,3285,10804,65.7,reversible,True,autocontenida,,,True
r50k_base,ciclo,us,50,xml,6589,15941,131.78,reversible,True,con_contrato,,,True
r50k_base,ciclo,us,50,csv,1879,6730,37.58,no_reversible,False,con_contrato,,,True
r50k_base,ciclo,us,50,toon,3902,11357,78.04,reversible,True,autocontenida,,,True
r50k_base,ciclo,us,50,toon_flat,1965,6907,39.3,reversible,True,con_contrato,,,True
r50k_base,ciclo,us,50,mini,1889,6730,37.78,reversible_normalizado,True,con_contrato,,,True
r50k_base,ciclo,us,50,xml_tipado,7047,24203,140.94,reversible,True,autocontenida,,,True
r50k_base,ciclo,us,50,csv_reversible,1924,6830,38.48,reversible,True,con_mapa,columnas,210,True
r50k_base,ciclo,us,50,toon_reversible,1982,6949,39.64,reversible,True,con_mapa,columnas,156,True
o200k_base,ciclo,us,100,json_pretty,8987,31818,89.87,reversible,True,autocontenida,,,True
o200k_base,ciclo,us,100,json_compact,5667,21879,56.67,reversible,True,autocontenida,,,True
o200k_base,ciclo,us,100,yaml,6511,21470,65.11,reversible,True,autocontenida,,,True
o200k_base,ciclo,us,100,xml,10604,31757,106.04,reversible,True,con_contrato,,,True
o200k_base,ciclo,us,100,csv,3563,13346,35.63,no_reversible,False,con_contrato,,,True
o200k_base,ciclo,us,100,toon,6444,22574,64.44,reversible,True,autocontenida,,,True
o200k_base,ciclo,us,100,toon_flat,3696,13624,36.96,reversible,True,con_contrato,,,True
o200k_base,ciclo,us,100,mini,3661,13347,36.61,reversible_normalizado,True,con_contrato,,,True
o200k_base,ciclo,us,100,xml_tipado,13960,48069,139.6,reversible,True,autocontenida,,,True
o200k_base,ciclo,us,100,csv_reversible,3598,13446,35.98,reversible,True,con_mapa,columnas,201,True
o200k_base,ciclo,us,100,toon_reversible,3712,13666,37.12,reversible,True,con_mapa,columnas,156,True
cl100k_base,ciclo,us,100,json_pretty,8979,31818,89.79,reversible,True,autocontenida,,,True
cl100k_base,ciclo,us,100,json_compact,5557,21879,55.57,reversible,True,autocontenida,,,True
cl100k_base,ciclo,us,100,yaml,6519,21470,65.19,reversible,True,autocontenida,,,True
cl100k_base,ciclo,us,100,xml,10587,31757,105.87,reversible,True,con_contrato,,,True
cl100k_base,ciclo,us,100,csv,3562,13346,35.62,no_reversible,False,con_contrato,,,True
cl100k_base,ciclo,us,100,toon,6444,22574,64.44,reversible,True,autocontenida,,,True
cl100k_base,ciclo,us,100,toon_flat,3695,13624,36.95,reversible,True,con_contrato,,,True
cl100k_base,ciclo,us,100,mini,3654,13347,36.54,reversible_normalizado,True,con_contrato,,,True
cl100k_base,ciclo,us,100,xml_tipado,13943,48069,139.43,reversible,True,autocontenida,,,True
cl100k_base,ciclo,us,100,csv_reversible,3597,13446,35.97,reversible,True,con_mapa,columnas,190,True
cl100k_base,ciclo,us,100,toon_reversible,3712,13666,37.12,reversible,True,con_mapa,columnas,145,True
r50k_base,ciclo,us,100,json_pretty,15384,31818,153.84,reversible,True,autocontenida,,,True
r50k_base,ciclo,us,100,json_compact,5545,21879,55.45,reversible,True,autocontenida,,,True
r50k_base,ciclo,us,100,yaml,6529,21470,65.29,reversible,True,autocontenida,,,True
r50k_base,ciclo,us,100,xml,13144,31757,131.44,reversible,True,con_contrato,,,True
r50k_base,ciclo,us,100,csv,3734,13346,37.34,no_reversible,False,con_contrato,,,True
r50k_base,ciclo,us,100,toon,7762,22574,77.62,reversible,True,autocontenida,,,True
r50k_base,ciclo,us,100,toon_flat,3870,13624,38.7,reversible,True,con_contrato,,,True
r50k_base,ciclo,us,100,mini,3744,13347,37.44,reversible_normalizado,True,con_contrato,,,True
r50k_base,ciclo,us,100,xml_tipado,14002,48069,140.02,reversible,True,autocontenida,,,True
r50k_base,ciclo,us,100,csv_reversible,3779,13446,37.79,reversible,True,con_mapa,columnas,210,True
r50k_base,ciclo,us,100,toon_reversible,3887,13666,38.87,reversible,True,con_mapa,columnas,156,True
o200k_base,ciclo,us,250,json_pretty,22371,79389,89.484,reversible,True,autocontenida,,,True
o200k_base,ciclo,us,250,json_compact,14101,54600,56.404,reversible,True,autocontenida,,,True
o200k_base,ciclo,us,250,yaml,16205,53591,64.82,reversible,True,autocontenida,,,True
o200k_base,ciclo,us,250,xml,26451,79328,105.804,reversible,True,con_contrato,,,True
o200k_base,ciclo,us,250,csv,8859,33317,35.436,no_reversible,False,con_contrato,,,True
o200k_base,ciclo,us,250,toon,16039,56345,64.156,reversible,True,autocontenida,,,True
o200k_base,ciclo,us,250,toon_flat,9142,33895,36.568,reversible,True,con_contrato,,,True
o200k_base,ciclo,us,250,mini,9095,33318,36.38,reversible_normalizado,True,con_contrato,,,True
o200k_base,ciclo,us,250,xml_tipado,34757,119790,139.028,reversible,True,autocontenida,,,True
o200k_base,ciclo,us,250,csv_reversible,8894,33417,35.576,reversible,True,con_mapa,columnas,201,True
o200k_base,ciclo,us,250,toon_reversible,9158,33937,36.632,reversible,True,con_mapa,columnas,156,True
cl100k_base,ciclo,us,250,json_pretty,22350,79389,89.4,reversible,True,autocontenida,,,True
cl100k_base,ciclo,us,250,json_compact,13828,54600,55.312,reversible,True,autocontenida,,,True
cl100k_base,ciclo,us,250,yaml,16226,53591,64.904,reversible,True,autocontenida,,,True
cl100k_base,ciclo,us,250,xml,26409,79328,105.636,reversible,True,con_contrato,,,True
cl100k_base,ciclo,us,250,csv,8858,33317,35.432,no_reversible,False,con_contrato,,,True
cl100k_base,ciclo,us,250,toon,16039,56345,64.156,reversible,True,autocontenida,,,True
cl100k_base,ciclo,us,250,toon_flat,9141,33895,36.564,reversible,True,con_contrato,,,True
cl100k_base,ciclo,us,250,mini,9075,33318,36.3,reversible_normalizado,True,con_contrato,,,True
cl100k_base,ciclo,us,250,xml_tipado,34715,119790,138.86,reversible,True,autocontenida,,,True
cl100k_base,ciclo,us,250,csv_reversible,8893,33417,35.572,reversible,True,con_mapa,columnas,190,True
cl100k_base,ciclo,us,250,toon_reversible,9158,33937,36.632,reversible,True,con_mapa,columnas,145,True
r50k_base,ciclo,us,250,json_pretty,38344,79389,153.376,reversible,True,autocontenida,,,True
r50k_base,ciclo,us,250,json_compact,13805,54600,55.22,reversible,True,autocontenida,,,True
r50k_base,ciclo,us,250,yaml,16250,53591,65.0,reversible,True,autocontenida,,,True
r50k_base,ciclo,us,250,xml,32804,79328,131.216,reversible,True,con_contrato,,,True
r50k_base,ciclo,us,250,csv,9294,33317,37.176,no_reversible,False,con_contrato,,,True
r50k_base,ciclo,us,250,toon,19334,56345,77.336,reversible,True,autocontenida,,,True
r50k_base,ciclo,us,250,toon_flat,9580,33895,38.32,reversible,True,con_contrato,,,True
r50k_base,ciclo,us,250,mini,9304,33318,37.216,reversible_normalizado,True,con_contrato,,,True
r50k_base,ciclo,us,250,xml_tipado,34862,119790,139.448,reversible,True,autocontenida,,,True
r50k_base,ciclo,us,250,csv_reversible,9339,33417,37.356,reversible,True,con_mapa,columnas,210,True
r50k_base,ciclo,us,250,toon_reversible,9597,33937,38.388,reversible,True,con_mapa,columnas,156,True
