tokenizador,variante,dominio,n,referencia,tokens_mini,tokens_ref,ahorro_pct
o200k_base,muestreo,a,1,json_pretty,120,307,60.912052
o200k_base,muestreo,card,1,json_pretty,78,152,48.684211
o200k_base,muestreo,cat,1,json_pretty,50,122,59.016393
o200k_base,muestreo,cls,1,json_pretty,54,133,59.398496
o200k_base,muestreo,code,1,json_pretty,70,149,53.020134
o200k_base,muestreo,log,1,json_pretty,69,141,51.06383
o200k_base,muestreo,map,1,json_pretty,45,98,54.081633
o200k_base,muestreo,ner,1,json_pretty,44,102,56.862745
o200k_base,muestreo,q,1,json_pretty,141,341,58.651026
o200k_base,muestreo,r,1,json_pretty,58,130,55.384615
o200k_base,muestreo,s,1,json_pretty,52,116,55.172414
o200k_base,muestreo,sum,1,json_pretty,78,154,49.350649
o200k_base,muestreo,tc,1,json_pretty,66,148,55.405405
o200k_base,muestreo,us,1,json_pretty,60,139,56.834532
o200k_base,muestreo,a,1,json_compact,120,184,34.782609
o200k_base,muestreo,card,1,json_compact,78,100,22.0
o200k_base,muestreo,cat,1,json_compact,50,72,30.555556
o200k_base,muestreo,cls,1,json_compact,54,74,27.027027
o200k_base,muestreo,code,1,json_compact,70,96,27.083333
o200k_base,muestreo,log,1,json_compact,69,92,25.0
o200k_base,muestreo,map,1,json_compact,45,59,23.728814
o200k_base,muestreo,ner,1,json_compact,44,60,26.666667
o200k_base,muestreo,q,1,json_compact,141,211,33.175355
o200k_base,muestreo,r,1,json_compact,58,76,23.684211
o200k_base,muestreo,s,1,json_compact,52,69,24.637681
o200k_base,muestreo,sum,1,json_compact,78,98,20.408163
o200k_base,muestreo,tc,1,json_compact,66,93,29.032258
o200k_base,muestreo,us,1,json_compact,60,86,30.232558
o200k_base,muestreo,a,1,yaml,120,238,49.579832
o200k_base,muestreo,card,1,yaml,78,108,27.777778
o200k_base,muestreo,cat,1,yaml,50,87,42.528736
o200k_base,muestreo,cls,1,yaml,54,96,43.75
o200k_base,muestreo,code,1,yaml,70,106,33.962264
o200k_base,muestreo,log,1,yaml,69,103,33.009709
o200k_base,muestreo,map,1,yaml,45,62,27.419355
o200k_base,muestreo,ner,1,yaml,44,70,37.142857
o200k_base,muestreo,q,1,yaml,141,265,46.792453
o200k_base,muestreo,r,1,yaml,58,90,35.555556
o200k_base,muestreo,s,1,yaml,52,80,35.0
o200k_base,muestreo,sum,1,yaml,78,114,31.578947
o200k_base,muestreo,tc,1,yaml,66,105,37.142857
o200k_base,muestreo,us,1,yaml,60,93,35.483871
o200k_base,muestreo,a,1,xml,120,250,52.0
o200k_base,muestreo,card,1,xml,78,143,45.454545
o200k_base,muestreo,cat,1,xml,50,114,56.140351
o200k_base,muestreo,cls,1,xml,54,112,51.785714
o200k_base,muestreo,code,1,xml,70,143,51.048951
o200k_base,muestreo,log,1,xml,69,125,44.8
o200k_base,muestreo,map,1,xml,45,84,46.428571
o200k_base,muestreo,ner,1,xml,44,88,50.0
o200k_base,muestreo,q,1,xml,141,289,51.211073
o200k_base,muestreo,r,1,xml,58,121,52.066116
o200k_base,muestreo,s,1,xml,52,103,49.514563
o200k_base,muestreo,sum,1,xml,78,144,45.833333
o200k_base,muestreo,tc,1,xml,66,142,53.521127
o200k_base,muestreo,us,1,xml,60,132,54.545455
o200k_base,muestreo,a,1,csv,120,109,-10.091743
o200k_base,muestreo,card,1,csv,78,64,-21.875
o200k_base,muestreo,cat,1,csv,50,43,-16.27907
o200k_base,muestreo,cls,1,csv,54,61,11.47541
o200k_base,muestreo,code,1,csv,70,62,-12.903226
o200k_base,muestreo,log,1,csv,69,57,-21.052632
o200k_base,muestreo,map,1,csv,45,25,-80.0
o200k_base,muestreo,ner,1,csv,44,23,-91.304348
o200k_base,muestreo,q,1,csv,141,130,-8.461538
o200k_base,muestreo,r,1,csv,58,53,-9.433962
o200k_base,muestreo,s,1,csv,52,40,-30.0
o200k_base,muestreo,sum,1,csv,78,56,-39.285714
o200k_base,muestreo,tc,1,csv,66,53,-24.528302
o200k_base,muestreo,us,1,csv,60,53,-13.207547
o200k_base,muestreo,a,1,toon,120,220,45.454545
o200k_base,muestreo,card,1,toon,78,110,29.090909
o200k_base,muestreo,cat,1,toon,50,85,41.176471
o200k_base,muestreo,cls,1,toon,54,88,38.636364
o200k_base,muestreo,code,1,toon,70,105,33.333333
o200k_base,muestreo,log,1,toon,69,104,33.653846
o200k_base,muestreo,map,1,toon,45,59,23.728814
o200k_base,muestreo,ner,1,toon,44,61,27.868852
o200k_base,muestreo,q,1,toon,141,245,42.44898
o200k_base,muestreo,r,1,toon,58,88,34.090909
o200k_base,muestreo,s,1,toon,52,80,35.0
o200k_base,muestreo,sum,1,toon,78,112,30.357143
o200k_base,muestreo,tc,1,toon,66,105,37.142857
o200k_base,muestreo,us,1,toon,60,93,35.483871
o200k_base,muestreo,a,1,toon_flat,120,214,43.925234
o200k_base,muestreo,card,1,toon_flat,78,99,21.212121
o200k_base,muestreo,cat,1,toon_flat,50,70,28.571429
o200k_base,muestreo,cls,1,toon_flat,54,97,44.329897
o200k_base,muestreo,code,1,toon_flat,70,93,24.731183
o200k_base,muestreo,log,1,toon_flat,69,89,22.47191
o200k_base,muestreo,map,1,toon_flat,45,59,23.728814
o200k_base,muestreo,ner,1,toon_flat,44,61,27.868852
o200k_base,muestreo,q,1,toon_flat,141,237,40.506329
o200k_base,muestreo,r,1,toon_flat,58,95,38.947368
o200k_base,muestreo,s,1,toon_flat,52,76,31.578947
o200k_base,muestreo,sum,1,toon_flat,78,98,20.408163
o200k_base,muestreo,tc,1,toon_flat,66,92,28.26087
o200k_base,muestreo,us,1,toon_flat,60,87,31.034483
o200k_base,muestreo,a,5,json_pretty,376,960,60.833333
o200k_base,muestreo,card,5,json_pretty,246,522,52.873563
o200k_base,muestreo,cat,5,json_pretty,168,447,62.416107
o200k_base,muestreo,cls,5,json_pretty,180,493,63.488844
o200k_base,muestreo,code,5,json_pretty,257,552,53.442029
o200k_base,muestreo,log,5,json_pretty,233,506,53.952569
o200k_base,muestreo,map,5,json_pretty,120,294,59.183673
o200k_base,muestreo,ner,5,json_pretty,108,302,64.238411
o200k_base,muestreo,q,5,json_pretty,525,1186,55.733558
o200k_base,muestreo,r,5,json_pretty,173,429,59.67366
o200k_base,muestreo,s,5,json_pretty,150,373,59.785523
o200k_base,muestreo,sum,5,json_pretty,271,544,50.183824
o200k_base,muestreo,tc,5,json_pretty,230,540,57.407407
o200k_base,muestreo,us,5,json_pretty,212,503,57.852883
o200k_base,muestreo,a,5,json_compact,376,599,37.228715
o200k_base,muestreo,card,5,json_compact,246,342,28.070175
o200k_base,muestreo,cat,5,json_compact,168,266,36.842105
o200k_base,muestreo,cls,5,json_compact,180,279,35.483871
o200k_base,muestreo,code,5,json_compact,257,363,29.201102
o200k_base,muestreo,log,5,json_compact,233,333,30.03003
o200k_base,muestreo,map,5,json_compact,120,180,33.333333
o200k_base,muestreo,ner,5,json_compact,108,172,37.209302
o200k_base,muestreo,q,5,json_compact,525,779,32.605905
o200k_base,muestreo,r,5,json_compact,173,251,31.075697
o200k_base,muestreo,s,5,json_compact,150,222,32.432432
o200k_base,muestreo,sum,5,json_compact,271,364,25.549451
o200k_base,muestreo,tc,5,json_compact,230,341,32.55132
o200k_base,muestreo,us,5,json_compact,212,318,33.333333
o200k_base,muestreo,a,5,yaml,376,738,49.051491
o200k_base,muestreo,card,5,yaml,246,385,36.103896
o200k_base,muestreo,cat,5,yaml,168,333,49.54955
o200k_base,muestreo,cls,5,yaml,180,380,52.631579
o200k_base,muestreo,code,5,yaml,257,403,36.228288
o200k_base,muestreo,log,5,yaml,233,387,39.793282
o200k_base,muestreo,map,5,yaml,120,196,38.77551
o200k_base,muestreo,ner,5,yaml,108,216,50.0
o200k_base,muestreo,q,5,yaml,525,934,43.79015
o200k_base,muestreo,r,5,yaml,173,307,43.648208
o200k_base,muestreo,s,5,yaml,150,266,43.609023
o200k_base,muestreo,sum,5,yaml,271,425,36.235294
o200k_base,muestreo,tc,5,yaml,230,399,42.35589
o200k_base,muestreo,us,5,yaml,212,359,40.947075
o200k_base,muestreo,a,5,xml,376,838,55.131265
o200k_base,muestreo,card,5,xml,246,556,55.755396
o200k_base,muestreo,cat,5,xml,168,481,65.072765
o200k_base,muestreo,cls,5,xml,180,499,63.927856
o200k_base,muestreo,code,5,xml,257,602,57.30897
o200k_base,muestreo,log,5,xml,233,526,55.703422
o200k_base,muestreo,map,5,xml,120,308,61.038961
o200k_base,muestreo,ner,5,xml,108,322,66.459627
o200k_base,muestreo,q,5,xml,525,1079,51.343837
o200k_base,muestreo,r,5,xml,173,488,64.54918
o200k_base,muestreo,s,5,xml,150,405,62.962963
o200k_base,muestreo,sum,5,xml,271,594,54.377104
o200k_base,muestreo,tc,5,xml,230,605,61.983471
o200k_base,muestreo,us,5,xml,212,560,62.142857
o200k_base,muestreo,a,5,csv,376,366,-2.73224
o200k_base,muestreo,card,5,csv,246,226,-8.849558
o200k_base,muestreo,cat,5,csv,168,160,-5.0
o200k_base,muestreo,cls,5,csv,180,199,9.547739
o200k_base,muestreo,code,5,csv,257,239,-7.531381
o200k_base,muestreo,log,5,csv,233,216,-7.87037
o200k_base,muestreo,map,5,csv,120,96,-25.0
o200k_base,muestreo,ner,5,csv,108,85,-27.058824
o200k_base,muestreo,q,5,csv,525,518,-1.351351
o200k_base,muestreo,r,5,csv,173,167,-3.592814
o200k_base,muestreo,s,5,csv,150,129,-16.27907
o200k_base,muestreo,sum,5,csv,271,245,-10.612245
o200k_base,muestreo,tc,5,csv,230,212,-8.490566
o200k_base,muestreo,us,5,csv,212,201,-5.472637
o200k_base,muestreo,a,5,toon,376,703,46.514936
o200k_base,muestreo,card,5,toon,246,386,36.26943
o200k_base,muestreo,cat,5,toon,168,321,47.663551
o200k_base,muestreo,cls,5,toon,180,331,45.619335
o200k_base,muestreo,code,5,toon,257,404,36.386139
o200k_base,muestreo,log,5,toon,233,394,40.862944
o200k_base,muestreo,map,5,toon,120,133,9.774436
o200k_base,muestreo,ner,5,toon,108,127,14.96063
o200k_base,muestreo,q,5,toon,525,892,41.143498
o200k_base,muestreo,r,5,toon,173,288,39.930556
o200k_base,muestreo,s,5,toon,150,262,42.748092
o200k_base,muestreo,sum,5,toon,271,416,34.855769
o200k_base,muestreo,tc,5,toon,230,391,41.176471
o200k_base,muestreo,us,5,toon,212,357,40.616246
o200k_base,muestreo,a,5,toon_flat,376,475,20.842105
o200k_base,muestreo,card,5,toon_flat,246,266,7.518797
o200k_base,muestreo,cat,5,toon_flat,168,192,12.5
o200k_base,muestreo,cls,5,toon_flat,180,241,25.311203
o200k_base,muestreo,code,5,toon_flat,257,275,6.545455
o200k_base,muestreo,log,5,toon_flat,233,263,11.406844
o200k_base,muestreo,map,5,toon_flat,120,133,9.774436
o200k_base,muestreo,ner,5,toon_flat,108,127,14.96063
o200k_base,muestreo,q,5,toon_flat,525,630,16.666667
o200k_base,muestreo,r,5,toon_flat,173,213,18.779343
o200k_base,muestreo,s,5,toon_flat,150,169,11.242604
o200k_base,muestreo,sum,5,toon_flat,271,291,6.872852
o200k_base,muestreo,tc,5,toon_flat,230,255,9.803922
o200k_base,muestreo,us,5,toon_flat,212,239,11.297071
o200k_base,muestreo,a,10,json_pretty,695,1780,60.955056
o200k_base,muestreo,card,10,json_pretty,456,983,53.611394
o200k_base,muestreo,cat,10,json_pretty,314,852,63.14554
o200k_base,muestreo,cls,10,json_pretty,330,936,64.74359
o200k_base,muestreo,code,10,json_pretty,520,1080,51.851852
o200k_base,muestreo,log,10,json_pretty,441,959,54.014599
o200k_base,muestreo,map,10,json_pretty,213,537,60.335196
o200k_base,muestreo,ner,10,json_pretty,193,557,65.35009
o200k_base,muestreo,q,10,json_pretty,979,2212,55.74141
o200k_base,muestreo,r,10,json_pretty,317,803,60.523039
o200k_base,muestreo,s,10,json_pretty,265,686,61.370262
o200k_base,muestreo,sum,10,json_pretty,503,1020,50.686275
o200k_base,muestreo,tc,10,json_pretty,427,1022,58.219178
o200k_base,muestreo,us,10,json_pretty,385,941,59.086079
o200k_base,muestreo,a,10,json_compact,695,1116,37.724014
o200k_base,muestreo,card,10,json_compact,456,646,29.411765
o200k_base,muestreo,cat,10,json_compact,314,506,37.944664
o200k_base,muestreo,cls,10,json_compact,330,525,37.142857
o200k_base,muestreo,code,10,json_compact,520,715,27.272727
o200k_base,muestreo,log,10,json_compact,441,632,30.221519
o200k_base,muestreo,map,10,json_compact,213,328,35.060976
o200k_base,muestreo,ner,10,json_compact,193,317,39.116719
o200k_base,muestreo,q,10,json_compact,979,1461,32.991102
o200k_base,muestreo,r,10,json_compact,317,470,32.553191
o200k_base,muestreo,s,10,json_compact,265,405,34.567901
o200k_base,muestreo,sum,10,json_compact,503,688,26.889535
o200k_base,muestreo,tc,10,json_compact,427,644,33.695652
o200k_base,muestreo,us,10,json_compact,385,591,34.856176
o200k_base,muestreo,a,10,yaml,695,1364,49.046921
o200k_base,muestreo,card,10,yaml,456,728,37.362637
o200k_base,muestreo,cat,10,yaml,314,636,50.628931
o200k_base,muestreo,cls,10,yaml,330,728,54.67033
o200k_base,muestreo,code,10,yaml,520,801,35.081149
o200k_base,muestreo,log,10,yaml,441,741,40.48583
o200k_base,muestreo,map,10,yaml,213,361,40.99723
o200k_base,muestreo,ner,10,yaml,193,405,52.345679
o200k_base,muestreo,q,10,yaml,979,1739,43.703278
o200k_base,muestreo,r,10,yaml,317,582,45.532646
o200k_base,muestreo,s,10,yaml,265,492,46.138211
o200k_base,muestreo,sum,10,yaml,503,800,37.125
o200k_base,muestreo,tc,10,yaml,427,762,43.963255
o200k_base,muestreo,us,10,yaml,385,674,42.878338
o200k_base,muestreo,a,10,xml,695,1574,55.844981
o200k_base,muestreo,card,10,xml,456,1065,57.183099
o200k_base,muestreo,cat,10,xml,314,946,66.807611
o200k_base,muestreo,cls,10,xml,330,980,66.326531
o200k_base,muestreo,code,10,xml,520,1207,56.917978
o200k_base,muestreo,log,10,xml,441,1035,57.391304
o200k_base,muestreo,map,10,xml,213,596,64.261745
o200k_base,muestreo,ner,10,xml,193,622,68.971061
o200k_base,muestreo,q,10,xml,979,2038,51.962709
o200k_base,muestreo,r,10,xml,317,946,66.490486
o200k_base,muestreo,s,10,xml,265,774,65.762274
o200k_base,muestreo,sum,10,xml,503,1140,55.877193
o200k_base,muestreo,tc,10,xml,427,1173,63.597613
o200k_base,muestreo,us,10,xml,385,1081,64.384829
o200k_base,muestreo,a,10,csv,695,691,-0.578871
o200k_base,muestreo,card,10,csv,456,428,-6.542056
o200k_base,muestreo,cat,10,csv,314,302,-3.97351
o200k_base,muestreo,cls,10,csv,330,363,9.090909
o200k_base,muestreo,code,10,csv,520,482,-7.883817
o200k_base,muestreo,log,10,csv,441,416,-6.009615
o200k_base,muestreo,map,10,csv,213,184,-15.76087
o200k_base,muestreo,ner,10,csv,193,170,-13.529412
o200k_base,muestreo,q,10,csv,979,979,0.0
o200k_base,muestreo,r,10,csv,317,310,-2.258065
o200k_base,muestreo,s,10,csv,265,234,-13.247863
o200k_base,muestreo,sum,10,csv,503,472,-6.567797
o200k_base,muestreo,tc,10,csv,427,403,-5.955335
o200k_base,muestreo,us,10,csv,385,370,-4.054054
o200k_base,muestreo,a,10,toon,695,1305,46.743295
o200k_base,muestreo,card,10,toon,456,735,37.959184
o200k_base,muestreo,cat,10,toon,314,612,48.69281
o200k_base,muestreo,cls,10,toon,330,626,47.284345
o200k_base,muestreo,code,10,toon,520,801,35.081149
o200k_base,muestreo,log,10,toon,441,758,41.82058
o200k_base,muestreo,map,10,toon,213,222,4.054054
o200k_base,muestreo,ner,10,toon,193,217,11.059908
o200k_base,muestreo,q,10,toon,979,1681,41.760857
o200k_base,muestreo,r,10,toon,317,542,41.512915
o200k_base,muestreo,s,10,toon,265,483,45.134576
o200k_base,muestreo,sum,10,toon,503,789,36.248416
o200k_base,muestreo,tc,10,toon,427,744,42.607527
o200k_base,muestreo,us,10,toon,385,669,42.45142
o200k_base,muestreo,a,10,toon_flat,695,805,13.664596
o200k_base,muestreo,card,10,toon_flat,456,474,3.797468
o200k_base,muestreo,cat,10,toon_flat,314,339,7.374631
o200k_base,muestreo,cls,10,toon_flat,330,413,20.096852
o200k_base,muestreo,code,10,toon_flat,520,524,0.763359
o200k_base,muestreo,log,10,toon_flat,441,480,8.125
o200k_base,muestreo,map,10,toon_flat,213,222,4.054054
o200k_base,muestreo,ner,10,toon_flat,193,217,11.059908
o200k_base,muestreo,q,10,toon_flat,979,1096,10.675182
o200k_base,muestreo,r,10,toon_flat,317,361,12.188366
o200k_base,muestreo,s,10,toon_flat,265,279,5.017921
o200k_base,muestreo,sum,10,toon_flat,503,523,3.824092
o200k_base,muestreo,tc,10,toon_flat,427,451,5.321508
o200k_base,muestreo,us,10,toon_flat,385,413,6.779661
o200k_base,muestreo,a,25,json_pretty,1622,4206,61.436044
o200k_base,muestreo,card,25,json_pretty,1053,2337,54.942234
o200k_base,muestreo,cat,25,json_pretty,772,2084,62.955854
o200k_base,muestreo,cls,25,json_pretty,768,2235,65.637584
o200k_base,muestreo,code,25,json_pretty,1264,2634,52.012149
o200k_base,muestreo,log,25,json_pretty,1063,2333,54.436348
o200k_base,muestreo,map,25,json_pretty,489,1264,61.313291
o200k_base,muestreo,ner,25,json_pretty,443,1317,66.362946
o200k_base,muestreo,q,25,json_pretty,2355,5313,55.67476
o200k_base,muestreo,r,25,json_pretty,758,1932,60.766046
o200k_base,muestreo,s,25,json_pretty,622,1639,62.050031
o200k_base,muestreo,sum,25,json_pretty,1199,2456,51.180782
o200k_base,muestreo,tc,25,json_pretty,1002,2445,59.018405
o200k_base,muestreo,us,25,json_pretty,923,2274,59.41073
o200k_base,muestreo,a,25,json_compact,1622,2644,38.653555
o200k_base,muestreo,card,25,json_compact,1053,1529,31.131458
o200k_base,muestreo,cat,25,json_compact,772,1244,37.942122
o200k_base,muestreo,cls,25,json_compact,768,1246,38.362761
o200k_base,muestreo,code,25,json_compact,1264,1747,27.647396
o200k_base,muestreo,log,25,json_compact,1063,1542,31.063554
o200k_base,muestreo,map,25,json_compact,489,772,36.658031
o200k_base,muestreo,ner,25,json_compact,443,747,40.696118
o200k_base,muestreo,q,25,json_compact,2355,3529,33.267215
o200k_base,muestreo,r,25,json_compact,758,1134,33.156966
o200k_base,muestreo,s,25,json_compact,622,968,35.743802
o200k_base,muestreo,sum,25,json_compact,1199,1660,27.771084
o200k_base,muestreo,tc,25,json_compact,1002,1536,34.765625
o200k_base,muestreo,us,25,json_compact,923,1429,35.409377
o200k_base,muestreo,a,25,yaml,1622,3219,49.611681
o200k_base,muestreo,card,25,yaml,1053,1737,39.378238
o200k_base,muestreo,cat,25,yaml,772,1569,50.796686
o200k_base,muestreo,cls,25,yaml,768,1742,55.912744
o200k_base,muestreo,code,25,yaml,1264,1960,35.510204
o200k_base,muestreo,log,25,yaml,1063,1818,41.529153
o200k_base,muestreo,map,25,yaml,489,856,42.873832
o200k_base,muestreo,ner,25,yaml,443,965,54.093264
o200k_base,muestreo,q,25,yaml,2355,4177,43.619823
o200k_base,muestreo,r,25,yaml,758,1409,46.202981
o200k_base,muestreo,s,25,yaml,622,1180,47.288136
o200k_base,muestreo,sum,25,yaml,1199,1938,38.132095
o200k_base,muestreo,tc,25,yaml,1002,1826,45.125958
o200k_base,muestreo,us,25,yaml,923,1640,43.719512
o200k_base,muestreo,a,25,xml,1622,3751,56.758198
o200k_base,muestreo,card,25,xml,1053,2552,58.738245
o200k_base,muestreo,cat,25,xml,772,2354,67.204758
o200k_base,muestreo,cls,25,xml,768,2360,67.457627
o200k_base,muestreo,code,25,xml,1264,2978,57.555406
o200k_base,muestreo,log,25,xml,1063,2529,57.967576
o200k_base,muestreo,map,25,xml,489,1442,66.088766
o200k_base,muestreo,ner,25,xml,443,1515,70.759076
o200k_base,muestreo,q,25,xml,2355,4930,52.231237
o200k_base,muestreo,r,25,xml,758,2329,67.453843
o200k_base,muestreo,s,25,xml,622,1897,67.211386
o200k_base,muestreo,sum,25,xml,1199,2795,57.101968
o200k_base,muestreo,tc,25,xml,1002,2851,64.854437
o200k_base,muestreo,us,25,xml,923,2661,65.313792
o200k_base,muestreo,a,25,csv,1622,1632,0.612745
o200k_base,muestreo,card,25,csv,1053,1004,-4.880478
o200k_base,muestreo,cat,25,csv,772,751,-2.796272
o200k_base,muestreo,cls,25,csv,768,833,7.803121
o200k_base,muestreo,code,25,csv,1264,1180,-7.118644
o200k_base,muestreo,log,25,csv,1063,1013,-4.935834
o200k_base,muestreo,map,25,csv,489,444,-10.135135
o200k_base,muestreo,ner,25,csv,443,418,-5.980861
o200k_base,muestreo,q,25,csv,2355,2371,0.674821
o200k_base,muestreo,r,25,csv,758,749,-1.201602
o200k_base,muestreo,s,25,csv,622,558,-11.469534
o200k_base,muestreo,sum,25,csv,1199,1156,-3.719723
o200k_base,muestreo,tc,25,csv,1002,960,-4.375
o200k_base,muestreo,us,25,csv,923,895,-3.128492
o200k_base,muestreo,a,25,toon,1622,3087,47.457078
o200k_base,muestreo,card,25,toon,1053,1751,39.862935
o200k_base,muestreo,cat,25,toon,772,1511,48.908008
o200k_base,muestreo,cls,25,toon,768,1494,48.594378
o200k_base,muestreo,code,25,toon,1264,1963,35.608762
o200k_base,muestreo,log,25,toon,1063,1857,42.757135
o200k_base,muestreo,map,25,toon,489,489,0.0
o200k_base,muestreo,ner,25,toon,443,480,7.708333
o200k_base,muestreo,q,25,toon,2355,4055,41.923551
o200k_base,muestreo,r,25,toon,758,1304,41.871166
o200k_base,muestreo,s,25,toon,622,1156,46.193772
o200k_base,muestreo,sum,25,toon,1199,1906,37.093389
o200k_base,muestreo,tc,25,toon,1002,1783,43.80258
o200k_base,muestreo,us,25,toon,923,1624,43.165025
o200k_base,muestreo,a,25,toon_flat,1622,1763,7.997731
o200k_base,muestreo,card,25,toon_flat,1053,1072,1.772388
o200k_base,muestreo,cat,25,toon_flat,772,804,3.9801
o200k_base,muestreo,cls,25,toon_flat,768,907,15.325248
o200k_base,muestreo,code,25,toon_flat,1264,1239,-2.017756
o200k_base,muestreo,log,25,toon_flat,1063,1133,6.178288
o200k_base,muestreo,map,25,toon_flat,489,489,0.0
o200k_base,muestreo,ner,25,toon_flat,443,480,7.708333
o200k_base,muestreo,q,25,toon_flat,2355,2504,5.950479
o200k_base,muestreo,r,25,toon_flat,758,815,6.993865
o200k_base,muestreo,s,25,toon_flat,622,618,-0.647249
o200k_base,muestreo,sum,25,toon_flat,1199,1222,1.88216
o200k_base,muestreo,tc,25,toon_flat,1002,1023,2.052786
o200k_base,muestreo,us,25,toon_flat,923,953,3.147954
o200k_base,muestreo,a,50,json_pretty,3200,8279,61.347989
o200k_base,muestreo,card,50,json_pretty,2075,4619,55.076856
o200k_base,muestreo,cat,50,json_pretty,1516,4116,63.168124
o200k_base,muestreo,cls,50,json_pretty,1523,4438,65.68274
o200k_base,muestreo,code,50,json_pretty,2486,5201,52.2015
o200k_base,muestreo,log,50,json_pretty,2105,4624,54.476644
o200k_base,muestreo,map,50,json_pretty,958,2485,61.448692
o200k_base,muestreo,ner,50,json_pretty,856,2580,66.821705
o200k_base,muestreo,q,50,json_pretty,4653,10487,55.630781
o200k_base,muestreo,r,50,json_pretty,1496,3814,60.776088
o200k_base,muestreo,s,50,json_pretty,1226,3237,62.125425
o200k_base,muestreo,sum,50,json_pretty,2353,4835,51.334023
o200k_base,muestreo,tc,50,json_pretty,1985,4842,59.004544
o200k_base,muestreo,us,50,json_pretty,1840,4516,59.255979
o200k_base,muestreo,a,50,json_compact,3200,5216,38.650307
o200k_base,muestreo,card,50,json_compact,2075,3026,31.427627
o200k_base,muestreo,cat,50,json_compact,1516,2455,38.248473
o200k_base,muestreo,cls,50,json_compact,1523,2480,38.58871
o200k_base,muestreo,code,50,json_compact,2486,3448,27.900232
o200k_base,muestreo,log,50,json_compact,2105,3057,31.141642
o200k_base,muestreo,map,50,json_compact,958,1519,36.932192
o200k_base,muestreo,ner,50,json_compact,856,1460,41.369863
o200k_base,muestreo,q,50,json_compact,4653,6979,33.328557
o200k_base,muestreo,r,50,json_compact,1496,2241,33.244087
o200k_base,muestreo,s,50,json_compact,1226,1916,36.012526
o200k_base,muestreo,sum,50,json_compact,2353,3271,28.064812
o200k_base,muestreo,tc,50,json_compact,1985,3045,34.811166
o200k_base,muestreo,us,50,json_compact,1840,2846,35.347857
o200k_base,muestreo,a,50,yaml,3200,6332,49.463045
o200k_base,muestreo,card,50,yaml,2075,3439,39.662693
o200k_base,muestreo,cat,50,yaml,1516,3104,51.159794
o200k_base,muestreo,cls,50,yaml,1523,3470,56.10951
o200k_base,muestreo,code,50,yaml,2486,3873,35.812032
o200k_base,muestreo,log,50,yaml,2105,3611,41.705899
o200k_base,muestreo,map,50,yaml,958,1686,43.179122
o200k_base,muestreo,ner,50,yaml,856,1896,54.852321
o200k_base,muestreo,q,50,yaml,4653,8244,43.558952
o200k_base,muestreo,r,50,yaml,1496,2786,46.302943
o200k_base,muestreo,s,50,yaml,1226,2336,47.517123
o200k_base,muestreo,sum,50,yaml,2353,3818,38.370875
o200k_base,muestreo,tc,50,yaml,1985,3623,45.211151
o200k_base,muestreo,us,50,yaml,1840,3267,43.679216
o200k_base,muestreo,a,50,xml,3200,7412,56.826767
o200k_base,muestreo,card,50,xml,2075,5071,59.081049
o200k_base,muestreo,cat,50,xml,1516,4676,67.579127
o200k_base,muestreo,cls,50,xml,1523,4720,67.733051
o200k_base,muestreo,code,50,xml,2486,5910,57.935702
o200k_base,muestreo,log,50,xml,2105,5054,58.349822
o200k_base,muestreo,map,50,xml,958,2880,66.736111
o200k_base,muestreo,ner,50,xml,856,2999,71.457152
o200k_base,muestreo,q,50,xml,4653,9754,52.296494
o200k_base,muestreo,r,50,xml,1496,4634,67.716875
o200k_base,muestreo,s,50,xml,1226,3775,67.523179
o200k_base,muestreo,sum,50,xml,2353,5536,57.496387
o200k_base,muestreo,tc,50,xml,1985,5677,65.034349
o200k_base,muestreo,us,50,xml,1840,5312,65.361446
o200k_base,muestreo,a,50,csv,3200,3234,1.05133
o200k_base,muestreo,card,50,csv,2075,1992,-4.166667
o200k_base,muestreo,cat,50,csv,1516,1481,-2.363268
o200k_base,muestreo,cls,50,csv,1523,1650,7.69697
o200k_base,muestreo,code,50,csv,2486,2326,-6.878762
o200k_base,muestreo,log,50,csv,2105,2014,-4.518371
o200k_base,muestreo,map,50,csv,958,884,-8.371041
o200k_base,muestreo,ner,50,csv,856,827,-3.506651
o200k_base,muestreo,q,50,csv,4653,4694,0.873455
o200k_base,muestreo,r,50,csv,1496,1482,-0.944669
o200k_base,muestreo,s,50,csv,1226,1105,-10.950226
o200k_base,muestreo,sum,50,csv,2353,2285,-2.97593
o200k_base,muestreo,tc,50,csv,1985,1910,-3.926702
o200k_base,muestreo,us,50,csv,1840,1788,-2.908277
o200k_base,muestreo,a,50,toon,3200,6089,47.446214
o200k_base,muestreo,card,50,toon,2075,3464,40.098152
o200k_base,muestreo,cat,50,toon,1516,2991,49.31461
o200k_base,muestreo,cls,50,toon,1523,2972,48.755047
o200k_base,muestreo,code,50,toon,2486,3878,35.894791
o200k_base,muestreo,log,50,toon,2105,3688,42.922993
o200k_base,muestreo,map,50,toon,958,938,-2.132196
o200k_base,muestreo,ner,50,toon,856,914,6.345733
o200k_base,muestreo,q,50,toon,4653,8010,41.910112
o200k_base,muestreo,r,50,toon,1496,2579,41.993021
o200k_base,muestreo,s,50,toon,1226,2287,46.392654
o200k_base,muestreo,sum,50,toon,2353,3759,37.403565
o200k_base,muestreo,tc,50,toon,1985,3538,43.894856
o200k_base,muestreo,us,50,toon,1840,3235,43.122102
o200k_base,muestreo,a,50,toon_flat,3200,3392,5.660377
o200k_base,muestreo,card,50,toon_flat,2075,2094,0.907354
o200k_base,muestreo,cat,50,toon_flat,1516,1561,2.882767
o200k_base,muestreo,cls,50,toon_flat,1523,1763,13.613159
o200k_base,muestreo,code,50,toon_flat,2486,2415,-2.939959
o200k_base,muestreo,log,50,toon_flat,2105,2226,5.435759
o200k_base,muestreo,map,50,toon_flat,958,938,-2.132196
o200k_base,muestreo,ner,50,toon_flat,856,914,6.345733
o200k_base,muestreo,q,50,toon_flat,4653,4854,4.140915
o200k_base,muestreo,r,50,toon_flat,1496,1573,4.895105
o200k_base,muestreo,s,50,toon_flat,1226,1190,-3.02521
o200k_base,muestreo,sum,50,toon_flat,2353,2376,0.968013
o200k_base,muestreo,tc,50,toon_flat,1985,1998,0.650651
o200k_base,muestreo,us,50,toon_flat,1840,1871,1.656868
o200k_base,muestreo,a,100,json_pretty,6334,16409,61.399232
o200k_base,muestreo,card,100,json_pretty,4168,9233,54.857576
o200k_base,muestreo,cat,100,json_pretty,3015,8201,63.236191
o200k_base,muestreo,cls,100,json_pretty,2992,8801,66.003863
o200k_base,muestreo,code,100,json_pretty,4959,10377,52.211622
o200k_base,muestreo,log,100,json_pretty,4191,9212,54.504993
o200k_base,muestreo,map,100,json_pretty,1883,4915,61.688708
o200k_base,muestreo,ner,100,json_pretty,1684,5108,67.032106
o200k_base,muestreo,q,100,json_pretty,9220,20799,55.670946
o200k_base,muestreo,r,100,json_pretty,2937,7548,61.08903
o200k_base,muestreo,s,100,json_pretty,2427,6426,62.231559
o200k_base,muestreo,sum,100,json_pretty,4686,9631,51.344616
o200k_base,muestreo,tc,100,json_pretty,3957,9648,58.986318
o200k_base,muestreo,us,100,json_pretty,3651,8977,59.329397
o200k_base,muestreo,a,100,json_compact,6334,10345,38.772354
o200k_base,muestreo,card,100,json_compact,4168,6063,31.255154
o200k_base,muestreo,cat,100,json_compact,3015,4894,38.393952
o200k_base,muestreo,cls,100,json_compact,2992,4906,39.013453
o200k_base,muestreo,code,100,json_compact,4959,6881,27.931987
o200k_base,muestreo,log,100,json_compact,4191,6095,31.23872
o200k_base,muestreo,map,100,json_compact,1883,3004,37.316911
o200k_base,muestreo,ner,100,json_compact,1684,2888,41.689751
o200k_base,muestreo,q,100,json_compact,9220,13846,33.410371
o200k_base,muestreo,r,100,json_compact,2937,4425,33.627119
o200k_base,muestreo,s,100,json_compact,2427,3805,36.215506
o200k_base,muestreo,sum,100,json_compact,4686,6521,28.139856
o200k_base,muestreo,tc,100,json_compact,3957,6071,34.821282
o200k_base,muestreo,us,100,json_compact,3651,5657,35.460491
o200k_base,muestreo,a,100,yaml,6334,12544,49.50574
o200k_base,muestreo,card,100,yaml,4168,6882,39.43621
o200k_base,muestreo,cat,100,yaml,3015,6189,51.284537
o200k_base,muestreo,cls,100,yaml,2992,6884,56.536897
o200k_base,muestreo,code,100,yaml,4959,7734,35.880528
o200k_base,muestreo,log,100,yaml,4191,7202,41.807831
o200k_base,muestreo,map,100,yaml,1883,3337,43.572071
o200k_base,muestreo,ner,100,yaml,1684,3758,55.18893
o200k_base,muestreo,q,100,yaml,9220,16346,43.594763
o200k_base,muestreo,r,100,yaml,2937,5514,46.735582
o200k_base,muestreo,s,100,yaml,2427,4641,47.705236
o200k_base,muestreo,sum,100,yaml,4686,7617,38.479716
o200k_base,muestreo,tc,100,yaml,3957,7229,45.262139
o200k_base,muestreo,us,100,yaml,3651,6499,43.822126
o200k_base,muestreo,a,100,xml,6334,14713,56.949636
o200k_base,muestreo,card,100,xml,4168,10181,59.060996
o200k_base,muestreo,cat,100,xml,3015,9337,67.709114
o200k_base,muestreo,cls,100,xml,2992,9381,68.105746
o200k_base,muestreo,code,100,xml,4959,11817,58.035034
o200k_base,muestreo,log,100,xml,4191,10076,58.406114
o200k_base,muestreo,map,100,xml,1883,5720,67.08042
o200k_base,muestreo,ner,100,xml,1684,5968,71.782842
o200k_base,muestreo,q,100,xml,9220,19375,52.412903
o200k_base,muestreo,r,100,xml,2937,9213,68.121133
o200k_base,muestreo,s,100,xml,2427,7526,67.751794
o200k_base,muestreo,sum,100,xml,4686,11066,57.654076
o200k_base,muestreo,tc,100,xml,3957,11343,65.115049
o200k_base,muestreo,us,100,xml,3651,10595,65.540349
o200k_base,muestreo,a,100,csv,6334,6411,1.201061
o200k_base,muestreo,card,100,csv,4168,4013,-3.862447
o200k_base,muestreo,cat,100,csv,3015,2949,-2.238047
o200k_base,muestreo,cls,100,csv,2992,3240,7.654321
o200k_base,muestreo,code,100,csv,4959,4646,-6.736978
o200k_base,muestreo,log,100,csv,4191,4018,-4.305625
o200k_base,muestreo,map,100,csv,1883,1757,-7.171315
o200k_base,muestreo,ner,100,csv,1684,1646,-2.308627
o200k_base,muestreo,q,100,csv,9220,9308,0.945423
o200k_base,muestreo,r,100,csv,2937,2915,-0.754717
o200k_base,muestreo,s,100,csv,2427,2193,-10.670315
o200k_base,muestreo,sum,100,csv,4686,4574,-2.448623
o200k_base,muestreo,tc,100,csv,3957,3818,-3.64065
o200k_base,muestreo,us,100,csv,3651,3553,-2.758232
o200k_base,muestreo,a,100,toon,6334,12066,47.505387
o200k_base,muestreo,card,100,toon,4168,6934,39.890395
o200k_base,muestreo,cat,100,toon,3015,5958,49.39577
o200k_base,muestreo,cls,100,toon,2992,5883,49.141594
o200k_base,muestreo,code,100,toon,4959,7742,35.946784
o200k_base,muestreo,log,100,toon,4191,7353,43.002856
o200k_base,muestreo,map,100,toon,1883,1834,-2.671756
o200k_base,muestreo,ner,100,toon,1684,1783,5.55244
o200k_base,muestreo,q,100,toon,9220,15891,41.979737
o200k_base,muestreo,r,100,toon,2937,5097,42.377869
o200k_base,muestreo,s,100,toon,2427,4542,46.56539
o200k_base,muestreo,sum,100,toon,4686,7491,37.444934
o200k_base,muestreo,tc,100,toon,3957,7056,43.920068
o200k_base,muestreo,us,100,toon,3651,6433,43.245764
o200k_base,muestreo,a,100,toon_flat,6334,6623,4.363581
o200k_base,muestreo,card,100,toon_flat,4168,4179,0.263221
o200k_base,muestreo,cat,100,toon_flat,3015,3083,2.205644
o200k_base,muestreo,cls,100,toon_flat,2992,3434,12.871287
o200k_base,muestreo,code,100,toon_flat,4959,4792,-3.484975
o200k_base,muestreo,log,100,toon_flat,4191,4413,5.030591
o200k_base,muestreo,map,100,toon_flat,1883,1834,-2.671756
o200k_base,muestreo,ner,100,toon_flat,1684,1783,5.55244
o200k_base,muestreo,q,100,toon_flat,9220,9523,3.18177
o200k_base,muestreo,r,100,toon_flat,2937,3056,3.893979
o200k_base,muestreo,s,100,toon_flat,2427,2328,-4.252577
o200k_base,muestreo,sum,100,toon_flat,4686,4715,0.615058
o200k_base,muestreo,tc,100,toon_flat,3957,3956,-0.025278
o200k_base,muestreo,us,100,toon_flat,3651,3686,0.949539
o200k_base,muestreo,a,250,json_pretty,15721,40787,61.455856
o200k_base,muestreo,card,250,json_pretty,10337,22963,54.984105
o200k_base,muestreo,cat,250,json_pretty,7525,20465,63.229905
o200k_base,muestreo,cls,250,json_pretty,7468,21953,65.98187
o200k_base,muestreo,code,250,json_pretty,12306,25814,52.328194
o200k_base,muestreo,log,250,json_pretty,10442,22964,54.528828
o200k_base,muestreo,map,250,json_pretty,4674,12218,61.744966
o200k_base,muestreo,ner,250,json_pretty,4172,12696,67.139256
o200k_base,muestreo,q,250,json_pretty,22952,51768,55.66373
o200k_base,muestreo,r,250,json_pretty,7326,18810,61.052632
o200k_base,muestreo,s,250,json_pretty,6025,15986,62.310772
o200k_base,muestreo,sum,250,json_pretty,11664,23981,51.361495
o200k_base,muestreo,tc,250,json_pretty,9838,24029,59.057805
o200k_base,muestreo,us,250,json_pretty,9089,22365,59.360608
o200k_base,muestreo,a,250,json_compact,15721,25723,38.883489
o200k_base,muestreo,card,250,json_compact,10337,15069,31.402216
o200k_base,muestreo,cat,250,json_compact,7525,12217,38.405501
o200k_base,muestreo,cls,250,json_compact,7468,12243,39.001879
o200k_base,muestreo,code,250,json_compact,12306,17110,28.077148
o200k_base,muestreo,log,250,json_compact,10442,15196,31.284549
o200k_base,muestreo,map,250,json_compact,4674,7469,37.421342
o200k_base,muestreo,ner,250,json_compact,4172,7176,41.861761
o200k_base,muestreo,q,250,json_compact,22952,34477,33.428082
o200k_base,muestreo,r,250,json_compact,7326,11037,33.623267
o200k_base,muestreo,s,250,json_compact,6025,9465,36.344427
o200k_base,muestreo,sum,250,json_compact,11664,16249,28.217121
o200k_base,muestreo,tc,250,json_compact,9838,15114,34.908032
o200k_base,muestreo,us,250,json_compact,9089,14095,35.51614
o200k_base,muestreo,a,250,yaml,15721,31174,49.570155
o200k_base,muestreo,card,250,yaml,10337,17131,39.659098
o200k_base,muestreo,cat,250,yaml,7525,15470,51.357466
o200k_base,muestreo,cls,250,yaml,7468,17186,56.546026
o200k_base,muestreo,code,250,yaml,12306,19235,36.022875
o200k_base,muestreo,log,250,yaml,10442,17966,41.879105
o200k_base,muestreo,map,250,yaml,4674,8302,43.700313
o200k_base,muestreo,ner,250,yaml,4172,9345,55.355805
o200k_base,muestreo,q,250,yaml,22952,40670,43.565282
o200k_base,muestreo,r,250,yaml,7326,13750,46.72
o200k_base,muestreo,s,250,yaml,6025,11552,47.844529
o200k_base,muestreo,sum,250,yaml,11664,18985,38.562023
o200k_base,muestreo,tc,250,yaml,9838,18011,45.377825
o200k_base,muestreo,us,250,yaml,9089,16201,43.898525
o200k_base,muestreo,a,250,xml,15721,36601,57.047622
o200k_base,muestreo,card,250,xml,10337,25355,59.230921
o200k_base,muestreo,cat,250,xml,7525,23341,67.760593
o200k_base,muestreo,cls,250,xml,7468,23448,68.150802
o200k_base,muestreo,code,250,xml,12306,29440,58.199728
o200k_base,muestreo,log,250,xml,10442,25153,58.486065
o200k_base,muestreo,map,250,xml,4674,14277,67.26203
o200k_base,muestreo,ner,250,xml,4172,14881,71.96425
o200k_base,muestreo,q,250,xml,22952,48271,52.451783
o200k_base,muestreo,r,250,xml,7326,23013,68.165819
o200k_base,muestreo,s,250,xml,6025,18775,67.909454
o200k_base,muestreo,sum,250,xml,11664,27601,57.740662
o200k_base,muestreo,tc,250,xml,9838,28296,65.231835
o200k_base,muestreo,us,250,xml,9089,26445,65.630554
o200k_base,muestreo,a,250,csv,15721,15937,1.355337
o200k_base,muestreo,card,250,csv,10337,9969,-3.691443
o200k_base,muestreo,cat,250,csv,7525,7372,-2.075421
o200k_base,muestreo,cls,250,csv,7468,8079,7.562817
o200k_base,muestreo,code,250,csv,12306,11535,-6.684005
o200k_base,muestreo,log,250,csv,10442,10018,-4.232382
o200k_base,muestreo,map,250,csv,4674,4384,-6.614964
o200k_base,muestreo,ner,250,csv,4172,4109,-1.53322
o200k_base,muestreo,q,250,csv,22952,23193,1.039107
o200k_base,muestreo,r,250,csv,7326,7279,-0.645693
o200k_base,muestreo,s,250,csv,6025,5454,-10.46938
o200k_base,muestreo,sum,250,csv,11664,11413,-2.199246
o200k_base,muestreo,tc,250,csv,9838,9512,-3.42725
o200k_base,muestreo,us,250,csv,9089,8854,-2.654168
o200k_base,muestreo,a,250,toon,15721,29990,47.579193
o200k_base,muestreo,card,250,toon,10337,17259,40.106611
o200k_base,muestreo,cat,250,toon,7525,14884,49.442354
o200k_base,muestreo,cls,250,toon,7468,14685,49.145386
o200k_base,muestreo,code,250,toon,12306,19255,36.089327
o200k_base,muestreo,log,250,toon,10442,18341,43.067445
o200k_base,muestreo,map,250,toon,4674,4523,-3.338492
o200k_base,muestreo,ner,250,toon,4172,4396,5.095541
o200k_base,muestreo,q,250,toon,22952,39576,42.005256
o200k_base,muestreo,r,250,toon,7326,12711,42.364881
o200k_base,muestreo,s,250,toon,6025,11303,46.695568
o200k_base,muestreo,sum,250,toon,11664,18672,37.532134
o200k_base,muestreo,tc,250,toon,9838,17576,44.025944
o200k_base,muestreo,us,250,toon,9089,16035,43.317742
o200k_base,muestreo,a,250,toon_flat,15721,16312,3.6231
o200k_base,muestreo,card,250,toon_flat,10337,10337,0.0
o200k_base,muestreo,cat,250,toon_flat,7525,7669,1.877689
o200k_base,muestreo,cls,250,toon_flat,7468,8510,12.244418
o200k_base,muestreo,code,250,toon_flat,12306,11857,-3.786793
o200k_base,muestreo,log,250,toon_flat,10442,10963,4.752349
o200k_base,muestreo,map,250,toon_flat,4674,4523,-3.338492
o200k_base,muestreo,ner,250,toon_flat,4172,4396,5.095541
o200k_base,muestreo,q,250,toon_flat,22952,23569,2.617845
o200k_base,muestreo,r,250,toon_flat,7326,7570,3.22325
o200k_base,muestreo,s,250,toon_flat,6025,5739,-4.983447
o200k_base,muestreo,sum,250,toon_flat,11664,11704,0.341763
o200k_base,muestreo,tc,250,toon_flat,9838,9800,-0.387755
o200k_base,muestreo,us,250,toon_flat,9089,9137,0.525337
o200k_base,ciclo,a,1,json_pretty,118,304,61.184211
o200k_base,ciclo,card,1,json_pretty,78,152,48.684211
o200k_base,ciclo,cat,1,json_pretty,51,121,57.85124
o200k_base,ciclo,cls,1,json_pretty,65,149,56.375839
o200k_base,ciclo,code,1,json_pretty,83,162,48.765432
o200k_base,ciclo,log,1,json_pretty,60,130,53.846154
o200k_base,ciclo,map,1,json_pretty,45,98,54.081633
o200k_base,ciclo,ner,1,json_pretty,44,102,56.862745
o200k_base,ciclo,q,1,json_pretty,156,357,56.302521
o200k_base,ciclo,r,1,json_pretty,66,138,52.173913
o200k_base,ciclo,s,1,json_pretty,51,115,55.652174
o200k_base,ciclo,sum,1,json_pretty,85,162,47.530864
o200k_base,ciclo,tc,1,json_pretty,73,157,53.503185
o200k_base,ciclo,us,1,json_pretty,66,145,54.482759
o200k_base,ciclo,a,1,json_compact,118,182,35.164835
o200k_base,ciclo,card,1,json_compact,78,100,22.0
o200k_base,ciclo,cat,1,json_compact,51,71,28.169014
o200k_base,ciclo,cls,1,json_compact,65,88,26.136364
o200k_base,ciclo,code,1,json_compact,83,107,22.429907
o200k_base,ciclo,log,1,json_compact,60,82,26.829268
o200k_base,ciclo,map,1,json_compact,45,59,23.728814
o200k_base,ciclo,ner,1,json_compact,44,60,26.666667
o200k_base,ciclo,q,1,json_compact,156,227,31.277533
o200k_base,ciclo,r,1,json_compact,66,84,21.428571
o200k_base,ciclo,s,1,json_compact,51,68,25.0
o200k_base,ciclo,sum,1,json_compact,85,106,19.811321
o200k_base,ciclo,tc,1,json_compact,73,100,27.0
o200k_base,ciclo,us,1,json_compact,66,92,28.26087
o200k_base,ciclo,a,1,yaml,118,237,50.21097
o200k_base,ciclo,card,1,yaml,78,108,27.777778
o200k_base,ciclo,cat,1,yaml,51,83,38.554217
o200k_base,ciclo,cls,1,yaml,65,112,41.964286
o200k_base,ciclo,code,1,yaml,83,119,30.252101
o200k_base,ciclo,log,1,yaml,60,92,34.782609
o200k_base,ciclo,map,1,yaml,45,62,27.419355
o200k_base,ciclo,ner,1,yaml,44,70,37.142857
o200k_base,ciclo,q,1,yaml,156,284,45.070423
o200k_base,ciclo,r,1,yaml,66,98,32.653061
o200k_base,ciclo,s,1,yaml,51,79,35.443038
o200k_base,ciclo,sum,1,yaml,85,121,29.752066
o200k_base,ciclo,tc,1,yaml,73,114,35.964912
o200k_base,ciclo,us,1,yaml,66,101,34.653465
o200k_base,ciclo,a,1,xml,118,247,52.226721
o200k_base,ciclo,card,1,xml,78,143,45.454545
o200k_base,ciclo,cat,1,xml,51,115,55.652174
o200k_base,ciclo,cls,1,xml,65,136,52.205882
o200k_base,ciclo,code,1,xml,83,158,47.468354
o200k_base,ciclo,log,1,xml,60,123,51.219512
o200k_base,ciclo,map,1,xml,45,84,46.428571
o200k_base,ciclo,ner,1,xml,44,88,50.0
o200k_base,ciclo,q,1,xml,156,304,48.684211
o200k_base,ciclo,r,1,xml,66,129,48.837209
o200k_base,ciclo,s,1,xml,51,102,50.0
o200k_base,ciclo,sum,1,xml,85,152,44.078947
o200k_base,ciclo,tc,1,xml,73,152,51.973684
o200k_base,ciclo,us,1,xml,66,137,51.824818
o200k_base,ciclo,a,1,csv,118,106,-11.320755
o200k_base,ciclo,card,1,csv,78,64,-21.875
o200k_base,ciclo,cat,1,csv,51,44,-15.909091
o200k_base,ciclo,cls,1,csv,65,75,13.333333
o200k_base,ciclo,code,1,csv,83,74,-12.162162
o200k_base,ciclo,log,1,csv,60,50,-20.0
o200k_base,ciclo,map,1,csv,45,25,-80.0
o200k_base,ciclo,ner,1,csv,44,23,-91.304348
o200k_base,ciclo,q,1,csv,156,148,-5.405405
o200k_base,ciclo,r,1,csv,66,61,-8.196721
o200k_base,ciclo,s,1,csv,51,40,-27.5
o200k_base,ciclo,sum,1,csv,85,63,-34.920635
o200k_base,ciclo,tc,1,csv,73,60,-21.666667
o200k_base,ciclo,us,1,csv,66,59,-11.864407
o200k_base,ciclo,a,1,toon,118,217,45.62212
o200k_base,ciclo,card,1,toon,78,110,29.090909
o200k_base,ciclo,cat,1,toon,51,83,38.554217
o200k_base,ciclo,cls,1,toon,65,102,36.27451
o200k_base,ciclo,code,1,toon,83,118,29.661017
o200k_base,ciclo,log,1,toon,60,95,36.842105
o200k_base,ciclo,map,1,toon,45,59,23.728814
o200k_base,ciclo,ner,1,toon,44,61,27.868852
o200k_base,ciclo,q,1,toon,156,265,41.132075
o200k_base,ciclo,r,1,toon,66,95,30.526316
o200k_base,ciclo,s,1,toon,51,79,35.443038
o200k_base,ciclo,sum,1,toon,85,118,27.966102
o200k_base,ciclo,tc,1,toon,73,112,34.821429
o200k_base,ciclo,us,1,toon,66,101,34.653465
o200k_base,ciclo,a,1,toon_flat,118,211,44.075829
o200k_base,ciclo,card,1,toon_flat,78,99,21.212121
o200k_base,ciclo,cat,1,toon_flat,51,71,28.169014
o200k_base,ciclo,cls,1,toon_flat,65,111,41.441441
o200k_base,ciclo,code,1,toon_flat,83,105,20.952381
o200k_base,ciclo,log,1,toon_flat,60,83,27.710843
o200k_base,ciclo,map,1,toon_flat,45,59,23.728814
o200k_base,ciclo,ner,1,toon_flat,44,61,27.868852
o200k_base,ciclo,q,1,toon_flat,156,255,38.823529
o200k_base,ciclo,r,1,toon_flat,66,103,35.92233
o200k_base,ciclo,s,1,toon_flat,51,76,32.894737
o200k_base,ciclo,sum,1,toon_flat,85,105,19.047619
o200k_base,ciclo,tc,1,toon_flat,73,99,26.262626
o200k_base,ciclo,us,1,toon_flat,66,93,29.032258
o200k_base,ciclo,a,5,json_pretty,376,962,60.914761
o200k_base,ciclo,card,5,json_pretty,248,523,52.581262
o200k_base,ciclo,cat,5,json_pretty,168,442,61.99095
o200k_base,ciclo,cls,5,json_pretty,181,489,62.985685
o200k_base,ciclo,code,5,json_pretty,254,551,53.901996
o200k_base,ciclo,log,5,json_pretty,234,508,53.937008
o200k_base,ciclo,map,5,json_pretty,125,298,58.053691
o200k_base,ciclo,ner,5,json_pretty,109,303,64.026403
o200k_base,ciclo,q,5,json_pretty,541,1202,54.991681
o200k_base,ciclo,r,5,json_pretty,185,443,58.239278
o200k_base,ciclo,s,5,json_pretty,152,376,59.574468
o200k_base,ciclo,sum,5,json_pretty,279,555,49.72973
o200k_base,ciclo,tc,5,json_pretty,237,551,56.987296
o200k_base,ciclo,us,5,json_pretty,217,508,57.283465
o200k_base,ciclo,a,5,json_compact,376,600,37.333333
o200k_base,ciclo,card,5,json_compact,248,347,28.530259
o200k_base,ciclo,cat,5,json_compact,168,260,35.384615
o200k_base,ciclo,cls,5,json_compact,181,278,34.892086
o200k_base,ciclo,code,5,json_compact,254,359,29.247911
o200k_base,ciclo,log,5,json_compact,234,333,29.72973
o200k_base,ciclo,map,5,json_compact,125,183,31.693989
o200k_base,ciclo,ner,5,json_compact,109,173,36.99422
o200k_base,ciclo,q,5,json_compact,541,796,32.035176
o200k_base,ciclo,r,5,json_compact,185,265,30.188679
o200k_base,ciclo,s,5,json_compact,152,225,32.444444
o200k_base,ciclo,sum,5,json_compact,279,373,25.201072
o200k_base,ciclo,tc,5,json_compact,237,348,31.896552
o200k_base,ciclo,us,5,json_compact,217,323,32.817337
o200k_base,ciclo,a,5,yaml,376,745,49.530201
o200k_base,ciclo,card,5,yaml,248,384,35.416667
o200k_base,ciclo,cat,5,yaml,168,326,48.466258
o200k_base,ciclo,cls,5,yaml,181,375,51.733333
o200k_base,ciclo,code,5,yaml,254,402,36.81592
o200k_base,ciclo,log,5,yaml,234,389,39.845758
o200k_base,ciclo,map,5,yaml,125,200,37.5
o200k_base,ciclo,ner,5,yaml,109,219,50.228311
o200k_base,ciclo,q,5,yaml,541,956,43.410042
o200k_base,ciclo,r,5,yaml,185,323,42.724458
o200k_base,ciclo,s,5,yaml,152,269,43.494424
o200k_base,ciclo,sum,5,yaml,279,434,35.714286
o200k_base,ciclo,tc,5,yaml,237,411,42.335766
o200k_base,ciclo,us,5,yaml,217,366,40.710383
o200k_base,ciclo,a,5,xml,376,839,55.184744
o200k_base,ciclo,card,5,xml,248,546,54.578755
o200k_base,ciclo,cat,5,xml,168,488,65.57377
o200k_base,ciclo,cls,5,xml,181,497,63.581489
o200k_base,ciclo,code,5,xml,254,602,57.807309
o200k_base,ciclo,log,5,xml,234,530,55.849057
o200k_base,ciclo,map,5,xml,125,320,60.9375
o200k_base,ciclo,ner,5,xml,109,324,66.358025
o200k_base,ciclo,q,5,xml,541,1093,50.503202
o200k_base,ciclo,r,5,xml,185,502,63.14741
o200k_base,ciclo,s,5,xml,152,409,62.836186
o200k_base,ciclo,sum,5,xml,279,606,53.960396
o200k_base,ciclo,tc,5,xml,237,615,61.463415
o200k_base,ciclo,us,5,xml,217,566,61.660777
o200k_base,ciclo,a,5,csv,376,368,-2.173913
o200k_base,ciclo,card,5,csv,248,227,-9.251101
o200k_base,ciclo,cat,5,csv,168,160,-5.0
o200k_base,ciclo,cls,5,csv,181,197,8.121827
o200k_base,ciclo,code,5,csv,254,235,-8.085106
o200k_base,ciclo,log,5,csv,234,217,-7.834101
o200k_base,ciclo,map,5,csv,125,100,-25.0
o200k_base,ciclo,ner,5,csv,109,87,-25.287356
o200k_base,ciclo,q,5,csv,541,537,-0.744879
o200k_base,ciclo,r,5,csv,185,179,-3.351955
o200k_base,ciclo,s,5,csv,152,131,-16.030534
o200k_base,ciclo,sum,5,csv,279,254,-9.84252
o200k_base,ciclo,tc,5,csv,237,220,-7.727273
o200k_base,ciclo,us,5,csv,217,206,-5.339806
o200k_base,ciclo,a,5,toon,376,702,46.438746
o200k_base,ciclo,card,5,toon,248,389,36.246787
o200k_base,ciclo,cat,5,toon,168,318,47.169811
o200k_base,ciclo,cls,5,toon,181,330,45.151515
o200k_base,ciclo,code,5,toon,254,400,36.5
o200k_base,ciclo,log,5,toon,234,394,40.609137
o200k_base,ciclo,map,5,toon,125,135,7.407407
o200k_base,ciclo,ner,5,toon,109,129,15.503876
o200k_base,ciclo,q,5,toon,541,914,40.809628
o200k_base,ciclo,r,5,toon,185,303,38.943894
o200k_base,ciclo,s,5,toon,152,265,42.641509
o200k_base,ciclo,sum,5,toon,279,424,34.198113
o200k_base,ciclo,tc,5,toon,237,399,40.601504
o200k_base,ciclo,us,5,toon,217,362,40.055249
o200k_base,ciclo,a,5,toon_flat,376,478,21.338912
o200k_base,ciclo,card,5,toon_flat,248,267,7.116105
o200k_base,ciclo,cat,5,toon_flat,168,191,12.041885
o200k_base,ciclo,cls,5,toon_flat,181,239,24.267782
o200k_base,ciclo,code,5,toon_flat,254,271,6.273063
o200k_base,ciclo,log,5,toon_flat,234,264,11.363636
o200k_base,ciclo,map,5,toon_flat,125,135,7.407407
o200k_base,ciclo,ner,5,toon_flat,109,129,15.503876
o200k_base,ciclo,q,5,toon_flat,541,649,16.640986
o200k_base,ciclo,r,5,toon_flat,185,225,17.777778
o200k_base,ciclo,s,5,toon_flat,152,171,11.111111
o200k_base,ciclo,sum,5,toon_flat,279,300,7.0
o200k_base,ciclo,tc,5,toon_flat,237,263,9.885932
o200k_base,ciclo,us,5,toon_flat,217,244,11.065574
o200k_base,ciclo,a,10,json_pretty,688,1771,61.151892
o200k_base,ciclo,card,10,json_pretty,447,973,54.059609
o200k_base,ciclo,cat,10,json_pretty,319,855,62.690058
o200k_base,ciclo,cls,10,json_pretty,325,926,64.902808
o200k_base,ciclo,code,10,json_pretty,524,1081,51.526364
o200k_base,ciclo,log,10,json_pretty,441,962,54.158004
o200k_base,ciclo,map,10,json_pretty,220,543,59.484346
o200k_base,ciclo,ner,10,json_pretty,190,554,65.703971
o200k_base,ciclo,q,10,json_pretty,986,2219,55.56557
o200k_base,ciclo,r,10,json_pretty,327,814,59.82801
o200k_base,ciclo,s,10,json_pretty,264,685,61.459854
o200k_base,ciclo,sum,10,json_pretty,512,1034,50.483559
o200k_base,ciclo,tc,10,json_pretty,428,1021,58.080313
o200k_base,ciclo,us,10,json_pretty,395,951,58.464774
o200k_base,ciclo,a,10,json_compact,688,1109,37.962128
o200k_base,ciclo,card,10,json_compact,447,640,30.15625
o200k_base,ciclo,cat,10,json_compact,319,508,37.204724
o200k_base,ciclo,cls,10,json_compact,325,518,37.258687
o200k_base,ciclo,code,10,json_compact,524,719,27.121001
o200k_base,ciclo,log,10,json_compact,441,633,30.331754
o200k_base,ciclo,map,10,json_compact,220,333,33.933934
o200k_base,ciclo,ner,10,json_compact,190,314,39.490446
o200k_base,ciclo,q,10,json_compact,986,1469,32.87951
o200k_base,ciclo,r,10,json_compact,327,481,32.016632
o200k_base,ciclo,s,10,json_compact,264,404,34.653465
o200k_base,ciclo,sum,10,json_compact,512,698,26.647564
o200k_base,ciclo,tc,10,json_compact,428,644,33.540373
o200k_base,ciclo,us,10,json_compact,395,601,34.276206
o200k_base,ciclo,a,10,yaml,688,1358,49.337261
o200k_base,ciclo,card,10,yaml,447,722,38.088643
o200k_base,ciclo,cat,10,yaml,319,638,50.0
o200k_base,ciclo,cls,10,yaml,325,718,54.735376
o200k_base,ciclo,code,10,yaml,524,801,34.581773
o200k_base,ciclo,log,10,yaml,441,745,40.805369
o200k_base,ciclo,map,10,yaml,220,365,39.726027
o200k_base,ciclo,ner,10,yaml,190,404,52.970297
o200k_base,ciclo,q,10,yaml,986,1747,43.560389
o200k_base,ciclo,r,10,yaml,327,592,44.763514
o200k_base,ciclo,s,10,yaml,264,491,46.232179
o200k_base,ciclo,sum,10,yaml,512,813,37.02337
o200k_base,ciclo,tc,10,yaml,428,761,43.758213
o200k_base,ciclo,us,10,yaml,395,685,42.335766
o200k_base,ciclo,a,10,xml,688,1567,56.094448
o200k_base,ciclo,card,10,xml,447,1047,57.30659
o200k_base,ciclo,cat,10,xml,319,957,66.666667
o200k_base,ciclo,cls,10,xml,325,962,66.216216
o200k_base,ciclo,code,10,xml,524,1203,56.442228
o200k_base,ciclo,log,10,xml,441,1040,57.596154
o200k_base,ciclo,map,10,xml,220,610,63.934426
o200k_base,ciclo,ner,10,xml,190,619,69.305331
o200k_base,ciclo,q,10,xml,986,2044,51.761252
o200k_base,ciclo,r,10,xml,327,958,65.866388
o200k_base,ciclo,s,10,xml,264,774,65.891473
o200k_base,ciclo,sum,10,xml,512,1158,55.785838
o200k_base,ciclo,tc,10,xml,428,1170,63.418803
o200k_base,ciclo,us,10,xml,395,1091,63.794684
o200k_base,ciclo,a,10,csv,688,682,-0.879765
o200k_base,ciclo,card,10,csv,447,421,-6.175772
o200k_base,ciclo,cat,10,csv,319,308,-3.571429
o200k_base,ciclo,cls,10,csv,325,355,8.450704
o200k_base,ciclo,code,10,csv,524,485,-8.041237
o200k_base,ciclo,log,10,csv,441,417,-5.755396
o200k_base,ciclo,map,10,csv,220,189,-16.402116
o200k_base,ciclo,ner,10,csv,190,167,-13.772455
o200k_base,ciclo,q,10,csv,986,985,-0.101523
o200k_base,ciclo,r,10,csv,327,321,-1.869159
o200k_base,ciclo,s,10,csv,264,234,-12.820513
o200k_base,ciclo,sum,10,csv,512,483,-6.004141
o200k_base,ciclo,tc,10,csv,428,404,-5.940594
o200k_base,ciclo,us,10,csv,395,379,-4.221636
o200k_base,ciclo,a,10,toon,688,1294,46.83153
o200k_base,ciclo,card,10,toon,447,726,38.429752
o200k_base,ciclo,cat,10,toon,319,617,48.298217
o200k_base,ciclo,cls,10,toon,325,620,47.580645
o200k_base,ciclo,code,10,toon,524,804,34.825871
o200k_base,ciclo,log,10,toon,441,760,41.973684
o200k_base,ciclo,map,10,toon,220,226,2.654867
o200k_base,ciclo,ner,10,toon,190,214,11.214953
o200k_base,ciclo,q,10,toon,986,1685,41.48368
o200k_base,ciclo,r,10,toon,327,550,40.545455
o200k_base,ciclo,s,10,toon,264,482,45.228216
o200k_base,ciclo,sum,10,toon,512,798,35.839599
o200k_base,ciclo,tc,10,toon,428,744,42.473118
o200k_base,ciclo,us,10,toon,395,679,41.826215
o200k_base,ciclo,a,10,toon_flat,688,797,13.676286
o200k_base,ciclo,card,10,toon_flat,447,468,4.487179
o200k_base,ciclo,cat,10,toon_flat,319,344,7.267442
o200k_base,ciclo,cls,10,toon_flat,325,405,19.753086
o200k_base,ciclo,code,10,toon_flat,524,527,0.56926
o200k_base,ciclo,log,10,toon_flat,441,482,8.506224
o200k_base,ciclo,map,10,toon_flat,220,226,2.654867
o200k_base,ciclo,ner,10,toon_flat,190,214,11.214953
o200k_base,ciclo,q,10,toon_flat,986,1102,10.526316
o200k_base,ciclo,r,10,toon_flat,327,372,12.096774
o200k_base,ciclo,s,10,toon_flat,264,279,5.376344
o200k_base,ciclo,sum,10,toon_flat,512,534,4.11985
o200k_base,ciclo,tc,10,toon_flat,428,452,5.309735
o200k_base,ciclo,us,10,toon_flat,395,422,6.398104
o200k_base,ciclo,a,25,json_pretty,1622,4206,61.436044
o200k_base,ciclo,card,25,json_pretty,1068,2352,54.591837
o200k_base,ciclo,cat,25,json_pretty,771,2081,62.950505
o200k_base,ciclo,cls,25,json_pretty,779,2251,65.393159
o200k_base,ciclo,code,25,json_pretty,1265,2638,52.047005
o200k_base,ciclo,log,25,json_pretty,1060,2330,54.506438
o200k_base,ciclo,map,25,json_pretty,491,1266,61.21643
o200k_base,ciclo,ner,25,json_pretty,442,1316,66.413374
o200k_base,ciclo,q,25,json_pretty,2354,5313,55.693582
o200k_base,ciclo,r,25,json_pretty,766,1938,60.474716
o200k_base,ciclo,s,25,json_pretty,627,1645,61.884498
o200k_base,ciclo,sum,25,json_pretty,1201,2458,51.139138
o200k_base,ciclo,tc,25,json_pretty,1015,2459,58.723058
o200k_base,ciclo,us,25,json_pretty,936,2287,59.073021
o200k_base,ciclo,a,25,json_compact,1622,2644,38.653555
o200k_base,ciclo,card,25,json_compact,1068,1544,30.829016
o200k_base,ciclo,cat,25,json_compact,771,1241,37.872683
o200k_base,ciclo,cls,25,json_compact,779,1260,38.174603
o200k_base,ciclo,code,25,json_compact,1265,1749,27.672956
o200k_base,ciclo,log,25,json_compact,1060,1538,31.079324
o200k_base,ciclo,map,25,json_compact,491,773,36.481242
o200k_base,ciclo,ner,25,json_compact,442,746,40.75067
o200k_base,ciclo,q,25,json_compact,2354,3529,33.295551
o200k_base,ciclo,r,25,json_compact,766,1140,32.807018
o200k_base,ciclo,s,25,json_compact,627,974,35.626283
o200k_base,ciclo,sum,25,json_compact,1201,1662,27.737665
o200k_base,ciclo,tc,25,json_compact,1015,1548,34.431525
o200k_base,ciclo,us,25,json_compact,936,1442,35.090153
o200k_base,ciclo,a,25,yaml,1622,3219,49.611681
o200k_base,ciclo,card,25,yaml,1068,1750,38.971429
o200k_base,ciclo,cat,25,yaml,771,1565,50.734824
o200k_base,ciclo,cls,25,yaml,779,1758,55.688282
o200k_base,ciclo,code,25,yaml,1265,1965,35.62341
o200k_base,ciclo,log,25,yaml,1060,1814,41.565601
o200k_base,ciclo,map,25,yaml,491,856,42.640187
o200k_base,ciclo,ner,25,yaml,442,964,54.149378
o200k_base,ciclo,q,25,yaml,2354,4178,43.657252
o200k_base,ciclo,r,25,yaml,766,1414,45.82744
o200k_base,ciclo,s,25,yaml,627,1185,47.088608
o200k_base,ciclo,sum,25,yaml,1201,1939,38.060856
o200k_base,ciclo,tc,25,yaml,1015,1840,44.836957
o200k_base,ciclo,us,25,yaml,936,1653,43.375681
o200k_base,ciclo,a,25,xml,1622,3751,56.758198
o200k_base,ciclo,card,25,xml,1068,2575,58.524272
o200k_base,ciclo,cat,25,xml,771,2353,67.233319
o200k_base,ciclo,cls,25,xml,779,2384,67.323826
o200k_base,ciclo,code,25,xml,1265,2984,57.607239
o200k_base,ciclo,log,25,xml,1060,2535,58.185404
o200k_base,ciclo,map,25,xml,491,1452,66.184573
o200k_base,ciclo,ner,25,xml,442,1514,70.805812
o200k_base,ciclo,q,25,xml,2354,4928,52.232143
o200k_base,ciclo,r,25,xml,766,2335,67.194861
o200k_base,ciclo,s,25,xml,627,1902,67.0347
o200k_base,ciclo,sum,25,xml,1201,2798,57.076483
o200k_base,ciclo,tc,25,xml,1015,2866,64.584787
o200k_base,ciclo,us,25,xml,936,2673,64.983165
o200k_base,ciclo,a,25,csv,1622,1632,0.612745
o200k_base,ciclo,card,25,csv,1068,1020,-4.705882
o200k_base,ciclo,cat,25,csv,771,750,-2.8
o200k_base,ciclo,cls,25,csv,779,847,8.028335
o200k_base,ciclo,code,25,csv,1265,1182,-7.021997
o200k_base,ciclo,log,25,csv,1060,1010,-4.950495
o200k_base,ciclo,map,25,csv,491,445,-10.337079
o200k_base,ciclo,ner,25,csv,442,417,-5.995204
o200k_base,ciclo,q,25,csv,2354,2370,0.675105
o200k_base,ciclo,r,25,csv,766,757,-1.188904
o200k_base,ciclo,s,25,csv,627,562,-11.565836
o200k_base,ciclo,sum,25,csv,1201,1157,-3.802939
o200k_base,ciclo,tc,25,csv,1015,972,-4.423868
o200k_base,ciclo,us,25,csv,936,907,-3.197354
o200k_base,ciclo,a,25,toon,1622,3087,47.457078
o200k_base,ciclo,card,25,toon,1068,1764,39.455782
o200k_base,ciclo,cat,25,toon,771,1509,48.906561
o200k_base,ciclo,cls,25,toon,779,1508,48.342175
o200k_base,ciclo,code,25,toon,1265,1966,35.656155
o200k_base,ciclo,log,25,toon,1060,1853,42.795467
o200k_base,ciclo,map,25,toon,491,489,-0.408998
o200k_base,ciclo,ner,25,toon,442,479,7.724426
o200k_base,ciclo,q,25,toon,2354,4055,41.948212
o200k_base,ciclo,r,25,toon,766,1311,41.57132
o200k_base,ciclo,s,25,toon,627,1161,45.994832
o200k_base,ciclo,sum,25,toon,1201,1906,36.988458
o200k_base,ciclo,tc,25,toon,1015,1796,43.485523
o200k_base,ciclo,us,25,toon,936,1637,42.822236
o200k_base,ciclo,a,25,toon_flat,1622,1763,7.997731
o200k_base,ciclo,card,25,toon_flat,1068,1087,1.74793
o200k_base,ciclo,cat,25,toon_flat,771,803,3.985056
o200k_base,ciclo,cls,25,toon_flat,779,921,15.418024
o200k_base,ciclo,code,25,toon_flat,1265,1241,-1.933924
o200k_base,ciclo,log,25,toon_flat,1060,1131,6.27763
o200k_base,ciclo,map,25,toon_flat,491,489,-0.408998
o200k_base,ciclo,ner,25,toon_flat,442,479,7.724426
o200k_base,ciclo,q,25,toon_flat,2354,2503,5.952857
o200k_base,ciclo,r,25,toon_flat,766,823,6.925881
o200k_base,ciclo,s,25,toon_flat,627,622,-0.803859
o200k_base,ciclo,sum,25,toon_flat,1201,1223,1.798855
o200k_base,ciclo,tc,25,toon_flat,1015,1035,1.932367
o200k_base,ciclo,us,25,toon_flat,936,965,3.005181
o200k_base,ciclo,a,50,json_pretty,3184,8266,61.480765
o200k_base,ciclo,card,50,json_pretty,2104,4649,54.742955
o200k_base,ciclo,cat,50,json_pretty,1526,4126,63.015027
o200k_base,ciclo,cls,50,json_pretty,1523,4438,65.68274
o200k_base,ciclo,code,50,json_pretty,2491,5215,52.233941
o200k_base,ciclo,log,50,json_pretty,2105,4626,54.496325
o200k_base,ciclo,map,50,json_pretty,956,2483,61.498188
o200k_base,ciclo,ner,50,json_pretty,856,2580,66.821705
o200k_base,ciclo,q,50,json_pretty,4646,10478,55.659477
o200k_base,ciclo,r,50,json_pretty,1500,3820,60.732984
o200k_base,ciclo,s,50,json_pretty,1227,3239,62.117938
o200k_base,ciclo,sum,50,json_pretty,2371,4858,51.193907
o200k_base,ciclo,tc,50,json_pretty,1999,4861,58.876774
o200k_base,ciclo,us,50,json_pretty,1847,4523,59.164272
o200k_base,ciclo,a,50,json_compact,3184,5205,38.82805
o200k_base,ciclo,card,50,json_compact,2104,3053,31.084179
o200k_base,ciclo,cat,50,json_compact,1526,2463,38.043037
o200k_base,ciclo,cls,50,json_compact,1523,2480,38.58871
o200k_base,ciclo,code,50,json_compact,2491,3456,27.922454
o200k_base,ciclo,log,50,json_compact,2105,3058,31.16416
o200k_base,ciclo,map,50,json_compact,956,1517,36.980883
o200k_base,ciclo,ner,50,json_compact,856,1460,41.369863
o200k_base,ciclo,q,50,json_compact,4646,6972,33.36202
o200k_base,ciclo,r,50,json_compact,1500,2247,33.244326
o200k_base,ciclo,s,50,json_compact,1227,1918,36.027112
o200k_base,ciclo,sum,50,json_compact,2371,3290,27.933131
o200k_base,ciclo,tc,50,json_compact,1999,3059,34.651847
o200k_base,ciclo,us,50,json_compact,1847,2853,35.261129
o200k_base,ciclo,a,50,yaml,3184,6320,49.620253
o200k_base,ciclo,card,50,yaml,2104,3464,39.26097
o200k_base,ciclo,cat,50,yaml,1526,3112,50.96401
o200k_base,ciclo,cls,50,yaml,1523,3470,56.10951
o200k_base,ciclo,code,50,yaml,2491,3884,35.865088
o200k_base,ciclo,log,50,yaml,2105,3612,41.722038
o200k_base,ciclo,map,50,yaml,956,1684,43.230404
o200k_base,ciclo,ner,50,yaml,856,1896,54.852321
o200k_base,ciclo,q,50,yaml,4646,8237,43.595969
o200k_base,ciclo,r,50,yaml,1500,2791,46.255822
o200k_base,ciclo,s,50,yaml,1227,2337,47.496791
o200k_base,ciclo,sum,50,yaml,2371,3841,38.271284
o200k_base,ciclo,tc,50,yaml,1999,3642,45.112576
o200k_base,ciclo,us,50,yaml,1847,3275,43.603053
o200k_base,ciclo,a,50,xml,3184,7397,56.955523
o200k_base,ciclo,card,50,xml,2104,5115,58.86608
o200k_base,ciclo,cat,50,xml,1526,4690,67.462687
o200k_base,ciclo,cls,50,xml,1523,4720,67.733051
o200k_base,ciclo,code,50,xml,2491,5924,57.950709
o200k_base,ciclo,log,50,xml,2105,5049,58.308576
o200k_base,ciclo,map,50,xml,956,2878,66.782488
o200k_base,ciclo,ner,50,xml,856,2999,71.457152
o200k_base,ciclo,q,50,xml,4646,9748,52.338941
o200k_base,ciclo,r,50,xml,1500,4640,67.672414
o200k_base,ciclo,s,50,xml,1227,3778,67.522499
o200k_base,ciclo,sum,50,xml,2371,5564,57.386772
o200k_base,ciclo,tc,50,xml,1999,5697,64.911357
o200k_base,ciclo,us,50,xml,1847,5319,65.275428
o200k_base,ciclo,a,50,csv,3184,3217,1.0258
o200k_base,ciclo,card,50,csv,2104,2020,-4.158416
o200k_base,ciclo,cat,50,csv,1526,1491,-2.347418
o200k_base,ciclo,cls,50,csv,1523,1650,7.69697
o200k_base,ciclo,code,50,csv,2491,2331,-6.864007
o200k_base,ciclo,log,50,csv,2105,2014,-4.518371
o200k_base,ciclo,map,50,csv,956,883,-8.267271
o200k_base,ciclo,ner,50,csv,856,827,-3.506651
o200k_base,ciclo,q,50,csv,4646,4687,0.87476
o200k_base,ciclo,r,50,csv,1500,1487,-0.874243
o200k_base,ciclo,s,50,csv,1227,1106,-10.940325
o200k_base,ciclo,sum,50,csv,2371,2304,-2.907986
o200k_base,ciclo,tc,50,csv,1999,1925,-3.844156
o200k_base,ciclo,us,50,csv,1847,1795,-2.896936
o200k_base,ciclo,a,50,toon,3184,6072,47.562582
o200k_base,ciclo,card,50,toon,2104,3489,39.696188
o200k_base,ciclo,cat,50,toon,1526,2999,49.116372
o200k_base,ciclo,cls,50,toon,1523,2972,48.755047
o200k_base,ciclo,code,50,toon,2491,3886,35.898096
o200k_base,ciclo,log,50,toon,2105,3687,42.907513
o200k_base,ciclo,map,50,toon,956,937,-2.027748
o200k_base,ciclo,ner,50,toon,856,914,6.345733
o200k_base,ciclo,q,50,toon,4646,8006,41.968524
o200k_base,ciclo,r,50,toon,1500,2584,41.950464
o200k_base,ciclo,s,50,toon,1227,2288,46.372378
o200k_base,ciclo,sum,50,toon,2371,3776,37.208686
o200k_base,ciclo,tc,50,toon,1999,3553,43.737686
o200k_base,ciclo,us,50,toon,1847,3242,43.028994
o200k_base,ciclo,a,50,toon_flat,3184,3375,5.659259
o200k_base,ciclo,card,50,toon_flat,2104,2120,0.754717
o200k_base,ciclo,cat,50,toon_flat,1526,1571,2.864418
o200k_base,ciclo,cls,50,toon_flat,1523,1763,13.613159
o200k_base,ciclo,code,50,toon_flat,2491,2419,-2.976437
o200k_base,ciclo,log,50,toon_flat,2105,2226,5.435759
o200k_base,ciclo,map,50,toon_flat,956,937,-2.027748
o200k_base,ciclo,ner,50,toon_flat,856,914,6.345733
o200k_base,ciclo,q,50,toon_flat,4646,4847,4.146895
o200k_base,ciclo,r,50,toon_flat,1500,1578,4.942966
o200k_base,ciclo,s,50,toon_flat,1227,1191,-3.02267
o200k_base,ciclo,sum,50,toon_flat,2371,2395,1.002088
o200k_base,ciclo,tc,50,toon_flat,1999,2013,0.695479
o200k_base,ciclo,us,50,toon_flat,1847,1878,1.650692
o200k_base,ciclo,a,100,json_pretty,6322,16398,61.446518
o200k_base,ciclo,card,100,json_pretty,4165,9231,54.880295
o200k_base,ciclo,cat,100,json_pretty,3022,8208,63.182261
o200k_base,ciclo,cls,100,json_pretty,3012,8815,65.83097
o200k_base,ciclo,code,100,json_pretty,4936,10356,52.33681
o200k_base,ciclo,log,100,json_pretty,4189,9211,54.521767
o200k_base,ciclo,map,100,json_pretty,1889,4920,61.605691
o200k_base,ciclo,ner,100,json_pretty,1684,5108,67.032106
o200k_base,ciclo,q,100,json_pretty,9232,20808,55.632449
o200k_base,ciclo,r,100,json_pretty,2955,7567,60.948857
o200k_base,ciclo,s,100,json_pretty,2430,6430,62.208398
o200k_base,ciclo,sum,100,json_pretty,4691,9637,51.323026
o200k_base,ciclo,tc,100,json_pretty,3956,9652,59.013676
o200k_base,ciclo,us,100,json_pretty,3661,8987,59.26338
o200k_base,ciclo,a,100,json_compact,6322,10337,38.841056
o200k_base,ciclo,card,100,json_compact,4165,6060,31.270627
o200k_base,ciclo,cat,100,json_compact,3022,4897,38.288748
o200k_base,ciclo,cls,100,json_compact,3012,4921,38.792928
o200k_base,ciclo,code,100,json_compact,4936,6861,28.057135
o200k_base,ciclo,log,100,json_compact,4189,6092,31.237689
o200k_base,ciclo,map,100,json_compact,1889,3008,37.200798
o200k_base,ciclo,ner,100,json_compact,1684,2888,41.689751
o200k_base,ciclo,q,100,json_compact,9232,13856,33.371824
o200k_base,ciclo,r,100,json_compact,2955,4444,33.505851
o200k_base,ciclo,s,100,json_compact,2430,3809,36.203728
o200k_base,ciclo,sum,100,json_compact,4691,6527,28.129309
o200k_base,ciclo,tc,100,json_compact,3956,6070,34.827018
o200k_base,ciclo,us,100,json_compact,3661,5667,35.397918
o200k_base,ciclo,a,100,yaml,6322,12540,49.585327
o200k_base,ciclo,card,100,yaml,4165,6884,39.497385
o200k_base,ciclo,cat,100,yaml,3022,6201,51.265925
o200k_base,ciclo,cls,100,yaml,3012,6896,56.322506
o200k_base,ciclo,code,100,yaml,4936,7714,36.012445
o200k_base,ciclo,log,100,yaml,4189,7200,41.819444
o200k_base,ciclo,map,100,yaml,1889,3341,43.460042
o200k_base,ciclo,ner,100,yaml,1684,3758,55.18893
o200k_base,ciclo,q,100,yaml,9232,16360,43.569682
o200k_base,ciclo,r,100,yaml,2955,5531,46.573856
o200k_base,ciclo,s,100,yaml,2430,4645,47.685684
o200k_base,ciclo,sum,100,yaml,4691,7624,38.470619
o200k_base,ciclo,tc,100,yaml,3956,7233,45.306235
o200k_base,ciclo,us,100,yaml,3661,6511,43.772078
o200k_base,ciclo,a,100,xml,6322,14701,56.996123
o200k_base,ciclo,card,100,xml,4165,10177,59.074383
o200k_base,ciclo,cat,100,xml,3022,9354,67.692966
o200k_base,ciclo,cls,100,xml,3012,9404,67.971076
o200k_base,ciclo,code,100,xml,4936,11795,58.151759
o200k_base,ciclo,log,100,xml,4189,10077,58.430088
o200k_base,ciclo,map,100,xml,1889,5733,67.05041
o200k_base,ciclo,ner,100,xml,1684,5968,71.782842
o200k_base,ciclo,q,100,xml,9232,19387,52.380461
o200k_base,ciclo,r,100,xml,2955,9233,67.995234
o200k_base,ciclo,s,100,xml,2430,7532,67.737653
o200k_base,ciclo,sum,100,xml,4691,11072,57.631864
o200k_base,ciclo,tc,100,xml,3956,11345,65.130013
o200k_base,ciclo,us,100,xml,3661,10604,65.475292
o200k_base,ciclo,a,100,csv,6322,6401,1.234182
o200k_base,ciclo,card,100,csv,4165,4009,-3.891245
o200k_base,ciclo,cat,100,csv,3022,2958,-2.163624
o200k_base,ciclo,cls,100,csv,3012,3258,7.550645
o200k_base,ciclo,code,100,csv,4936,4624,-6.747405
o200k_base,ciclo,log,100,csv,4189,4016,-4.307769
o200k_base,ciclo,map,100,csv,1889,1761,-7.268597
o200k_base,ciclo,ner,100,csv,1684,1646,-2.308627
o200k_base,ciclo,q,100,csv,9232,9323,0.976081
o200k_base,ciclo,r,100,csv,2955,2934,-0.715746
o200k_base,ciclo,s,100,csv,2430,2196,-10.655738
o200k_base,ciclo,sum,100,csv,4691,4579,-2.445949
o200k_base,ciclo,tc,100,csv,3956,3820,-3.560209
o200k_base,ciclo,us,100,csv,3661,3563,-2.750491
o200k_base,ciclo,a,100,toon,6322,12056,47.56138
o200k_base,ciclo,card,100,toon,4165,6936,39.95098
o200k_base,ciclo,cat,100,toon,3022,5968,49.363271
o200k_base,ciclo,cls,100,toon,3012,5900,48.949153
o200k_base,ciclo,code,100,toon,4936,7718,36.045608
o200k_base,ciclo,log,100,toon,4189,7349,42.999047
o200k_base,ciclo,map,100,toon,1889,1836,-2.88671
o200k_base,ciclo,ner,100,toon,1684,1783,5.55244
o200k_base,ciclo,q,100,toon,9232,15909,41.969954
o200k_base,ciclo,r,100,toon,2955,5115,42.228739
o200k_base,ciclo,s,100,toon,2430,4546,46.546414
o200k_base,ciclo,sum,100,toon,4691,7496,37.419957
o200k_base,ciclo,tc,100,toon,3956,7056,43.93424
o200k_base,ciclo,us,100,toon,3661,6444,43.187461
o200k_base,ciclo,a,100,toon_flat,6322,6614,4.414878
o200k_base,ciclo,card,100,toon_flat,4165,4176,0.26341
o200k_base,ciclo,cat,100,toon_flat,3022,3092,2.263907
o200k_base,ciclo,cls,100,toon_flat,3012,3450,12.695652
o200k_base,ciclo,code,100,toon_flat,4936,4771,-3.458394
o200k_base,ciclo,log,100,toon_flat,4189,4411,5.032872
o200k_base,ciclo,map,100,toon_flat,1889,1836,-2.88671
o200k_base,ciclo,ner,100,toon_flat,1684,1783,5.55244
o200k_base,ciclo,q,100,toon_flat,9232,9538,3.20822
o200k_base,ciclo,r,100,toon_flat,2955,3075,3.902439
o200k_base,ciclo,s,100,toon_flat,2430,2331,-4.247104
o200k_base,ciclo,sum,100,toon_flat,4691,4720,0.614407
o200k_base,ciclo,tc,100,toon_flat,3956,3958,0.050531
o200k_base,ciclo,us,100,toon_flat,3661,3696,0.94697
o200k_base,ciclo,a,250,json_pretty,15728,40791,61.442475
o200k_base,ciclo,card,250,json_pretty,10347,22973,54.960171
o200k_base,ciclo,cat,250,json_pretty,7519,20455,63.241261
o200k_base,ciclo,cls,250,json_pretty,7465,21946,65.98469
o200k_base,ciclo,code,250,json_pretty,12344,25841,52.230951
o200k_base,ciclo,log,250,json_pretty,10441,22962,54.529222
o200k_base,ciclo,map,250,json_pretty,4680,12223,61.711527
o200k_base,ciclo,ner,250,json_pretty,4170,12694,67.149835
o200k_base,ciclo,q,250,json_pretty,22966,51779,55.646111
o200k_base,ciclo,r,250,json_pretty,7327,18814,61.055597
o200k_base,ciclo,s,250,json_pretty,6024,15985,62.31467
o200k_base,ciclo,sum,250,json_pretty,11672,23994,51.354505
o200k_base,ciclo,tc,250,json_pretty,9848,24041,59.036646
o200k_base,ciclo,us,250,json_pretty,9095,22371,59.344687
o200k_base,ciclo,a,250,json_compact,15728,25729,38.870535
o200k_base,ciclo,card,250,json_compact,10347,15080,31.385942
o200k_base,ciclo,cat,250,json_compact,7519,12208,38.40924
o200k_base,ciclo,cls,250,json_compact,7465,12238,39.001471
o200k_base,ciclo,code,250,json_compact,12344,17139,27.977128
o200k_base,ciclo,log,250,json_compact,10441,15193,31.277562
o200k_base,ciclo,map,250,json_compact,4680,7473,37.374548
o200k_base,ciclo,ner,250,json_compact,4170,7174,41.873432
o200k_base,ciclo,q,250,json_compact,22966,34489,33.410653
o200k_base,ciclo,r,250,json_compact,7327,11041,33.638257
o200k_base,ciclo,s,250,json_compact,6024,9464,36.348267
o200k_base,ciclo,sum,250,json_compact,11672,16258,28.207652
o200k_base,ciclo,tc,250,json_compact,9848,15124,34.884951
o200k_base,ciclo,us,250,json_compact,9095,14101,35.501028
o200k_base,ciclo,a,250,yaml,15728,31178,49.554173
o200k_base,ciclo,card,250,yaml,10347,17142,39.639482
o200k_base,ciclo,cat,250,yaml,7519,15458,51.35852
o200k_base,ciclo,cls,250,yaml,7465,17178,56.543253
o200k_base,ciclo,code,250,yaml,12344,19261,35.911946
o200k_base,ciclo,log,250,yaml,10441,17965,41.881436
o200k_base,ciclo,map,250,yaml,4680,8305,43.648405
o200k_base,ciclo,ner,250,yaml,4170,9344,55.372432
o200k_base,ciclo,q,250,yaml,22966,40687,43.554452
o200k_base,ciclo,r,250,yaml,7327,13752,46.720477
o200k_base,ciclo,s,250,yaml,6024,11551,47.848671
o200k_base,ciclo,sum,250,yaml,11672,18993,38.54578
o200k_base,ciclo,tc,250,yaml,9848,18021,45.352644
o200k_base,ciclo,us,250,yaml,9095,16205,43.875347
o200k_base,ciclo,a,250,xml,15728,36607,57.03554
o200k_base,ciclo,card,250,xml,10347,25367,59.210786
o200k_base,ciclo,cat,250,xml,7519,23337,67.780777
o200k_base,ciclo,cls,250,xml,7465,23442,68.155447
o200k_base,ciclo,code,250,xml,12344,29463,58.103384
o200k_base,ciclo,log,250,xml,10441,25160,58.50159
o200k_base,ciclo,map,250,xml,4680,14290,67.249825
o200k_base,ciclo,ner,250,xml,4170,14879,71.973923
o200k_base,ciclo,q,250,xml,22966,48284,52.435589
o200k_base,ciclo,r,250,xml,7327,23018,68.16839
o200k_base,ciclo,s,250,xml,6024,18774,67.913071
o200k_base,ciclo,sum,250,xml,11672,27618,57.737707
o200k_base,ciclo,tc,250,xml,9848,28310,65.213705
o200k_base,ciclo,us,250,xml,9095,26451,65.615667
o200k_base,ciclo,a,250,csv,15728,15942,1.342366
o200k_base,ciclo,card,250,csv,10347,9981,-3.666967
o200k_base,ciclo,cat,250,csv,7519,7368,-2.049403
o200k_base,ciclo,cls,250,csv,7465,8075,7.55418
o200k_base,ciclo,code,250,csv,12344,11565,-6.735841
o200k_base,ciclo,log,250,csv,10441,10017,-4.232804
o200k_base,ciclo,map,250,csv,4680,4389,-6.630212
o200k_base,ciclo,ner,250,csv,4170,4107,-1.533966
o200k_base,ciclo,q,250,csv,22966,23205,1.02995
o200k_base,ciclo,r,250,csv,7327,7281,-0.631781
o200k_base,ciclo,s,250,csv,6024,5454,-10.451045
o200k_base,ciclo,sum,250,csv,11672,11423,-2.179813
o200k_base,ciclo,tc,250,csv,9848,9524,-3.401932
o200k_base,ciclo,us,250,csv,9095,8859,-2.663958
o200k_base,ciclo,a,250,toon,15728,29994,47.562846
o200k_base,ciclo,card,250,toon,10347,17266,40.072976
o200k_base,ciclo,cat,250,toon,7519,14877,49.458896
o200k_base,ciclo,cls,250,toon,7465,14680,49.148501
o200k_base,ciclo,code,250,toon,12344,19284,35.988384
o200k_base,ciclo,log,250,toon,10441,18340,43.069793
o200k_base,ciclo,map,250,toon,4680,4526,-3.402563
o200k_base,ciclo,ner,250,toon,4170,4394,5.097861
o200k_base,ciclo,q,250,toon,22966,39585,41.983074
o200k_base,ciclo,r,250,toon,7327,12710,42.352478
o200k_base,ciclo,s,250,toon,6024,11302,46.699699
o200k_base,ciclo,sum,250,toon,11672,18678,37.509369
o200k_base,ciclo,tc,250,toon,9848,17584,43.99454
o200k_base,ciclo,us,250,toon,9095,16039,43.29447
o200k_base,ciclo,a,250,toon_flat,15728,16317,3.609732
o200k_base,ciclo,card,250,toon_flat,10347,10348,0.009664
o200k_base,ciclo,cat,250,toon_flat,7519,7664,1.891962
o200k_base,ciclo,cls,250,toon_flat,7465,8505,12.228101
o200k_base,ciclo,code,250,toon_flat,12344,11887,-3.844536
o200k_base,ciclo,log,250,toon_flat,10441,10962,4.752782
o200k_base,ciclo,map,250,toon_flat,4680,4526,-3.402563
o200k_base,ciclo,ner,250,toon_flat,4170,4394,5.097861
o200k_base,ciclo,q,250,toon_flat,22966,23582,2.612162
o200k_base,ciclo,r,250,toon_flat,7327,7572,3.235605
o200k_base,ciclo,s,250,toon_flat,6024,5739,-4.966022
o200k_base,ciclo,sum,250,toon_flat,11672,11714,0.358545
o200k_base,ciclo,tc,250,toon_flat,9848,9812,-0.366898
o200k_base,ciclo,us,250,toon_flat,9095,9142,0.514111
cl100k_base,muestreo,a,1,json_pretty,133,318,58.176101
cl100k_base,muestreo,card,1,json_pretty,83,156,46.794872
cl100k_base,muestreo,cat,1,json_pretty,49,122,59.836066
cl100k_base,muestreo,cls,1,json_pretty,53,133,60.150376
cl100k_base,muestreo,code,1,json_pretty,70,148,52.702703
cl100k_base,muestreo,log,1,json_pretty,69,141,51.06383
cl100k_base,muestreo,map,1,json_pretty,46,99,53.535354
cl100k_base,muestreo,ner,1,json_pretty,45,103,56.31068
cl100k_base,muestreo,q,1,json_pretty,147,348,57.758621
cl100k_base,muestreo,r,1,json_pretty,59,132,55.30303
cl100k_base,muestreo,s,1,json_pretty,52,116,55.172414
cl100k_base,muestreo,sum,1,json_pretty,83,159,47.798742
cl100k_base,muestreo,tc,1,json_pretty,68,148,54.054054
cl100k_base,muestreo,us,1,json_pretty,61,139,56.115108
cl100k_base,muestreo,a,1,json_compact,133,191,30.366492
cl100k_base,muestreo,card,1,json_compact,83,101,17.821782
cl100k_base,muestreo,cat,1,json_compact,49,69,28.985507
cl100k_base,muestreo,cls,1,json_compact,53,72,26.388889
cl100k_base,muestreo,code,1,json_compact,70,91,23.076923
cl100k_base,muestreo,log,1,json_compact,69,89,22.47191
cl100k_base,muestreo,map,1,json_compact,46,58,20.689655
cl100k_base,muestreo,ner,1,json_compact,45,59,23.728814
cl100k_base,muestreo,q,1,json_compact,147,212,30.660377
cl100k_base,muestreo,r,1,json_compact,59,75,21.333333
cl100k_base,muestreo,s,1,json_compact,52,67,22.38806
cl100k_base,muestreo,sum,1,json_compact,83,101,17.821782
cl100k_base,muestreo,tc,1,json_compact,68,90,24.444444
cl100k_base,muestreo,us,1,json_compact,61,83,26.506024
cl100k_base,muestreo,a,1,yaml,133,253,47.43083
cl100k_base,muestreo,card,1,yaml,83,112,25.892857
cl100k_base,muestreo,cat,1,yaml,49,87,43.678161
cl100k_base,muestreo,cls,1,yaml,53,96,44.791667
cl100k_base,muestreo,code,1,yaml,70,106,33.962264
cl100k_base,muestreo,log,1,yaml,69,103,33.009709
cl100k_base,muestreo,map,1,yaml,46,62,25.806452
cl100k_base,muestreo,ner,1,yaml,45,71,36.619718
cl100k_base,muestreo,q,1,yaml,147,274,46.350365
cl100k_base,muestreo,r,1,yaml,59,90,34.444444
cl100k_base,muestreo,s,1,yaml,52,80,35.0
cl100k_base,muestreo,sum,1,yaml,83,119,30.252101
cl100k_base,muestreo,tc,1,yaml,68,104,34.615385
cl100k_base,muestreo,us,1,yaml,61,94,35.106383
cl100k_base,muestreo,a,1,xml,133,261,49.042146
cl100k_base,muestreo,card,1,xml,83,144,42.361111
cl100k_base,muestreo,cat,1,xml,49,114,57.017544
cl100k_base,muestreo,cls,1,xml,53,111,52.252252
cl100k_base,muestreo,code,1,xml,70,140,50.0
cl100k_base,muestreo,log,1,xml,69,124,44.354839
cl100k_base,muestreo,map,1,xml,46,85,45.882353
cl100k_base,muestreo,ner,1,xml,45,89,49.438202
cl100k_base,muestreo,q,1,xml,147,293,49.829352
cl100k_base,muestreo,r,1,xml,59,122,51.639344
cl100k_base,muestreo,s,1,xml,52,103,49.514563
cl100k_base,muestreo,sum,1,xml,83,149,44.295302
cl100k_base,muestreo,tc,1,xml,68,141,51.77305
cl100k_base,muestreo,us,1,xml,61,132,53.787879
cl100k_base,muestreo,a,1,csv,133,114,-16.666667
cl100k_base,muestreo,card,1,csv,83,66,-25.757576
cl100k_base,muestreo,cat,1,csv,49,43,-13.953488
cl100k_base,muestreo,cls,1,csv,53,62,14.516129
cl100k_base,muestreo,code,1,csv,70,62,-12.903226
cl100k_base,muestreo,log,1,csv,69,57,-21.052632
cl100k_base,muestreo,map,1,csv,46,26,-76.923077
cl100k_base,muestreo,ner,1,csv,45,23,-95.652174
cl100k_base,muestreo,q,1,csv,147,133,-10.526316
cl100k_base,muestreo,r,1,csv,59,54,-9.259259
cl100k_base,muestreo,s,1,csv,52,40,-30.0
cl100k_base,muestreo,sum,1,csv,83,61,-36.065574
cl100k_base,muestreo,tc,1,csv,68,53,-28.301887
cl100k_base,muestreo,us,1,csv,61,53,-15.09434
cl100k_base,muestreo,a,1,toon,133,233,42.918455
cl100k_base,muestreo,card,1,toon,83,113,26.548673
cl100k_base,muestreo,cat,1,toon,49,85,42.352941
cl100k_base,muestreo,cls,1,toon,53,88,39.772727
cl100k_base,muestreo,code,1,toon,70,105,33.333333
cl100k_base,muestreo,log,1,toon,69,104,33.653846
cl100k_base,muestreo,map,1,toon,46,60,23.333333
cl100k_base,muestreo,ner,1,toon,45,61,26.229508
cl100k_base,muestreo,q,1,toon,147,254,42.125984
cl100k_base,muestreo,r,1,toon,59,88,32.954545
cl100k_base,muestreo,s,1,toon,52,80,35.0
cl100k_base,muestreo,sum,1,toon,83,117,29.059829
cl100k_base,muestreo,tc,1,toon,68,104,34.615385
cl100k_base,muestreo,us,1,toon,61,94,35.106383
cl100k_base,muestreo,a,1,toon_flat,133,222,40.09009
cl100k_base,muestreo,card,1,toon_flat,83,103,19.417476
cl100k_base,muestreo,cat,1,toon_flat,49,70,30.0
cl100k_base,muestreo,cls,1,toon_flat,53,98,45.918367
cl100k_base,muestreo,code,1,toon_flat,70,93,24.731183
cl100k_base,muestreo,log,1,toon_flat,69,89,22.47191
cl100k_base,muestreo,map,1,toon_flat,46,60,23.333333
cl100k_base,muestreo,ner,1,toon_flat,45,61,26.229508
cl100k_base,muestreo,q,1,toon_flat,147,241,39.004149
cl100k_base,muestreo,r,1,toon_flat,59,96,38.541667
cl100k_base,muestreo,s,1,toon_flat,52,76,31.578947
cl100k_base,muestreo,sum,1,toon_flat,83,103,19.417476
cl100k_base,muestreo,tc,1,toon_flat,68,92,26.086957
cl100k_base,muestreo,us,1,toon_flat,61,87,29.885057
cl100k_base,muestreo,a,5,json_pretty,422,998,57.715431
cl100k_base,muestreo,card,5,json_pretty,275,549,49.908925
cl100k_base,muestreo,cat,5,json_pretty,170,450,62.222222
cl100k_base,muestreo,cls,5,json_pretty,185,493,62.474645
cl100k_base,muestreo,code,5,json_pretty,263,547,51.919561
cl100k_base,muestreo,log,5,json_pretty,233,506,53.952569
cl100k_base,muestreo,map,5,json_pretty,124,298,58.389262
cl100k_base,muestreo,ner,5,json_pretty,109,303,64.026403
cl100k_base,muestreo,q,5,json_pretty,572,1228,53.420195
cl100k_base,muestreo,r,5,json_pretty,174,435,60.0
cl100k_base,muestreo,s,5,json_pretty,151,374,59.625668
cl100k_base,muestreo,sum,5,json_pretty,295,568,48.06338
cl100k_base,muestreo,tc,5,json_pretty,232,539,56.957328
cl100k_base,muestreo,us,5,json_pretty,213,503,57.654076
cl100k_base,muestreo,a,5,json_compact,422,627,32.695375
cl100k_base,muestreo,card,5,json_compact,275,362,24.033149
cl100k_base,muestreo,cat,5,json_compact,170,262,35.114504
cl100k_base,muestreo,cls,5,json_compact,185,273,32.234432
cl100k_base,muestreo,code,5,json_compact,263,352,25.284091
cl100k_base,muestreo,log,5,json_compact,233,326,28.527607
cl100k_base,muestreo,map,5,json_compact,124,182,31.868132
cl100k_base,muestreo,ner,5,json_compact,109,171,36.25731
cl100k_base,muestreo,q,5,json_compact,572,806,29.032258
cl100k_base,muestreo,r,5,json_compact,174,250,30.4
cl100k_base,muestreo,s,5,json_compact,151,217,30.414747
cl100k_base,muestreo,sum,5,json_compact,295,382,22.774869
cl100k_base,muestreo,tc,5,json_compact,232,333,30.33033
cl100k_base,muestreo,us,5,json_compact,213,311,31.511254
cl100k_base,muestreo,a,5,yaml,422,786,46.310433
cl100k_base,muestreo,card,5,yaml,275,415,33.73494
cl100k_base,muestreo,cat,5,yaml,170,334,49.101796
cl100k_base,muestreo,cls,5,yaml,185,380,51.315789
cl100k_base,muestreo,code,5,yaml,263,406,35.221675
cl100k_base,muestreo,log,5,yaml,233,387,39.793282
cl100k_base,muestreo,map,5,yaml,124,198,37.373737
cl100k_base,muestreo,ner,5,yaml,109,217,49.769585
cl100k_base,muestreo,q,5,yaml,572,987,42.046606
cl100k_base,muestreo,r,5,yaml,174,308,43.506494
cl100k_base,muestreo,s,5,yaml,151,266,43.233083
cl100k_base,muestreo,sum,5,yaml,295,448,34.151786
cl100k_base,muestreo,tc,5,yaml,232,394,41.116751
cl100k_base,muestreo,us,5,yaml,213,360,40.833333
cl100k_base,muestreo,a,5,xml,422,873,51.660939
cl100k_base,muestreo,card,5,xml,275,575,52.173913
cl100k_base,muestreo,cat,5,xml,170,483,64.803313
cl100k_base,muestreo,cls,5,xml,185,494,62.550607
cl100k_base,muestreo,code,5,xml,263,588,55.272109
cl100k_base,muestreo,log,5,xml,233,521,55.278311
cl100k_base,muestreo,map,5,xml,124,309,59.87055
cl100k_base,muestreo,ner,5,xml,109,323,66.25387
cl100k_base,muestreo,q,5,xml,572,1114,48.653501
cl100k_base,muestreo,r,5,xml,174,493,64.705882
cl100k_base,muestreo,s,5,xml,151,406,62.807882
cl100k_base,muestreo,sum,5,xml,295,614,51.954397
cl100k_base,muestreo,tc,5,xml,232,603,61.525705
cl100k_base,muestreo,us,5,xml,213,560,61.964286
cl100k_base,muestreo,a,5,csv,422,400,-5.5
cl100k_base,muestreo,card,5,csv,275,251,-9.561753
cl100k_base,muestreo,cat,5,csv,170,162,-4.938272
cl100k_base,muestreo,cls,5,csv,185,200,7.5
cl100k_base,muestreo,code,5,csv,263,241,-9.128631
cl100k_base,muestreo,log,5,csv,233,216,-7.87037
cl100k_base,muestreo,map,5,csv,124,99,-25.252525
cl100k_base,muestreo,ner,5,csv,109,85,-28.235294
cl100k_base,muestreo,q,5,csv,572,558,-2.508961
cl100k_base,muestreo,r,5,csv,174,168,-3.571429
cl100k_base,muestreo,s,5,csv,151,130,-16.153846
cl100k_base,muestreo,sum,5,csv,295,268,-10.074627
cl100k_base,muestreo,tc,5,csv,232,211,-9.952607
cl100k_base,muestreo,us,5,csv,213,201,-5.970149
cl100k_base,muestreo,a,5,toon,422,747,43.507363
cl100k_base,muestreo,card,5,toon,275,414,33.574879
cl100k_base,muestreo,cat,5,toon,170,322,47.204969
cl100k_base,muestreo,cls,5,toon,185,331,44.108761
cl100k_base,muestreo,code,5,toon,263,406,35.221675
cl100k_base,muestreo,log,5,toon,233,394,40.862944
cl100k_base,muestreo,map,5,toon,124,136,8.823529
cl100k_base,muestreo,ner,5,toon,109,127,14.173228
cl100k_base,muestreo,q,5,toon,572,946,39.534884
cl100k_base,muestreo,r,5,toon,174,288,39.583333
cl100k_base,muestreo,s,5,toon,151,262,42.366412
cl100k_base,muestreo,sum,5,toon,295,439,32.801822
cl100k_base,muestreo,tc,5,toon,232,386,39.896373
cl100k_base,muestreo,us,5,toon,213,358,40.502793
cl100k_base,muestreo,a,5,toon_flat,422,512,17.578125
cl100k_base,muestreo,card,5,toon_flat,275,293,6.143345
cl100k_base,muestreo,cat,5,toon_flat,170,194,12.371134
cl100k_base,muestreo,cls,5,toon_flat,185,242,23.553719
cl100k_base,muestreo,code,5,toon_flat,263,277,5.054152
cl100k_base,muestreo,log,5,toon_flat,233,263,11.406844
cl100k_base,muestreo,map,5,toon_flat,124,136,8.823529
cl100k_base,muestreo,ner,5,toon_flat,109,127,14.173228
cl100k_base,muestreo,q,5,toon_flat,572,671,14.754098
cl100k_base,muestreo,r,5,toon_flat,174,214,18.691589
cl100k_base,muestreo,s,5,toon_flat,151,170,11.176471
cl100k_base,muestreo,sum,5,toon_flat,295,315,6.349206
cl100k_base,muestreo,tc,5,toon_flat,232,254,8.661417
cl100k_base,muestreo,us,5,toon_flat,213,239,10.878661
cl100k_base,muestreo,a,10,json_pretty,773,1845,58.102981
cl100k_base,muestreo,card,10,json_pretty,509,1032,50.678295
cl100k_base,muestreo,cat,10,json_pretty,322,862,62.645012
cl100k_base,muestreo,cls,10,json_pretty,336,936,64.102564
cl100k_base,muestreo,code,10,json_pretty,522,1068,51.123596
cl100k_base,muestreo,log,10,json_pretty,442,960,53.958333
cl100k_base,muestreo,map,10,json_pretty,222,546,59.340659
cl100k_base,muestreo,ner,10,json_pretty,194,558,65.232975
cl100k_base,muestreo,q,10,json_pretty,1088,2309,52.880035
cl100k_base,muestreo,r,10,json_pretty,320,812,60.591133
cl100k_base,muestreo,s,10,json_pretty,267,688,61.19186
cl100k_base,muestreo,sum,10,json_pretty,547,1066,48.686679
cl100k_base,muestreo,tc,10,json_pretty,431,1023,57.869013
cl100k_base,muestreo,us,10,json_pretty,385,940,59.042553
cl100k_base,muestreo,a,10,json_compact,773,1165,33.648069
cl100k_base,muestreo,card,10,json_compact,509,683,25.475842
cl100k_base,muestreo,cat,10,json_compact,322,504,36.111111
cl100k_base,muestreo,cls,10,json_compact,336,514,34.63035
cl100k_base,muestreo,code,10,json_compact,522,693,24.675325
cl100k_base,muestreo,log,10,json_compact,442,621,28.824477
cl100k_base,muestreo,map,10,json_compact,222,335,33.731343
cl100k_base,muestreo,ner,10,json_compact,194,316,38.607595
cl100k_base,muestreo,q,10,json_compact,1088,1531,28.935336
cl100k_base,muestreo,r,10,json_compact,320,467,31.477516
cl100k_base,muestreo,s,10,json_compact,267,396,32.575758
cl100k_base,muestreo,sum,10,json_compact,547,723,24.343015
cl100k_base,muestreo,tc,10,json_compact,431,633,31.911532
cl100k_base,muestreo,us,10,json_compact,385,578,33.391003
cl100k_base,muestreo,a,10,yaml,773,1448,46.616022
cl100k_base,muestreo,card,10,yaml,509,781,34.827145
cl100k_base,muestreo,cat,10,yaml,322,639,49.608764
cl100k_base,muestreo,cls,10,yaml,336,728,53.846154
cl100k_base,muestreo,code,10,yaml,522,802,34.912718
cl100k_base,muestreo,log,10,yaml,442,743,40.51144
cl100k_base,muestreo,map,10,yaml,222,366,39.344262
cl100k_base,muestreo,ner,10,yaml,194,405,52.098765
cl100k_base,muestreo,q,10,yaml,1088,1854,41.316073
cl100k_base,muestreo,r,10,yaml,320,583,45.111492
cl100k_base,muestreo,s,10,yaml,267,492,45.731707
cl100k_base,muestreo,sum,10,yaml,547,844,35.189573
cl100k_base,muestreo,tc,10,yaml,431,752,42.68617
cl100k_base,muestreo,us,10,yaml,385,675,42.962963
cl100k_base,muestreo,a,10,xml,773,1633,52.663809
cl100k_base,muestreo,card,10,xml,509,1098,53.642987
cl100k_base,muestreo,cat,10,xml,322,951,66.140904
cl100k_base,muestreo,cls,10,xml,336,970,65.360825
cl100k_base,muestreo,code,10,xml,522,1175,55.574468
cl100k_base,muestreo,log,10,xml,442,1026,56.920078
cl100k_base,muestreo,map,10,xml,222,595,62.689076
cl100k_base,muestreo,ner,10,xml,194,622,68.810289
cl100k_base,muestreo,q,10,xml,1088,2126,48.824083
cl100k_base,muestreo,r,10,xml,320,952,66.386555
cl100k_base,muestreo,s,10,xml,267,776,65.592784
cl100k_base,muestreo,sum,10,xml,547,1178,53.565365
cl100k_base,muestreo,tc,10,xml,431,1170,63.162393
cl100k_base,muestreo,us,10,xml,385,1080,64.351852
cl100k_base,muestreo,a,10,csv,773,752,-2.792553
cl100k_base,muestreo,card,10,csv,509,474,-7.383966
cl100k_base,muestreo,cat,10,csv,322,310,-3.870968
cl100k_base,muestreo,cls,10,csv,336,364,7.692308
cl100k_base,muestreo,code,10,csv,522,483,-8.074534
cl100k_base,muestreo,log,10,csv,442,417,-5.995204
cl100k_base,muestreo,map,10,csv,222,189,-17.460317
cl100k_base,muestreo,ner,10,csv,194,169,-14.792899
cl100k_base,muestreo,q,10,csv,1088,1076,-1.115242
cl100k_base,muestreo,r,10,csv,320,311,-2.893891
cl100k_base,muestreo,s,10,csv,267,236,-13.135593
cl100k_base,muestreo,sum,10,csv,547,515,-6.213592
cl100k_base,muestreo,tc,10,csv,431,404,-6.683168
cl100k_base,muestreo,us,10,csv,385,369,-4.336043
cl100k_base,muestreo,a,10,toon,773,1381,44.026068
cl100k_base,muestreo,card,10,toon,509,785,35.159236
cl100k_base,muestreo,cat,10,toon,322,615,47.642276
cl100k_base,muestreo,cls,10,toon,336,626,46.325879
cl100k_base,muestreo,code,10,toon,522,800,34.75
cl100k_base,muestreo,log,10,toon,442,760,41.842105
cl100k_base,muestreo,map,10,toon,222,226,1.769912
cl100k_base,muestreo,ner,10,toon,194,216,10.185185
cl100k_base,muestreo,q,10,toon,1088,1792,39.285714
cl100k_base,muestreo,r,10,toon,320,542,40.95941
cl100k_base,muestreo,s,10,toon,267,483,44.720497
cl100k_base,muestreo,sum,10,toon,547,833,34.333733
cl100k_base,muestreo,tc,10,toon,431,734,41.280654
cl100k_base,muestreo,us,10,toon,385,669,42.45142
cl100k_base,muestreo,a,10,toon_flat,773,869,11.047181
cl100k_base,muestreo,card,10,toon_flat,509,522,2.490421
cl100k_base,muestreo,cat,10,toon_flat,322,347,7.204611
cl100k_base,muestreo,cls,10,toon_flat,336,414,18.84058
cl100k_base,muestreo,code,10,toon_flat,522,525,0.571429
cl100k_base,muestreo,log,10,toon_flat,442,481,8.108108
cl100k_base,muestreo,map,10,toon_flat,222,226,1.769912
cl100k_base,muestreo,ner,10,toon_flat,194,216,10.185185
cl100k_base,muestreo,q,10,toon_flat,1088,1194,8.877722
cl100k_base,muestreo,r,10,toon_flat,320,362,11.60221
cl100k_base,muestreo,s,10,toon_flat,267,281,4.982206
cl100k_base,muestreo,sum,10,toon_flat,547,567,3.527337
cl100k_base,muestreo,tc,10,toon_flat,431,452,4.646018
cl100k_base,muestreo,us,10,toon_flat,385,412,6.553398
cl100k_base,muestreo,a,25,json_pretty,1802,4347,58.546124
cl100k_base,muestreo,card,25,json_pretty,1163,2441,52.355592
cl100k_base,muestreo,cat,25,json_pretty,794,2109,62.351826
cl100k_base,muestreo,cls,25,json_pretty,779,2235,65.145414
cl100k_base,muestreo,code,25,json_pretty,1270,2604,51.228879
cl100k_base,muestreo,log,25,json_pretty,1062,2332,54.459691
cl100k_base,muestreo,map,25,json_pretty,510,1285,60.311284
cl100k_base,muestreo,ner,25,json_pretty,445,1319,66.26232
cl100k_base,muestreo,q,25,json_pretty,2660,5579,52.321205
cl100k_base,muestreo,r,25,json_pretty,767,1957,60.807358
cl100k_base,muestreo,s,25,json_pretty,627,1644,61.861314
cl100k_base,muestreo,sum,25,json_pretty,1314,2575,48.970874
cl100k_base,muestreo,tc,25,json_pretty,1007,2448,58.864379
cl100k_base,muestreo,us,25,json_pretty,922,2272,59.419014
cl100k_base,muestreo,a,25,json_compact,1802,2748,34.425036
cl100k_base,muestreo,card,25,json_compact,1163,1606,27.58406
cl100k_base,muestreo,cat,25,json_compact,794,1242,36.070853
cl100k_base,muestreo,cls,25,json_compact,779,1220,36.147541
cl100k_base,muestreo,code,25,json_compact,1270,1695,25.073746
cl100k_base,muestreo,log,25,json_compact,1062,1514,29.85469
cl100k_base,muestreo,map,25,json_compact,510,791,35.524652
cl100k_base,muestreo,ner,25,json_compact,445,747,40.42838
cl100k_base,muestreo,q,25,json_compact,2660,3733,28.743638
cl100k_base,muestreo,r,25,json_compact,767,1132,32.243816
cl100k_base,muestreo,s,25,json_compact,627,947,33.790919
cl100k_base,muestreo,sum,25,json_compact,1314,1753,25.042784
cl100k_base,muestreo,tc,25,json_compact,1007,1512,33.399471
cl100k_base,muestreo,us,25,json_compact,922,1400,34.142857
cl100k_base,muestreo,a,25,yaml,1802,3410,47.155425
cl100k_base,muestreo,card,25,yaml,1163,1856,37.338362
cl100k_base,muestreo,cat,25,yaml,794,1583,49.842072
cl100k_base,muestreo,cls,25,yaml,779,1742,55.281286
cl100k_base,muestreo,code,25,yaml,1270,1961,35.237124
cl100k_base,muestreo,log,25,yaml,1062,1819,41.616273
cl100k_base,muestreo,map,25,yaml,510,867,41.176471
cl100k_base,muestreo,ner,25,yaml,445,966,53.933747
cl100k_base,muestreo,q,25,yaml,2660,4488,40.730838
cl100k_base,muestreo,r,25,yaml,767,1411,45.641389
cl100k_base,muestreo,s,25,yaml,627,1180,46.864407
cl100k_base,muestreo,sum,25,yaml,1314,2053,35.996103
cl100k_base,muestreo,tc,25,yaml,1007,1801,44.086619
cl100k_base,muestreo,us,25,yaml,922,1642,43.848965
cl100k_base,muestreo,a,25,xml,1802,3879,53.544728
cl100k_base,muestreo,card,25,xml,1163,2619,55.593738
cl100k_base,muestreo,cat,25,xml,794,2369,66.483748
cl100k_base,muestreo,cls,25,xml,779,2335,66.638116
cl100k_base,muestreo,code,25,xml,1270,2898,56.176674
cl100k_base,muestreo,log,25,xml,1062,2503,57.570915
cl100k_base,muestreo,map,25,xml,510,1439,64.558721
cl100k_base,muestreo,ner,25,xml,445,1515,70.627063
cl100k_base,muestreo,q,25,xml,2660,5177,48.618891
cl100k_base,muestreo,r,25,xml,767,2346,67.306053
cl100k_base,muestreo,s,25,xml,627,1902,67.0347
cl100k_base,muestreo,sum,25,xml,1314,2895,54.611399
cl100k_base,muestreo,tc,25,xml,1007,2844,64.592124
cl100k_base,muestreo,us,25,xml,922,2657,65.29921
cl100k_base,muestreo,a,25,csv,1802,1778,-1.349831
cl100k_base,muestreo,card,25,csv,1163,1104,-5.344203
cl100k_base,muestreo,cat,25,csv,794,772,-2.849741
cl100k_base,muestreo,cls,25,csv,779,834,6.594724
cl100k_base,muestreo,code,25,csv,1270,1181,-7.535986
cl100k_base,muestreo,log,25,csv,1062,1012,-4.940711
cl100k_base,muestreo,map,25,csv,510,457,-11.597374
cl100k_base,muestreo,ner,25,csv,445,417,-6.714628
cl100k_base,muestreo,q,25,csv,2660,2647,-0.491122
cl100k_base,muestreo,r,25,csv,767,748,-2.540107
cl100k_base,muestreo,s,25,csv,627,563,-11.367673
cl100k_base,muestreo,sum,25,csv,1314,1266,-3.791469
cl100k_base,muestreo,tc,25,csv,1007,963,-4.569055
cl100k_base,muestreo,us,25,csv,922,894,-3.131991
cl100k_base,muestreo,a,25,toon,1802,3264,44.791667
cl100k_base,muestreo,card,25,toon,1163,1864,37.607296
cl100k_base,muestreo,cat,25,toon,794,1521,47.797502
cl100k_base,muestreo,cls,25,toon,779,1494,47.858099
cl100k_base,muestreo,code,25,toon,1270,1960,35.204082
cl100k_base,muestreo,log,25,toon,1062,1858,42.841765
cl100k_base,muestreo,map,25,toon,510,498,-2.409639
cl100k_base,muestreo,ner,25,toon,445,479,7.098121
cl100k_base,muestreo,q,25,toon,2660,4356,38.934803
cl100k_base,muestreo,r,25,toon,767,1303,41.13584
cl100k_base,muestreo,s,25,toon,627,1156,45.761246
cl100k_base,muestreo,sum,25,toon,1314,2018,34.886026
cl100k_base,muestreo,tc,25,toon,1007,1758,42.718999
cl100k_base,muestreo,us,25,toon,922,1624,43.226601
cl100k_base,muestreo,a,25,toon_flat,1802,1912,5.753138
cl100k_base,muestreo,card,25,toon_flat,1163,1174,0.936968
cl100k_base,muestreo,cat,25,toon_flat,794,825,3.757576
cl100k_base,muestreo,cls,25,toon_flat,779,908,14.207048
cl100k_base,muestreo,code,25,toon_flat,1270,1240,-2.419355
cl100k_base,muestreo,log,25,toon_flat,1062,1132,6.183746
cl100k_base,muestreo,map,25,toon_flat,510,498,-2.409639
cl100k_base,muestreo,ner,25,toon_flat,445,479,7.098121
cl100k_base,muestreo,q,25,toon_flat,2660,2781,4.350953
cl100k_base,muestreo,r,25,toon_flat,767,814,5.773956
cl100k_base,muestreo,s,25,toon_flat,627,623,-0.642055
cl100k_base,muestreo,sum,25,toon_flat,1314,1337,1.720269
cl100k_base,muestreo,tc,25,toon_flat,1007,1026,1.851852
cl100k_base,muestreo,us,25,toon_flat,922,952,3.151261
cl100k_base,muestreo,a,50,json_pretty,3564,8565,58.388792
cl100k_base,muestreo,card,50,json_pretty,2286,4819,52.562772
cl100k_base,muestreo,cat,50,json_pretty,1560,4165,62.545018
cl100k_base,muestreo,cls,50,json_pretty,1549,4438,65.09689
cl100k_base,muestreo,code,50,json_pretty,2493,5140,51.498054
cl100k_base,muestreo,log,50,json_pretty,2105,4624,54.476644
cl100k_base,muestreo,map,50,json_pretty,1000,2527,60.427384
cl100k_base,muestreo,ner,50,json_pretty,861,2585,66.692456
cl100k_base,muestreo,q,50,json_pretty,5257,11015,52.274172
cl100k_base,muestreo,r,50,json_pretty,1512,3864,60.869565
cl100k_base,muestreo,s,50,json_pretty,1234,3245,61.972265
cl100k_base,muestreo,sum,50,json_pretty,2583,5073,49.083383
cl100k_base,muestreo,tc,50,json_pretty,1989,4845,58.947368
cl100k_base,muestreo,us,50,json_pretty,1837,4512,59.286348
cl100k_base,muestreo,a,50,json_compact,3564,5432,34.388807
cl100k_base,muestreo,card,50,json_compact,2286,3174,27.977316
cl100k_base,muestreo,cat,50,json_compact,1560,2452,36.378467
cl100k_base,muestreo,cls,50,json_compact,1549,2429,36.228901
cl100k_base,muestreo,code,50,json_compact,2493,3347,25.515387
cl100k_base,muestreo,log,50,json_compact,2105,3005,29.950083
cl100k_base,muestreo,map,50,json_compact,1000,1559,35.856318
cl100k_base,muestreo,ner,50,json_compact,861,1463,41.148325
cl100k_base,muestreo,q,50,json_compact,5257,7387,28.834439
cl100k_base,muestreo,r,50,json_compact,1512,2239,32.469853
cl100k_base,muestreo,s,50,json_compact,1234,1873,34.116391
cl100k_base,muestreo,sum,50,json_compact,2583,3458,25.303644
cl100k_base,muestreo,tc,50,json_compact,1989,2996,33.611482
cl100k_base,muestreo,us,50,json_compact,1837,2790,34.157706
cl100k_base,muestreo,a,50,yaml,3564,6717,46.940598
cl100k_base,muestreo,card,50,yaml,2286,3670,37.711172
cl100k_base,muestreo,cat,50,yaml,1560,3132,50.191571
cl100k_base,muestreo,cls,50,yaml,1549,3470,55.360231
cl100k_base,muestreo,code,50,yaml,2493,3874,35.647909
cl100k_base,muestreo,log,50,yaml,2105,3615,41.770401
cl100k_base,muestreo,map,50,yaml,1000,1706,41.383353
cl100k_base,muestreo,ner,50,yaml,861,1901,54.708048
cl100k_base,muestreo,q,50,yaml,5257,8866,40.706068
cl100k_base,muestreo,r,50,yaml,1512,2791,45.825869
cl100k_base,muestreo,s,50,yaml,1234,2336,47.174658
cl100k_base,muestreo,sum,50,yaml,2583,4047,36.174944
cl100k_base,muestreo,tc,50,yaml,1989,3573,44.332494
cl100k_base,muestreo,us,50,yaml,1837,3271,43.839804
cl100k_base,muestreo,a,50,xml,3564,7674,53.557467
cl100k_base,muestreo,card,50,xml,2286,5197,56.013084
cl100k_base,muestreo,cat,50,xml,1560,4704,66.836735
cl100k_base,muestreo,cls,50,xml,1549,4670,66.830835
cl100k_base,muestreo,code,50,xml,2493,5749,56.635937
cl100k_base,muestreo,log,50,xml,2105,5004,57.933653
cl100k_base,muestreo,map,50,xml,1000,2871,65.168931
cl100k_base,muestreo,ner,50,xml,861,3000,71.3
cl100k_base,muestreo,q,50,xml,5257,10244,48.682155
cl100k_base,muestreo,r,50,xml,1512,4671,67.630058
cl100k_base,muestreo,s,50,xml,1234,3783,67.380386
cl100k_base,muestreo,sum,50,xml,2583,5736,54.968619
cl100k_base,muestreo,tc,50,xml,1989,5659,64.852447
cl100k_base,muestreo,us,50,xml,1837,5304,65.365762
cl100k_base,muestreo,a,50,csv,3564,3538,-0.734878
cl100k_base,muestreo,card,50,csv,2286,2186,-4.574565
cl100k_base,muestreo,cat,50,csv,1560,1521,-2.564103
cl100k_base,muestreo,cls,50,csv,1549,1651,6.178074
cl100k_base,muestreo,code,50,csv,2493,2327,-7.133648
cl100k_base,muestreo,log,50,csv,2105,2014,-4.518371
cl100k_base,muestreo,map,50,csv,1000,910,-9.89011
cl100k_base,muestreo,ner,50,csv,861,827,-4.111245
cl100k_base,muestreo,q,50,csv,5257,5242,-0.28615
cl100k_base,muestreo,r,50,csv,1512,1476,-2.439024
cl100k_base,muestreo,s,50,csv,1234,1113,-10.871518
cl100k_base,muestreo,sum,50,csv,2583,2506,-3.072626
cl100k_base,muestreo,tc,50,csv,1989,1913,-3.972818
cl100k_base,muestreo,us,50,csv,1837,1787,-2.797985
cl100k_base,muestreo,a,50,toon,3564,6448,44.727047
cl100k_base,muestreo,card,50,toon,2286,3683,37.931034
cl100k_base,muestreo,cat,50,toon,1560,3011,48.18997
cl100k_base,muestreo,cls,50,toon,1549,2972,47.880215
cl100k_base,muestreo,code,50,toon,2493,3871,35.598037
cl100k_base,muestreo,log,50,toon,2105,3692,42.984832
cl100k_base,muestreo,map,50,toon,1000,955,-4.712042
cl100k_base,muestreo,ner,50,toon,861,914,5.798687
cl100k_base,muestreo,q,50,toon,5257,8606,38.914711
cl100k_base,muestreo,r,50,toon,1512,2574,41.258741
cl100k_base,muestreo,s,50,toon,1234,2287,46.042851
cl100k_base,muestreo,sum,50,toon,2583,3985,35.181932
cl100k_base,muestreo,tc,50,toon,1989,3488,42.975917
cl100k_base,muestreo,us,50,toon,1837,3235,43.214838
cl100k_base,muestreo,a,50,toon_flat,3564,3699,3.649635
cl100k_base,muestreo,card,50,toon_flat,2286,2290,0.174672
cl100k_base,muestreo,cat,50,toon_flat,1560,1601,2.560899
cl100k_base,muestreo,cls,50,toon_flat,1549,1764,12.188209
cl100k_base,muestreo,code,50,toon_flat,2493,2416,-3.187086
cl100k_base,muestreo,log,50,toon_flat,2105,2226,5.435759
cl100k_base,muestreo,map,50,toon_flat,1000,955,-4.712042
cl100k_base,muestreo,ner,50,toon_flat,861,914,5.798687
cl100k_base,muestreo,q,50,toon_flat,5257,5403,2.702202
cl100k_base,muestreo,r,50,toon_flat,1512,1567,3.509892
cl100k_base,muestreo,s,50,toon_flat,1234,1198,-3.005008
cl100k_base,muestreo,sum,50,toon_flat,2583,2606,0.882579
cl100k_base,muestreo,tc,50,toon_flat,1989,2001,0.5997
cl100k_base,muestreo,us,50,toon_flat,1837,1870,1.764706
cl100k_base,muestreo,a,100,json_pretty,7053,16973,58.445767
cl100k_base,muestreo,card,100,json_pretty,4601,9639,52.266833
cl100k_base,muestreo,cat,100,json_pretty,3106,8301,62.582821
cl100k_base,muestreo,cls,100,json_pretty,3043,8801,65.424384
cl100k_base,muestreo,code,100,json_pretty,4969,10252,51.531409
cl100k_base,muestreo,log,100,json_pretty,4191,9212,54.504993
cl100k_base,muestreo,map,100,json_pretty,1967,4999,60.65213
cl100k_base,muestreo,ner,100,json_pretty,1693,5117,66.914208
cl100k_base,muestreo,q,100,json_pretty,10424,21848,52.288539
cl100k_base,muestreo,r,100,json_pretty,2970,7648,61.166318
cl100k_base,muestreo,s,100,json_pretty,2443,6442,62.076995
cl100k_base,muestreo,sum,100,json_pretty,5143,10104,49.099367
cl100k_base,muestreo,tc,100,json_pretty,3964,9654,58.9393
cl100k_base,muestreo,us,100,json_pretty,3644,8969,59.371167
cl100k_base,muestreo,a,100,json_compact,7053,10773,34.530771
cl100k_base,muestreo,card,100,json_compact,4601,6367,27.736768
cl100k_base,muestreo,cat,100,json_compact,3106,4892,36.508585
cl100k_base,muestreo,cls,100,json_compact,3043,4805,36.670135
cl100k_base,muestreo,code,100,json_compact,4969,6677,25.58035
cl100k_base,muestreo,log,100,json_compact,4191,5993,30.068413
cl100k_base,muestreo,map,100,json_compact,1967,3086,36.260531
cl100k_base,muestreo,ner,100,json_compact,1693,2895,41.519862
cl100k_base,muestreo,q,100,json_compact,10424,14658,28.88525
cl100k_base,muestreo,r,100,json_compact,2970,4423,32.851006
cl100k_base,muestreo,s,100,json_compact,2443,3720,34.327957
cl100k_base,muestreo,sum,100,json_compact,5143,6893,25.388075
cl100k_base,muestreo,tc,100,json_compact,3964,5975,33.656904
cl100k_base,muestreo,us,100,json_compact,3644,5547,34.306833
cl100k_base,muestreo,a,100,yaml,7053,13305,46.989853
cl100k_base,muestreo,card,100,yaml,4601,7347,37.3758
cl100k_base,muestreo,cat,100,yaml,3106,6250,50.304
cl100k_base,muestreo,cls,100,yaml,3043,6884,55.796049
cl100k_base,muestreo,code,100,yaml,4969,7733,35.74292
cl100k_base,muestreo,log,100,yaml,4191,7211,41.88046
cl100k_base,muestreo,map,100,yaml,1967,3382,41.839148
cl100k_base,muestreo,ner,100,yaml,1693,3765,55.033201
cl100k_base,muestreo,q,100,yaml,10424,17582,40.712092
cl100k_base,muestreo,r,100,yaml,2970,5522,46.215139
cl100k_base,muestreo,s,100,yaml,2443,4641,47.360483
cl100k_base,muestreo,sum,100,yaml,5143,8073,36.293819
cl100k_base,muestreo,tc,100,yaml,3964,7129,44.396128
cl100k_base,muestreo,us,100,yaml,3644,6507,43.998771
cl100k_base,muestreo,a,100,xml,7053,15225,53.674877
cl100k_base,muestreo,card,100,xml,4601,10436,55.912227
cl100k_base,muestreo,cat,100,xml,3106,9396,66.94338
cl100k_base,muestreo,cls,100,xml,3043,9281,67.212585
cl100k_base,muestreo,code,100,xml,4969,11491,56.757462
cl100k_base,muestreo,log,100,xml,4191,9976,57.989174
cl100k_base,muestreo,map,100,xml,1967,5705,65.521472
cl100k_base,muestreo,ner,100,xml,1693,5969,71.63679
cl100k_base,muestreo,q,100,xml,10424,20347,48.76886
cl100k_base,muestreo,r,100,xml,2970,9287,68.019813
cl100k_base,muestreo,s,100,xml,2443,7542,67.608062
cl100k_base,muestreo,sum,100,xml,5143,11465,55.141736
cl100k_base,muestreo,tc,100,xml,3964,11307,64.942071
cl100k_base,muestreo,us,100,xml,3644,10578,65.551144
cl100k_base,muestreo,a,100,csv,7053,7015,-0.541696
cl100k_base,muestreo,card,100,csv,4601,4409,-4.354729
cl100k_base,muestreo,cat,100,csv,3106,3032,-2.440633
cl100k_base,muestreo,cls,100,csv,3043,3241,6.109226
cl100k_base,muestreo,code,100,csv,4969,4645,-6.975242
cl100k_base,muestreo,log,100,csv,4191,4018,-4.305625
cl100k_base,muestreo,map,100,csv,1967,1807,-8.854455
cl100k_base,muestreo,ner,100,csv,1693,1646,-2.855407
cl100k_base,muestreo,q,100,csv,10424,10402,-0.211498
cl100k_base,muestreo,r,100,csv,2970,2908,-2.13205
cl100k_base,muestreo,s,100,csv,2443,2209,-10.593029
cl100k_base,muestreo,sum,100,csv,5143,5013,-2.593258
cl100k_base,muestreo,tc,100,csv,3964,3824,-3.661088
cl100k_base,muestreo,us,100,csv,3644,3552,-2.59009
cl100k_base,muestreo,a,100,toon,7053,12776,44.794928
cl100k_base,muestreo,card,100,toon,4601,7372,37.588171
cl100k_base,muestreo,cat,100,toon,3106,6001,48.24196
cl100k_base,muestreo,cls,100,toon,3043,5883,48.27469
cl100k_base,muestreo,code,100,toon,4969,7724,35.668048
cl100k_base,muestreo,log,100,toon,4191,7362,43.072535
cl100k_base,muestreo,map,100,toon,1967,1868,-5.299786
cl100k_base,muestreo,ner,100,toon,1693,1783,5.047672
cl100k_base,muestreo,q,100,toon,10424,17077,38.958834
cl100k_base,muestreo,r,100,toon,2970,5090,41.650295
cl100k_base,muestreo,s,100,toon,2443,4542,46.213122
cl100k_base,muestreo,sum,100,toon,5143,7939,35.218541
cl100k_base,muestreo,tc,100,toon,3964,6956,43.013226
cl100k_base,muestreo,us,100,toon,3644,6433,43.354578
cl100k_base,muestreo,a,100,toon_flat,7053,7230,2.448133
cl100k_base,muestreo,card,100,toon_flat,4601,4577,-0.524361
cl100k_base,muestreo,cat,100,toon_flat,3106,3166,1.895136
cl100k_base,muestreo,cls,100,toon_flat,3043,3435,11.411936
cl100k_base,muestreo,code,100,toon_flat,4969,4791,-3.7153
cl100k_base,muestreo,log,100,toon_flat,4191,4413,5.030591
cl100k_base,muestreo,map,100,toon_flat,1967,1868,-5.299786
cl100k_base,muestreo,ner,100,toon_flat,1693,1783,5.047672
cl100k_base,muestreo,q,100,toon_flat,10424,10618,1.827086
cl100k_base,muestreo,r,100,toon_flat,2970,3049,2.591013
cl100k_base,muestreo,s,100,toon_flat,2443,2344,-4.223549
cl100k_base,muestreo,sum,100,toon_flat,5143,5171,0.541481
cl100k_base,muestreo,tc,100,toon_flat,3964,3962,-0.05048
cl100k_base,muestreo,us,100,toon_flat,3644,3685,1.112619
cl100k_base,muestreo,a,250,json_pretty,17513,42184,58.484259
cl100k_base,muestreo,card,250,json_pretty,11421,23985,52.382739
cl100k_base,muestreo,cat,250,json_pretty,7753,20715,62.573015
cl100k_base,muestreo,cls,250,json_pretty,7592,21953,65.417027
cl100k_base,muestreo,code,250,json_pretty,12328,25502,51.658693
cl100k_base,muestreo,log,250,json_pretty,10443,22965,54.526453
cl100k_base,muestreo,map,250,json_pretty,4882,12426,60.711412
cl100k_base,muestreo,ner,250,json_pretty,4194,12718,67.023117
cl100k_base,muestreo,q,250,json_pretty,26016,54439,52.210731
cl100k_base,muestreo,r,250,json_pretty,7410,19060,61.12277
cl100k_base,muestreo,s,250,json_pretty,6067,16028,62.147492
cl100k_base,muestreo,sum,250,json_pretty,12811,25170,49.102106
cl100k_base,muestreo,tc,250,json_pretty,9861,24050,58.997921
cl100k_base,muestreo,us,250,json_pretty,9069,22344,59.411923
cl100k_base,muestreo,a,250,json_compact,17513,26784,34.613949
cl100k_base,muestreo,card,250,json_compact,11421,15839,27.893175
cl100k_base,muestreo,cat,250,json_compact,7753,12215,36.528858
cl100k_base,muestreo,cls,250,json_compact,7592,11992,36.691127
cl100k_base,muestreo,code,250,json_compact,12328,16608,25.770713
cl100k_base,muestreo,log,250,json_compact,10443,14945,30.123787
cl100k_base,muestreo,map,250,json_compact,4882,7675,36.390879
cl100k_base,muestreo,ner,250,json_compact,4194,7196,41.717621
cl100k_base,muestreo,q,250,json_compact,26016,36561,28.842209
cl100k_base,muestreo,r,250,json_compact,7410,11035,32.850023
cl100k_base,muestreo,s,250,json_compact,6067,9256,34.453328
cl100k_base,muestreo,sum,250,json_compact,12811,17187,25.461104
cl100k_base,muestreo,tc,250,json_compact,9861,14883,33.743197
cl100k_base,muestreo,us,250,json_compact,9069,13822,34.387209
cl100k_base,muestreo,a,250,yaml,17513,33071,47.044238
cl100k_base,muestreo,card,250,yaml,11421,18298,37.583342
cl100k_base,muestreo,cat,250,yaml,7753,15616,50.352203
cl100k_base,muestreo,cls,250,yaml,7592,17186,55.824508
cl100k_base,muestreo,code,250,yaml,12328,19236,35.911832
cl100k_base,muestreo,log,250,yaml,10443,17988,41.94463
cl100k_base,muestreo,map,250,yaml,4882,8407,41.929345
cl100k_base,muestreo,ner,250,yaml,4194,9366,55.221012
cl100k_base,muestreo,q,250,yaml,26016,43799,40.601384
cl100k_base,muestreo,r,250,yaml,7410,13771,46.191272
cl100k_base,muestreo,s,250,yaml,6067,11552,47.480956
cl100k_base,muestreo,sum,250,yaml,12811,20132,36.364991
cl100k_base,muestreo,tc,250,yaml,9861,17761,44.479478
cl100k_base,muestreo,us,250,yaml,9069,16221,44.090993
cl100k_base,muestreo,a,250,xml,17513,37872,53.757393
cl100k_base,muestreo,card,250,xml,11421,26002,56.076456
cl100k_base,muestreo,cat,250,xml,7753,23487,66.99025
cl100k_base,muestreo,cls,250,xml,7592,23198,67.273041
cl100k_base,muestreo,code,250,xml,12328,28628,56.937264
cl100k_base,muestreo,log,250,xml,10443,24904,58.066977
cl100k_base,muestreo,map,250,xml,4882,14235,65.70425
cl100k_base,muestreo,ner,250,xml,4194,14883,71.820198
cl100k_base,muestreo,q,250,xml,26016,50753,48.739976
cl100k_base,muestreo,r,250,xml,7410,23199,68.058968
cl100k_base,muestreo,s,250,xml,6067,18817,67.757879
cl100k_base,muestreo,sum,250,xml,12811,28601,55.20786
cl100k_base,muestreo,tc,250,xml,9861,28212,65.046789
cl100k_base,muestreo,us,250,xml,9069,26403,65.65163
cl100k_base,muestreo,a,250,csv,17513,17452,-0.34953
cl100k_base,muestreo,card,250,csv,11421,10968,-4.130197
cl100k_base,muestreo,cat,250,csv,7753,7581,-2.26883
cl100k_base,muestreo,cls,250,csv,7592,8080,6.039604
cl100k_base,muestreo,code,250,csv,12328,11535,-6.874729
cl100k_base,muestreo,log,250,csv,10443,10019,-4.231959
cl100k_base,muestreo,map,250,csv,4882,4509,-8.272344
cl100k_base,muestreo,ner,250,csv,4194,4110,-2.043796
cl100k_base,muestreo,q,250,csv,26016,25984,-0.123153
cl100k_base,muestreo,r,250,csv,7410,7258,-2.094241
cl100k_base,muestreo,s,250,csv,6067,5496,-10.389374
cl100k_base,muestreo,sum,250,csv,12811,12518,-2.340629
cl100k_base,muestreo,tc,250,csv,9861,9533,-3.44068
cl100k_base,muestreo,us,250,csv,9069,8852,-2.451423
cl100k_base,muestreo,a,250,toon,17513,31763,44.86352
cl100k_base,muestreo,card,250,toon,11421,18363,37.80428
cl100k_base,muestreo,cat,250,toon,7753,14988,48.271951
cl100k_base,muestreo,cls,250,toon,7592,14685,48.300987
cl100k_base,muestreo,code,250,toon,12328,19214,35.838451
cl100k_base,muestreo,log,250,toon,10443,18363,43.130207
cl100k_base,muestreo,map,250,toon,4882,4606,-5.992184
cl100k_base,muestreo,ner,250,toon,4194,4397,4.616784
cl100k_base,muestreo,q,250,toon,26016,42579,38.899457
cl100k_base,muestreo,r,250,toon,7410,12690,41.607565
cl100k_base,muestreo,s,250,toon,6067,11303,46.323985
cl100k_base,muestreo,sum,250,toon,12811,19798,35.291444
cl100k_base,muestreo,tc,250,toon,9861,17326,43.085536
cl100k_base,muestreo,us,250,toon,9069,16034,43.438942
cl100k_base,muestreo,a,250,toon_flat,17513,17830,1.777902
cl100k_base,muestreo,card,250,toon_flat,11421,11338,-0.732052
cl100k_base,muestreo,cat,250,toon_flat,7753,7878,1.586697
cl100k_base,muestreo,cls,250,toon_flat,7592,8511,10.797791
cl100k_base,muestreo,code,250,toon_flat,12328,11857,-3.972337
cl100k_base,muestreo,log,250,toon_flat,10443,10964,4.751915
cl100k_base,muestreo,map,250,toon_flat,4882,4606,-5.992184
cl100k_base,muestreo,ner,250,toon_flat,4194,4397,4.616784
cl100k_base,muestreo,q,250,toon_flat,26016,26361,1.308752
cl100k_base,muestreo,r,250,toon_flat,7410,7549,1.841303
cl100k_base,muestreo,s,250,toon_flat,6067,5781,-4.947241
cl100k_base,muestreo,sum,250,toon_flat,12811,12851,0.31126
cl100k_base,muestreo,tc,250,toon_flat,9861,9821,-0.40729
cl100k_base,muestreo,us,250,toon_flat,9069,9135,0.722496
cl100k_base,ciclo,a,1,json_pretty,126,311,59.485531
cl100k_base,ciclo,card,1,json_pretty,83,156,46.794872
cl100k_base,ciclo,cat,1,json_pretty,51,122,58.196721
cl100k_base,ciclo,cls,1,json_pretty,67,149,55.033557
cl100k_base,ciclo,code,1,json_pretty,83,160,48.125
cl100k_base,ciclo,log,1,json_pretty,60,130,53.846154
cl100k_base,ciclo,map,1,json_pretty,47,100,53.0
cl100k_base,ciclo,ner,1,json_pretty,45,103,56.31068
cl100k_base,ciclo,q,1,json_pretty,162,363,55.371901
cl100k_base,ciclo,r,1,json_pretty,66,139,52.517986
cl100k_base,ciclo,s,1,json_pretty,51,115,55.652174
cl100k_base,ciclo,sum,1,json_pretty,88,165,46.666667
cl100k_base,ciclo,tc,1,json_pretty,75,157,52.229299
cl100k_base,ciclo,us,1,json_pretty,67,145,53.793103
cl100k_base,ciclo,a,1,json_compact,126,184,31.521739
cl100k_base,ciclo,card,1,json_compact,83,101,17.821782
cl100k_base,ciclo,cat,1,json_compact,51,69,26.086957
cl100k_base,ciclo,cls,1,json_compact,67,86,22.093023
cl100k_base,ciclo,code,1,json_compact,83,101,17.821782
cl100k_base,ciclo,log,1,json_compact,60,79,24.050633
cl100k_base,ciclo,map,1,json_compact,47,59,20.338983
cl100k_base,ciclo,ner,1,json_compact,45,59,23.728814
cl100k_base,ciclo,q,1,json_compact,162,227,28.634361
cl100k_base,ciclo,r,1,json_compact,66,82,19.512195
cl100k_base,ciclo,s,1,json_compact,51,66,22.727273
cl100k_base,ciclo,sum,1,json_compact,88,107,17.757009
cl100k_base,ciclo,tc,1,json_compact,75,97,22.680412
cl100k_base,ciclo,us,1,json_compact,67,89,24.719101
cl100k_base,ciclo,a,1,yaml,126,246,48.780488
cl100k_base,ciclo,card,1,yaml,83,112,25.892857
cl100k_base,ciclo,cat,1,yaml,51,83,38.554217
cl100k_base,ciclo,cls,1,yaml,67,112,40.178571
cl100k_base,ciclo,code,1,yaml,83,118,29.661017
cl100k_base,ciclo,log,1,yaml,60,92,34.782609
cl100k_base,ciclo,map,1,yaml,47,65,27.692308
cl100k_base,ciclo,ner,1,yaml,45,70,35.714286
cl100k_base,ciclo,q,1,yaml,162,293,44.709898
cl100k_base,ciclo,r,1,yaml,66,98,32.653061
cl100k_base,ciclo,s,1,yaml,51,79,35.443038
cl100k_base,ciclo,sum,1,yaml,88,124,29.032258
cl100k_base,ciclo,tc,1,yaml,75,113,33.628319
cl100k_base,ciclo,us,1,yaml,67,101,33.663366
cl100k_base,ciclo,a,1,xml,126,253,50.197628
cl100k_base,ciclo,card,1,xml,83,144,42.361111
cl100k_base,ciclo,cat,1,xml,51,116,56.034483
cl100k_base,ciclo,cls,1,xml,67,135,50.37037
cl100k_base,ciclo,code,1,xml,83,154,46.103896
cl100k_base,ciclo,log,1,xml,60,122,50.819672
cl100k_base,ciclo,map,1,xml,47,84,44.047619
cl100k_base,ciclo,ner,1,xml,45,89,49.438202
cl100k_base,ciclo,q,1,xml,162,309,47.572816
cl100k_base,ciclo,r,1,xml,66,129,48.837209
cl100k_base,ciclo,s,1,xml,51,102,50.0
cl100k_base,ciclo,sum,1,xml,88,153,42.48366
cl100k_base,ciclo,tc,1,xml,75,151,50.331126
cl100k_base,ciclo,us,1,xml,67,137,51.094891
cl100k_base,ciclo,a,1,csv,126,106,-18.867925
cl100k_base,ciclo,card,1,csv,83,66,-25.757576
cl100k_base,ciclo,cat,1,csv,51,45,-13.333333
cl100k_base,ciclo,cls,1,csv,67,76,11.842105
cl100k_base,ciclo,code,1,csv,83,73,-13.69863
cl100k_base,ciclo,log,1,csv,60,50,-20.0
cl100k_base,ciclo,map,1,csv,47,26,-80.769231
cl100k_base,ciclo,ner,1,csv,45,23,-95.652174
cl100k_base,ciclo,q,1,csv,162,150,-8.0
cl100k_base,ciclo,r,1,csv,66,59,-11.864407
cl100k_base,ciclo,s,1,csv,51,40,-27.5
cl100k_base,ciclo,sum,1,csv,88,67,-31.343284
cl100k_base,ciclo,tc,1,csv,75,60,-25.0
cl100k_base,ciclo,us,1,csv,67,58,-15.517241
cl100k_base,ciclo,a,1,toon,126,224,43.75
cl100k_base,ciclo,card,1,toon,83,113,26.548673
cl100k_base,ciclo,cat,1,toon,51,83,38.554217
cl100k_base,ciclo,cls,1,toon,67,102,34.313725
cl100k_base,ciclo,code,1,toon,83,117,29.059829
cl100k_base,ciclo,log,1,toon,60,95,36.842105
cl100k_base,ciclo,map,1,toon,47,60,21.666667
cl100k_base,ciclo,ner,1,toon,45,61,26.229508
cl100k_base,ciclo,q,1,toon,162,272,40.441176
cl100k_base,ciclo,r,1,toon,66,94,29.787234
cl100k_base,ciclo,s,1,toon,51,79,35.443038
cl100k_base,ciclo,sum,1,toon,88,121,27.272727
cl100k_base,ciclo,tc,1,toon,75,111,32.432432
cl100k_base,ciclo,us,1,toon,67,101,33.663366
cl100k_base,ciclo,a,1,toon_flat,126,214,41.121495
cl100k_base,ciclo,card,1,toon_flat,83,103,19.417476
cl100k_base,ciclo,cat,1,toon_flat,51,72,29.166667
cl100k_base,ciclo,cls,1,toon_flat,67,112,40.178571
cl100k_base,ciclo,code,1,toon_flat,83,104,20.192308
cl100k_base,ciclo,log,1,toon_flat,60,83,27.710843
cl100k_base,ciclo,map,1,toon_flat,47,60,21.666667
cl100k_base,ciclo,ner,1,toon_flat,45,61,26.229508
cl100k_base,ciclo,q,1,toon_flat,162,258,37.209302
cl100k_base,ciclo,r,1,toon_flat,66,101,34.653465
cl100k_base,ciclo,s,1,toon_flat,51,76,32.894737
cl100k_base,ciclo,sum,1,toon_flat,88,109,19.266055
cl100k_base,ciclo,tc,1,toon_flat,75,99,24.242424
cl100k_base,ciclo,us,1,toon_flat,67,92,27.173913
cl100k_base,ciclo,a,5,json_pretty,413,991,58.324924
cl100k_base,ciclo,card,5,json_pretty,265,538,50.743494
cl100k_base,ciclo,cat,5,json_pretty,171,447,61.744966
cl100k_base,ciclo,cls,5,json_pretty,185,489,62.167689
cl100k_base,ciclo,code,5,json_pretty,252,544,53.676471
cl100k_base,ciclo,log,5,json_pretty,234,508,53.937008
cl100k_base,ciclo,map,5,json_pretty,129,302,57.284768
cl100k_base,ciclo,ner,5,json_pretty,109,303,64.026403
cl100k_base,ciclo,q,5,json_pretty,591,1245,52.53012
cl100k_base,ciclo,r,5,json_pretty,186,446,58.295964
cl100k_base,ciclo,s,5,json_pretty,153,377,59.416446
cl100k_base,ciclo,sum,5,json_pretty,301,579,48.013817
cl100k_base,ciclo,tc,5,json_pretty,239,550,56.545455
cl100k_base,ciclo,us,5,json_pretty,218,508,57.086614
cl100k_base,ciclo,a,5,json_compact,413,619,33.279483
cl100k_base,ciclo,card,5,json_compact,265,355,25.352113
cl100k_base,ciclo,cat,5,json_compact,171,258,33.72093
cl100k_base,ciclo,cls,5,json_compact,185,272,31.985294
cl100k_base,ciclo,code,5,json_compact,252,346,27.16763
cl100k_base,ciclo,log,5,json_compact,234,326,28.220859
cl100k_base,ciclo,map,5,json_compact,129,185,30.27027
cl100k_base,ciclo,ner,5,json_compact,109,171,36.25731
cl100k_base,ciclo,q,5,json_compact,591,824,28.276699
cl100k_base,ciclo,r,5,json_compact,186,261,28.735632
cl100k_base,ciclo,s,5,json_compact,153,220,30.454545
cl100k_base,ciclo,sum,5,json_compact,301,391,23.017903
cl100k_base,ciclo,tc,5,json_compact,239,340,29.705882
cl100k_base,ciclo,us,5,json_compact,218,316,31.012658
cl100k_base,ciclo,a,5,yaml,413,784,47.321429
cl100k_base,ciclo,card,5,yaml,265,405,34.567901
cl100k_base,ciclo,cat,5,yaml,171,326,47.546012
cl100k_base,ciclo,cls,5,yaml,185,375,50.666667
cl100k_base,ciclo,code,5,yaml,252,401,37.157107
cl100k_base,ciclo,log,5,yaml,234,389,39.845758
cl100k_base,ciclo,map,5,yaml,129,204,36.764706
cl100k_base,ciclo,ner,5,yaml,109,218,50.0
cl100k_base,ciclo,q,5,yaml,591,1010,41.485149
cl100k_base,ciclo,r,5,yaml,186,324,42.592593
cl100k_base,ciclo,s,5,yaml,153,269,43.122677
cl100k_base,ciclo,sum,5,yaml,301,459,34.422658
cl100k_base,ciclo,tc,5,yaml,239,406,41.133005
cl100k_base,ciclo,us,5,yaml,218,367,40.599455
cl100k_base,ciclo,a,5,xml,413,866,52.309469
cl100k_base,ciclo,card,5,xml,265,553,52.079566
cl100k_base,ciclo,cat,5,xml,171,491,65.173116
cl100k_base,ciclo,cls,5,xml,185,492,62.398374
cl100k_base,ciclo,code,5,xml,252,586,56.996587
cl100k_base,ciclo,log,5,xml,234,525,55.428571
cl100k_base,ciclo,map,5,xml,129,317,59.305994
cl100k_base,ciclo,ner,5,xml,109,324,66.358025
cl100k_base,ciclo,q,5,xml,591,1133,47.837599
cl100k_base,ciclo,r,5,xml,186,503,63.021869
cl100k_base,ciclo,s,5,xml,153,410,62.682927
cl100k_base,ciclo,sum,5,xml,301,624,51.762821
cl100k_base,ciclo,tc,5,xml,239,612,60.947712
cl100k_base,ciclo,us,5,xml,218,565,61.415929
cl100k_base,ciclo,a,5,csv,413,394,-4.822335
cl100k_base,ciclo,card,5,csv,265,240,-10.416667
cl100k_base,ciclo,cat,5,csv,171,164,-4.268293
cl100k_base,ciclo,cls,5,csv,185,198,6.565657
cl100k_base,ciclo,code,5,csv,252,234,-7.692308
cl100k_base,ciclo,log,5,csv,234,217,-7.834101
cl100k_base,ciclo,map,5,csv,129,102,-26.470588
cl100k_base,ciclo,ner,5,csv,109,86,-26.744186
cl100k_base,ciclo,q,5,csv,591,580,-1.896552
cl100k_base,ciclo,r,5,csv,186,176,-5.681818
cl100k_base,ciclo,s,5,csv,153,132,-15.909091
cl100k_base,ciclo,sum,5,csv,301,275,-9.454545
cl100k_base,ciclo,tc,5,csv,239,219,-9.13242
cl100k_base,ciclo,us,5,csv,218,206,-5.825243
cl100k_base,ciclo,a,5,toon,413,741,44.264507
cl100k_base,ciclo,card,5,toon,265,408,35.04902
cl100k_base,ciclo,cat,5,toon,171,318,46.226415
cl100k_base,ciclo,cls,5,toon,185,330,43.939394
cl100k_base,ciclo,code,5,toon,252,399,36.842105
cl100k_base,ciclo,log,5,toon,234,394,40.609137
cl100k_base,ciclo,map,5,toon,129,137,5.839416
cl100k_base,ciclo,ner,5,toon,109,128,14.84375
cl100k_base,ciclo,q,5,toon,591,968,38.946281
cl100k_base,ciclo,r,5,toon,186,301,38.20598
cl100k_base,ciclo,s,5,toon,153,265,42.264151
cl100k_base,ciclo,sum,5,toon,301,446,32.511211
cl100k_base,ciclo,tc,5,toon,239,394,39.340102
cl100k_base,ciclo,us,5,toon,218,363,39.944904
cl100k_base,ciclo,a,5,toon_flat,413,507,18.540434
cl100k_base,ciclo,card,5,toon_flat,265,282,6.028369
cl100k_base,ciclo,cat,5,toon_flat,171,195,12.307692
cl100k_base,ciclo,cls,5,toon_flat,185,240,22.916667
cl100k_base,ciclo,code,5,toon_flat,252,270,6.666667
cl100k_base,ciclo,log,5,toon_flat,234,264,11.363636
cl100k_base,ciclo,map,5,toon_flat,129,137,5.839416
cl100k_base,ciclo,ner,5,toon_flat,109,128,14.84375
cl100k_base,ciclo,q,5,toon_flat,591,693,14.718615
cl100k_base,ciclo,r,5,toon_flat,186,222,16.216216
cl100k_base,ciclo,s,5,toon_flat,153,172,11.046512
cl100k_base,ciclo,sum,5,toon_flat,301,323,6.811146
cl100k_base,ciclo,tc,5,toon_flat,239,262,8.778626
cl100k_base,ciclo,us,5,toon_flat,218,244,10.655738
cl100k_base,ciclo,a,10,json_pretty,756,1825,58.575342
cl100k_base,ciclo,card,10,json_pretty,491,1014,51.577909
cl100k_base,ciclo,cat,10,json_pretty,326,864,62.268519
cl100k_base,ciclo,cls,10,json_pretty,330,926,64.362851
cl100k_base,ciclo,code,10,json_pretty,526,1068,50.749064
cl100k_base,ciclo,log,10,json_pretty,441,962,54.158004
cl100k_base,ciclo,map,10,json_pretty,228,551,58.62069
cl100k_base,ciclo,ner,10,json_pretty,191,555,65.585586
cl100k_base,ciclo,q,10,json_pretty,1096,2316,52.677029
cl100k_base,ciclo,r,10,json_pretty,331,824,59.830097
cl100k_base,ciclo,s,10,json_pretty,266,687,61.280932
cl100k_base,ciclo,sum,10,json_pretty,553,1077,48.653668
cl100k_base,ciclo,tc,10,json_pretty,430,1021,57.884427
cl100k_base,ciclo,us,10,json_pretty,395,950,58.421053
cl100k_base,ciclo,a,10,json_compact,756,1146,34.031414
cl100k_base,ciclo,card,10,json_compact,491,669,26.606876
cl100k_base,ciclo,cat,10,json_compact,326,505,35.445545
cl100k_base,ciclo,cls,10,json_compact,330,507,34.911243
cl100k_base,ciclo,code,10,json_compact,526,696,24.425287
cl100k_base,ciclo,log,10,json_compact,441,621,28.985507
cl100k_base,ciclo,map,10,json_compact,228,339,32.743363
cl100k_base,ciclo,ner,10,json_compact,191,313,38.977636
cl100k_base,ciclo,q,10,json_compact,1096,1539,28.784925
cl100k_base,ciclo,r,10,json_compact,331,479,30.897704
cl100k_base,ciclo,s,10,json_compact,266,395,32.658228
cl100k_base,ciclo,sum,10,json_compact,553,730,24.246575
cl100k_base,ciclo,tc,10,json_compact,430,632,31.962025
cl100k_base,ciclo,us,10,json_compact,395,588,32.823129
cl100k_base,ciclo,a,10,yaml,756,1432,47.206704
cl100k_base,ciclo,card,10,yaml,491,770,36.233766
cl100k_base,ciclo,cat,10,yaml,326,643,49.300156
cl100k_base,ciclo,cls,10,yaml,330,718,54.038997
cl100k_base,ciclo,code,10,yaml,526,801,34.332085
cl100k_base,ciclo,log,10,yaml,441,746,40.884718
cl100k_base,ciclo,map,10,yaml,228,369,38.211382
cl100k_base,ciclo,ner,10,yaml,191,404,52.722772
cl100k_base,ciclo,q,10,yaml,1096,1863,41.170156
cl100k_base,ciclo,r,10,yaml,331,593,44.182125
cl100k_base,ciclo,s,10,yaml,266,491,45.824847
cl100k_base,ciclo,sum,10,yaml,553,856,35.397196
cl100k_base,ciclo,tc,10,yaml,430,751,42.743009
cl100k_base,ciclo,us,10,yaml,395,686,42.419825
cl100k_base,ciclo,a,10,xml,756,1615,53.188854
cl100k_base,ciclo,card,10,xml,491,1072,54.197761
cl100k_base,ciclo,cat,10,xml,326,964,66.182573
cl100k_base,ciclo,cls,10,xml,330,952,65.336134
cl100k_base,ciclo,code,10,xml,526,1171,55.081127
cl100k_base,ciclo,log,10,xml,441,1030,57.184466
cl100k_base,ciclo,map,10,xml,228,607,62.438221
cl100k_base,ciclo,ner,10,xml,191,620,69.193548
cl100k_base,ciclo,q,10,xml,1096,2132,48.592871
cl100k_base,ciclo,r,10,xml,331,964,65.6639
cl100k_base,ciclo,s,10,xml,266,776,65.721649
cl100k_base,ciclo,sum,10,xml,553,1194,53.685092
cl100k_base,ciclo,tc,10,xml,430,1166,63.121784
cl100k_base,ciclo,us,10,xml,395,1089,63.728191
cl100k_base,ciclo,a,10,csv,756,734,-2.997275
cl100k_base,ciclo,card,10,csv,491,459,-6.971678
cl100k_base,ciclo,cat,10,csv,326,316,-3.164557
cl100k_base,ciclo,cls,10,csv,330,356,7.303371
cl100k_base,ciclo,code,10,csv,526,485,-8.453608
cl100k_base,ciclo,log,10,csv,441,417,-5.755396
cl100k_base,ciclo,map,10,csv,228,193,-18.134715
cl100k_base,ciclo,ner,10,csv,191,167,-14.371257
cl100k_base,ciclo,q,10,csv,1096,1083,-1.200369
cl100k_base,ciclo,r,10,csv,331,320,-3.4375
cl100k_base,ciclo,s,10,csv,266,236,-12.711864
cl100k_base,ciclo,sum,10,csv,553,523,-5.736138
cl100k_base,ciclo,tc,10,csv,430,404,-6.435644
cl100k_base,ciclo,us,10,csv,395,378,-4.497354
cl100k_base,ciclo,a,10,toon,756,1365,44.615385
cl100k_base,ciclo,card,10,toon,491,772,36.398964
cl100k_base,ciclo,cat,10,toon,326,620,47.419355
cl100k_base,ciclo,cls,10,toon,330,620,46.774194
cl100k_base,ciclo,code,10,toon,526,803,34.495641
cl100k_base,ciclo,log,10,toon,441,761,42.049934
cl100k_base,ciclo,map,10,toon,228,229,0.436681
cl100k_base,ciclo,ner,10,toon,191,214,10.747664
cl100k_base,ciclo,q,10,toon,1096,1798,39.043382
cl100k_base,ciclo,r,10,toon,331,549,39.708561
cl100k_base,ciclo,s,10,toon,266,482,44.813278
cl100k_base,ciclo,sum,10,toon,553,839,34.0882
cl100k_base,ciclo,tc,10,toon,430,734,41.416894
cl100k_base,ciclo,us,10,toon,395,679,41.826215
cl100k_base,ciclo,a,10,toon_flat,756,852,11.267606
cl100k_base,ciclo,card,10,toon_flat,491,508,3.346457
cl100k_base,ciclo,cat,10,toon_flat,326,352,7.386364
cl100k_base,ciclo,cls,10,toon_flat,330,406,18.719212
cl100k_base,ciclo,code,10,toon_flat,526,527,0.189753
cl100k_base,ciclo,log,10,toon_flat,441,482,8.506224
cl100k_base,ciclo,map,10,toon_flat,228,229,0.436681
cl100k_base,ciclo,ner,10,toon_flat,191,214,10.747664
cl100k_base,ciclo,q,10,toon_flat,1096,1201,8.742714
cl100k_base,ciclo,r,10,toon_flat,331,371,10.781671
cl100k_base,ciclo,s,10,toon_flat,266,281,5.338078
cl100k_base,ciclo,sum,10,toon_flat,553,576,3.993056
cl100k_base,ciclo,tc,10,toon_flat,430,452,4.867257
cl100k_base,ciclo,us,10,toon_flat,395,421,6.175772
cl100k_base,ciclo,a,25,json_pretty,1802,4347,58.546124
cl100k_base,ciclo,card,25,json_pretty,1177,2454,52.03749
cl100k_base,ciclo,cat,25,json_pretty,793,2106,62.345679
cl100k_base,ciclo,cls,25,json_pretty,793,2251,64.771213
cl100k_base,ciclo,code,25,json_pretty,1267,2606,51.381427
cl100k_base,ciclo,log,25,json_pretty,1060,2330,54.506438
cl100k_base,ciclo,map,25,json_pretty,513,1288,60.170807
cl100k_base,ciclo,ner,25,json_pretty,445,1319,66.26232
cl100k_base,ciclo,q,25,json_pretty,2654,5575,52.394619
cl100k_base,ciclo,r,25,json_pretty,774,1963,60.570555
cl100k_base,ciclo,s,25,json_pretty,631,1649,61.734384
cl100k_base,ciclo,sum,25,json_pretty,1314,2575,48.970874
cl100k_base,ciclo,tc,25,json_pretty,1019,2461,58.594067
cl100k_base,ciclo,us,25,json_pretty,935,2285,59.080963
cl100k_base,ciclo,a,25,json_compact,1802,2748,34.425036
cl100k_base,ciclo,card,25,json_compact,1177,1619,27.300803
cl100k_base,ciclo,cat,25,json_compact,793,1239,35.996772
cl100k_base,ciclo,cls,25,json_compact,793,1234,35.737439
cl100k_base,ciclo,code,25,json_compact,1267,1695,25.250737
cl100k_base,ciclo,log,25,json_compact,1060,1511,29.847783
cl100k_base,ciclo,map,25,json_compact,513,793,35.308953
cl100k_base,ciclo,ner,25,json_compact,445,747,40.42838
cl100k_base,ciclo,q,25,json_compact,2654,3729,28.828104
cl100k_base,ciclo,r,25,json_compact,774,1138,31.98594
cl100k_base,ciclo,s,25,json_compact,631,952,33.718487
cl100k_base,ciclo,sum,25,json_compact,1314,1753,25.042784
cl100k_base,ciclo,tc,25,json_compact,1019,1523,33.09258
cl100k_base,ciclo,us,25,json_compact,935,1413,33.828733
cl100k_base,ciclo,a,25,yaml,1802,3410,47.155425
cl100k_base,ciclo,card,25,yaml,1177,1866,36.923901
cl100k_base,ciclo,cat,25,yaml,793,1579,49.778341
cl100k_base,ciclo,cls,25,yaml,793,1758,54.891923
cl100k_base,ciclo,code,25,yaml,1267,1964,35.488798
cl100k_base,ciclo,log,25,yaml,1060,1816,41.629956
cl100k_base,ciclo,map,25,yaml,513,869,40.966628
cl100k_base,ciclo,ner,25,yaml,445,966,53.933747
cl100k_base,ciclo,q,25,yaml,2654,4487,40.851348
cl100k_base,ciclo,r,25,yaml,774,1416,45.338983
cl100k_base,ciclo,s,25,yaml,631,1185,46.751055
cl100k_base,ciclo,sum,25,yaml,1314,2052,35.964912
cl100k_base,ciclo,tc,25,yaml,1019,1815,43.856749
cl100k_base,ciclo,us,25,yaml,935,1655,43.504532
cl100k_base,ciclo,a,25,xml,1802,3879,53.544728
cl100k_base,ciclo,card,25,xml,1177,2638,55.382866
cl100k_base,ciclo,cat,25,xml,793,2368,66.511824
cl100k_base,ciclo,cls,25,xml,793,2359,66.384061
cl100k_base,ciclo,code,25,xml,1267,2902,56.340455
cl100k_base,ciclo,log,25,xml,1060,2510,57.768924
cl100k_base,ciclo,map,25,xml,513,1448,64.571823
cl100k_base,ciclo,ner,25,xml,445,1515,70.627063
cl100k_base,ciclo,q,25,xml,2654,5171,48.675305
cl100k_base,ciclo,r,25,xml,774,2353,67.105822
cl100k_base,ciclo,s,25,xml,631,1906,66.894019
cl100k_base,ciclo,sum,25,xml,1314,2895,54.611399
cl100k_base,ciclo,tc,25,xml,1019,2857,64.333217
cl100k_base,ciclo,us,25,xml,935,2669,64.968153
cl100k_base,ciclo,a,25,csv,1802,1778,-1.349831
cl100k_base,ciclo,card,25,csv,1177,1118,-5.277281
cl100k_base,ciclo,cat,25,csv,793,771,-2.853437
cl100k_base,ciclo,cls,25,csv,793,848,6.485849
cl100k_base,ciclo,code,25,csv,1267,1181,-7.281964
cl100k_base,ciclo,log,25,csv,1060,1010,-4.950495
cl100k_base,ciclo,map,25,csv,513,458,-12.008734
cl100k_base,ciclo,ner,25,csv,445,417,-6.714628
cl100k_base,ciclo,q,25,csv,2654,2640,-0.530303
cl100k_base,ciclo,r,25,csv,774,753,-2.788845
cl100k_base,ciclo,s,25,csv,631,566,-11.484099
cl100k_base,ciclo,sum,25,csv,1314,1267,-3.70955
cl100k_base,ciclo,tc,25,csv,1019,974,-4.620123
cl100k_base,ciclo,us,25,csv,935,906,-3.200883
cl100k_base,ciclo,a,25,toon,1802,3264,44.791667
cl100k_base,ciclo,card,25,toon,1177,1873,37.159637
cl100k_base,ciclo,cat,25,toon,793,1519,47.794602
cl100k_base,ciclo,cls,25,toon,793,1508,47.413793
cl100k_base,ciclo,code,25,toon,1267,1961,35.390107
cl100k_base,ciclo,log,25,toon,1060,1855,42.857143
cl100k_base,ciclo,map,25,toon,513,498,-3.012048
cl100k_base,ciclo,ner,25,toon,445,479,7.098121
cl100k_base,ciclo,q,25,toon,2654,4350,38.988506
cl100k_base,ciclo,r,25,toon,774,1308,40.825688
cl100k_base,ciclo,s,25,toon,631,1161,45.650301
cl100k_base,ciclo,sum,25,toon,1314,2017,34.853743
cl100k_base,ciclo,tc,25,toon,1019,1771,42.461886
cl100k_base,ciclo,us,25,toon,935,1637,42.883323
cl100k_base,ciclo,a,25,toon_flat,1802,1912,5.753138
cl100k_base,ciclo,card,25,toon_flat,1177,1187,0.84246
cl100k_base,ciclo,cat,25,toon_flat,793,824,3.762136
cl100k_base,ciclo,cls,25,toon_flat,793,922,13.991323
cl100k_base,ciclo,code,25,toon_flat,1267,1240,-2.177419
cl100k_base,ciclo,log,25,toon_flat,1060,1131,6.27763
cl100k_base,ciclo,map,25,toon_flat,513,498,-3.012048
cl100k_base,ciclo,ner,25,toon_flat,445,479,7.098121
cl100k_base,ciclo,q,25,toon_flat,2654,2774,4.325883
cl100k_base,ciclo,r,25,toon_flat,774,819,5.494505
cl100k_base,ciclo,s,25,toon_flat,631,626,-0.798722
cl100k_base,ciclo,sum,25,toon_flat,1314,1337,1.720269
cl100k_base,ciclo,tc,25,toon_flat,1019,1037,1.735776
cl100k_base,ciclo,us,25,toon_flat,935,964,3.008299
cl100k_base,ciclo,a,50,json_pretty,3545,8547,58.523459
cl100k_base,ciclo,card,50,json_pretty,2321,4852,52.164056
cl100k_base,ciclo,cat,50,json_pretty,1570,4175,62.39521
cl100k_base,ciclo,cls,50,json_pretty,1549,4438,65.09689
cl100k_base,ciclo,code,50,json_pretty,2496,5152,51.552795
cl100k_base,ciclo,log,50,json_pretty,2105,4626,54.496325
cl100k_base,ciclo,map,50,json_pretty,998,2525,60.475248
cl100k_base,ciclo,ner,50,json_pretty,861,2585,66.692456
cl100k_base,ciclo,q,50,json_pretty,5253,11006,52.271488
cl100k_base,ciclo,r,50,json_pretty,1517,3868,60.780765
cl100k_base,ciclo,s,50,json_pretty,1235,3247,61.964891
cl100k_base,ciclo,sum,50,json_pretty,2599,5096,48.999215
cl100k_base,ciclo,tc,50,json_pretty,2005,4865,58.787256
cl100k_base,ciclo,us,50,json_pretty,1844,4519,59.194512
cl100k_base,ciclo,a,50,json_compact,3545,5415,34.533703
cl100k_base,ciclo,card,50,json_compact,2321,3204,27.559301
cl100k_base,ciclo,cat,50,json_compact,1570,2460,36.178862
cl100k_base,ciclo,cls,50,json_compact,1549,2429,36.228901
cl100k_base,ciclo,code,50,json_compact,2496,3353,25.559201
cl100k_base,ciclo,log,50,json_compact,2105,3006,29.973387
cl100k_base,ciclo,map,50,json_compact,998,1557,35.902376
cl100k_base,ciclo,ner,50,json_compact,861,1463,41.148325
cl100k_base,ciclo,q,50,json_compact,5253,7379,28.811492
cl100k_base,ciclo,r,50,json_compact,1517,2243,32.367365
cl100k_base,ciclo,s,50,json_compact,1235,1875,34.133333
cl100k_base,ciclo,sum,50,json_compact,2599,3477,25.251654
cl100k_base,ciclo,tc,50,json_compact,2005,3011,33.410827
cl100k_base,ciclo,us,50,json_compact,1844,2797,34.07222
cl100k_base,ciclo,a,50,yaml,3545,6700,47.089552
cl100k_base,ciclo,card,50,yaml,2321,3697,37.219367
cl100k_base,ciclo,cat,50,yaml,1570,3140,50.0
cl100k_base,ciclo,cls,50,yaml,1549,3470,55.360231
cl100k_base,ciclo,code,50,yaml,2496,3884,35.736354
cl100k_base,ciclo,log,50,yaml,2105,3616,41.786504
cl100k_base,ciclo,map,50,yaml,998,1707,41.534856
cl100k_base,ciclo,ner,50,yaml,861,1900,54.684211
cl100k_base,ciclo,q,50,yaml,5253,8856,40.684282
cl100k_base,ciclo,r,50,yaml,1517,2795,45.724508
cl100k_base,ciclo,s,50,yaml,1235,2337,47.154472
cl100k_base,ciclo,sum,50,yaml,2599,4072,36.17387
cl100k_base,ciclo,tc,50,yaml,2005,3592,44.181514
cl100k_base,ciclo,us,50,yaml,1844,3279,43.763342
cl100k_base,ciclo,a,50,xml,3545,7653,53.678296
cl100k_base,ciclo,card,50,xml,2321,5242,55.723006
cl100k_base,ciclo,cat,50,xml,1570,4719,66.730239
cl100k_base,ciclo,cls,50,xml,1549,4670,66.830835
cl100k_base,ciclo,code,50,xml,2496,5762,56.681708
cl100k_base,ciclo,log,50,xml,2105,4999,57.891578
cl100k_base,ciclo,map,50,xml,998,2869,65.21436
cl100k_base,ciclo,ner,50,xml,861,3000,71.3
cl100k_base,ciclo,q,50,xml,5253,10238,48.691151
cl100k_base,ciclo,r,50,xml,1517,4674,67.54386
cl100k_base,ciclo,s,50,xml,1235,3786,67.37982
cl100k_base,ciclo,sum,50,xml,2599,5762,54.894134
cl100k_base,ciclo,tc,50,xml,2005,5679,64.694488
cl100k_base,ciclo,us,50,xml,1844,5311,65.279608
cl100k_base,ciclo,a,50,csv,3545,3517,-0.796133
cl100k_base,ciclo,card,50,csv,2321,2217,-4.691024
cl100k_base,ciclo,cat,50,csv,1570,1532,-2.480418
cl100k_base,ciclo,cls,50,csv,1549,1651,6.178074
cl100k_base,ciclo,code,50,csv,2496,2331,-7.078507
cl100k_base,ciclo,log,50,csv,2105,2014,-4.518371
cl100k_base,ciclo,map,50,csv,998,908,-9.911894
cl100k_base,ciclo,ner,50,csv,861,827,-4.111245
cl100k_base,ciclo,q,50,csv,5253,5237,-0.305518
cl100k_base,ciclo,r,50,csv,1517,1480,-2.5
cl100k_base,ciclo,s,50,csv,1235,1114,-10.861759
cl100k_base,ciclo,sum,50,csv,2599,2525,-2.930693
cl100k_base,ciclo,tc,50,csv,2005,1929,-3.939865
cl100k_base,ciclo,us,50,csv,1844,1794,-2.787068
cl100k_base,ciclo,a,50,toon,3545,6428,44.850653
cl100k_base,ciclo,card,50,toon,2321,3708,37.405609
cl100k_base,ciclo,cat,50,toon,1570,3019,47.996025
cl100k_base,ciclo,cls,50,toon,1549,2972,47.880215
cl100k_base,ciclo,code,50,toon,2496,3878,35.636926
cl100k_base,ciclo,log,50,toon,2105,3691,42.969385
cl100k_base,ciclo,map,50,toon,998,954,-4.612159
cl100k_base,ciclo,ner,50,toon,861,914,5.798687
cl100k_base,ciclo,q,50,toon,5253,8601,38.925706
cl100k_base,ciclo,r,50,toon,1517,2578,41.155935
cl100k_base,ciclo,s,50,toon,1235,2288,46.022727
cl100k_base,ciclo,sum,50,toon,2599,4001,35.04124
cl100k_base,ciclo,tc,50,toon,2005,3503,42.763346
cl100k_base,ciclo,us,50,toon,1844,3242,43.12153
cl100k_base,ciclo,a,50,toon_flat,3545,3678,3.616096
cl100k_base,ciclo,card,50,toon_flat,2321,2319,-0.086244
cl100k_base,ciclo,cat,50,toon_flat,1570,1612,2.605459
cl100k_base,ciclo,cls,50,toon_flat,1549,1764,12.188209
cl100k_base,ciclo,code,50,toon_flat,2496,2419,-3.183134
cl100k_base,ciclo,log,50,toon_flat,2105,2226,5.435759
cl100k_base,ciclo,map,50,toon_flat,998,954,-4.612159
cl100k_base,ciclo,ner,50,toon_flat,861,914,5.798687
cl100k_base,ciclo,q,50,toon_flat,5253,5398,2.68618
cl100k_base,ciclo,r,50,toon_flat,1517,1571,3.437301
cl100k_base,ciclo,s,50,toon_flat,1235,1199,-3.002502
cl100k_base,ciclo,sum,50,toon_flat,2599,2624,0.952744
cl100k_base,ciclo,tc,50,toon_flat,2005,2017,0.594943
cl100k_base,ciclo,us,50,toon_flat,1844,1877,1.758125
cl100k_base,ciclo,a,100,json_pretty,7040,16956,58.480774
cl100k_base,ciclo,card,100,json_pretty,4596,9637,52.30881
cl100k_base,ciclo,cat,100,json_pretty,3112,8308,62.542128
cl100k_base,ciclo,cls,100,json_pretty,3063,8815,65.252411
cl100k_base,ciclo,code,100,json_pretty,4943,10231,51.686052
cl100k_base,ciclo,log,100,json_pretty,4189,9211,54.521767
cl100k_base,ciclo,map,100,json_pretty,1972,5003,60.58365
cl100k_base,ciclo,ner,100,json_pretty,1693,5117,66.914208
cl100k_base,ciclo,q,100,json_pretty,10448,21865,52.21587
cl100k_base,ciclo,r,100,json_pretty,2988,7665,61.017613
cl100k_base,ciclo,s,100,json_pretty,2447,6447,62.044362
cl100k_base,ciclo,sum,100,json_pretty,5150,10114,49.080482
cl100k_base,ciclo,tc,100,json_pretty,3967,9660,58.933747
cl100k_base,ciclo,us,100,json_pretty,3654,8979,59.305045
cl100k_base,ciclo,a,100,json_compact,7040,10758,34.560327
cl100k_base,ciclo,card,100,json_compact,4596,6364,27.78127
cl100k_base,ciclo,cat,100,json_compact,3112,4895,36.424923
cl100k_base,ciclo,cls,100,json_compact,3063,4820,36.452282
cl100k_base,ciclo,code,100,json_compact,4943,6659,25.769635
cl100k_base,ciclo,log,100,json_compact,4189,5990,30.066778
cl100k_base,ciclo,map,100,json_compact,1972,3089,36.16057
cl100k_base,ciclo,ner,100,json_compact,1693,2895,41.519862
cl100k_base,ciclo,q,100,json_compact,10448,14676,28.80894
cl100k_base,ciclo,r,100,json_compact,2988,4440,32.702703
cl100k_base,ciclo,s,100,json_compact,2447,3725,34.308725
cl100k_base,ciclo,sum,100,json_compact,5150,6903,25.394756
cl100k_base,ciclo,tc,100,json_compact,3967,5976,33.617805
cl100k_base,ciclo,us,100,json_compact,3654,5557,34.245096
cl100k_base,ciclo,a,100,yaml,7040,13298,47.059708
cl100k_base,ciclo,card,100,yaml,4596,7350,37.469388
cl100k_base,ciclo,cat,100,yaml,3112,6257,50.263705
cl100k_base,ciclo,cls,100,yaml,3063,6896,55.582947
cl100k_base,ciclo,code,100,yaml,4943,7714,35.921701
cl100k_base,ciclo,log,100,yaml,4189,7208,41.884018
cl100k_base,ciclo,map,100,yaml,1972,3385,41.742984
cl100k_base,ciclo,ner,100,yaml,1693,3766,55.045141
cl100k_base,ciclo,q,100,yaml,10448,17601,40.639736
cl100k_base,ciclo,r,100,yaml,2988,5539,46.055245
cl100k_base,ciclo,s,100,yaml,2447,4645,47.319699
cl100k_base,ciclo,sum,100,yaml,5150,8086,36.309671
cl100k_base,ciclo,tc,100,yaml,3967,7133,44.385252
cl100k_base,ciclo,us,100,yaml,3654,6519,43.948458
cl100k_base,ciclo,a,100,xml,7040,15210,53.714661
cl100k_base,ciclo,card,100,xml,4596,10433,55.947474
cl100k_base,ciclo,cat,100,xml,3112,9413,66.939339
cl100k_base,ciclo,cls,100,xml,3063,9304,67.078676
cl100k_base,ciclo,code,100,xml,4943,11471,56.908726
cl100k_base,ciclo,log,100,xml,4189,9977,58.013431
cl100k_base,ciclo,map,100,xml,1972,5715,65.494313
cl100k_base,ciclo,ner,100,xml,1693,5969,71.63679
cl100k_base,ciclo,q,100,xml,10448,20370,48.708886
cl100k_base,ciclo,r,100,xml,2988,9305,67.888232
cl100k_base,ciclo,s,100,xml,2447,7549,67.585111
cl100k_base,ciclo,sum,100,xml,5150,11472,55.108089
cl100k_base,ciclo,tc,100,xml,3967,11311,64.927946
cl100k_base,ciclo,us,100,xml,3654,10587,65.485973
cl100k_base,ciclo,a,100,csv,7040,7004,-0.513992
cl100k_base,ciclo,card,100,csv,4596,4405,-4.335982
cl100k_base,ciclo,cat,100,csv,3112,3042,-2.301118
cl100k_base,ciclo,cls,100,csv,3063,3259,6.014115
cl100k_base,ciclo,code,100,csv,4943,4624,-6.898789
cl100k_base,ciclo,log,100,csv,4189,4016,-4.307769
cl100k_base,ciclo,map,100,csv,1972,1811,-8.890116
cl100k_base,ciclo,ner,100,csv,1693,1646,-2.855407
cl100k_base,ciclo,q,100,csv,10448,10428,-0.191791
cl100k_base,ciclo,r,100,csv,2988,2923,-2.223743
cl100k_base,ciclo,s,100,csv,2447,2213,-10.573882
cl100k_base,ciclo,sum,100,csv,5150,5022,-2.548785
cl100k_base,ciclo,tc,100,csv,3967,3828,-3.631139
cl100k_base,ciclo,us,100,csv,3654,3562,-2.582819
cl100k_base,ciclo,a,100,toon,7040,12766,44.853517
cl100k_base,ciclo,card,100,toon,4596,7376,37.689805
cl100k_base,ciclo,cat,100,toon,3112,6008,48.202397
cl100k_base,ciclo,cls,100,toon,3063,5900,48.084746
cl100k_base,ciclo,code,100,toon,4943,7702,35.821864
cl100k_base,ciclo,log,100,toon,4189,7357,43.06103
cl100k_base,ciclo,map,100,toon,1972,1870,-5.454545
cl100k_base,ciclo,ner,100,toon,1693,1783,5.047672
cl100k_base,ciclo,q,100,toon,10448,17102,38.90773
cl100k_base,ciclo,r,100,toon,2988,5105,41.469148
cl100k_base,ciclo,s,100,toon,2447,4546,46.172459
cl100k_base,ciclo,sum,100,toon,5150,7947,35.195671
cl100k_base,ciclo,tc,100,toon,3967,6956,42.970098
cl100k_base,ciclo,us,100,toon,3654,6444,43.296089
cl100k_base,ciclo,a,100,toon_flat,7040,7220,2.493075
cl100k_base,ciclo,card,100,toon_flat,4596,4574,-0.480979
cl100k_base,ciclo,cat,100,toon_flat,3112,3176,2.015113
cl100k_base,ciclo,cls,100,toon_flat,3063,3451,11.243118
cl100k_base,ciclo,code,100,toon_flat,4943,4771,-3.605114
cl100k_base,ciclo,log,100,toon_flat,4189,4411,5.032872
cl100k_base,ciclo,map,100,toon_flat,1972,1870,-5.454545
cl100k_base,ciclo,ner,100,toon_flat,1693,1783,5.047672
cl100k_base,ciclo,q,100,toon_flat,10448,10644,1.841413
cl100k_base,ciclo,r,100,toon_flat,2988,3064,2.480418
cl100k_base,ciclo,s,100,toon_flat,2447,2348,-4.216354
cl100k_base,ciclo,sum,100,toon_flat,5150,5180,0.579151
cl100k_base,ciclo,tc,100,toon_flat,3967,3966,-0.025214
cl100k_base,ciclo,us,100,toon_flat,3654,3695,1.109608
cl100k_base,ciclo,a,250,json_pretty,17516,42185,58.478132
cl100k_base,ciclo,card,250,json_pretty,11431,23994,52.358923
cl100k_base,ciclo,cat,250,json_pretty,7746,20704,62.58694
cl100k_base,ciclo,cls,250,json_pretty,7590,21946,65.41511
cl100k_base,ciclo,code,250,json_pretty,12366,25528,51.559072
cl100k_base,ciclo,log,250,json_pretty,10441,22962,54.529222
cl100k_base,ciclo,map,250,json_pretty,4888,12431,60.678948
cl100k_base,ciclo,ner,250,json_pretty,4191,12715,67.03893
cl100k_base,ciclo,q,250,json_pretty,26016,54436,52.208098
cl100k_base,ciclo,r,250,json_pretty,7411,19064,61.125682
cl100k_base,ciclo,s,250,json_pretty,6066,16027,62.15137
cl100k_base,ciclo,sum,250,json_pretty,12813,25177,49.108313
cl100k_base,ciclo,tc,250,json_pretty,9870,24061,58.979261
cl100k_base,ciclo,us,250,json_pretty,9075,22350,59.395973
cl100k_base,ciclo,a,250,json_compact,17516,26786,34.607631
cl100k_base,ciclo,card,250,json_compact,11431,15849,27.875576
cl100k_base,ciclo,cat,250,json_compact,7746,12205,36.534207
cl100k_base,ciclo,cls,250,json_compact,7590,11987,36.681405
cl100k_base,ciclo,code,250,json_compact,12366,16636,25.667228
cl100k_base,ciclo,log,250,json_compact,10441,14941,30.118466
cl100k_base,ciclo,map,250,json_compact,4888,7679,36.345878
cl100k_base,ciclo,ner,250,json_compact,4191,7193,41.73502
cl100k_base,ciclo,q,250,json_compact,26016,36559,28.838316
cl100k_base,ciclo,r,250,json_compact,7411,11039,32.865296
cl100k_base,ciclo,s,250,json_compact,6066,9255,34.45705
cl100k_base,ciclo,sum,250,json_compact,12813,17190,25.462478
cl100k_base,ciclo,tc,250,json_compact,9870,14892,33.722804
cl100k_base,ciclo,us,250,json_compact,9075,13828,34.372288
cl100k_base,ciclo,a,250,yaml,17516,33072,47.036768
cl100k_base,ciclo,card,250,yaml,11431,18310,37.569634
cl100k_base,ciclo,cat,250,yaml,7746,15603,50.355701
cl100k_base,ciclo,cls,250,yaml,7590,17178,55.815578
cl100k_base,ciclo,code,250,yaml,12366,19261,35.797726
cl100k_base,ciclo,log,250,yaml,10441,17986,41.949294
cl100k_base,ciclo,map,250,yaml,4888,8409,41.871804
cl100k_base,ciclo,ner,250,yaml,4191,9364,55.243486
cl100k_base,ciclo,q,250,yaml,26016,43803,40.606808
cl100k_base,ciclo,r,250,yaml,7411,13773,46.191825
cl100k_base,ciclo,s,250,yaml,6066,11551,47.485066
cl100k_base,ciclo,sum,250,yaml,12813,20136,36.3677
cl100k_base,ciclo,tc,250,yaml,9870,17771,44.460075
cl100k_base,ciclo,us,250,yaml,9075,16226,44.071244
cl100k_base,ciclo,a,250,xml,17516,37875,53.753135
cl100k_base,ciclo,card,250,xml,11431,26012,56.054898
cl100k_base,ciclo,cat,250,xml,7746,23484,67.015841
cl100k_base,ciclo,cls,250,xml,7590,23192,67.273198
cl100k_base,ciclo,code,250,xml,12366,28651,56.839203
cl100k_base,ciclo,log,250,xml,10441,24910,58.085106
cl100k_base,ciclo,map,250,xml,4888,14247,65.691023
cl100k_base,ciclo,ner,250,xml,4191,14880,71.834677
cl100k_base,ciclo,q,250,xml,26016,50752,48.738966
cl100k_base,ciclo,r,250,xml,7411,23204,68.061541
cl100k_base,ciclo,s,250,xml,6066,18816,67.76148
cl100k_base,ciclo,sum,250,xml,12813,28614,55.22122
cl100k_base,ciclo,tc,250,xml,9870,28226,65.03224
cl100k_base,ciclo,us,250,xml,9075,26409,65.636715
cl100k_base,ciclo,a,250,csv,17516,17454,-0.355219
cl100k_base,ciclo,card,250,csv,11431,10979,-4.116951
cl100k_base,ciclo,cat,250,csv,7746,7576,-2.243928
cl100k_base,ciclo,cls,250,csv,7590,8076,6.017831
cl100k_base,ciclo,code,250,csv,12366,11565,-6.92607
cl100k_base,ciclo,log,250,csv,10441,10017,-4.232804
cl100k_base,ciclo,map,250,csv,4888,4513,-8.309329
cl100k_base,ciclo,ner,250,csv,4191,4107,-2.045289
cl100k_base,ciclo,q,250,csv,26016,25983,-0.127006
cl100k_base,ciclo,r,250,csv,7411,7260,-2.07989
cl100k_base,ciclo,s,250,csv,6066,5496,-10.371179
cl100k_base,ciclo,sum,250,csv,12813,12523,-2.315739
cl100k_base,ciclo,tc,250,csv,9870,9544,-3.415759
cl100k_base,ciclo,us,250,csv,9075,8858,-2.449763
cl100k_base,ciclo,a,250,toon,17516,31765,44.857548
cl100k_base,ciclo,card,250,toon,11431,18372,37.780318
cl100k_base,ciclo,cat,250,toon,7746,14980,48.291055
cl100k_base,ciclo,cls,250,toon,7590,14680,48.297003
cl100k_base,ciclo,code,250,toon,12366,19243,35.737671
cl100k_base,ciclo,log,250,toon,10441,18361,43.134906
cl100k_base,ciclo,map,250,toon,4888,4609,-6.053374
cl100k_base,ciclo,ner,250,toon,4191,4394,4.619936
cl100k_base,ciclo,q,250,toon,26016,42578,38.898022
cl100k_base,ciclo,r,250,toon,7411,12689,41.595082
cl100k_base,ciclo,s,250,toon,6066,11302,46.328084
cl100k_base,ciclo,sum,250,toon,12813,19799,35.28461
cl100k_base,ciclo,tc,250,toon,9870,17334,43.059882
cl100k_base,ciclo,us,250,toon,9075,16039,43.419166
cl100k_base,ciclo,a,250,toon_flat,17516,17832,1.772095
cl100k_base,ciclo,card,250,toon_flat,11431,11348,-0.731406
cl100k_base,ciclo,cat,250,toon_flat,7746,7872,1.60061
cl100k_base,ciclo,cls,250,toon_flat,7590,8506,10.768869
cl100k_base,ciclo,code,250,toon_flat,12366,11887,-4.029612
cl100k_base,ciclo,log,250,toon_flat,10441,10962,4.752782
cl100k_base,ciclo,map,250,toon_flat,4888,4609,-6.053374
cl100k_base,ciclo,ner,250,toon_flat,4191,4394,4.619936
cl100k_base,ciclo,q,250,toon_flat,26016,26361,1.308752
cl100k_base,ciclo,r,250,toon_flat,7411,7551,1.854059
cl100k_base,ciclo,s,250,toon_flat,6066,5781,-4.929943
cl100k_base,ciclo,sum,250,toon_flat,12813,12856,0.334474
cl100k_base,ciclo,tc,250,toon_flat,9870,9832,-0.386493
cl100k_base,ciclo,us,250,toon_flat,9075,9141,0.722022
r50k_base,muestreo,a,1,json_pretty,155,557,72.172352
r50k_base,muestreo,card,1,json_pretty,93,247,62.348178
r50k_base,muestreo,cat,1,json_pretty,49,197,75.126904
r50k_base,muestreo,cls,1,json_pretty,60,244,75.409836
r50k_base,muestreo,code,1,json_pretty,77,245,68.571429
r50k_base,muestreo,log,1,json_pretty,73,223,67.264574
r50k_base,muestreo,map,1,json_pretty,50,151,66.887417
r50k_base,muestreo,ner,1,json_pretty,49,156,68.589744
r50k_base,muestreo,q,1,json_pretty,163,596,72.651007
r50k_base,muestreo,r,1,json_pretty,64,223,71.300448
r50k_base,muestreo,s,1,json_pretty,57,187,69.518717
r50k_base,muestreo,sum,1,json_pretty,95,257,63.035019
r50k_base,muestreo,tc,1,json_pretty,73,239,69.456067
r50k_base,muestreo,us,1,json_pretty,64,220,70.909091
r50k_base,muestreo,a,1,json_compact,155,223,30.493274
r50k_base,muestreo,card,1,json_compact,93,112,16.964286
r50k_base,muestreo,cat,1,json_compact,49,69,28.985507
r50k_base,muestreo,cls,1,json_compact,60,77,22.077922
r50k_base,muestreo,code,1,json_compact,77,98,21.428571
r50k_base,muestreo,log,1,json_compact,73,93,21.505376
r50k_base,muestreo,map,1,json_compact,50,63,20.634921
r50k_base,muestreo,ner,1,json_compact,49,63,22.222222
r50k_base,muestreo,q,1,json_compact,163,236,30.932203
r50k_base,muestreo,r,1,json_compact,64,79,18.987342
r50k_base,muestreo,s,1,json_compact,57,70,18.571429
r50k_base,muestreo,sum,1,json_compact,95,116,18.103448
r50k_base,muestreo,tc,1,json_compact,73,95,23.157895
r50k_base,muestreo,us,1,json_compact,64,83,22.891566
r50k_base,muestreo,a,1,yaml,155,302,48.675497
r50k_base,muestreo,card,1,yaml,93,129,27.906977
r50k_base,muestreo,cat,1,yaml,49,88,44.318182
r50k_base,muestreo,cls,1,yaml,60,102,41.176471
r50k_base,muestreo,code,1,yaml,77,114,32.45614
r50k_base,muestreo,log,1,yaml,73,111,34.234234
r50k_base,muestreo,map,1,yaml,50,70,28.571429
r50k_base,muestreo,ner,1,yaml,49,74,33.783784
r50k_base,muestreo,q,1,yaml,163,316,48.417722
r50k_base,muestreo,r,1,yaml,64,92,30.434783
r50k_base,muestreo,s,1,yaml,57,85,32.941176
r50k_base,muestreo,sum,1,yaml,95,135,29.62963
r50k_base,muestreo,tc,1,yaml,73,112,34.821429
r50k_base,muestreo,us,1,yaml,64,97,34.020619
r50k_base,muestreo,a,1,xml,155,328,52.743902
r50k_base,muestreo,card,1,xml,93,189,50.793651
r50k_base,muestreo,cat,1,xml,49,142,65.492958
r50k_base,muestreo,cls,1,xml,60,136,55.882353
r50k_base,muestreo,code,1,xml,77,175,56.0
r50k_base,muestreo,log,1,xml,73,154,52.597403
r50k_base,muestreo,map,1,xml,50,108,53.703704
r50k_base,muestreo,ner,1,xml,49,113,56.637168
r50k_base,muestreo,q,1,xml,163,369,55.826558
r50k_base,muestreo,r,1,xml,64,147,56.462585
r50k_base,muestreo,s,1,xml,57,131,56.48855
r50k_base,muestreo,sum,1,xml,95,191,50.26178
r50k_base,muestreo,tc,1,xml,73,179,59.217877
r50k_base,muestreo,us,1,xml,64,158,59.493671
r50k_base,muestreo,a,1,csv,155,147,-5.442177
r50k_base,muestreo,card,1,csv,93,79,-17.721519
r50k_base,muestreo,cat,1,csv,49,44,-11.363636
r50k_base,muestreo,cls,1,csv,60,71,15.492958
r50k_base,muestreo,code,1,csv,77,70,-10.0
r50k_base,muestreo,log,1,csv,73,65,-12.307692
r50k_base,muestreo,map,1,csv,50,30,-66.666667
r50k_base,muestreo,ner,1,csv,49,27,-81.481481
r50k_base,muestreo,q,1,csv,163,163,0.0
r50k_base,muestreo,r,1,csv,64,58,-10.344828
r50k_base,muestreo,s,1,csv,57,47,-21.276596
r50k_base,muestreo,sum,1,csv,95,77,-23.376623
r50k_base,muestreo,tc,1,csv,73,62,-17.741935
r50k_base,muestreo,us,1,csv,64,54,-18.518519
r50k_base,muestreo,a,1,toon,155,313,50.479233
r50k_base,muestreo,card,1,toon,93,143,34.965035
r50k_base,muestreo,cat,1,toon,49,100,51.0
r50k_base,muestreo,cls,1,toon,60,104,42.307692
r50k_base,muestreo,code,1,toon,77,126,38.888889
r50k_base,muestreo,log,1,toon,73,127,42.519685
r50k_base,muestreo,map,1,toon,50,71,29.577465
r50k_base,muestreo,ner,1,toon,49,71,30.985915
r50k_base,muestreo,q,1,toon,163,335,51.343284
r50k_base,muestreo,r,1,toon,64,100,36.0
r50k_base,muestreo,s,1,toon,57,95,40.0
r50k_base,muestreo,sum,1,toon,95,144,34.027778
r50k_base,muestreo,tc,1,toon,73,127,42.519685
r50k_base,muestreo,us,1,toon,64,110,41.818182
r50k_base,muestreo,a,1,toon_flat,155,277,44.043321
r50k_base,muestreo,card,1,toon_flat,93,121,23.140496
r50k_base,muestreo,cat,1,toon_flat,49,75,34.666667
r50k_base,muestreo,cls,1,toon_flat,60,113,46.902655
r50k_base,muestreo,code,1,toon_flat,77,104,25.961538
r50k_base,muestreo,log,1,toon_flat,73,101,27.722772
r50k_base,muestreo,map,1,toon_flat,50,71,29.577465
r50k_base,muestreo,ner,1,toon_flat,49,71,30.985915
r50k_base,muestreo,q,1,toon_flat,163,292,44.178082
r50k_base,muestreo,r,1,toon_flat,64,102,37.254902
r50k_base,muestreo,s,1,toon_flat,57,86,33.72093
r50k_base,muestreo,sum,1,toon_flat,95,125,24.0
r50k_base,muestreo,tc,1,toon_flat,73,104,29.807692
r50k_base,muestreo,us,1,toon_flat,64,91,29.67033
r50k_base,muestreo,a,5,json_pretty,496,1812,72.626932
r50k_base,muestreo,card,5,json_pretty,320,926,65.442765
r50k_base,muestreo,cat,5,json_pretty,181,784,76.913265
r50k_base,muestreo,cls,5,json_pretty,201,991,79.717457
r50k_base,muestreo,code,5,json_pretty,301,963,68.74351
r50k_base,muestreo,log,5,json_pretty,255,840,69.642857
r50k_base,muestreo,map,5,json_pretty,137,477,71.278826
r50k_base,muestreo,ner,5,json_pretty,118,489,75.869121
r50k_base,muestreo,q,5,json_pretty,664,2136,68.913858
r50k_base,muestreo,r,5,json_pretty,196,807,75.712515
r50k_base,muestreo,s,5,json_pretty,165,663,75.113122
r50k_base,muestreo,sum,5,json_pretty,345,956,63.912134
r50k_base,muestreo,tc,5,json_pretty,253,940,73.085106
r50k_base,muestreo,us,5,json_pretty,216,836,74.162679
r50k_base,muestreo,a,5,json_compact,496,716,30.726257
r50k_base,muestreo,card,5,json_compact,320,414,22.705314
r50k_base,muestreo,cat,5,json_compact,181,276,34.42029
r50k_base,muestreo,cls,5,json_compact,201,287,29.965157
r50k_base,muestreo,code,5,json_compact,301,387,22.222222
r50k_base,muestreo,log,5,json_compact,255,349,26.934097
r50k_base,muestreo,map,5,json_compact,137,195,29.74359
r50k_base,muestreo,ner,5,json_compact,118,180,34.444444
r50k_base,muestreo,q,5,json_compact,664,913,27.272727
r50k_base,muestreo,r,5,json_compact,196,263,25.475285
r50k_base,muestreo,s,5,json_compact,165,226,26.99115
r50k_base,muestreo,sum,5,json_compact,345,442,21.945701
r50k_base,muestreo,tc,5,json_compact,253,358,29.329609
r50k_base,muestreo,us,5,json_compact,216,307,29.641694
r50k_base,muestreo,a,5,yaml,496,932,46.781116
r50k_base,muestreo,card,5,yaml,320,470,31.914894
r50k_base,muestreo,cat,5,yaml,181,339,46.60767
r50k_base,muestreo,cls,5,yaml,201,388,48.195876
r50k_base,muestreo,code,5,yaml,301,449,32.962138
r50k_base,muestreo,log,5,yaml,255,419,39.140811
r50k_base,muestreo,map,5,yaml,137,215,36.27907
r50k_base,muestreo,ner,5,yaml,118,209,43.54067
r50k_base,muestreo,q,5,yaml,664,1150,42.26087
r50k_base,muestreo,r,5,yaml,196,315,37.777778
r50k_base,muestreo,s,5,yaml,165,279,40.860215
r50k_base,muestreo,sum,5,yaml,345,507,31.952663
r50k_base,muestreo,tc,5,yaml,253,425,40.470588
r50k_base,muestreo,us,5,yaml,216,362,40.331492
r50k_base,muestreo,a,5,xml,496,1127,55.989352
r50k_base,muestreo,card,5,xml,320,782,59.079284
r50k_base,muestreo,cat,5,xml,181,632,71.360759
r50k_base,muestreo,cls,5,xml,201,608,66.940789
r50k_base,muestreo,code,5,xml,301,771,60.959792
r50k_base,muestreo,log,5,xml,255,672,62.053571
r50k_base,muestreo,map,5,xml,137,413,66.828087
r50k_base,muestreo,ner,5,xml,118,438,73.059361
r50k_base,muestreo,q,5,xml,664,1449,54.175293
r50k_base,muestreo,r,5,xml,196,607,67.710049
r50k_base,muestreo,s,5,xml,165,531,68.926554
r50k_base,muestreo,sum,5,xml,345,817,57.772338
r50k_base,muestreo,tc,5,xml,253,786,67.811705
r50k_base,muestreo,us,5,xml,216,686,68.51312
r50k_base,muestreo,a,5,csv,496,492,-0.813008
r50k_base,muestreo,card,5,csv,320,302,-5.960265
r50k_base,muestreo,cat,5,csv,181,176,-2.840909
r50k_base,muestreo,cls,5,csv,201,220,8.636364
r50k_base,muestreo,code,5,csv,301,279,-7.885305
r50k_base,muestreo,log,5,csv,255,247,-3.238866
r50k_base,muestreo,map,5,csv,137,117,-17.094017
r50k_base,muestreo,ner,5,csv,118,96,-22.916667
r50k_base,muestreo,q,5,csv,664,660,-0.606061
r50k_base,muestreo,r,5,csv,196,190,-3.157895
r50k_base,muestreo,s,5,csv,165,151,-9.271523
r50k_base,muestreo,sum,5,csv,345,323,-6.811146
r50k_base,muestreo,tc,5,csv,253,241,-4.979253
r50k_base,muestreo,us,5,csv,216,206,-4.854369
r50k_base,muestreo,a,5,toon,496,1033,51.984511
r50k_base,muestreo,card,5,toon,320,533,39.962477
r50k_base,muestreo,cat,5,toon,181,396,54.292929
r50k_base,muestreo,cls,5,toon,201,391,48.59335
r50k_base,muestreo,code,5,toon,301,512,41.210938
r50k_base,muestreo,log,5,toon,255,498,48.795181
r50k_base,muestreo,map,5,toon,137,164,16.463415
r50k_base,muestreo,ner,5,toon,118,144,18.055556
r50k_base,muestreo,q,5,toon,664,1278,48.043818
r50k_base,muestreo,r,5,toon,196,348,43.678161
r50k_base,muestreo,s,5,toon,165,324,49.074074
r50k_base,muestreo,sum,5,toon,345,554,37.725632
r50k_base,muestreo,tc,5,toon,253,493,48.681542
r50k_base,muestreo,us,5,toon,216,425,49.176471
r50k_base,muestreo,a,5,toon_flat,496,626,20.766773
r50k_base,muestreo,card,5,toon_flat,320,349,8.309456
r50k_base,muestreo,cat,5,toon_flat,181,212,14.622642
r50k_base,muestreo,cls,5,toon_flat,201,268,25.0
r50k_base,muestreo,code,5,toon_flat,301,318,5.345912
r50k_base,muestreo,log,5,toon_flat,255,293,12.969283
r50k_base,muestreo,map,5,toon_flat,137,164,16.463415
r50k_base,muestreo,ner,5,toon_flat,118,144,18.055556
r50k_base,muestreo,q,5,toon_flat,664,794,16.372796
r50k_base,muestreo,r,5,toon_flat,196,238,17.647059
r50k_base,muestreo,s,5,toon_flat,165,194,14.948454
r50k_base,muestreo,sum,5,toon_flat,345,375,8.0
r50k_base,muestreo,tc,5,toon_flat,253,287,11.84669
r50k_base,muestreo,us,5,toon_flat,216,247,12.550607
r50k_base,muestreo,a,10,json_pretty,913,3373,72.932108
r50k_base,muestreo,card,10,json_pretty,605,1769,65.799887
r50k_base,muestreo,cat,10,json_pretty,338,1510,77.615894
r50k_base,muestreo,cls,10,json_pretty,370,1923,80.75923
r50k_base,muestreo,code,10,json_pretty,597,1883,68.295273
r50k_base,muestreo,log,10,json_pretty,471,1587,70.321361
r50k_base,muestreo,map,10,json_pretty,241,881,72.644722
r50k_base,muestreo,ner,10,json_pretty,207,908,77.202643
r50k_base,muestreo,q,10,json_pretty,1305,4075,67.97546
r50k_base,muestreo,r,10,json_pretty,357,1532,76.697128
r50k_base,muestreo,s,10,json_pretty,290,1248,76.762821
r50k_base,muestreo,sum,10,json_pretty,640,1799,64.42468
r50k_base,muestreo,tc,10,json_pretty,460,1795,74.373259
r50k_base,muestreo,us,10,json_pretty,397,1597,75.140889
r50k_base,muestreo,a,10,json_compact,913,1322,30.937973
r50k_base,muestreo,card,10,json_compact,605,794,23.803526
r50k_base,muestreo,cat,10,json_compact,338,526,35.741445
r50k_base,muestreo,cls,10,json_compact,370,541,31.608133
r50k_base,muestreo,code,10,json_compact,597,754,20.822281
r50k_base,muestreo,log,10,json_compact,471,656,28.20122
r50k_base,muestreo,map,10,json_compact,241,354,31.920904
r50k_base,muestreo,ner,10,json_compact,207,329,37.082067
r50k_base,muestreo,q,10,json_compact,1305,1773,26.395939
r50k_base,muestreo,r,10,json_compact,357,488,26.844262
r50k_base,muestreo,s,10,json_compact,290,411,29.440389
r50k_base,muestreo,sum,10,json_compact,640,832,23.076923
r50k_base,muestreo,tc,10,json_compact,460,670,31.343284
r50k_base,muestreo,us,10,json_compact,397,578,31.314879
r50k_base,muestreo,a,10,yaml,913,1715,46.763848
r50k_base,muestreo,card,10,yaml,605,897,32.552954
r50k_base,muestreo,cat,10,yaml,338,647,47.758887
r50k_base,muestreo,cls,10,yaml,370,739,49.932341
r50k_base,muestreo,code,10,yaml,597,879,32.081911
r50k_base,muestreo,log,10,yaml,471,789,40.304183
r50k_base,muestreo,map,10,yaml,241,391,38.363171
r50k_base,muestreo,ner,10,yaml,207,385,46.233766
r50k_base,muestreo,q,10,yaml,1305,2199,40.654843
r50k_base,muestreo,r,10,yaml,357,595,40.0
r50k_base,muestreo,s,10,yaml,290,513,43.469786
r50k_base,muestreo,sum,10,yaml,640,951,32.702419
r50k_base,muestreo,tc,10,yaml,460,801,42.571785
r50k_base,muestreo,us,10,yaml,397,679,41.531664
r50k_base,muestreo,a,10,xml,913,2110,56.729858
r50k_base,muestreo,card,10,xml,605,1513,60.013219
r50k_base,muestreo,cat,10,xml,338,1249,72.938351
r50k_base,muestreo,cls,10,xml,370,1197,69.08939
r50k_base,muestreo,code,10,xml,597,1530,60.980392
r50k_base,muestreo,log,10,xml,471,1324,64.425982
r50k_base,muestreo,map,10,xml,241,802,69.950125
r50k_base,muestreo,ner,10,xml,207,847,75.560803
r50k_base,muestreo,q,10,xml,1305,2813,53.608247
r50k_base,muestreo,r,10,xml,357,1177,69.668649
r50k_base,muestreo,s,10,xml,290,1021,71.596474
r50k_base,muestreo,sum,10,xml,640,1576,59.390863
r50k_base,muestreo,tc,10,xml,460,1526,69.855832
r50k_base,muestreo,us,10,xml,397,1337,70.306657
r50k_base,muestreo,a,10,csv,913,913,0.0
r50k_base,muestreo,card,10,csv,605,583,-3.773585
r50k_base,muestreo,cat,10,csv,338,333,-1.501502
r50k_base,muestreo,cls,10,csv,370,400,7.5
r50k_base,muestreo,code,10,csv,597,551,-8.348457
r50k_base,muestreo,log,10,csv,471,463,-1.727862
r50k_base,muestreo,map,10,csv,241,221,-9.049774
r50k_base,muestreo,ner,10,csv,207,185,-11.891892
r50k_base,muestreo,q,10,csv,1305,1295,-0.772201
r50k_base,muestreo,r,10,csv,357,350,-2.0
r50k_base,muestreo,s,10,csv,290,271,-7.01107
r50k_base,muestreo,sum,10,csv,640,613,-4.404568
r50k_base,muestreo,tc,10,csv,460,448,-2.678571
r50k_base,muestreo,us,10,csv,397,387,-2.583979
r50k_base,muestreo,a,10,toon,913,1923,52.522101
r50k_base,muestreo,card,10,toon,605,1028,41.14786
r50k_base,muestreo,cat,10,toon,338,757,55.350066
r50k_base,muestreo,cls,10,toon,370,742,50.134771
r50k_base,muestreo,code,10,toon,597,1004,40.537849
r50k_base,muestreo,log,10,toon,471,953,50.577125
r50k_base,muestreo,map,10,toon,241,275,12.363636
r50k_base,muestreo,ner,10,toon,207,238,13.02521
r50k_base,muestreo,q,10,toon,1305,2468,47.123177
r50k_base,muestreo,r,10,toon,357,656,45.579268
r50k_base,muestreo,s,10,toon,290,601,51.747088
r50k_base,muestreo,sum,10,toon,640,1052,39.163498
r50k_base,muestreo,tc,10,toon,460,935,50.802139
r50k_base,muestreo,us,10,toon,397,804,50.621891
r50k_base,muestreo,a,10,toon_flat,913,1052,13.212928
r50k_base,muestreo,card,10,toon_flat,605,637,5.023548
r50k_base,muestreo,cat,10,toon_flat,338,374,9.625668
r50k_base,muestreo,cls,10,toon_flat,370,455,18.681319
r50k_base,muestreo,code,10,toon_flat,597,596,-0.167785
r50k_base,muestreo,log,10,toon_flat,471,520,9.423077
r50k_base,muestreo,map,10,toon_flat,241,275,12.363636
r50k_base,muestreo,ner,10,toon_flat,207,238,13.02521
r50k_base,muestreo,q,10,toon_flat,1305,1434,8.995816
r50k_base,muestreo,r,10,toon_flat,357,403,11.414392
r50k_base,muestreo,s,10,toon_flat,290,319,9.090909
r50k_base,muestreo,sum,10,toon_flat,640,670,4.477612
r50k_base,muestreo,tc,10,toon_flat,460,499,7.815631
r50k_base,muestreo,us,10,toon_flat,397,433,8.314088
r50k_base,muestreo,a,25,json_pretty,2121,8013,73.530513
r50k_base,muestreo,card,25,json_pretty,1386,4238,67.295894
r50k_base,muestreo,cat,25,json_pretty,839,3715,77.415882
r50k_base,muestreo,cls,25,json_pretty,860,4656,81.52921
r50k_base,muestreo,code,25,json_pretty,1447,4615,68.64572
r50k_base,muestreo,log,25,json_pretty,1150,3901,70.520379
r50k_base,muestreo,map,25,json_pretty,554,2092,73.518164
r50k_base,muestreo,ner,25,json_pretty,472,2163,78.178456
r50k_base,muestreo,q,25,json_pretty,3228,9893,67.370868
r50k_base,muestreo,r,25,json_pretty,854,3721,77.04918
r50k_base,muestreo,s,25,json_pretty,687,3025,77.289256
r50k_base,muestreo,sum,25,json_pretty,1526,4366,65.048099
r50k_base,muestreo,tc,25,json_pretty,1079,4337,75.121051
r50k_base,muestreo,us,25,json_pretty,949,3889,75.59784
r50k_base,muestreo,a,25,json_compact,2121,3102,31.624758
r50k_base,muestreo,card,25,json_compact,1386,1865,25.683646
r50k_base,muestreo,cat,25,json_compact,839,1305,35.708812
r50k_base,muestreo,cls,25,json_compact,860,1281,32.864949
r50k_base,muestreo,code,25,json_compact,1447,1840,21.358696
r50k_base,muestreo,log,25,json_compact,1150,1614,28.748451
r50k_base,muestreo,map,25,json_compact,554,834,33.573141
r50k_base,muestreo,ner,25,json_compact,472,774,39.018088
r50k_base,muestreo,q,25,json_compact,3228,4357,25.912325
r50k_base,muestreo,r,25,json_compact,854,1177,27.442651
r50k_base,muestreo,s,25,json_compact,687,988,30.465587
r50k_base,muestreo,sum,25,json_compact,1526,2003,23.814279
r50k_base,muestreo,tc,25,json_compact,1079,1603,32.688709
r50k_base,muestreo,us,25,json_compact,949,1400,32.214286
r50k_base,muestreo,a,25,yaml,2121,4037,47.460986
r50k_base,muestreo,card,25,yaml,1386,2118,34.560907
r50k_base,muestreo,cat,25,yaml,839,1609,47.855811
r50k_base,muestreo,cls,25,yaml,860,1764,51.247166
r50k_base,muestreo,code,25,yaml,1447,2147,32.603633
r50k_base,muestreo,log,25,yaml,1150,1942,40.782698
r50k_base,muestreo,map,25,yaml,554,919,39.717084
r50k_base,muestreo,ner,25,yaml,472,912,48.245614
r50k_base,muestreo,q,25,yaml,3228,5356,39.731143
r50k_base,muestreo,r,25,yaml,854,1441,40.7356
r50k_base,muestreo,s,25,yaml,687,1233,44.282238
r50k_base,muestreo,sum,25,yaml,1526,2292,33.420593
r50k_base,muestreo,tc,25,yaml,1079,1912,43.566946
r50k_base,muestreo,us,25,yaml,949,1647,42.380085
r50k_base,muestreo,a,25,xml,2121,5028,57.816229
r50k_base,muestreo,card,25,xml,1386,3613,61.638528
r50k_base,muestreo,cat,25,xml,839,3120,73.108974
r50k_base,muestreo,cls,25,xml,860,2882,70.159611
r50k_base,muestreo,code,25,xml,1447,3781,61.729701
r50k_base,muestreo,log,25,xml,1150,3243,64.539007
r50k_base,muestreo,map,25,xml,554,1950,71.589744
r50k_base,muestreo,ner,25,xml,472,2072,77.220077
r50k_base,muestreo,q,25,xml,3228,6908,53.271569
r50k_base,muestreo,r,25,xml,854,2901,70.561875
r50k_base,muestreo,s,25,xml,687,2513,72.662157
r50k_base,muestreo,sum,25,xml,1526,3870,60.568475
r50k_base,muestreo,tc,25,xml,1079,3733,71.095634
r50k_base,muestreo,us,25,xml,949,3299,71.233707
r50k_base,muestreo,a,25,csv,2121,2135,0.655738
r50k_base,muestreo,card,25,csv,1386,1355,-2.287823
r50k_base,muestreo,cat,25,csv,839,834,-0.59952
r50k_base,muestreo,cls,25,csv,860,913,5.805038
r50k_base,muestreo,code,25,csv,1447,1348,-7.344214
r50k_base,muestreo,log,25,csv,1150,1142,-0.700525
r50k_base,muestreo,map,25,csv,554,534,-3.745318
r50k_base,muestreo,ner,25,csv,472,450,-4.888889
r50k_base,muestreo,q,25,csv,3228,3202,-0.811993
r50k_base,muestreo,r,25,csv,854,844,-1.184834
r50k_base,muestreo,s,25,csv,687,653,-5.206738
r50k_base,muestreo,sum,25,csv,1526,1484,-2.830189
r50k_base,muestreo,tc,25,csv,1079,1064,-1.409774
r50k_base,muestreo,us,25,csv,949,939,-1.064963
r50k_base,muestreo,a,25,toon,2121,4563,53.517423
r50k_base,muestreo,card,25,toon,1386,2445,43.312883
r50k_base,muestreo,cat,25,toon,839,1878,55.324814
r50k_base,muestreo,cls,25,toon,860,1776,51.576577
r50k_base,muestreo,code,25,toon,1447,2461,41.202763
r50k_base,muestreo,log,25,toon,1150,2345,50.959488
r50k_base,muestreo,map,25,toon,554,607,8.731466
r50k_base,muestreo,ner,25,toon,472,518,8.880309
r50k_base,muestreo,q,25,toon,3228,6045,46.600496
r50k_base,muestreo,r,25,toon,854,1589,46.255507
r50k_base,muestreo,s,25,toon,687,1452,52.68595
r50k_base,muestreo,sum,25,toon,1526,2542,39.968529
r50k_base,muestreo,tc,25,toon,1079,2249,52.023121
r50k_base,muestreo,us,25,toon,949,1956,51.482618
r50k_base,muestreo,a,25,toon_flat,2121,2291,7.42034
r50k_base,muestreo,card,25,toon_flat,1386,1434,3.34728
r50k_base,muestreo,cat,25,toon_flat,839,891,5.836139
r50k_base,muestreo,cls,25,toon_flat,860,993,13.393756
r50k_base,muestreo,code,25,toon_flat,1447,1410,-2.624113
r50k_base,muestreo,log,25,toon_flat,1150,1238,7.108239
r50k_base,muestreo,map,25,toon_flat,554,607,8.731466
r50k_base,muestreo,ner,25,toon_flat,472,518,8.880309
r50k_base,muestreo,q,25,toon_flat,3228,3357,3.842717
r50k_base,muestreo,r,25,toon_flat,854,912,6.359649
r50k_base,muestreo,s,25,toon_flat,687,716,4.050279
r50k_base,muestreo,sum,25,toon_flat,1526,1556,1.928021
r50k_base,muestreo,tc,25,toon_flat,1079,1130,4.513274
r50k_base,muestreo,us,25,toon_flat,949,1000,5.1
r50k_base,muestreo,a,50,json_pretty,4211,15816,73.375063
r50k_base,muestreo,card,50,json_pretty,2717,8373,67.55046
r50k_base,muestreo,cat,50,json_pretty,1653,7360,77.540761
r50k_base,muestreo,cls,50,json_pretty,1703,9268,81.624946
r50k_base,muestreo,code,50,json_pretty,2842,9131,68.87526
r50k_base,muestreo,log,50,json_pretty,2273,7739,70.62928
r50k_base,muestreo,map,50,json_pretty,1085,4122,73.677826
r50k_base,muestreo,ner,50,json_pretty,910,4251,78.593272
r50k_base,muestreo,q,50,json_pretty,6413,19573,67.235477
r50k_base,muestreo,r,50,json_pretty,1683,7370,77.164179
r50k_base,muestreo,s,50,json_pretty,1352,5990,77.429048
r50k_base,muestreo,sum,50,json_pretty,3009,8625,65.113043
r50k_base,muestreo,tc,50,json_pretty,2145,8620,75.116009
r50k_base,muestreo,us,50,json_pretty,1884,7724,75.608493
r50k_base,muestreo,a,50,json_compact,4211,6138,31.394591
r50k_base,muestreo,card,50,json_compact,2717,3675,26.068027
r50k_base,muestreo,cat,50,json_compact,1653,2582,35.979861
r50k_base,muestreo,cls,50,json_compact,1703,2547,33.137024
r50k_base,muestreo,code,50,json_compact,2842,3630,21.707989
r50k_base,muestreo,log,50,json_compact,2273,3198,28.924328
r50k_base,muestreo,map,50,json_compact,1085,1641,33.881779
r50k_base,muestreo,ner,50,json_compact,910,1512,39.814815
r50k_base,muestreo,q,50,json_compact,6413,8645,25.818392
r50k_base,muestreo,r,50,json_compact,1683,2326,27.644024
r50k_base,muestreo,s,50,json_compact,1352,1953,30.773169
r50k_base,muestreo,sum,50,json_compact,3009,3961,24.034335
r50k_base,muestreo,tc,50,json_compact,2145,3192,32.800752
r50k_base,muestreo,us,50,json_compact,1884,2785,32.351885
r50k_base,muestreo,a,50,yaml,4211,7964,47.124561
r50k_base,muestreo,card,50,yaml,2717,4174,34.906564
r50k_base,muestreo,cat,50,yaml,1653,3182,48.05154
r50k_base,muestreo,cls,50,yaml,1703,3507,51.439977
r50k_base,muestreo,code,50,yaml,2842,4241,32.987503
r50k_base,muestreo,log,50,yaml,2273,3851,40.97637
r50k_base,muestreo,map,50,yaml,1085,1807,39.955728
r50k_base,muestreo,ner,50,yaml,910,1787,49.076665
r50k_base,muestreo,q,50,yaml,6413,10599,39.494292
r50k_base,muestreo,r,50,yaml,1683,2850,40.947368
r50k_base,muestreo,s,50,yaml,1352,2435,44.476386
r50k_base,muestreo,sum,50,yaml,3009,4527,33.53214
r50k_base,muestreo,tc,50,yaml,2145,3799,43.537773
r50k_base,muestreo,us,50,yaml,1884,3278,42.52593
r50k_base,muestreo,a,50,xml,4211,9962,57.729372
r50k_base,muestreo,card,50,xml,2717,7166,62.084845
r50k_base,muestreo,cat,50,xml,1653,6210,73.381643
r50k_base,muestreo,cls,50,xml,1703,5763,70.449419
r50k_base,muestreo,code,50,xml,2842,7510,62.157124
r50k_base,muestreo,log,50,xml,2273,6486,64.955288
r50k_base,muestreo,map,50,xml,1085,3896,72.150924
r50k_base,muestreo,ner,50,xml,910,4110,77.858881
r50k_base,muestreo,q,50,xml,6413,13711,53.227336
r50k_base,muestreo,r,50,xml,1683,5775,70.857143
r50k_base,muestreo,s,50,xml,1352,5003,72.976214
r50k_base,muestreo,sum,50,xml,3009,7689,60.866172
r50k_base,muestreo,tc,50,xml,2145,7451,71.211918
r50k_base,muestreo,us,50,xml,1884,6584,71.385176
r50k_base,muestreo,a,50,csv,4211,4247,0.847657
r50k_base,muestreo,card,50,csv,2717,2668,-1.836582
r50k_base,muestreo,cat,50,csv,1653,1648,-0.303398
r50k_base,muestreo,cls,50,csv,1703,1801,5.441421
r50k_base,muestreo,code,50,csv,2842,2656,-7.003012
r50k_base,muestreo,log,50,csv,2273,2265,-0.353201
r50k_base,muestreo,map,50,csv,1085,1065,-1.877934
r50k_base,muestreo,ner,50,csv,910,888,-2.477477
r50k_base,muestreo,q,50,csv,6413,6360,-0.833333
r50k_base,muestreo,r,50,csv,1683,1668,-0.899281
r50k_base,muestreo,s,50,csv,1352,1293,-4.563032
r50k_base,muestreo,sum,50,csv,3009,2942,-2.277362
r50k_base,muestreo,tc,50,csv,2145,2125,-0.941176
r50k_base,muestreo,us,50,csv,1884,1874,-0.533618
r50k_base,muestreo,a,50,toon,4211,9031,53.37172
r50k_base,muestreo,card,50,toon,2717,4825,43.689119
r50k_base,muestreo,cat,50,toon,1653,3724,55.612245
r50k_base,muestreo,cls,50,toon,1703,3530,51.756374
r50k_base,muestreo,code,50,toon,2842,4867,41.606739
r50k_base,muestreo,log,50,toon,2273,4658,51.202233
r50k_base,muestreo,map,50,toon,1085,1168,7.106164
r50k_base,muestreo,ner,50,toon,910,981,7.237513
r50k_base,muestreo,q,50,toon,6413,11983,46.482517
r50k_base,muestreo,r,50,toon,1683,3146,46.503497
r50k_base,muestreo,s,50,toon,1352,2873,52.941176
r50k_base,muestreo,sum,50,toon,3009,5031,40.190817
r50k_base,muestreo,tc,50,toon,2145,4472,52.034884
r50k_base,muestreo,us,50,toon,1884,3896,51.64271
r50k_base,muestreo,a,50,toon_flat,4211,4430,4.943567
r50k_base,muestreo,card,50,toon_flat,2717,2786,2.476669
r50k_base,muestreo,cat,50,toon_flat,1653,1732,4.561201
r50k_base,muestreo,cls,50,toon_flat,1703,1920,11.302083
r50k_base,muestreo,code,50,toon_flat,2842,2748,-3.42067
r50k_base,muestreo,log,50,toon_flat,2273,2422,6.151941
r50k_base,muestreo,map,50,toon_flat,1085,1168,7.106164
r50k_base,muestreo,ner,50,toon_flat,910,981,7.237513
r50k_base,muestreo,q,50,toon_flat,6413,6542,1.971874
r50k_base,muestreo,r,50,toon_flat,1683,1761,4.429302
r50k_base,muestreo,s,50,toon_flat,1352,1381,2.099928
r50k_base,muestreo,sum,50,toon_flat,3009,3039,0.987167
r50k_base,muestreo,tc,50,toon_flat,2145,2216,3.203971
r50k_base,muestreo,us,50,toon_flat,1884,1960,3.877551
r50k_base,muestreo,a,100,json_pretty,8341,31378,73.417681
r50k_base,muestreo,card,100,json_pretty,5481,16755,67.287377
r50k_base,muestreo,cat,100,json_pretty,3304,14697,77.519222
r50k_base,muestreo,cls,100,json_pretty,3356,18446,81.806354
r50k_base,muestreo,code,100,json_pretty,5662,18239,68.956631
r50k_base,muestreo,log,100,json_pretty,4536,15445,70.631272
r50k_base,muestreo,map,100,json_pretty,2138,8170,73.831089
r50k_base,muestreo,ner,100,json_pretty,1788,8429,78.787519
r50k_base,muestreo,q,100,json_pretty,12707,38850,67.292149
r50k_base,muestreo,r,100,json_pretty,3304,14634,77.422441
r50k_base,muestreo,s,100,json_pretty,2677,11915,77.532522
r50k_base,muestreo,sum,100,json_pretty,6012,17227,65.101294
r50k_base,muestreo,tc,100,json_pretty,4302,17222,75.020323
r50k_base,muestreo,us,100,json_pretty,3737,15377,75.69747
r50k_base,muestreo,a,100,json_compact,8341,12167,31.445714
r50k_base,muestreo,card,100,json_compact,5481,7389,25.822168
r50k_base,muestreo,cat,100,json_compact,3304,5165,36.030978
r50k_base,muestreo,cls,100,json_compact,3356,5042,33.439111
r50k_base,muestreo,code,100,json_compact,5662,7239,21.784777
r50k_base,muestreo,log,100,json_compact,4536,6387,28.980742
r50k_base,muestreo,map,100,json_compact,2138,3249,34.195137
r50k_base,muestreo,ner,100,json_compact,1788,2990,40.200669
r50k_base,muestreo,q,100,json_compact,12707,17139,25.859152
r50k_base,muestreo,r,100,json_compact,3304,4590,28.017429
r50k_base,muestreo,s,100,json_compact,2677,3878,30.969572
r50k_base,muestreo,sum,100,json_compact,6012,7914,24.033359
r50k_base,muestreo,tc,100,json_compact,4302,6395,32.728694
r50k_base,muestreo,us,100,json_compact,3737,5538,32.520766
r50k_base,muestreo,a,100,yaml,8341,15772,47.115141
r50k_base,muestreo,card,100,yaml,5481,8379,34.586466
r50k_base,muestreo,cat,100,yaml,3304,6359,48.042145
r50k_base,muestreo,cls,100,yaml,3356,6956,51.753882
r50k_base,muestreo,code,100,yaml,5662,8463,33.097011
r50k_base,muestreo,log,100,yaml,4536,7691,41.021974
r50k_base,muestreo,map,100,yaml,2138,3573,40.162329
r50k_base,muestreo,ner,100,yaml,1788,3531,49.362787
r50k_base,muestreo,q,100,yaml,12707,21012,39.525033
r50k_base,muestreo,r,100,yaml,3304,5632,41.335227
r50k_base,muestreo,s,100,yaml,2677,4834,44.621432
r50k_base,muestreo,sum,100,yaml,6012,9045,33.532338
r50k_base,muestreo,tc,100,yaml,4302,7607,43.446825
r50k_base,muestreo,us,100,yaml,3737,6518,42.666462
r50k_base,muestreo,a,100,xml,8341,19783,57.837537
r50k_base,muestreo,card,100,xml,5481,14416,61.979745
r50k_base,muestreo,cat,100,xml,3304,12421,73.399887
r50k_base,muestreo,cls,100,xml,3356,11460,70.715532
r50k_base,muestreo,code,100,xml,5662,15011,62.280994
r50k_base,muestreo,log,100,xml,4536,12937,64.937775
r50k_base,muestreo,map,100,xml,2138,7749,72.409343
r50k_base,muestreo,ner,100,xml,1788,8188,78.163166
r50k_base,muestreo,q,100,xml,12707,27244,53.358538
r50k_base,muestreo,r,100,xml,3304,11489,71.242058
r50k_base,muestreo,s,100,xml,2677,9978,73.170976
r50k_base,muestreo,sum,100,xml,6012,15384,60.920437
r50k_base,muestreo,tc,100,xml,4302,14918,71.162354
r50k_base,muestreo,us,100,xml,3737,13137,71.553627
r50k_base,muestreo,a,100,csv,8341,8423,0.973525
r50k_base,muestreo,card,100,csv,5481,5391,-1.669449
r50k_base,muestreo,cat,100,csv,3304,3299,-0.151561
r50k_base,muestreo,cls,100,csv,3356,3541,5.224513
r50k_base,muestreo,code,100,csv,5662,5298,-6.870517
r50k_base,muestreo,log,100,csv,4536,4528,-0.176678
r50k_base,muestreo,map,100,csv,2138,2118,-0.944287
r50k_base,muestreo,ner,100,csv,1788,1766,-1.245753
r50k_base,muestreo,q,100,csv,12707,12600,-0.849206
r50k_base,muestreo,r,100,csv,3304,3282,-0.670323
r50k_base,muestreo,s,100,csv,2677,2568,-4.244548
r50k_base,muestreo,sum,100,csv,6012,5895,-1.984733
r50k_base,muestreo,tc,100,csv,4302,4274,-0.655124
r50k_base,muestreo,us,100,csv,3737,3727,-0.268312
r50k_base,muestreo,a,100,toon,8341,17917,53.446448
r50k_base,muestreo,card,100,toon,5481,9679,43.372249
r50k_base,muestreo,cat,100,toon,3304,7435,55.561533
r50k_base,muestreo,cls,100,toon,3356,6997,52.036587
r50k_base,muestreo,code,100,toon,5662,9713,41.706991
r50k_base,muestreo,log,100,toon,4536,9300,51.225806
r50k_base,muestreo,map,100,toon,2138,2286,6.474191
r50k_base,muestreo,ner,100,toon,1788,1909,6.338397
r50k_base,muestreo,q,100,toon,12707,23789,46.584556
r50k_base,muestreo,r,100,toon,3304,6223,46.906637
r50k_base,muestreo,s,100,toon,2677,5710,53.117338
r50k_base,muestreo,sum,100,toon,6012,10044,40.143369
r50k_base,muestreo,tc,100,toon,4302,8951,51.938331
r50k_base,muestreo,us,100,toon,3737,7752,51.793086
r50k_base,muestreo,a,100,toon_flat,8341,8660,3.683603
r50k_base,muestreo,card,100,toon_flat,5481,5581,1.791794
r50k_base,muestreo,cat,100,toon_flat,3304,3437,3.869654
r50k_base,muestreo,cls,100,toon_flat,3356,3740,10.26738
r50k_base,muestreo,code,100,toon_flat,5662,5447,-3.947127
r50k_base,muestreo,log,100,toon_flat,4536,4811,5.716067
r50k_base,muestreo,map,100,toon_flat,2138,2286,6.474191
r50k_base,muestreo,ner,100,toon_flat,1788,1909,6.338397
r50k_base,muestreo,q,100,toon_flat,12707,12837,1.012698
r50k_base,muestreo,r,100,toon_flat,3304,3425,3.532847
r50k_base,muestreo,s,100,toon_flat,2677,2706,1.071693
r50k_base,muestreo,sum,100,toon_flat,6012,6042,0.496524
r50k_base,muestreo,tc,100,toon_flat,4302,4415,2.559456
r50k_base,muestreo,us,100,toon_flat,3737,3863,3.261714
r50k_base,muestreo,a,250,json_pretty,20714,78054,73.461962
r50k_base,muestreo,card,250,json_pretty,13601,41719,67.398547
r50k_base,muestreo,cat,250,json_pretty,8245,36706,77.537732
r50k_base,muestreo,cls,250,json_pretty,8367,46038,81.825883
r50k_base,muestreo,code,250,json_pretty,14055,45415,69.052075
r50k_base,muestreo,log,250,json_pretty,11311,38537,70.648987
r50k_base,muestreo,map,250,json_pretty,5301,20321,73.913685
r50k_base,muestreo,ner,250,json_pretty,4427,20968,78.886875
r50k_base,muestreo,q,250,json_pretty,31780,96871,67.193484
r50k_base,muestreo,r,250,json_pretty,8245,36499,77.41034
r50k_base,muestreo,s,250,json_pretty,6653,29691,77.592536
r50k_base,muestreo,sum,250,json_pretty,14956,42895,65.133465
r50k_base,muestreo,tc,250,json_pretty,10634,42879,75.199981
r50k_base,muestreo,us,250,json_pretty,9300,38340,75.743349
r50k_base,muestreo,a,250,json_compact,20714,30243,31.508118
r50k_base,muestreo,card,250,json_compact,13601,18373,25.972895
r50k_base,muestreo,cat,250,json_compact,8245,12893,36.05057
r50k_base,muestreo,cls,250,json_compact,8367,12578,33.47909
r50k_base,muestreo,code,250,json_compact,14055,18007,21.947021
r50k_base,muestreo,log,250,json_compact,11311,15937,29.026793
r50k_base,muestreo,map,250,json_compact,5301,8074,34.344811
r50k_base,muestreo,ner,250,json_compact,4427,7429,40.409207
r50k_base,muestreo,q,250,json_compact,31780,42809,25.763274
r50k_base,muestreo,r,250,json_compact,8245,11455,28.022698
r50k_base,muestreo,s,250,json_compact,6653,9654,31.08556
r50k_base,muestreo,sum,250,json_compact,14956,19708,24.112036
r50k_base,muestreo,tc,250,json_compact,10634,15864,32.967726
r50k_base,muestreo,us,250,json_compact,9300,13801,32.613579
r50k_base,muestreo,a,250,yaml,20714,39207,47.167598
r50k_base,muestreo,card,250,yaml,13601,20838,34.729821
r50k_base,muestreo,cat,250,yaml,8245,15880,48.079345
r50k_base,muestreo,cls,250,yaml,8367,17357,51.794665
r50k_base,muestreo,code,250,yaml,14055,21054,33.243089
r50k_base,muestreo,log,250,yaml,11311,19192,41.063985
r50k_base,muestreo,map,250,yaml,5301,8873,40.256959
r50k_base,muestreo,ner,250,yaml,4427,8768,49.50958
r50k_base,muestreo,q,250,yaml,31780,52407,39.359246
r50k_base,muestreo,r,250,yaml,8245,14045,41.295835
r50k_base,muestreo,s,250,yaml,6653,12036,44.724161
r50k_base,muestreo,sum,250,yaml,14956,22530,33.617399
r50k_base,muestreo,tc,250,yaml,10634,18889,43.702684
r50k_base,muestreo,us,250,yaml,9300,16244,42.748092
r50k_base,muestreo,a,250,xml,20714,49231,57.924885
r50k_base,muestreo,card,250,xml,13601,35914,62.128975
r50k_base,muestreo,cat,250,xml,8245,31040,73.4375
r50k_base,muestreo,cls,250,xml,8367,28641,70.786635
r50k_base,muestreo,code,250,xml,14055,37423,62.442883
r50k_base,muestreo,log,250,xml,11311,32314,64.996596
r50k_base,muestreo,map,250,xml,5301,19342,72.59332
r50k_base,muestreo,ner,250,xml,4427,20427,78.327704
r50k_base,muestreo,q,250,xml,31780,68027,53.283255
r50k_base,muestreo,r,250,xml,8245,28704,71.27578
r50k_base,muestreo,s,250,xml,6653,24904,73.285416
r50k_base,muestreo,sum,250,xml,14956,38372,61.023663
r50k_base,muestreo,tc,250,xml,10634,37175,71.394755
r50k_base,muestreo,us,250,xml,9300,32800,71.646341
r50k_base,muestreo,a,250,csv,20714,20934,1.050922
r50k_base,muestreo,card,250,csv,13601,13401,-1.492426
r50k_base,muestreo,cat,250,csv,8245,8240,-0.06068
r50k_base,muestreo,cls,250,csv,8367,8816,5.093013
r50k_base,muestreo,code,250,csv,14055,13164,-6.768459
r50k_base,muestreo,log,250,csv,11311,11303,-0.070778
r50k_base,muestreo,map,250,csv,5301,5281,-0.378716
r50k_base,muestreo,ner,250,csv,4427,4405,-0.499432
r50k_base,muestreo,q,250,csv,31780,31510,-0.856871
r50k_base,muestreo,r,250,csv,8245,8197,-0.58558
r50k_base,muestreo,s,250,csv,6653,6394,-4.050673
r50k_base,muestreo,sum,250,csv,14956,14689,-1.817687
r50k_base,muestreo,tc,250,csv,10634,10581,-0.500898
r50k_base,muestreo,us,250,csv,9300,9290,-0.107643
r50k_base,muestreo,a,250,toon,20714,44570,53.524792
r50k_base,muestreo,card,250,toon,13601,24091,43.543232
r50k_base,muestreo,cat,250,toon,8245,18565,55.588473
r50k_base,muestreo,cls,250,toon,8367,17461,52.081782
r50k_base,muestreo,code,250,toon,14055,24178,41.868641
r50k_base,muestreo,log,250,toon,11311,23214,51.275093
r50k_base,muestreo,map,250,toon,5301,5636,5.943932
r50k_base,muestreo,ner,250,toon,4427,4698,5.768412
r50k_base,muestreo,q,250,toon,31780,59380,46.480296
r50k_base,muestreo,r,250,toon,8245,15525,46.89211
r50k_base,muestreo,s,250,toon,6653,14224,53.22694
r50k_base,muestreo,sum,250,toon,14956,25029,40.245315
r50k_base,muestreo,tc,250,toon,10634,22244,52.19385
r50k_base,muestreo,us,250,toon,9300,19329,51.885767
r50k_base,muestreo,a,250,toon_flat,20714,21334,2.906159
r50k_base,muestreo,card,250,toon_flat,13601,13817,1.563292
r50k_base,muestreo,cat,250,toon_flat,8245,8541,3.465636
r50k_base,muestreo,cls,250,toon_flat,8367,9252,9.565499
r50k_base,muestreo,code,250,toon_flat,14055,13489,-4.196012
r50k_base,muestreo,log,250,toon_flat,11311,11961,5.434328
r50k_base,muestreo,map,250,toon_flat,5301,5636,5.943932
r50k_base,muestreo,ner,250,toon_flat,4427,4698,5.768412
r50k_base,muestreo,q,250,toon_flat,31780,31908,0.401153
r50k_base,muestreo,r,250,toon_flat,8245,8490,2.885748
r50k_base,muestreo,s,250,toon_flat,6653,6682,0.434002
r50k_base,muestreo,sum,250,toon_flat,14956,14986,0.200187
r50k_base,muestreo,tc,250,toon_flat,10634,10872,2.18911
r50k_base,muestreo,us,250,toon_flat,9300,9576,2.882206
r50k_base,ciclo,a,1,json_pretty,137,541,74.676525
r50k_base,ciclo,card,1,json_pretty,93,247,62.348178
r50k_base,ciclo,cat,1,json_pretty,55,201,72.636816
r50k_base,ciclo,cls,1,json_pretty,71,266,73.308271
r50k_base,ciclo,code,1,json_pretty,92,266,65.413534
r50k_base,ciclo,log,1,json_pretty,62,202,69.306931
r50k_base,ciclo,map,1,json_pretty,50,151,66.887417
r50k_base,ciclo,ner,1,json_pretty,51,158,67.721519
r50k_base,ciclo,q,1,json_pretty,184,619,70.274637
r50k_base,ciclo,r,1,json_pretty,69,227,69.603524
r50k_base,ciclo,s,1,json_pretty,55,185,70.27027
r50k_base,ciclo,sum,1,json_pretty,101,263,61.596958
r50k_base,ciclo,tc,1,json_pretty,77,252,69.444444
r50k_base,ciclo,us,1,json_pretty,68,224,69.642857
r50k_base,ciclo,a,1,json_compact,137,206,33.495146
r50k_base,ciclo,card,1,json_compact,93,112,16.964286
r50k_base,ciclo,cat,1,json_compact,55,73,24.657534
r50k_base,ciclo,cls,1,json_compact,71,90,21.111111
r50k_base,ciclo,code,1,json_compact,92,110,16.363636
r50k_base,ciclo,log,1,json_compact,62,81,23.45679
r50k_base,ciclo,map,1,json_compact,50,63,20.634921
r50k_base,ciclo,ner,1,json_compact,51,65,21.538462
r50k_base,ciclo,q,1,json_compact,184,259,28.957529
r50k_base,ciclo,r,1,json_compact,69,83,16.86747
r50k_base,ciclo,s,1,json_compact,55,68,19.117647
r50k_base,ciclo,sum,1,json_compact,101,122,17.213115
r50k_base,ciclo,tc,1,json_compact,77,99,22.222222
r50k_base,ciclo,us,1,json_compact,68,87,21.83908
r50k_base,ciclo,a,1,yaml,137,285,51.929825
r50k_base,ciclo,card,1,yaml,93,129,27.906977
r50k_base,ciclo,cat,1,yaml,55,88,37.5
r50k_base,ciclo,cls,1,yaml,71,116,38.793103
r50k_base,ciclo,code,1,yaml,92,130,29.230769
r50k_base,ciclo,log,1,yaml,62,98,36.734694
r50k_base,ciclo,map,1,yaml,50,74,32.432432
r50k_base,ciclo,ner,1,yaml,51,74,31.081081
r50k_base,ciclo,q,1,yaml,184,341,46.041056
r50k_base,ciclo,r,1,yaml,69,101,31.683168
r50k_base,ciclo,s,1,yaml,55,83,33.73494
r50k_base,ciclo,sum,1,yaml,101,142,28.873239
r50k_base,ciclo,tc,1,yaml,77,120,35.833333
r50k_base,ciclo,us,1,yaml,68,103,33.980583
r50k_base,ciclo,a,1,xml,137,312,56.089744
r50k_base,ciclo,card,1,xml,93,189,50.793651
r50k_base,ciclo,cat,1,xml,55,148,62.837838
r50k_base,ciclo,cls,1,xml,71,164,56.707317
r50k_base,ciclo,code,1,xml,92,191,51.832461
r50k_base,ciclo,log,1,xml,62,153,59.477124
r50k_base,ciclo,map,1,xml,50,108,53.703704
r50k_base,ciclo,ner,1,xml,51,115,55.652174
r50k_base,ciclo,q,1,xml,184,390,52.820513
r50k_base,ciclo,r,1,xml,69,151,54.304636
r50k_base,ciclo,s,1,xml,55,129,57.364341
r50k_base,ciclo,sum,1,xml,101,197,48.730964
r50k_base,ciclo,tc,1,xml,77,187,58.823529
r50k_base,ciclo,us,1,xml,68,162,58.024691
r50k_base,ciclo,a,1,csv,137,129,-6.20155
r50k_base,ciclo,card,1,csv,93,79,-17.721519
r50k_base,ciclo,cat,1,csv,55,50,-10.0
r50k_base,ciclo,cls,1,csv,71,84,15.47619
r50k_base,ciclo,code,1,csv,92,82,-12.195122
r50k_base,ciclo,log,1,csv,62,54,-14.814815
r50k_base,ciclo,map,1,csv,50,30,-66.666667
r50k_base,ciclo,ner,1,csv,51,29,-75.862069
r50k_base,ciclo,q,1,csv,184,184,0.0
r50k_base,ciclo,r,1,csv,69,62,-11.290323
r50k_base,ciclo,s,1,csv,55,45,-22.222222
r50k_base,ciclo,sum,1,csv,101,83,-21.686747
r50k_base,ciclo,tc,1,csv,77,66,-16.666667
r50k_base,ciclo,us,1,csv,68,58,-17.241379
r50k_base,ciclo,a,1,toon,137,295,53.559322
r50k_base,ciclo,card,1,toon,93,143,34.965035
r50k_base,ciclo,cat,1,toon,55,102,46.078431
r50k_base,ciclo,cls,1,toon,71,117,39.316239
r50k_base,ciclo,code,1,toon,92,142,35.211268
r50k_base,ciclo,log,1,toon,62,115,46.086957
r50k_base,ciclo,map,1,toon,50,73,31.506849
r50k_base,ciclo,ner,1,toon,51,73,30.136986
r50k_base,ciclo,q,1,toon,184,358,48.603352
r50k_base,ciclo,r,1,toon,69,107,35.514019
r50k_base,ciclo,s,1,toon,55,93,40.860215
r50k_base,ciclo,sum,1,toon,101,151,33.112583
r50k_base,ciclo,tc,1,toon,77,133,42.105263
r50k_base,ciclo,us,1,toon,68,116,41.37931
r50k_base,ciclo,a,1,toon_flat,137,259,47.104247
r50k_base,ciclo,card,1,toon_flat,93,121,23.140496
r50k_base,ciclo,cat,1,toon_flat,55,81,32.098765
r50k_base,ciclo,cls,1,toon_flat,71,125,43.2
r50k_base,ciclo,code,1,toon_flat,92,116,20.689655
r50k_base,ciclo,log,1,toon_flat,62,89,30.337079
r50k_base,ciclo,map,1,toon_flat,50,73,31.506849
r50k_base,ciclo,ner,1,toon_flat,51,73,30.136986
r50k_base,ciclo,q,1,toon_flat,184,313,41.214058
r50k_base,ciclo,r,1,toon_flat,69,106,34.90566
r50k_base,ciclo,s,1,toon_flat,55,84,34.52381
r50k_base,ciclo,sum,1,toon_flat,101,131,22.900763
r50k_base,ciclo,tc,1,toon_flat,77,108,28.703704
r50k_base,ciclo,us,1,toon_flat,68,95,28.421053
r50k_base,ciclo,a,5,json_pretty,468,1787,73.810856
r50k_base,ciclo,card,5,json_pretty,308,907,66.041896
r50k_base,ciclo,cat,5,json_pretty,181,779,76.765083
r50k_base,ciclo,cls,5,json_pretty,199,979,79.673136
r50k_base,ciclo,code,5,json_pretty,292,967,69.803516
r50k_base,ciclo,log,5,json_pretty,250,844,70.379147
r50k_base,ciclo,map,5,json_pretty,138,479,71.189979
r50k_base,ciclo,ner,5,json_pretty,120,491,75.560081
r50k_base,ciclo,q,5,json_pretty,691,2165,68.083141
r50k_base,ciclo,r,5,json_pretty,208,817,74.541004
r50k_base,ciclo,s,5,json_pretty,169,667,74.662669
r50k_base,ciclo,sum,5,json_pretty,340,961,64.620187
r50k_base,ciclo,tc,5,json_pretty,251,956,73.74477
r50k_base,ciclo,us,5,json_pretty,221,841,73.72176
r50k_base,ciclo,a,5,json_compact,468,690,32.173913
r50k_base,ciclo,card,5,json_compact,308,406,24.137931
r50k_base,ciclo,cat,5,json_compact,181,271,33.210332
r50k_base,ciclo,cls,5,json_compact,199,284,29.929577
r50k_base,ciclo,code,5,json_compact,292,382,23.560209
r50k_base,ciclo,log,5,json_compact,250,344,27.325581
r50k_base,ciclo,map,5,json_compact,138,195,29.230769
r50k_base,ciclo,ner,5,json_compact,120,182,34.065934
r50k_base,ciclo,q,5,json_compact,691,943,26.723224
r50k_base,ciclo,r,5,json_compact,208,273,23.809524
r50k_base,ciclo,s,5,json_compact,169,230,26.521739
r50k_base,ciclo,sum,5,json_compact,340,437,22.196796
r50k_base,ciclo,tc,5,json_compact,251,356,29.494382
r50k_base,ciclo,us,5,json_compact,221,312,29.166667
r50k_base,ciclo,a,5,yaml,468,916,48.908297
r50k_base,ciclo,card,5,yaml,308,462,33.333333
r50k_base,ciclo,cat,5,yaml,181,333,45.645646
r50k_base,ciclo,cls,5,yaml,199,383,48.041775
r50k_base,ciclo,code,5,yaml,292,449,34.966592
r50k_base,ciclo,log,5,yaml,250,417,40.047962
r50k_base,ciclo,map,5,yaml,138,222,37.837838
r50k_base,ciclo,ner,5,yaml,120,213,43.661972
r50k_base,ciclo,q,5,yaml,691,1183,41.58918
r50k_base,ciclo,r,5,yaml,208,332,37.349398
r50k_base,ciclo,s,5,yaml,169,281,39.857651
r50k_base,ciclo,sum,5,yaml,340,505,32.673267
r50k_base,ciclo,tc,5,yaml,251,429,41.491841
r50k_base,ciclo,us,5,yaml,221,369,40.108401
r50k_base,ciclo,a,5,xml,468,1099,57.415833
r50k_base,ciclo,card,5,xml,308,757,59.313078
r50k_base,ciclo,cat,5,xml,181,642,71.806854
r50k_base,ciclo,cls,5,xml,199,603,66.998342
r50k_base,ciclo,code,5,xml,292,770,62.077922
r50k_base,ciclo,log,5,xml,250,671,62.742176
r50k_base,ciclo,map,5,xml,138,424,67.45283
r50k_base,ciclo,ner,5,xml,120,440,72.727273
r50k_base,ciclo,q,5,xml,691,1477,53.215978
r50k_base,ciclo,r,5,xml,208,617,66.288493
r50k_base,ciclo,s,5,xml,169,535,68.411215
r50k_base,ciclo,sum,5,xml,340,816,58.333333
r50k_base,ciclo,tc,5,xml,251,792,68.308081
r50k_base,ciclo,us,5,xml,221,691,68.017366
r50k_base,ciclo,a,5,csv,468,464,-0.862069
r50k_base,ciclo,card,5,csv,308,291,-5.841924
r50k_base,ciclo,cat,5,csv,181,176,-2.840909
r50k_base,ciclo,cls,5,csv,199,216,7.87037
r50k_base,ciclo,code,5,csv,292,276,-5.797101
r50k_base,ciclo,log,5,csv,250,242,-3.305785
r50k_base,ciclo,map,5,csv,138,118,-16.949153
r50k_base,ciclo,ner,5,csv,120,98,-22.44898
r50k_base,ciclo,q,5,csv,691,687,-0.582242
r50k_base,ciclo,r,5,csv,208,200,-4.0
r50k_base,ciclo,s,5,csv,169,155,-9.032258
r50k_base,ciclo,sum,5,csv,340,318,-6.918239
r50k_base,ciclo,tc,5,csv,251,239,-5.020921
r50k_base,ciclo,us,5,csv,221,211,-4.739336
r50k_base,ciclo,a,5,toon,468,1009,53.617443
r50k_base,ciclo,card,5,toon,308,528,41.666667
r50k_base,ciclo,cat,5,toon,181,392,53.826531
r50k_base,ciclo,cls,5,toon,199,389,48.843188
r50k_base,ciclo,code,5,toon,292,509,42.632613
r50k_base,ciclo,log,5,toon,250,493,49.290061
r50k_base,ciclo,map,5,toon,138,167,17.365269
r50k_base,ciclo,ner,5,toon,120,146,17.808219
r50k_base,ciclo,q,5,toon,691,1308,47.171254
r50k_base,ciclo,r,5,toon,208,362,42.541436
r50k_base,ciclo,s,5,toon,169,327,48.318043
r50k_base,ciclo,sum,5,toon,340,551,38.294011
r50k_base,ciclo,tc,5,toon,251,493,49.087221
r50k_base,ciclo,us,5,toon,221,430,48.604651
r50k_base,ciclo,a,5,toon_flat,468,599,21.869783
r50k_base,ciclo,card,5,toon_flat,308,340,9.411765
r50k_base,ciclo,cat,5,toon_flat,181,211,14.218009
r50k_base,ciclo,cls,5,toon_flat,199,264,24.621212
r50k_base,ciclo,code,5,toon_flat,292,315,7.301587
r50k_base,ciclo,log,5,toon_flat,250,288,13.194444
r50k_base,ciclo,map,5,toon_flat,138,167,17.365269
r50k_base,ciclo,ner,5,toon_flat,120,146,17.808219
r50k_base,ciclo,q,5,toon_flat,691,821,15.834348
r50k_base,ciclo,r,5,toon_flat,208,248,16.129032
r50k_base,ciclo,s,5,toon_flat,169,198,14.646465
r50k_base,ciclo,sum,5,toon_flat,340,370,8.108108
r50k_base,ciclo,tc,5,toon_flat,251,285,11.929825
r50k_base,ciclo,us,5,toon_flat,221,252,12.301587
r50k_base,ciclo,a,10,json_pretty,878,3339,73.704702
r50k_base,ciclo,card,10,json_pretty,576,1733,66.762839
r50k_base,ciclo,cat,10,json_pretty,344,1514,77.278732
r50k_base,ciclo,cls,10,json_pretty,364,1905,80.892388
r50k_base,ciclo,code,10,json_pretty,605,1880,67.819149
r50k_base,ciclo,log,10,json_pretty,469,1594,70.577164
r50k_base,ciclo,map,10,json_pretty,245,886,72.34763
r50k_base,ciclo,ner,10,json_pretty,204,905,77.458564
r50k_base,ciclo,q,10,json_pretty,1314,4085,67.833537
r50k_base,ciclo,r,10,json_pretty,370,1544,76.036269
r50k_base,ciclo,s,10,json_pretty,291,1249,76.701361
r50k_base,ciclo,sum,10,json_pretty,632,1811,65.102154
r50k_base,ciclo,tc,10,json_pretty,464,1798,74.193548
r50k_base,ciclo,us,10,json_pretty,404,1604,74.812968
r50k_base,ciclo,a,10,json_compact,878,1288,31.832298
r50k_base,ciclo,card,10,json_compact,576,768,25.0
r50k_base,ciclo,cat,10,json_compact,344,531,35.216573
r50k_base,ciclo,cls,10,json_compact,364,533,31.707317
r50k_base,ciclo,code,10,json_compact,605,761,20.499343
r50k_base,ciclo,log,10,json_compact,469,654,28.287462
r50k_base,ciclo,map,10,json_compact,245,357,31.372549
r50k_base,ciclo,ner,10,json_compact,204,326,37.423313
r50k_base,ciclo,q,10,json_compact,1314,1784,26.345291
r50k_base,ciclo,r,10,json_compact,370,500,26.0
r50k_base,ciclo,s,10,json_compact,291,412,29.368932
r50k_base,ciclo,sum,10,json_compact,632,824,23.300971
r50k_base,ciclo,tc,10,json_compact,464,674,31.15727
r50k_base,ciclo,us,10,json_compact,404,585,30.940171
r50k_base,ciclo,a,10,yaml,878,1687,47.95495
r50k_base,ciclo,card,10,yaml,576,871,33.869116
r50k_base,ciclo,cat,10,yaml,344,655,47.480916
r50k_base,ciclo,cls,10,yaml,364,730,50.136986
r50k_base,ciclo,code,10,yaml,605,883,31.483579
r50k_base,ciclo,log,10,yaml,469,790,40.632911
r50k_base,ciclo,map,10,yaml,245,394,37.817259
r50k_base,ciclo,ner,10,yaml,204,385,47.012987
r50k_base,ciclo,q,10,yaml,1314,2209,40.516071
r50k_base,ciclo,r,10,yaml,370,606,38.943894
r50k_base,ciclo,s,10,yaml,291,514,43.385214
r50k_base,ciclo,sum,10,yaml,632,949,33.403583
r50k_base,ciclo,tc,10,yaml,464,800,42.0
r50k_base,ciclo,us,10,yaml,404,690,41.449275
r50k_base,ciclo,a,10,xml,878,2079,57.768158
r50k_base,ciclo,card,10,xml,576,1469,60.789653
r50k_base,ciclo,cat,10,xml,344,1265,72.806324
r50k_base,ciclo,cls,10,xml,364,1174,68.994889
r50k_base,ciclo,code,10,xml,605,1531,60.483344
r50k_base,ciclo,log,10,xml,469,1326,64.630468
r50k_base,ciclo,map,10,xml,245,816,69.97549
r50k_base,ciclo,ner,10,xml,204,844,75.829384
r50k_base,ciclo,q,10,xml,1314,2824,53.470255
r50k_base,ciclo,r,10,xml,370,1189,68.881413
r50k_base,ciclo,s,10,xml,291,1022,71.526419
r50k_base,ciclo,sum,10,xml,632,1576,59.898477
r50k_base,ciclo,tc,10,xml,464,1529,69.653368
r50k_base,ciclo,us,10,xml,404,1344,69.940476
r50k_base,ciclo,a,10,csv,878,879,0.113766
r50k_base,ciclo,card,10,csv,576,555,-3.783784
r50k_base,ciclo,cat,10,csv,344,339,-1.474926
r50k_base,ciclo,cls,10,csv,364,391,6.905371
r50k_base,ciclo,code,10,csv,605,558,-8.422939
r50k_base,ciclo,log,10,csv,469,461,-1.735358
r50k_base,ciclo,map,10,csv,245,225,-8.888889
r50k_base,ciclo,ner,10,csv,204,182,-12.087912
r50k_base,ciclo,q,10,csv,1314,1305,-0.689655
r50k_base,ciclo,r,10,csv,370,362,-2.209945
r50k_base,ciclo,s,10,csv,291,272,-6.985294
r50k_base,ciclo,sum,10,csv,632,605,-4.46281
r50k_base,ciclo,tc,10,csv,464,451,-2.882483
r50k_base,ciclo,us,10,csv,404,394,-2.538071
r50k_base,ciclo,a,10,toon,878,1891,53.56954
r50k_base,ciclo,card,10,toon,576,1001,42.457542
r50k_base,ciclo,cat,10,toon,344,763,54.91481
r50k_base,ciclo,cls,10,toon,364,736,50.543478
r50k_base,ciclo,code,10,toon,605,1011,40.158259
r50k_base,ciclo,log,10,toon,469,950,50.631579
r50k_base,ciclo,map,10,toon,245,278,11.870504
r50k_base,ciclo,ner,10,toon,204,235,13.191489
r50k_base,ciclo,q,10,toon,1314,2476,46.930533
r50k_base,ciclo,r,10,toon,370,667,44.527736
r50k_base,ciclo,s,10,toon,291,602,51.66113
r50k_base,ciclo,sum,10,toon,632,1046,39.57935
r50k_base,ciclo,tc,10,toon,464,934,50.321199
r50k_base,ciclo,us,10,toon,404,814,50.36855
r50k_base,ciclo,a,10,toon_flat,878,1019,13.837095
r50k_base,ciclo,card,10,toon_flat,576,611,5.728314
r50k_base,ciclo,cat,10,toon_flat,344,379,9.234828
r50k_base,ciclo,cls,10,toon_flat,364,447,18.568233
r50k_base,ciclo,code,10,toon_flat,605,603,-0.331675
r50k_base,ciclo,log,10,toon_flat,469,518,9.459459
r50k_base,ciclo,map,10,toon_flat,245,278,11.870504
r50k_base,ciclo,ner,10,toon_flat,204,235,13.191489
r50k_base,ciclo,q,10,toon_flat,1314,1444,9.00277
r50k_base,ciclo,r,10,toon_flat,370,415,10.843373
r50k_base,ciclo,s,10,toon_flat,291,320,9.0625
r50k_base,ciclo,sum,10,toon_flat,632,662,4.531722
r50k_base,ciclo,tc,10,toon_flat,464,502,7.569721
r50k_base,ciclo,us,10,toon_flat,404,440,8.181818
r50k_base,ciclo,a,25,json_pretty,2121,8013,73.530513
r50k_base,ciclo,card,25,json_pretty,1397,4247,67.106193
r50k_base,ciclo,cat,25,json_pretty,842,3716,77.341227
r50k_base,ciclo,cls,25,json_pretty,871,4678,81.380932
r50k_base,ciclo,code,25,json_pretty,1442,4622,68.801385
r50k_base,ciclo,log,25,json_pretty,1143,3893,70.63961
r50k_base,ciclo,map,25,json_pretty,556,2095,73.460621
r50k_base,ciclo,ner,25,json_pretty,473,2164,78.142329
r50k_base,ciclo,q,25,json_pretty,3228,9895,67.377463
r50k_base,ciclo,r,25,json_pretty,857,3723,76.980929
r50k_base,ciclo,s,25,json_pretty,691,3029,77.18719
r50k_base,ciclo,sum,25,json_pretty,1533,4373,64.943974
r50k_base,ciclo,tc,25,json_pretty,1091,4358,74.965581
r50k_base,ciclo,us,25,json_pretty,958,3898,75.423294
r50k_base,ciclo,a,25,json_compact,2121,3102,31.624758
r50k_base,ciclo,card,25,json_compact,1397,1874,25.453575
r50k_base,ciclo,cat,25,json_compact,842,1306,35.528331
r50k_base,ciclo,cls,25,json_compact,871,1294,32.689335
r50k_base,ciclo,code,25,json_compact,1442,1838,21.545158
r50k_base,ciclo,log,25,json_compact,1143,1606,28.82939
r50k_base,ciclo,map,25,json_compact,556,835,33.413174
r50k_base,ciclo,ner,25,json_compact,473,775,38.967742
r50k_base,ciclo,q,25,json_compact,3228,4359,25.946318
r50k_base,ciclo,r,25,json_compact,857,1179,27.311281
r50k_base,ciclo,s,25,json_compact,691,992,30.342742
r50k_base,ciclo,sum,25,json_compact,1533,2010,23.731343
r50k_base,ciclo,tc,25,json_compact,1091,1615,32.44582
r50k_base,ciclo,us,25,json_compact,958,1409,32.008517
r50k_base,ciclo,a,25,yaml,2121,4037,47.460986
r50k_base,ciclo,card,25,yaml,1397,2127,34.320639
r50k_base,ciclo,cat,25,yaml,842,1607,47.604231
r50k_base,ciclo,cls,25,yaml,871,1778,51.012373
r50k_base,ciclo,code,25,yaml,1442,2150,32.930233
r50k_base,ciclo,log,25,yaml,1143,1935,40.930233
r50k_base,ciclo,map,25,yaml,556,922,39.696312
r50k_base,ciclo,ner,25,yaml,473,912,48.135965
r50k_base,ciclo,q,25,yaml,3228,5359,39.764882
r50k_base,ciclo,r,25,yaml,857,1445,40.692042
r50k_base,ciclo,s,25,yaml,691,1235,44.048583
r50k_base,ciclo,sum,25,yaml,1533,2300,33.347826
r50k_base,ciclo,tc,25,yaml,1091,1926,43.354102
r50k_base,ciclo,us,25,yaml,958,1659,42.25437
r50k_base,ciclo,a,25,xml,2121,5028,57.816229
r50k_base,ciclo,card,25,xml,1397,3635,61.568088
r50k_base,ciclo,cat,25,xml,842,3123,73.038745
r50k_base,ciclo,cls,25,xml,871,2910,70.068729
r50k_base,ciclo,code,25,xml,1442,3783,61.882104
r50k_base,ciclo,log,25,xml,1143,3250,64.830769
r50k_base,ciclo,map,25,xml,556,1962,71.66157
r50k_base,ciclo,ner,25,xml,473,2073,77.182827
r50k_base,ciclo,q,25,xml,3228,6908,53.271569
r50k_base,ciclo,r,25,xml,857,2903,70.478815
r50k_base,ciclo,s,25,xml,691,2517,72.546683
r50k_base,ciclo,sum,25,xml,1533,3877,60.459118
r50k_base,ciclo,tc,25,xml,1091,3749,70.898906
r50k_base,ciclo,us,25,xml,958,3308,71.039903
r50k_base,ciclo,a,25,csv,2121,2135,0.655738
r50k_base,ciclo,card,25,csv,1397,1365,-2.344322
r50k_base,ciclo,cat,25,csv,842,837,-0.597372
r50k_base,ciclo,cls,25,csv,871,926,5.939525
r50k_base,ciclo,code,25,csv,1442,1346,-7.132244
r50k_base,ciclo,log,25,csv,1143,1135,-0.704846
r50k_base,ciclo,map,25,csv,556,536,-3.731343
r50k_base,ciclo,ner,25,csv,473,451,-4.878049
r50k_base,ciclo,q,25,csv,3228,3202,-0.811993
r50k_base,ciclo,r,25,csv,857,846,-1.300236
r50k_base,ciclo,s,25,csv,691,657,-5.175038
r50k_base,ciclo,sum,25,csv,1533,1491,-2.816901
r50k_base,ciclo,tc,25,csv,1091,1076,-1.394052
r50k_base,ciclo,us,25,csv,958,948,-1.054852
r50k_base,ciclo,a,25,toon,2121,4563,53.517423
r50k_base,ciclo,card,25,toon,1397,2453,43.049327
r50k_base,ciclo,cat,25,toon,842,1879,55.18893
r50k_base,ciclo,cls,25,toon,871,1789,51.313583
r50k_base,ciclo,code,25,toon,1442,2462,41.429732
r50k_base,ciclo,log,25,toon,1143,2338,51.112062
r50k_base,ciclo,map,25,toon,556,609,8.702791
r50k_base,ciclo,ner,25,toon,473,519,8.863198
r50k_base,ciclo,q,25,toon,3228,6046,46.609328
r50k_base,ciclo,r,25,toon,857,1593,46.202134
r50k_base,ciclo,s,25,toon,691,1455,52.508591
r50k_base,ciclo,sum,25,toon,1533,2549,39.858768
r50k_base,ciclo,tc,25,toon,1091,2261,51.747015
r50k_base,ciclo,us,25,toon,958,1968,51.321138
r50k_base,ciclo,a,25,toon_flat,2121,2291,7.42034
r50k_base,ciclo,card,25,toon_flat,1397,1443,3.187803
r50k_base,ciclo,cat,25,toon_flat,842,894,5.816555
r50k_base,ciclo,cls,25,toon_flat,871,1005,13.333333
r50k_base,ciclo,code,25,toon_flat,1442,1408,-2.414773
r50k_base,ciclo,log,25,toon_flat,1143,1230,7.073171
r50k_base,ciclo,map,25,toon_flat,556,609,8.702791
r50k_base,ciclo,ner,25,toon_flat,473,519,8.863198
r50k_base,ciclo,q,25,toon_flat,3228,3357,3.842717
r50k_base,ciclo,r,25,toon_flat,857,914,6.236324
r50k_base,ciclo,s,25,toon_flat,691,720,4.027778
r50k_base,ciclo,sum,25,toon_flat,1533,1563,1.919386
r50k_base,ciclo,tc,25,toon_flat,1091,1142,4.465849
r50k_base,ciclo,us,25,toon_flat,958,1009,5.054509
r50k_base,ciclo,a,50,json_pretty,4182,15791,73.51656
r50k_base,ciclo,card,50,json_pretty,2760,8421,67.224795
r50k_base,ciclo,cat,50,json_pretty,1669,7383,77.394013
r50k_base,ciclo,cls,50,json_pretty,1703,9268,81.624946
r50k_base,ciclo,code,50,json_pretty,2846,9165,68.947081
r50k_base,ciclo,log,50,json_pretty,2275,7751,70.648949
r50k_base,ciclo,map,50,json_pretty,1082,4119,73.731488
r50k_base,ciclo,ner,50,json_pretty,912,4253,78.556313
r50k_base,ciclo,q,50,json_pretty,6392,19551,67.30602
r50k_base,ciclo,r,50,json_pretty,1682,7368,77.171553
r50k_base,ciclo,s,50,json_pretty,1355,5993,77.390289
r50k_base,ciclo,sum,50,json_pretty,3034,8669,65.00173
r50k_base,ciclo,tc,50,json_pretty,2152,8646,75.109877
r50k_base,ciclo,us,50,json_pretty,1889,7729,75.559581
r50k_base,ciclo,a,50,json_compact,4182,6113,31.588418
r50k_base,ciclo,card,50,json_compact,2760,3714,25.686591
r50k_base,ciclo,cat,50,json_compact,1669,2596,35.708783
r50k_base,ciclo,cls,50,json_compact,1703,2547,33.137024
r50k_base,ciclo,code,50,json_compact,2846,3639,21.791701
r50k_base,ciclo,log,50,json_compact,2275,3201,28.92846
r50k_base,ciclo,map,50,json_compact,1082,1638,33.943834
r50k_base,ciclo,ner,50,json_compact,912,1514,39.762219
r50k_base,ciclo,q,50,json_compact,6392,8623,25.872666
r50k_base,ciclo,r,50,json_compact,1682,2324,27.624785
r50k_base,ciclo,s,50,json_compact,1355,1956,30.725971
r50k_base,ciclo,sum,50,json_compact,3034,3986,23.883593
r50k_base,ciclo,tc,50,json_compact,2152,3199,32.728978
r50k_base,ciclo,us,50,json_compact,1889,2790,32.293907
r50k_base,ciclo,a,50,yaml,4182,7939,47.32334
r50k_base,ciclo,card,50,yaml,2760,4214,34.504034
r50k_base,ciclo,cat,50,yaml,1669,3196,47.778473
r50k_base,ciclo,cls,50,yaml,1703,3507,51.439977
r50k_base,ciclo,code,50,yaml,2846,4257,33.145408
r50k_base,ciclo,log,50,yaml,2275,3857,41.016334
r50k_base,ciclo,map,50,yaml,1082,1806,40.088594
r50k_base,ciclo,ner,50,yaml,912,1785,48.907563
r50k_base,ciclo,q,50,yaml,6392,10579,39.57841
r50k_base,ciclo,r,50,yaml,1682,2851,41.003157
r50k_base,ciclo,s,50,yaml,1355,2436,44.376026
r50k_base,ciclo,sum,50,yaml,3034,4559,33.450318
r50k_base,ciclo,tc,50,yaml,2152,3815,43.591088
r50k_base,ciclo,us,50,yaml,1889,3285,42.496195
r50k_base,ciclo,a,50,xml,4182,9936,57.910628
r50k_base,ciclo,card,50,xml,2760,7236,61.85738
r50k_base,ciclo,cat,50,xml,1669,6230,73.210273
r50k_base,ciclo,cls,50,xml,1703,5763,70.449419
r50k_base,ciclo,code,50,xml,2846,7527,62.189451
r50k_base,ciclo,log,50,xml,2275,6478,64.881136
r50k_base,ciclo,map,50,xml,1082,3893,72.206525
r50k_base,ciclo,ner,50,xml,912,4112,77.821012
r50k_base,ciclo,q,50,xml,6392,13692,53.315805
r50k_base,ciclo,r,50,xml,1682,5773,70.864369
r50k_base,ciclo,s,50,xml,1355,5006,72.932481
r50k_base,ciclo,sum,50,xml,3034,7722,60.709661
r50k_base,ciclo,tc,50,xml,2152,7467,71.179858
r50k_base,ciclo,us,50,xml,1889,6589,71.331006
r50k_base,ciclo,a,50,csv,4182,4219,0.876985
r50k_base,ciclo,card,50,csv,2760,2708,-1.920236
r50k_base,ciclo,cat,50,csv,1669,1664,-0.300481
r50k_base,ciclo,cls,50,csv,1703,1801,5.441421
r50k_base,ciclo,code,50,csv,2846,2662,-6.912096
r50k_base,ciclo,log,50,csv,2275,2267,-0.352889
r50k_base,ciclo,map,50,csv,1082,1062,-1.883239
r50k_base,ciclo,ner,50,csv,912,890,-2.47191
r50k_base,ciclo,q,50,csv,6392,6339,-0.836094
r50k_base,ciclo,r,50,csv,1682,1666,-0.960384
r50k_base,ciclo,s,50,csv,1355,1296,-4.552469
r50k_base,ciclo,sum,50,csv,3034,2967,-2.258173
r50k_base,ciclo,tc,50,csv,2152,2133,-0.890764
r50k_base,ciclo,us,50,csv,1889,1879,-0.532198
r50k_base,ciclo,a,50,toon,4182,9004,53.553976
r50k_base,ciclo,card,50,toon,2760,4863,43.244911
r50k_base,ciclo,cat,50,toon,1669,3737,55.338507
r50k_base,ciclo,cls,50,toon,1703,3530,51.756374
r50k_base,ciclo,code,50,toon,2846,4879,41.668375
r50k_base,ciclo,log,50,toon,2275,4660,51.180258
r50k_base,ciclo,map,50,toon,1082,1167,7.283633
r50k_base,ciclo,ner,50,toon,912,983,7.222787
r50k_base,ciclo,q,50,toon,6392,11965,46.577518
r50k_base,ciclo,r,50,toon,1682,3146,46.535283
r50k_base,ciclo,s,50,toon,1355,2875,52.869565
r50k_base,ciclo,sum,50,toon,3034,5056,39.992089
r50k_base,ciclo,tc,50,toon,2152,4484,52.007136
r50k_base,ciclo,us,50,toon,1889,3902,51.588929
r50k_base,ciclo,a,50,toon_flat,4182,4402,4.997728
r50k_base,ciclo,card,50,toon_flat,2760,2823,2.231668
r50k_base,ciclo,cat,50,toon_flat,1669,1748,4.519451
r50k_base,ciclo,cls,50,toon_flat,1703,1920,11.302083
r50k_base,ciclo,code,50,toon_flat,2846,2753,-3.378133
r50k_base,ciclo,log,50,toon_flat,2275,2425,6.185567
r50k_base,ciclo,map,50,toon_flat,1082,1167,7.283633
r50k_base,ciclo,ner,50,toon_flat,912,983,7.222787
r50k_base,ciclo,q,50,toon_flat,6392,6521,1.978224
r50k_base,ciclo,r,50,toon_flat,1682,1759,4.377487
r50k_base,ciclo,s,50,toon_flat,1355,1384,2.095376
r50k_base,ciclo,sum,50,toon_flat,3034,3064,0.979112
r50k_base,ciclo,tc,50,toon_flat,2152,2224,3.23741
r50k_base,ciclo,us,50,toon_flat,1889,1965,3.867684
r50k_base,ciclo,a,100,json_pretty,8310,31351,73.493668
r50k_base,ciclo,card,100,json_pretty,5467,16744,67.349498
r50k_base,ciclo,cat,100,json_pretty,3307,14714,77.524806
r50k_base,ciclo,cls,100,json_pretty,3370,18452,81.736397
r50k_base,ciclo,code,100,json_pretty,5640,18218,69.041607
r50k_base,ciclo,log,100,json_pretty,4531,15449,70.671241
r50k_base,ciclo,map,100,json_pretty,2140,8173,73.816224
r50k_base,ciclo,ner,100,json_pretty,1791,8432,78.759488
r50k_base,ciclo,q,100,json_pretty,12726,38867,67.257571
r50k_base,ciclo,r,100,json_pretty,3322,14650,77.324232
r50k_base,ciclo,s,100,json_pretty,2684,11922,77.486999
r50k_base,ciclo,sum,100,json_pretty,6010,17226,65.110879
r50k_base,ciclo,tc,100,json_pretty,4297,17235,75.068175
r50k_base,ciclo,us,100,json_pretty,3744,15384,75.663027
r50k_base,ciclo,a,100,json_compact,8310,12141,31.554238
r50k_base,ciclo,card,100,json_compact,5467,7377,25.891284
r50k_base,ciclo,cat,100,json_compact,3307,5164,35.960496
r50k_base,ciclo,cls,100,json_compact,3370,5054,33.320142
r50k_base,ciclo,code,100,json_compact,5640,7225,21.937716
r50k_base,ciclo,log,100,json_compact,4531,6382,29.003447
r50k_base,ciclo,map,100,json_compact,2140,3250,34.153846
r50k_base,ciclo,ner,100,json_compact,1791,2993,40.160374
r50k_base,ciclo,q,100,json_compact,12726,17157,25.826193
r50k_base,ciclo,r,100,json_compact,3322,4606,27.876683
r50k_base,ciclo,s,100,json_compact,2684,3885,30.913771
r50k_base,ciclo,sum,100,json_compact,6010,7912,24.039434
r50k_base,ciclo,tc,100,json_compact,4297,6389,32.743778
r50k_base,ciclo,us,100,json_compact,3744,5545,32.479711
r50k_base,ciclo,a,100,yaml,8310,15757,47.261535
r50k_base,ciclo,card,100,yaml,5467,8369,34.675588
r50k_base,ciclo,cat,100,yaml,3307,6361,48.011319
r50k_base,ciclo,cls,100,yaml,3370,6967,51.629109
r50k_base,ciclo,code,100,yaml,5640,8449,33.246538
r50k_base,ciclo,log,100,yaml,4531,7689,41.071661
r50k_base,ciclo,map,100,yaml,2140,3577,40.17333
r50k_base,ciclo,ner,100,yaml,1791,3531,49.277825
r50k_base,ciclo,q,100,yaml,12726,21033,39.495079
r50k_base,ciclo,r,100,yaml,3322,5647,41.172304
r50k_base,ciclo,s,100,yaml,2684,4839,44.533995
r50k_base,ciclo,sum,100,yaml,6010,9047,33.569139
r50k_base,ciclo,tc,100,yaml,4297,7609,43.527402
r50k_base,ciclo,us,100,yaml,3744,6529,42.655843
r50k_base,ciclo,a,100,xml,8310,19756,57.936829
r50k_base,ciclo,card,100,xml,5467,14404,62.045265
r50k_base,ciclo,cat,100,xml,3307,12432,73.399292
r50k_base,ciclo,cls,100,xml,3370,11483,70.652269
r50k_base,ciclo,code,100,xml,5640,14994,62.384954
r50k_base,ciclo,log,100,xml,4531,12936,64.973717
r50k_base,ciclo,map,100,xml,2140,7761,72.426234
r50k_base,ciclo,ner,100,xml,1791,8191,78.134538
r50k_base,ciclo,q,100,xml,12726,27264,53.323063
r50k_base,ciclo,r,100,xml,3322,11505,71.125598
r50k_base,ciclo,s,100,xml,2684,9985,73.11968
r50k_base,ciclo,sum,100,xml,6010,15382,60.928358
r50k_base,ciclo,tc,100,xml,4297,14921,71.201662
r50k_base,ciclo,us,100,xml,3744,13144,71.51552
r50k_base,ciclo,a,100,csv,8310,8393,0.988919
r50k_base,ciclo,card,100,csv,5467,5379,-1.635992
r50k_base,ciclo,cat,100,csv,3307,3302,-0.151423
r50k_base,ciclo,cls,100,csv,3370,3554,5.177265
r50k_base,ciclo,code,100,csv,5640,5282,-6.777736
r50k_base,ciclo,log,100,csv,4531,4523,-0.176874
r50k_base,ciclo,map,100,csv,2140,2120,-0.943396
r50k_base,ciclo,ner,100,csv,1791,1769,-1.24364
r50k_base,ciclo,q,100,csv,12726,12619,-0.847928
r50k_base,ciclo,r,100,csv,3322,3298,-0.727714
r50k_base,ciclo,s,100,csv,2684,2575,-4.23301
r50k_base,ciclo,sum,100,csv,6010,5893,-1.985406
r50k_base,ciclo,tc,100,csv,4297,4269,-0.655891
r50k_base,ciclo,us,100,csv,3744,3734,-0.267809
r50k_base,ciclo,a,100,toon,8310,17893,53.557257
r50k_base,ciclo,card,100,toon,5467,9669,43.458476
r50k_base,ciclo,cat,100,toon,3307,7438,55.539123
r50k_base,ciclo,cls,100,toon,3370,7012,51.939532
r50k_base,ciclo,code,100,toon,5640,9695,41.825683
r50k_base,ciclo,log,100,toon,4531,9294,51.248117
r50k_base,ciclo,map,100,toon,2140,2288,6.468531
r50k_base,ciclo,ner,100,toon,1791,1912,6.328452
r50k_base,ciclo,q,100,toon,12726,23811,46.554114
r50k_base,ciclo,r,100,toon,3322,6239,46.754288
r50k_base,ciclo,s,100,toon,2684,5716,53.044087
r50k_base,ciclo,sum,100,toon,6010,10044,40.163282
r50k_base,ciclo,tc,100,toon,4297,8948,51.978096
r50k_base,ciclo,us,100,toon,3744,7762,51.765009
r50k_base,ciclo,a,100,toon_flat,8310,8631,3.719152
r50k_base,ciclo,card,100,toon_flat,5467,5570,1.849192
r50k_base,ciclo,cat,100,toon_flat,3307,3440,3.866279
r50k_base,ciclo,cls,100,toon_flat,3370,3752,10.181237
r50k_base,ciclo,code,100,toon_flat,5640,5432,-3.829161
r50k_base,ciclo,log,100,toon_flat,4531,4806,5.722014
r50k_base,ciclo,map,100,toon_flat,2140,2288,6.468531
r50k_base,ciclo,ner,100,toon_flat,1791,1912,6.328452
r50k_base,ciclo,q,100,toon_flat,12726,12856,1.011201
r50k_base,ciclo,r,100,toon_flat,3322,3441,3.458297
r50k_base,ciclo,s,100,toon_flat,2684,2713,1.068927
r50k_base,ciclo,sum,100,toon_flat,6010,6040,0.496689
r50k_base,ciclo,tc,100,toon_flat,4297,4410,2.562358
r50k_base,ciclo,us,100,toon_flat,3744,3870,3.255814
r50k_base,ciclo,a,250,json_pretty,20718,78059,73.458538
r50k_base,ciclo,card,250,json_pretty,13616,41733,67.373541
r50k_base,ciclo,cat,250,json_pretty,8237,36687,77.547905
r50k_base,ciclo,cls,250,json_pretty,8364,46025,81.827268
r50k_base,ciclo,code,250,json_pretty,14105,45440,68.959067
r50k_base,ciclo,log,250,json_pretty,11302,38527,70.664729
r50k_base,ciclo,map,250,json_pretty,5305,20326,73.900423
r50k_base,ciclo,ner,250,json_pretty,4424,20965,78.898164
r50k_base,ciclo,q,250,json_pretty,31754,96845,67.211524
r50k_base,ciclo,r,250,json_pretty,8250,36504,77.399737
r50k_base,ciclo,s,250,json_pretty,6651,29689,77.597763
r50k_base,ciclo,sum,250,json_pretty,14952,42911,65.155788
r50k_base,ciclo,tc,250,json_pretty,10646,42900,75.184149
r50k_base,ciclo,us,250,json_pretty,9304,38344,75.735448
r50k_base,ciclo,a,250,json_compact,20718,30248,31.506215
r50k_base,ciclo,card,250,json_compact,13616,18388,25.951708
r50k_base,ciclo,cat,250,json_compact,8237,12884,36.067991
r50k_base,ciclo,cls,250,json_compact,8364,12573,33.476497
r50k_base,ciclo,code,250,json_compact,14105,18041,21.816972
r50k_base,ciclo,log,250,json_compact,11302,15927,29.038739
r50k_base,ciclo,map,250,json_compact,5305,8077,34.319673
r50k_base,ciclo,ner,250,json_compact,4424,7426,40.425532
r50k_base,ciclo,q,250,json_compact,31754,42784,25.780666
r50k_base,ciclo,r,250,json_compact,8250,11460,28.010471
r50k_base,ciclo,s,250,json_compact,6651,9652,31.092002
r50k_base,ciclo,sum,250,json_compact,14952,19704,24.116931
r50k_base,ciclo,tc,250,json_compact,10646,15876,32.942807
r50k_base,ciclo,us,250,json_compact,9304,13805,32.604129
r50k_base,ciclo,a,250,yaml,20718,39207,47.157395
r50k_base,ciclo,card,250,yaml,13616,20851,34.698576
r50k_base,ciclo,cat,250,yaml,8237,15868,48.090497
r50k_base,ciclo,cls,250,yaml,8364,17350,51.792507
r50k_base,ciclo,code,250,yaml,14105,21083,33.097756
r50k_base,ciclo,log,250,yaml,11302,19183,41.083251
r50k_base,ciclo,map,250,yaml,5305,8874,40.218616
r50k_base,ciclo,ner,250,yaml,4424,8765,49.526526
r50k_base,ciclo,q,250,yaml,31754,52389,39.388039
r50k_base,ciclo,r,250,yaml,8250,14046,41.264417
r50k_base,ciclo,s,250,yaml,6651,12034,44.731594
r50k_base,ciclo,sum,250,yaml,14952,22529,33.632207
r50k_base,ciclo,tc,250,yaml,10646,18902,43.677918
r50k_base,ciclo,us,250,yaml,9304,16250,42.744615
r50k_base,ciclo,a,250,xml,20718,49239,57.923597
r50k_base,ciclo,card,250,xml,13616,35929,62.103037
r50k_base,ciclo,cat,250,xml,8237,31038,73.461563
r50k_base,ciclo,cls,250,xml,8364,28634,70.78997
r50k_base,ciclo,code,250,xml,14105,37451,62.337454
r50k_base,ciclo,log,250,xml,11302,32319,65.029859
r50k_base,ciclo,map,250,xml,5305,19356,72.592478
r50k_base,ciclo,ner,250,xml,4424,20424,78.339209
r50k_base,ciclo,q,250,xml,31754,68004,53.305688
r50k_base,ciclo,r,250,xml,8250,28709,71.263367
r50k_base,ciclo,s,250,xml,6651,24902,73.291302
r50k_base,ciclo,sum,250,xml,14952,38376,61.038149
r50k_base,ciclo,tc,250,xml,10646,37191,71.374795
r50k_base,ciclo,us,250,xml,9304,32804,71.637605
r50k_base,ciclo,a,250,csv,20718,20939,1.055447
r50k_base,ciclo,card,250,csv,13616,13415,-1.498323
r50k_base,ciclo,cat,250,csv,8237,8232,-0.060739
r50k_base,ciclo,cls,250,csv,8364,8811,5.073204
r50k_base,ciclo,code,250,csv,14105,13198,-6.872253
r50k_base,ciclo,log,250,csv,11302,11294,-0.070834
r50k_base,ciclo,map,250,csv,5305,5285,-0.37843
r50k_base,ciclo,ner,250,csv,4424,4402,-0.499773
r50k_base,ciclo,q,250,csv,31754,31485,-0.854375
r50k_base,ciclo,r,250,csv,8250,8202,-0.585223
r50k_base,ciclo,s,250,csv,6651,6392,-4.05194
r50k_base,ciclo,sum,250,csv,14952,14685,-1.818182
r50k_base,ciclo,tc,250,csv,10646,10593,-0.50033
r50k_base,ciclo,us,250,csv,9304,9294,-0.107596
r50k_base,ciclo,a,250,toon,20718,44571,53.516861
r50k_base,ciclo,card,250,toon,13616,24101,43.504419
r50k_base,ciclo,cat,250,toon,8237,18556,55.610045
r50k_base,ciclo,cls,250,toon,8364,17456,52.085243
r50k_base,ciclo,code,250,toon,14105,24211,41.741357
r50k_base,ciclo,log,250,toon,11302,23203,51.290781
r50k_base,ciclo,map,250,toon,5305,5638,5.90635
r50k_base,ciclo,ner,250,toon,4424,4695,5.772098
r50k_base,ciclo,q,250,toon,31754,59356,46.50246
r50k_base,ciclo,r,250,toon,8250,15527,46.866748
r50k_base,ciclo,s,250,toon,6651,14222,53.234426
r50k_base,ciclo,sum,250,toon,14952,25026,40.254136
r50k_base,ciclo,tc,250,toon,10646,22256,52.165708
r50k_base,ciclo,us,250,toon,9304,19334,51.877521
r50k_base,ciclo,a,250,toon_flat,20718,21339,2.910164
r50k_base,ciclo,card,250,toon_flat,13616,13831,1.554479
r50k_base,ciclo,cat,250,toon_flat,8237,8532,3.457571
r50k_base,ciclo,cls,250,toon_flat,8364,9247,9.549043
r50k_base,ciclo,code,250,toon_flat,14105,13523,-4.303779
r50k_base,ciclo,log,250,toon_flat,11302,11951,5.430508
r50k_base,ciclo,map,250,toon_flat,5305,5638,5.90635
r50k_base,ciclo,ner,250,toon_flat,4424,4695,5.772098
r50k_base,ciclo,q,250,toon_flat,31754,31884,0.407728
r50k_base,ciclo,r,250,toon_flat,8250,8495,2.884049
r50k_base,ciclo,s,250,toon_flat,6651,6680,0.434132
r50k_base,ciclo,sum,250,toon_flat,14952,14982,0.20024
r50k_base,ciclo,tc,250,toon_flat,10646,10884,2.186696
r50k_base,ciclo,us,250,toon_flat,9304,9580,2.881002
